end,filed,form,Name,Ticker,CIK,Currency,AccountsPayableAndAccruedLiabilitiesCurrent,AccountsPayableCurrent,AccountsPayableOtherCurrent,AccountsPayableOtherCurrentAndNoncurrent,AccountsReceivableGrossCurrent,AccountsReceivableNetCurrent,AccruedAdvertisingCurrent,AccruedIncomeTaxesCurrent,AccruedProfessionalFeesCurrent,AccumulatedAmortizationDeferredFinanceCosts,AccumulatedDepreciationDepletionAndAmortizationPropertyPlantAndEquipment,AccumulatedDepreciationDepletionAndAmortizationSaleOfPropertyPlantAndEquipment,AccumulatedOtherComprehensiveIncomeLossNetOfTax,AdditionalPaidInCapital,AdditionalPaidInCapitalCommonStock,AdjustmentsToAdditionalPaidInCapitalEquityComponentOfConvertibleDebt,AdjustmentsToAdditionalPaidInCapitalEquityComponentOfConvertibleDebtSubsequentAdjustments,AdjustmentsToAdditionalPaidInCapitalSharebasedCompensationRequisiteServicePeriodRecognitionValue,AdvertisingRevenue,AdvertisingRevenueCost,AllocatedShareBasedCompensationExpense,AllowanceForDoubtfulAccountsReceivable,AllowanceForDoubtfulAccountsReceivableCurrent,AllowanceForLoanAndLeaseLossesWriteOffs,AllowanceForLoanAndLeaseLossesWriteoffsNet,AmortizationOfDebtDiscountPremium,AmortizationOfDeferredCharges,AmortizationOfFinancingCosts,AmortizationOfFinancingCostsAndDiscounts,AntidilutiveSecuritiesExcludedFromComputationOfEarningsPerShareAmount,AssetImpairmentCharges,Assets,AssetsCurrent,AvailableForSaleSecuritiesEquitySecuritiesCurrent,AvailableforsaleSecuritiesGrossRealizedGainLossExcludingOtherThanTemporaryImpairments,CapitalLeaseObligationsCurrent,CapitalLeaseObligationsNoncurrent,CapitalLeasesFutureMinimumPaymentsDue,CapitalLeasesFutureMinimumPaymentsDueCurrent,CapitalLeasesFutureMinimumPaymentsDueInFiveYears,CapitalLeasesFutureMinimumPaymentsDueInFourYears,CapitalLeasesFutureMinimumPaymentsDueInThreeYears,CapitalLeasesFutureMinimumPaymentsDueInTwoYears,CapitalLeasesFutureMinimumPaymentsDueThereafter,CapitalLeasesFutureMinimumPaymentsInterestIncludedInPayments,CapitalLeasesFutureMinimumPaymentsNetMinimumPayments,CapitalLeasesFutureMinimumPaymentsPresentValueOfNetMinimumPayments,Cash,CashAndCashEquivalentsAtCarryingValue,CashAndCashEquivalentsPeriodIncreaseDecrease,CashCashEquivalentsRestrictedCashAndRestrictedCashEquivalents,CashCashEquivalentsRestrictedCashAndRestrictedCashEquivalentsPeriodIncreaseDecreaseIncludingExchangeRateEffect,CashEquivalentsAtCarryingValue,CashPeriodIncreaseDecrease,CommonStockParOrStatedValuePerShare,CommonStockSharesAuthorized,CommonStockSharesIssued,CommonStockSharesOutstanding,CommonStockValue,ComprehensiveIncomeNetOfTax,ConvertibleDebt,ConvertibleDebtCurrent,ConvertibleDebtNoncurrent,ConvertibleLongTermNotesPayable,ConvertibleNotesPayable,ConvertibleNotesPayableCurrent,CustomerAdvancesAndDepositsCurrent,DebtInstrumentCarryingAmount,DebtInstrumentConvertibleBeneficialConversionFeature,DebtInstrumentConvertibleInterestExpense,DeconsolidationGainOrLossAmount,DeferredCompensationEquity,DeferredCosts,DeferredCostsCurrent,DeferredFinanceCostsCurrentNet,DeferredFinanceCostsGross,DeferredFinanceCostsNet,DeferredTaxAssetsGross,DeferredTaxAssetsOperatingLossCarryforwards,DeferredTaxAssetsValuationAllowance,Depreciation,DepreciationDepletionAndAmortization,DisposalGroupIncludingDiscontinuedOperationConsideration,DisposalGroupNotDiscontinuedOperationGainLossOnDisposal,DueFromOfficersOrStockholdersCurrent,DueToOfficersOrStockholdersCurrent,EarningsPerShareBasicAndDiluted,EffectiveIncomeTaxRateReconciliationAtFederalStatutoryIncomeTaxRate,EffectOfExchangeRateOnCashAndCashEquivalents,EffectOfExchangeRateOnCashAndCashEquivalentsContinuingOperations,EffectOfExchangeRateOnCashCashEquivalentsRestrictedCashAndRestrictedCashEquivalentsIncludingDisposalGroupAndDiscontinuedOperations,EmployeeRelatedLiabilitiesCurrent,GainLossOnSaleOfPropertyPlantEquipment,GainLossRelatedToLitigationSettlement,GainOrLossOnSaleOfStockInSubsidiary,GainsLossesOnExtinguishmentOfDebt,GainsLossesOnRestructuringOfDebt,GeneralAndAdministrativeExpense,GrossProfit,IncomeLossFromContinuingOperationsBeforeIncomeTaxesDomestic,IncomeLossFromContinuingOperationsBeforeIncomeTaxesExtraordinaryItemsNoncontrollingInterest,IncomeLossFromContinuingOperationsBeforeIncomeTaxesForeign,IncomeTaxExpenseBenefit,IncomeTaxesPaid,IncomeTaxReconciliationChangeInDeferredTaxAssetsValuationAllowance,IncomeTaxReconciliationForeignIncomeTaxRateDifferential,IncomeTaxReconciliationIncomeTaxExpenseBenefitAtFederalStatutoryIncomeTaxRate,IncomeTaxReconciliationNondeductibleExpense,IncreaseDecreaseInAccountsPayableAndAccruedLiabilities,IncreaseDecreaseInAccountsReceivable,IncreaseDecreaseInPrepaidDeferredExpenseAndOtherAssets,InducedConversionOfConvertibleDebtExpense,InterestAndDebtExpense,InterestExpense,InterestExpenseDebt,InterestExpenseShortTermBorrowings,InterestPaid,InterestPaidNet,InterestPayableCurrent,InvestmentIncomeInterest,LessorOperatingLeasePaymentsToBeReceivedNextTwelveMonths,LessorOperatingLeasePaymentsToBeReceivedThereafter,LessorOperatingLeasePaymentsToBeReceivedThreeYears,LessorOperatingLeasePaymentsToBeReceivedTwoYears,Liabilities,LiabilitiesAndStockholdersEquity,LiabilitiesCurrent,LiabilitiesNoncurrent,NetCashProvidedByUsedInFinancingActivities,NetCashProvidedByUsedInFinancingActivitiesContinuingOperations,NetCashProvidedByUsedInInvestingActivities,NetCashProvidedByUsedInInvestingActivitiesContinuingOperations,NetCashProvidedByUsedInOperatingActivities,NetCashProvidedByUsedInOperatingActivitiesContinuingOperations,NetIncomeLoss,NetIncomeLossAttributableToNoncontrollingInterest,NoninterestIncome,NonoperatingIncomeExpense,NumberOfOperatingSegments,NumberOfOperatingSegments,OperatingExpenses,OperatingIncomeLoss,OperatingLeasesFutureMinimumPaymentsDue,OperatingLeasesFutureMinimumPaymentsDueCurrent,OperatingLeasesFutureMinimumPaymentsDueInThreeYears,OperatingLeasesFutureMinimumPaymentsDueInTwoYears,OperatingLeasesFutureMinimumPaymentsReceivableCurrent,OperatingLeasesFutureMinimumPaymentsReceivableInThreeYears,OperatingLeasesFutureMinimumPaymentsReceivableInTwoYears,OperatingLeasesFutureMinimumPaymentsReceivableThereafter,OperatingLeasesFutureMinimumPaymentsRemainderOfFiscalYear,OperatingLeasesRentExpenseNet,OperatingLossCarryforwards,OperatingLossCarryforwardsValuationAllowance,OtherAccruedLiabilitiesCurrent,OtherComprehensiveIncomeAvailableforsaleSecuritiesAdjustmentNetOfTaxPortionAttributableToParent,OtherComprehensiveIncomeForeignCurrencyTransactionAndTranslationAdjustmentNetOfTaxPeriodIncreaseDecrease,OtherComprehensiveIncomeForeignCurrencyTransactionAndTranslationAdjustmentNetOfTaxPortionAttributableToNoncontrollingInterest,OtherComprehensiveIncomeForeignCurrencyTransactionAndTranslationAdjustmentNetOfTaxPortionAttributableToParent,OtherComprehensiveIncomeForeignCurrencyTransactionAndTranslationGainLossArisingDuringPeriodNetOfTax,OtherComprehensiveIncomeLossNetOfTaxPeriodIncreaseDecrease,OtherComprehensiveIncomeLossNetOfTaxPortionAttributableToParent,OtherComprehensiveIncomeLossReclassificationAdjustmentForSaleOfSecuritiesIncludedInNetIncomeNetOfTax,OtherComprehensiveIncomeLossReclassificationAdjustmentFromAOCIForSaleOfSecuritiesNetOfTax,OtherComprehensiveIncomeReclassificationAdjustmentForSaleOfSecuritiesIncludedInNetIncomeNetOfTax,OtherComprehensiveIncomeUnrealizedHoldingGainLossOnSecuritiesArisingDuringPeriodNetOfTax,OtherNonoperatingIncome,OtherNonoperatingIncomeExpense,OtherPrepaidExpenseCurrent,OtherReceivablesGrossCurrent,OtherThanTemporaryImpairmentLossesInvestmentsPortionRecognizedInEarningsNet,PaymentsOfDebtIssuanceCosts,PaymentsToAcquireAvailableForSaleSecuritiesEquity,PaymentsToAcquirePropertyPlantAndEquipment,PreferredStockParOrStatedValuePerShare,PreferredStockSharesAuthorized,PreferredStockSharesIssued,PreferredStockSharesOutstanding,PreferredStockValue,PrepaidAdvertising,PrepaidExpenseAndOtherAssetsCurrent,PrepaidExpenseCurrent,PrepaidRent,ProceedsFromConvertibleDebt,ProceedsFromDivestitureOfInterestInSubsidiariesAndAffiliates,ProceedsFromIssuanceOfDebt,ProceedsFromIssuanceOfPrivatePlacement,ProceedsFromIssuanceOrSaleOfEquity,ProceedsFromLongTermCapitalLeaseObligations,ProceedsFromSaleOfAvailableForSaleSecurities,ProceedsFromSaleOfAvailableForSaleSecuritiesEquity,ProceedsFromSaleOfPropertyPlantAndEquipment,ProceedsFromSalesOfBusinessAffiliateAndProductiveAssets,ProceedsFromShortTermDebt,ProfitLoss,PropertyPlantAndEquipmentGross,PropertyPlantAndEquipmentNet,ProvisionForDoubtfulAccounts,ProvisionForLoanLeaseAndOtherLosses,ProvisionForOtherCreditLosses,PurchaseObligationDueInNextTwelveMonths,PurchaseObligationDueInSecondYear,RepaymentsOfDebt,RepaymentsOfDebtAndCapitalLeaseObligations,RepaymentsOfLongTermCapitalLeaseObligations,RepaymentsOfRelatedPartyDebt,RepaymentsOfShortTermDebt,RepaymentsOfUnsecuredDebt,RestrictedCashAndCashEquivalentsAtCarryingValue,RetainageDeposit,RetainedEarningsAccumulatedDeficit,SecurityDeposit,SellingAndMarketingExpense,ShareBasedCompensation,ShareBasedGoodsAndNonemployeeServicesTransactionExpense,SharesIssuedPricePerShare,ShortTermBorrowings,StockGrantedDuringPeriodValueSharebasedCompensation,StockGrantedDuringPeriodValueSharebasedCompensationGross,StockholdersEquity,StockholdersEquityIncludingPortionAttributableToNoncontrollingInterest,StockholdersEquityNoteStockSplitConversionRatio,StockholdersEquityNoteStockSplitConversionRatio1,StockIssuedDuringPeriodSharesNewIssues,StockIssuedDuringPeriodValueIssuedForServices,StockIssuedDuringPeriodValueNewIssues,StockIssuedDuringPeriodValueRestrictedStockAwardNetOfForfeitures,ValuationAllowanceDeferredTaxAssetChangeInAmount,WeightedAverageNumberOfDilutedSharesOutstanding,WeightedAverageNumberOfShareOutstandingBasicAndDiluted,WeightedAverageNumberOfSharesOutstandingBasic
2008-12-31,2009-03-27,10-K,NETWORK CN INC.,NWCN,CIK0000934796,USD,,,,,,,,,,,,,,,,,,,,,,,,,,,,,,,,,,,,,,,,,,,,,,,,,7717131.0,,,,,,,,,,,,,,,,,,,,,,,,,,,,,,,,,,,,,,,,,,,,,,,,,,,,,,,,,,,,,,,,,,,,,,,,,,,,,,,,,,,,,,,,,,,,,,,,,,,,,,,,,,,,,,,,,,,,,,,,,,,,,,,,,,,,,,,,,,,,,,,,,,,,,,,,,,,,,,,,,,,,,,,,,,,-23356217.0,,,,,,,,,,,
2009-12-31,2010-03-31,10-K,NETWORK CN INC.,NWCN,CIK0000934796,USD,,,,,,,,,,,,,,,,1447745.0,,,1266927.0,2067881.0,,,,,,,,,18873863.0,,802487.0,,,,,,,,,,,,,,,,,,1969549.0,-5747582.0,,,,,,,,,,-37331705.0,,,,,3854934.0,,,,,,14338.0,,,,,,,,,,,576938.0,,,,,-0.59,,-14945.0,,,,-127441.0,,,,-1696684.0,4532628.0,-800954.0,,-37383361.0,,,,,,,,-1349913.0,-548509.0,-83019.0,10204627.0,31195905.0,420731.0,,,24795.0,,,22486.0,,,,,,,,,-250000.0,,-54364.0,,-5428273.0,,-37359188.0,-24173.0,,36572.0,,,5423074.0,-6224028.0,,,,,,,,,,,,,,,26655.0,-828.0,27483.0,,,27483.0,,,,,,14086.0,,,,250000.0,,128489.0,,,,,,,,,,,,,,,,,,74449.0,-324.0,,-37383361.0,,,-542771.0,,,,,,,,,,,,,,,630730.0,878669.0,,,,,,-1491206.0,-1491206.0,,,,,,,,,,
2010-06-30,2010-08-09,10-Q,NETWORK CN INC.,NWCN,CIK0000934796,USD,,,,,,,,,,,,,,,,,,,,-463581.0,,,,,,,,,-130121.0,,,,,,,,,,,,,,,,,,,,873546.0,,,,,,,,,,,-1026898.0,,,,,,,,,,,,,,,,,,,,,,,,,,,-0.002,,,,,,,,,,,-970545.0,260680.0,,-915763.0,,0.0,,,,,,,,,,-142586.0,-12465.0,,,,,,556.0,,,,,,,,,,,,,,,,,,31619.0,,,-1065476.0,-804796.0,,,,,,,,,,,,,,,7014.0,,,,-111135.0,,,,,-118149.0,,31063.0,,,,,,,,,,,,,,,,,,,,,,,,,,,-915763.0,,,,,,,,,,,,,,,,,,-94931.0,,,,,,,,,,,,,,,,,,422522071.0
2010-09-30,2010-11-08,10-Q,NETWORK CN INC.,NWCN,CIK0000934796,USD,,,,,,,,,,,,,,,,,,,733440.0,380259.0,,,,,,,,,133870.0,,,,,,,,,,,,,,,,,,,,460014.0,,,,,,,,,,,-360754.0,,,,,,,,,,,,,,,,,,,,,,,,,,,-0.005,,,,,,,,,,,508285.0,353181.0,,-416489.0,,,,,,,,,,,,146473.0,12603.0,,,,,,351.0,,,,,,,,,,,,,,,-416489.0,,,-12747.0,,,610450.0,-257269.0,,,,,,,,,,,,,,,7293.0,,,,55735.0,,,,,48442.0,,-13098.0,,,,,,,,,,,,,,,,,,,,,,,,,,,,,,,,,,,,,,,,,,,,,102165.0,,,,,,,,,,,,,,,,,,
2010-12-31,2011-03-18,10-K,NETWORK CN INC.,NWCN,CIK0000934796,USD,1194838.0,,,,,398994.0,,,,,,459830.0,1563317.0,119751647.0,,,,592500.0,2207479.0,1503898.0,,,,9690.0,,449377.0,79085.0,79085.0,528462.0,55419719.0,,1974613.0,1368514.0,123077.0,9406.0,,,,,,,,,,,,,,170621.0,-1798928.0,,,,,0.001,400000000.0,84504467.0,84504467.0,84504.0,-2715011.0,,,,4304311.0,4304311.0,0.0,,,,,2037.0,307500.0,31692.0,81214.0,,,,,7583809.0,7583809.0,257899.0,257899.0,,3655.0,,,-0.03,0.34,21684.0,,,,-579341.0,,,438917.0,,2756180.0,703581.0,-735120.0,-2603384.0,-1868264.0,,,97153.0,635210.0,-885151.0,152788.0,-665644.0,317274.0,-277438.0,,578642.0,50180.0,50001.0,,50180.0,,,1374.0,,,,,5499149.0,1974613.0,1194838.0,,,,-268209.0,,-1552403.0,,-2603384.0,,,49681.0,,,2778004.0,-2074423.0,,,,,,,,,,247630.0,,,,,41932.0,,41932.0,41932.0,,-111627.0,,,,-153559.0,,48307.0,,,,,908441.0,56618.0,0.001,5000000.0,0.0,0.0,0.0,209186.0,385422.0,,,,,,,,,641211.0,641211.0,55639.0,,,-2603384.0,,574407.0,8546.0,11421.0,2875.0,,,,,,,,,,,-124616504.0,,449320.0,681681.0,,,,,89181.0,-3524536.0,-3524536.0,,,,,,,,84509069.0,84509069.0,84509069.0
2011-03-31,2011-05-11,10-Q,NETWORK CN INC.,NWCN,CIK0000934796,USD,,,,,,,,,,,,,,,,,,,396703.0,299756.0,,,,,,,,,141862.0,,,,,,,,,,,,,,,,,,,,569199.0,398578.0,,,,,,,,,,-855762.0,,,,,,,,,,,,,,,,,,,,,,80790.0,,,,,-0.01,,991.0,,,,,,,,,634279.0,96947.0,,-821935.0,,,,,,,,283830.0,-283590.0,-254928.0,,154191.0,12329.0,,,,,,58.0,,,,,,,,,,,-24438.0,,422025.0,,-821935.0,,,58.0,,,764749.0,-667802.0,,,,,,,,,,,,,,,7199.0,,,,-33827.0,,,,,-41026.0,,,,,,,,24438.0,,,,,,,,,,,,,,,,,,,,,,,,,,,,,,,,,,,,,,,130470.0,167659.0,,,,,,,,,,,,,,,,,
2011-06-30,2011-08-08,10-Q,NETWORK CN INC.,NWCN,CIK0000934796,USD,1040717.0,,,,,85262.0,,,,,,,1726847.0,119441447.0,,,,,323071.0,268710.0,,,,,,124790.0,,20229.0,145019.0,,,1288945.0,802232.0,53846.0,,,,,,,,,,,,,,,332526.0,,,,,,0.001,2000000000.0,422522071.0,422522071.0,422522.0,-411000.0,,,,0.0,,4550649.0,,,,,,,0.0,72363.0,,,,,,,,,,,,,-0.005,,,,,,,,,,,32962.0,54361.0,,-454798.0,,0.0,,,,,,,,,,157484.0,12465.0,,,,,,31.0,,,,,5591366.0,1288945.0,5591366.0,,,,,,,,-454798.0,,,-205258.0,,,146417.0,-92056.0,,,,,,,,,,,,,,,2772.0,,,,43798.0,,,,,41026.0,,-205289.0,,,,,,,0.001,5000000.0,0.0,0.0,0.0,77083.0,181152.0,,,,,,,,,,,,,,-454798.0,,486713.0,,,,,,,,,,,,,,-125893237.0,,113455.0,,,,,,,-4302421.0,,,,,,,,,84504457.0,,84504457.0
2011-09-30,2011-11-14,10-Q,NETWORK CN INC.,NWCN,CIK0000934796,USD,1058698.0,,,,,103686.0,,,,,,,1730979.0,119782390.0,,,,,458770.0,256067.0,,,,,,128910.0,,20310.0,149220.0,20000.0,,1021903.0,596373.0,,,,,,,,,,,,,,,,135285.0,,,,,,0.001,400000000.0,84504467.0,84504467.0,84504.0,-416858.0,,,,,,4679559.0,,,,,,,,52054.0,,,,,,,,,,,,,-0.005,,,,,,,,,,,403669.0,202703.0,,-420990.0,,,,,,,,,,,,161823.0,12603.0,,,,,,85.0,,,,,5738257.0,1021903.0,5738257.0,,,,,,,,-420990.0,,,68233.0,,,530103.0,-327400.0,,,,,,,,,,,,,,,4132.0,,4132.0,,4132.0,4132.0,,,,,,68148.0,,,,,,,0.001,5000000.0,0.0,0.0,,141507.0,163841.0,,,,,,,,,,,,,,,,425530.0,,,,,,,,,,,,,,-126314227.0,,126434.0,,,,,,,-4716354.0,,,,,,,,,84504467.0,84504467.0,84504467.0
2011-12-31,2012-04-16,10-K,NETWORK CN INC.,NWCN,CIK0000934796,USD,1227782.0,,38697.0,,159362.0,146140.0,,,115615.0,218308.0,1307568.0,,1730805.0,119835325.0,,,,307500.0,1794552.0,1115461.0,,,13222.0,,,507769.0,81214.0,81214.0,588983.0,52917816.0,,983444.0,619848.0,,-228285.0,,,,,,,,,,,,,,65623.0,-104998.0,,,,,0.001,400000000.0,96504467.0,96504467.0,96504.0,-1935060.0,,,,,4812080.0,4812080.0,92829.0,,,,,,,31692.0,31692.0,250000.0,31692.0,,7763009.0,7763009.0,239223.0,239223.0,,,,229744.0,-0.02,0.34,-13139.0,,,410254.0,24222.0,137307.0,,3254.0,,1489460.0,679091.0,-1034827.0,-2102548.0,-1067721.0,,,179200.0,363025.0,-714866.0,172641.0,-193546.0,-252854.0,-191998.0,,638983.0,50000.0,50000.0,,50000.0,,12603.0,254.0,,,,,6039862.0,983444.0,6039862.0,,229744.0,229744.0,66675.0,66675.0,-388278.0,-388278.0,-2102548.0,,,-135341.0,,,2007315.0,-1328224.0,,,,,,,,,,52097.0,,,328040.0,153559.0,13929.0,,13929.0,13929.0,,167488.0,153559.0,-153559.0,-153559.0,,,-135595.0,,274.0,,,,35309.0,0.001,5000000.0,0.0,0.0,,182969.0,193424.0,155075.0,,,,,,,,48351.0,48351.0,53633.0,,,-2102548.0,4376403.0,363596.0,,,,,,,,,,,,,,-126719052.0,40168.0,521109.0,403178.0,,,,,35678.0,-5056418.0,-5056418.0,,,,60000.0,,60000.0,,86970220.0,86970220.0,86970220.0
2012-03-31,2012-05-21,10-Q,NETWORK CN INC.,NWCN,CIK0000934796,USD,1890342.0,,,,,203557.0,,,,,,,1730965.0,119842270.0,,,,,406775.0,278685.0,,,,,,137158.0,,20719.0,157877.0,55866149.0,,1166822.0,788573.0,,,,,,,,,,,,,,,,36683.0,-28940.0,,,,,0.001,400000000.0,96504467.0,96504467.0,96504.0,-623285.0,,,,,,4949238.0,,,,12466.0,,,,10973.0,,,,,,,,60220.0,,,,,-0.01,,-632.0,,,,-14258.0,,,,,484120.0,128090.0,,-623445.0,,,,,,,,199484.0,57417.0,-3791.0,,173527.0,15650.0,,3184.0,,,,66.0,,,,,6839580.0,1166822.0,6839580.0,,463076.0,,-89219.0,,-402165.0,,-623445.0,,,66.0,,,578074.0,-449984.0,,,,,,,,,,60317.0,,,,,160.0,,160.0,,160.0,160.0,,,,,,,,,,,,92413.0,0.001,5000000.0,0.0,0.0,,347727.0,189633.0,,,,,,,,,,,3194.0,,345128.0,,,378249.0,,,,,,,,,,,,,,-127342497.0,,93954.0,6945.0,,,,,,-5672758.0,,,,,,,,,96504467.0,96504467.0,96504467.0
2012-06-30,2012-08-14,10-Q,NETWORK CN INC.,NWCN,CIK0000934796,USD,2038620.0,,58898.0,,158204.0,145053.0,,,89187.0,,,,1726408.0,121669532.0,,,,,536208.0,352637.0,,,13151.0,,,276509.0,,10973.0,287482.0,66366642.0,,1030930.0,644573.0,,,9874.0,46261.0,,6923.0,13846.0,13846.0,13846.0,13846.0,4615.0,10787.0,66922.0,56135.0,,88041.0,,,,,,0.001,400000000.0,97045008.0,97045008.0,97045.0,1153835.0,,,,1627295.0,,,,,,,,,,,,,,,,,,,,,,315118.0,0.012,,,,,652295.0,,,,1877594.0,,495701.0,183571.0,,1158392.0,,,,,,,,,,,,320223.0,32741.0,,19662.0,,,37397.0,36.0,,,,,3722050.0,1030930.0,2048494.0,1673556.0,,,,,,,1158392.0,,,1882097.0,,,587053.0,-403482.0,383749.0,105526.0,131476.0,146747.0,,,,,,48980.0,,,411366.0,,-4557.0,,-4557.0,,-4557.0,-4557.0,,,,,,4467.0,,786.0,,,,,0.001,5000000.0,0.0,0.0,,247489.0,163990.0,110342.0,,,,,,,,,,,,,,,386357.0,,,,,,,,,,,,,,-126184105.0,54944.0,91352.0,,,,474359.0,,,-2691120.0,,,,,,,,,96777707.0,96777707.0,96777707.0
2012-09-30,2012-11-14,10-Q,NETWORK CN INC.,NWCN,CIK0000934796,USD,2092460.0,32660.0,105982.0,,69310.0,56202.0,,,78254.0,,,,1721496.0,121625423.0,,,,,356480.0,347241.0,,,13108.0,,,265730.0,,,265730.0,65890273.0,,634095.0,313325.0,,,10101.0,43650.0,63461.0,3462.0,13846.0,13846.0,13846.0,13846.0,4615.0,9710.0,,53751.0,,49743.0,,,,,,0.001,400000000.0,96804467.0,96804467.0,96804.0,-669671.0,,,,1893025.0,,,,,,,,,,,,,,,,,,,,,,189039.0,-0.007,,,,,747322.0,,,,,,334952.0,9239.0,,-664759.0,,,,,,,,,,,,300757.0,35027.0,,21346.0,,,63702.0,38.0,,,,,4039236.0,634095.0,2102561.0,1936675.0,,,,,,,-664759.0,,,6311.0,,,379552.0,-370313.0,326804.0,48632.0,131476.0,146696.0,,,,,48632.0,48142.0,,,401142.0,,,,-4912.0,,,-4912.0,,,,,,6273.0,,333.0,,,,,0.001,5000000.0,0.0,0.0,,47030.0,160350.0,107211.0,,,,,,,,,,,,,,,320770.0,,,,,,,,,,,,,,-126848864.0,54881.0,44600.0,,,,474359.0,,,-3405141.0,,,,,,,,,97020771.0,97020771.0,97020771.0
2012-12-31,2013-05-10,10-K,NETWORK CN INC.,NWCN,CIK0000934796,USD,3518732.0,744365.0,15200.0,,732261.0,719041.0,,,102186.0,250000.0,968098.0,2705239.0,1719515.0,122074273.0,,3598452.0,1877594.0,,1835940.0,1467698.0,,,13220.0,,,800249.0,31692.0,31692.0,1019861.0,65139057.0,,1739551.0,1483430.0,,,10328.0,40983.0,60000.0,13846.0,4616.0,13846.0,13846.0,13846.0,,8689.0,,51311.0,,21008.0,-44615.0,,,,,0.001,400000000.0,103604467.0,103604467.0,103604.0,-1221919.0,,,,2201797.0,2201797.0,,479920.0,,3598452.0,,,,,,,250000.0,,,8058771.0,8058771.0,259479.0,259479.0,,,,143918.0,-0.01,0.34,-8394.0,,,804290.0,-14258.0,,,1877594.0,,2092180.0,368242.0,19538.0,-1210629.0,-1230167.0,,,295762.0,418257.0,-411614.0,-302405.0,1663413.0,572901.0,-32033.0,,1142389.0,122528.0,50000.0,69677.0,33331.0,,101790.0,155.0,,,,,5771840.0,1739551.0,3529060.0,2242780.0,713652.0,713652.0,-167120.0,-167120.0,-582753.0,-582753.0,-1210629.0,,,1888489.0,,,2324971.0,-1956729.0,278309.0,146833.0,,131476.0,,,,,,205299.0,,,385306.0,,,,-11290.0,-11290.0,,-11290.0,,,,,,10740.0,,333.0,,,,170314.0,0.001,5000000.0,0.0,0.0,,581990.0,161391.0,108102.0,,,,5000000.0,,,57692.0,,,3194.0,,1086885.0,-1210629.0,1224219.0,256121.0,,,,,,5000000.0,,6381.0,,345128.0,,,,-127929681.0,55049.0,267595.0,525190.0,,,741757.0,47190.0,47190.0,-4032289.0,-4032289.0,,,,478000.0,,,,96895329.0,96895329.0,96895329.0
2013-03-31,2013-05-28,10-Q,NETWORK CN INC.,NWCN,CIK0000934796,USD,3663778.0,734153.0,27837.0,,808807.0,795533.0,,,136091.0,,,,1718491.0,122266708.0,,,,,406637.0,464677.0,,,13274.0,,,363605.0,,,363605.0,65432539.0,,1406607.0,1279715.0,,,10555.0,38260.0,56539.0,10385.0,4616.0,13846.0,13846.0,13846.0,,7724.0,,48815.0,,10887.0,-10121.0,,,,,0.001,400000000.0,105419467.0,105419467.0,105419.0,-1024349.0,,,,2565402.0,,,356274.0,,,12334.0,,9000.0,,,,,,,,,,66296.0,,,,143918.0,-0.01,,-1424.0,,,881278.0,-62921.0,,,,,501433.0,-58040.0,,-1023325.0,,,,,,,,67119.0,76492.0,-3577.0,,410982.0,47377.0,12334.0,34076.0,972.0,,148195.0,9.0,,,,,6277995.0,1406607.0,3674333.0,2603662.0,75431.0,75431.0,412.0,412.0,-84540.0,-84540.0,-1023325.0,,,9.0,,,554312.0,-612352.0,261832.0,130356.0,,131476.0,,,,,130356.0,48988.0,,,416348.0,,,,-1024.0,,,-1024.0,,,,,,,,333.0,,,,,0.001,5000000.0,0.0,0.0,,315481.0,157814.0,105176.0,,,,,,,,,,412.0,,77927.0,,,126892.0,,,,,,,,2496.0,,,,,,-128953006.0,54406.0,52879.0,185250.0,,,819684.0,,,-4871388.0,,,,,,,,,104423647.0,104423647.0,104423647.0
2013-06-30,2013-08-14,10-Q,NETWORK CN INC.,NWCN,CIK0000934796,USD,3672233.0,672186.0,15615.0,,587567.0,574109.0,,,116197.0,,,,1713919.0,122277808.0,,,,,150318.0,152375.0,,,13458.0,,,423058.0,,,423058.0,62115709.0,,1095800.0,983081.0,,,10782.0,35479.0,53077.0,6923.0,4616.0,13846.0,13846.0,13846.0,,6816.0,,46261.0,,89689.0,,,,,,0.001,400000000.0,105419467.0,105419467.0,105419.0,-753866.0,,,,,,2988460.0,201275.0,,,,,6000.0,,,,,,,,,,,,,,130868.0,-0.007,,,,,924757.0,,,,,,284366.0,-2057.0,,-749294.0,,,,,,,,,,,,478580.0,55522.0,12466.0,42010.0,,,202672.0,4.0,,,,,6706954.0,1095800.0,6671475.0,35479.0,,,,,,,-749294.0,,,19309.0,,,287966.0,-290023.0,213028.0,81552.0,,131476.0,,,,,81552.0,47723.0,,,389174.0,,,,-4572.0,,,-4572.0,,,,,19305.0,19305.0,,,,,,,0.001,5000000.0,0.0,0.0,,159919.0,159364.0,108222.0,,,,,,,,,,,,,,,112719.0,,,,,,,,,,,,,,-129702300.0,53272.0,3600.0,,,,1019489.0,,,-5611154.0,,,,,,,,,105419467.0,105419467.0,105419467.0
2013-09-30,2013-11-14,10-Q,NETWORK CN INC.,NWCN,CIK0000934796,USD,4024702.0,756252.0,15650.0,,606446.0,592926.0,,,113299.0,,,,1710474.0,122284099.0,,,,,151119.0,216000.0,,,13520.0,,,496859.0,,,496859.0,65299908.0,,1050208.0,957975.0,,,11009.0,32642.0,49616.0,3462.0,4616.0,13846.0,13846.0,13846.0,,5965.0,,43651.0,,25359.0,,,,,,0.001,400000000.0,105419467.0,105419467.0,105419.0,-901601.0,,,,,,3485319.0,41547.0,,,,,3000.0,,,,,,,,,,,,,,103125.0,-0.009,,,,,985034.0,,,,,,275107.0,-64881.0,,-898156.0,,,,,,,,,,,,562433.0,65574.0,12603.0,52106.0,,,267379.0,11.0,,,,,7553672.0,1050208.0,7521030.0,32642.0,,,,,,,-898156.0,,,9628.0,,,280470.0,-345351.0,164164.0,32688.0,,131476.0,,,,,32688.0,47737.0,,,384465.0,,,,-3445.0,,,-3445.0,,,,,9617.0,9617.0,,,,,,,0.001,5000000.0,0.0,0.0,,,339690.0,108252.0,,,,,,,,,,,,,,,92233.0,,,,,,,,,,,,,194031.0,-130600456.0,39537.0,5363.0,,,,1357951.0,,,-6503464.0,,,,,,,,,105419467.0,105419467.0,105419467.0
2013-12-31,2014-03-31,10-K,NETWORK CN INC.,NWCN,CIK0000934796,USD,4839861.0,1222004.0,9088.0,,773611.0,759977.0,,,109559.0,,152765.0,,1700594.0,122359290.0,,,,,891366.0,1253460.0,,,13634.0,,,1862615.0,,,1862615.0,57177342.0,,1288386.0,1205226.0,,,11236.0,29748.0,46153.0,13846.0,,4615.0,13846.0,13846.0,,5169.0,,40984.0,,111889.0,90881.0,,,111889.0,,0.001,400000000.0,106419467.0,106419467.0,106419.0,-3912414.0,,,,,4064412.0,4064412.0,117829.0,,-1862615.0,,,,,,,,,,8229696.0,8229696.0,106497.0,106497.0,,,,85244.0,-0.04,0.34,-25070.0,,,1032593.0,-68900.0,,,,,1367090.0,-362094.0,-2365336.0,-3893493.0,-1528157.0,,,170925.0,519573.0,-1323788.0,633290.0,585119.0,40936.0,171969.0,,2110459.0,247844.0,50000.0,194126.0,3712.0,,345917.0,60.0,,,,,8945257.0,1288386.0,8915509.0,29748.0,,725682.0,,-1307.0,,-608424.0,-3893493.0,,,36365.0,,,1457305.0,-1819399.0,131476.0,131476.0,,,,,,,,183365.0,,,381187.0,,,,-18921.0,,,-18921.0,,,,,,36305.0,,244.0,,,,1719.0,0.001,5000000.0,0.0,0.0,,,333360.0,102665.0,,,,,,,,,,412.0,,794683.0,,235925.0,83160.0,,,,,,,,10327.0,,,,57041.0,195677.0,-131823174.0,36932.0,90215.0,287832.0,,,1536440.0,43932.0,43932.0,-7656871.0,,,,,243900.0,,,,105253782.0,105253782.0,105253782.0
2014-03-31,2014-05-15,10-Q,NETWORK CN INC.,NWCN,CIK0000934796,USD,4793101.0,1260884.0,29368.0,,865325.0,851808.0,,,117850.0,,,,1707593.0,123161681.0,,,,,244002.0,428992.0,,,13517.0,,,927595.0,,,927595.0,490917.0,,1434621.0,1362845.0,,,11463.0,26797.0,42692.0,10385.0,,4615.0,13846.0,13846.0,,4432.0,,38260.0,,8356.0,-103533.0,,,,,0.001,400000000.0,115919467.0,115919467.0,115919.0,-1543767.0,,,,,,4992007.0,92583.0,,,,,,,,,,,,,,,11081.0,,,150000.0,50084.0,-0.01,,7139.0,,,1100945.0,-881.0,,,,,335316.0,-184990.0,,-1550766.0,,,,,,,,-3841.0,91831.0,19321.0,,1010141.0,82546.0,12329.0,69479.0,738.0,,233599.0,18.0,,,,,9823368.0,1434621.0,9796571.0,26797.0,,554356.0,,-717.0,,-664311.0,-1550766.0,,,1749.0,,,357384.0,-542374.0,98787.0,98787.0,,,,,,,98787.0,42322.0,,,379107.0,,,,6999.0,,,6999.0,,,,,1731.0,1731.0,,168195.0,,,,717.0,0.001,5000000.0,0.0,0.0,,,502681.0,105745.0,,,,,600000.0,,,,,,,98115.0,,,71776.0,,,,,,,,2724.0,,105874.0,,,194000.0,-133373940.0,36899.0,22068.0,61891.0,,,1528681.0,,,-8388747.0,,,,,,,,,111602385.0,111602385.0,111602385.0
2014-06-30,2014-11-19,10-Q,NETWORK CN INC.,NWCN,CIK0000934796,USD,5380490.0,1711416.0,29348.0,,1045817.0,1032312.0,,,151426.0,,,,1708783.0,123167972.0,,,,,219516.0,442511.0,6291.0,,13505.0,,,7993.0,,,7993.0,3936918.0,,1465738.0,1391446.0,,,11690.0,23789.0,39230.0,6923.0,,4615.0,13846.0,13846.0,,3751.0,,35479.0,,9148.0,,,,,,0.001,400000000.0,115919467.0,115919467.0,115919.0,-567775.0,,,,5000000.0,,,41098.0,,,,,,,,,,,,,,,,,,,,-0.0736,,,,,1144703.0,,,,,,229589.0,-222995.0,,-568965.0,,,,,,,,,,,,94120.0,86127.0,12192.0,73254.0,,,319045.0,10.0,,,,,10415969.0,1465738.0,5392180.0,5023789.0,,,,,,,-568965.0,,,3354.0,,,255204.0,-478199.0,128465.0,83108.0,11339.0,34018.0,,,,,128465.0,40531.0,,,318623.0,,,,1190.0,,,1190.0,,,,,3344.0,3344.0,,7002.0,,,,,0.001,5000000.0,0.0,0.0,,,349986.0,105925.0,,,,,,,,,,,,,,,74292.0,,,,,,,,,,,,,193814.0,-133942905.0,45383.0,19324.0,,,,1664831.0,,,-8950231.0,,,,,,,,,7727964.0,7727964.0,7727964.0
2014-09-30,2014-11-19,10-Q,NETWORK CN INC.,NWCN,CIK0000934796,USD,4515744.0,523426.0,35893.0,,19690.0,6164.0,,,177614.0,,,,1706226.0,123174263.0,,,,,204234.0,161469.0,6291.0,,13526.0,,,,,,,165559.0,,329078.0,277882.0,,,11917.0,20725.0,35769.0,3462.0,,4615.0,13846.0,13846.0,,3127.0,,32642.0,,118597.0,,,,,,0.001,400000000.0,115919467.0,115919467.0,115919.0,-275368.0,,,,5000000.0,,,17334.0,,,,,,,,,,,,,,,,,,,,-0.035,,,,,1209205.0,,,,,,212282.0,42765.0,,-272811.0,,,,,,,,,,,,88788.0,88788.0,12602.0,75562.0,,,407210.0,2.0,,,,,9548386.0,329078.0,4527661.0,5020725.0,,,,,,,-272811.0,,,1732.0,,,228520.0,-185755.0,88555.0,43198.0,11339.0,34018.0,,,,,43198.0,41797.0,,,298769.0,,,,-2557.0,,,-2557.0,,,,,1730.0,1730.0,,4665.0,,,,,0.001,5000000.0,0.0,0.0,,,153121.0,105196.0,,,,,,,,,,,,,,,51196.0,,,,,,,,,,,,,,-134215716.0,45402.0,9947.0,,,,1846293.0,,,-9219308.0,,,,,,,,,7727964.0,7727964.0,7727964.0
2014-12-31,2015-04-15,10-K,NETWORK CN INC.,NWCN,CIK0000934796,USD,4524112.0,525790.0,29580.0,,25514.0,11926.0,525790.0,408474.0,139276.0,,60078.0,,1702694.0,123268503.0,123268503.0,,,,683749.0,1032972.0,,1570302.0,13588.0,,,935588.0,,935588.0,935588.0,81048.0,,224670.0,186142.0,,,12144.0,17604.0,32308.0,13846.0,,,4616.0,13846.0,,2560.0,,29748.0,22645.0,22645.0,-89244.0,,,22645.0,-89244.0,0.001,26666667.0,7718964.0,7718964.0,7719.0,-2482832.0,,,,5000000.0,5000000.0,,10834.0,5000000.0,,,,,,,,,,,8333661.0,8333661.0,43831.0,43831.0,,,,,-0.32,0.34,2270.0,2270.0,,1237128.0,15227.0,,,,,715076.0,-349223.0,-1241366.0,-2484932.0,-1243566.0,,,103965.0,422812.0,-844877.0,318100.0,-808269.0,-748051.0,-181789.0,,1294882.0,359294.0,50000.0,306958.0,296736.0,,408474.0,31.0,,,,,9553860.0,224670.0,4536256.0,5017604.0,,1211033.0,,15858.0,,-1318405.0,-2484932.0,,,7990.0,,,848817.0,-1198040.0,45357.0,34018.0,,11339.0,,,,,,166083.0,,,79077.0,,,,2100.0,,,2100.0,,,,,,7959.0,4525.0,4525.0,,,,14268.0,0.001,5000000.0,0.0,0.0,,,151571.0,103748.0,45449.0,,,5000000.0,750000.0,,,,,30126.0,,663387.0,,98606.0,38528.0,,,,,,5000000.0,11236.0,11236.0,85244.0,105874.0,,,,-134308106.0,45449.0,52977.0,80764.0,,,2093953.0,4913.0,,-9329190.0,,,,,55600.0,750000.0,,,7669855.0,7669855.0,7669855.0
2015-03-31,2015-05-14,10-Q,NETWORK CN INC.,NWCN,CIK0000934796,USD,4653340.0,523675.0,29493.0,,16151.0,11878.0,,,124696.0,,,,1706455.0,123217913.0,,,,,,,,,4273.0,,,,,,,1333.0,,165210.0,131847.0,,,12371.0,14426.0,28846.0,10385.0,,,4615.0,13846.0,,2049.0,,26797.0,,7395.0,-15250.0,,,7395.0,-15250.0,0.001,400000000.0,116628217.0,116628217.0,116628.0,-244056.0,,,,5000000.0,5000000.0,,10791.0,5000000.0,,,,,,,,,,,,,5124.0,5124.0,,,,,-0.03,,3850.0,3850.0,,1205571.0,,,,,,127250.0,,,-247817.0,,,,,,,,75709.0,,-38997.0,,109499.0,109499.0,96659.0,96659.0,511.0,,517462.0,1.0,,,,,9680137.0,165210.0,4665711.0,5014426.0,,97818.0,,,,-116918.0,-247817.0,,,1.0,,,138319.0,-138319.0,36932.0,25568.0,,11364.0,,,,,25568.0,8734.0,,,46930.0,,,,3761.0,,,3761.0,,,,,,,,,,,,,0.001,5000000.0,0.0,0.0,,,112574.0,103849.0,,,,,,,,,,,,100769.0,,,33363.0,,,,,,,2951.0,2951.0,,,,,,-134555923.0,8725.0,,11069.0,,,2194722.0,,,-9514927.0,,,,,,,,,7720214.0,7720214.0,7720214.0
2015-06-30,2015-08-14,10-Q,NETWORK CN INC.,NWCN,CIK0000934796,USD,4352850.0,,7982.0,,,,,,123719.0,,,,1704140.0,123666740.0,,,,,,,340240.0,,,,,,,,,118372.0,,139105.0,117629.0,,,12598.0,11192.0,25385.0,6923.0,,,4615.0,13846.0,,1595.0,,23789.0,,10915.0,,,,10915.0,,0.001,26666667.0,8041881.0,8041881.0,8042.0,-62849.0,,5000000.0,,,5000000.0,5000000.0,,5000000.0,,,,,,,,,,,,,,,1.0,129726.0,,,-0.0076,,,,,1202278.0,,,129726.0,,,171583.0,,,-60534.0,,,,,,,,,,,,116187.0,116187.0,103268.0,103268.0,,,633196.0,1.0,,,,,9376640.0,139105.0,9365448.0,11192.0,,,,,,,-60534.0,,,1.0,,,-55652.0,55652.0,,,,,,,,,,,,,29324.0,,,,-2315.0,,,-2315.0,,,,,,,,,,,,,0.001,5000000.0,0.0,0.0,,,106714.0,105202.0,,,,,,,,,,,,,,,21476.0,,,,,,,,,,,,,,-134616457.0,1512.0,,340240.0,,,2356351.0,,,-9237535.0,,,,,,,,,7974482.0,7974482.0,7974482.0
2015-09-30,2015-11-13,10-Q,NETWORK CN INC.,NWCN,CIK0000934796,USD,4605865.0,,7982.0,,,,,,137711.0,,,,1704034.0,123667406.0,,,,,,,667.0,,,,,,,,,1333.0,,129912.0,110045.0,,,12825.0,7900.0,21923.0,3462.0,,,4615.0,13846.0,,1198.0,,20725.0,,6823.0,,,,6823.0,,0.001,26666667.0,8041995.0,8041995.0,8042.0,-259809.0,,5000000.0,,,5000000.0,5000000.0,,5000000.0,,,,,,,,,,,,,,,1.0,,,,-0.032,,,,,1222702.0,,,,,,137343.0,,,-259703.0,,,,,,,,,,,,121694.0,121694.0,108694.0,108694.0,,,754493.0,1.0,,,,,9626590.0,129912.0,9618690.0,7900.0,,,,,,,-259703.0,,,1.0,,,138010.0,-138010.0,,,,,,,,,,,,,40831.0,,,,-106.0,,,-106.0,,,,,,,,,,,,,0.001,5000000.0,0.0,0.0,,,103222.0,103020.0,,,,,,,,,,,,,,,19867.0,,,,,,,,,,,,,,-134876160.0,202.0,,667.0,,,2442146.0,,,-9496678.0,,,,,,,,,8041881.0,8041881.0,8041881.0
2015-12-31,2017-04-14,10-K,NETWORK CN INC.,NWCN,CIK0000934796,USD,4853036.0,,7982.0,,,,,878275.0,149508.0,,55098.0,,1704049.0,,123686741.0,,,47309.0,,,,,,,,,,,,1333.0,,124590.0,107947.0,,,13052.0,4552.0,18461.0,,,,,,,857.0,,17604.0,6790.0,,,,,6790.0,-15855.0,0.001,26666667.0,8041995.0,8041995.0,8042.0,-835421.0,,-5000000.0,5000000.0,,5000000.0,5000000.0,,,,,,,,,,,,,8517120.0,8517120.0,15975.0,15975.0,1.0,129726.0,,,-0.11,0.34,,205.0,,1241765.0,-7441.0,,129726.0,,,561442.0,,,-836776.0,,,,183459.0,101045.0,-284504.0,,549300.0,5.0,-50414.0,,471503.0,471503.0,50000.0,,1702.0,,,3.0,,,,,9870640.0,124590.0,9866088.0,4552.0,,395292.0,,-1535.0,,-409817.0,-836776.0,,,3.0,1.0,,365276.0,-365276.0,,,,,,,,,,,,,74117.0,,,,1355.0,,,1355.0,,,,,,,,,,,,1535.0,0.001,5000000.0,0.0,0.0,,,101157.0,100955.0,202.0,,,,,,,,,,,407436.0,,71741.0,16643.0,,,,13846.0,4615.0,,12144.0,,,,,,,-135144882.0,,,371309.0,,52.5,2501389.0,47252.0,,-9746050.0,,,,,324000.0,,,,8003289.0,8003289.0,8003289.0
2016-03-31,2017-04-14,10-Q,NETWORK CN INC.,NWCN,CIK0000934796,USD,5080960.0,,9989.0,,,,,1003693.0,164430.0,,,,1704093.0,,123696741.0,,,,,,,,,,,,,,,1333.0,,125848.0,112421.0,,,13278.0,1148.0,15000.0,,,,,,,574.0,,14426.0,6334.0,,,,,6334.0,-456.0,0.001,26666667.0,8041995.0,8041995.0,8042.0,-233488.0,,,5000000.0,,5000000.0,5000000.0,,,,,,,,,,,,,,,3216.0,,1.0,,,,-0.03,,,44.0,,1300949.0,,,,,,97830.0,,,-233532.0,,,,,,,,213469.0,,4930.0,,125702.0,125702.0,112952.0,,284.0,,,,,,,,10095386.0,125848.0,10094238.0,1148.0,,11277.0,,,,-11777.0,-233532.0,,,,,,107830.0,-107830.0,,,,,,,,,,,,,86055.0,,,,44.0,,,44.0,,,,,,,,,,,,,0.001,5000000.0,0.0,0.0,,,106087.0,105885.0,202.0,,,,,,,,,,,14455.0,,,13427.0,,,,10385.0,4615.0,,3178.0,,,,,,,-135378414.0,,,10000.0,,52.5,2515844.0,,,-9969538.0,,,,,,,,,8041995.0,8041995.0,8041995.0
2016-06-30,2017-04-14,10-Q,NETWORK CN INC.,NWCN,CIK0000934796,USD,5311881.0,,12395.0,,,,,1130774.0,177497.0,,,,1704014.0,,123706741.0,,,,,,10000.0,,,,,,,,,1333.0,,120757.0,110545.0,,,11192.0,,11538.0,,,,,,,346.0,,11192.0,6345.0,,,,,6345.0,,0.001,26666667.0,8041995.0,8041995.0,8042.0,-242778.0,,5000000.0,,,5000000.0,5000000.0,,,,,,,,,,,,,,,,,,,,,-0.0302,,,,,1339102.0,,,,,,105392.0,,,-242699.0,,,,,,,,,,,,127307.0,127307.0,114752.0,,,,,,,,,,10323073.0,120757.0,10323073.0,,,,,,,,-242699.0,,,,,,115392.0,-115392.0,,,,,,,,,,,,,71377.0,,,,-79.0,,,-79.0,,,,,,,,,,,,,0.001,5000000.0,0.0,0.0,,,104200.0,103998.0,202.0,,,,,,,,,,,,,,10212.0,,,,6923.0,4615.0,,,,,,,,,-135621113.0,,,10000.0,,,2580736.0,,,-10202316.0,,,,,,,,,8041881.0,8041881.0,8041881.0
2016-09-30,2017-04-14,10-Q,NETWORK CN INC.,NWCN,CIK0000934796,USD,5542928.0,,12394.0,,,,,1260175.0,161428.0,,,,1703988.0,,123706741.0,,,,,,0.0,,,,,,,,,,,118063.0,111067.0,,,7900.0,,8077.0,,,,,,,177.0,,7900.0,8182.0,,,,,8182.0,,0.001,26666667.0,8041995.0,8041995.0,8042.0,-230449.0,,-5000000.0,,,5000000.0,5000000.0,,,,,,,,,,,,,,,,,,,,,-0.0287,,,,,1398283.0,,,,,,100852.0,,,-230423.0,,,,,,,,,,,,129571.0,129571.0,116798.0,,,,,,,,,,10550828.0,118063.0,10550828.0,,,,,,,,-230423.0,,,,,,100852.0,-100852.0,,,,,,,,,,,,,87540.0,,,,-26.0,,,-26.0,,,,,,,,,,,,,0.001,5000000.0,0.0,0.0,,,102885.0,102683.0,202.0,,,,,,,,,,,,,,6996.0,,,,3462.0,4615.0,,,,,,,,,-135851536.0,,,,,,2623108.0,,,-10432765.0,,,,,,,,,8041995.0,8041995.0,8041995.0
2016-12-31,2017-04-14,10-K,NETWORK CN INC.,NWCN,CIK0000934796,USD,3118801.0,,9831.0,,,,,1391699.0,166382.0,,13153.0,,1703842.0,,123706741.0,,,20000.0,,,,,,,,,,,,,,111237.0,110341.0,,,,,,,,,,,,,,,8512.0,8512.0,,,,8512.0,1722.0,0.001,26666667.0,8041995.0,8041995.0,8042.0,-938366.0,,,5000000.0,,5000000.0,5000000.0,,,,,,,,,,,,,8577316.0,8577316.0,11901.0,11901.0,,,,,-0.12,0.34,,-207.0,,1461237.0,,,,,,403788.0,,,-938159.0,,,,60196.0,258778.0,-318974.0,,767155.0,,672.0,,514371.0,514371.0,50000.0,,947.0,947.0,,,,,,,10775653.0,111237.0,10775653.0,,137858.0,137858.0,3846.0,3846.0,-139775.0,-139775.0,-938159.0,,,,,1.0,423788.0,-423788.0,,,,,,,,,,,,,89652.0,,,,-207.0,,,-207.0,,,,,,,,,,,,,0.001,5000000.0,0.0,0.0,,,101829.0,101627.0,202.0,,,,,,,,,3846.0,,155462.0,,14049.0,896.0,,,,,,,17604.0,,,,,,,-136083041.0,,,20000.0,,,2656852.0,20000.0,,-10664416.0,,,,,,,,,8041995.0,8041995.0,8041995.0
2017-03-31,2017-05-15,10-Q,NETWORK CN INC.,NWCN,CIK0000934796,USD,6007988.0,,9831.0,,,,,1525362.0,154019.0,,,,1703923.0,,123706741.0,,,,,,10000.0,,,,,,,,,,,133040.0,132272.0,,,,,,,,,,,,,,,,29798.0,,,,29798.0,21286.0,0.001,26666667.0,8041995.0,8041995.0,8042.0,-210532.0,,,5000000.0,,5000000.0,5000000.0,,,,,,,,,,,,,,,128.0,128.0,,,,,-0.0262,,,81.0,,1511121.0,,,,,,77363.0,,,-210613.0,,,,,,,,167527.0,,645.0,,133250.0,133250.0,120922.0,,,,,,,,,,11007988.0,133040.0,11007988.0,,64808.0,64808.0,,,-43603.0,-43603.0,-210613.0,,,,,,77363.0,-77363.0,,,,,,,,,,,,,85996.0,,,,81.0,,,81.0,,,,,,,,,,,,,0.001,5000000.0,0.0,0.0,,,102474.0,102272.0,202.0,,,,,,,,,,,64808.0,,,768.0,,,,,,,,,,,,,,-136293654.0,,,,,,2721659.0,,,-10874948.0,,,,,,,,,8041995.0,8041995.0,8041995.0
2017-06-30,2017-08-14,10-Q,NETWORK CN INC.,NWCN,CIK0000934796,USD,6219788.0,,9831.0,,,,,1660985.0,141068.0,,,,1702838.0,,123706741.0,,,,,,,,,,,,,,,,,111708.0,111068.0,,,,,,,,,,,,,,,6580.0,,,,,6580.0,,0.001,26666667.0,8041995.0,8041995.0,8042.0,-233132.0,,,5000000.0,,5000000.0,5000000.0,,,,,,,,,,,,,,,,,,,,,-0.0289,,,,,1564248.0,,,,,,96424.0,,,-232047.0,,,,,,,,,,,,135623.0,135623.0,123158.0,,,,,,,,,,11219788.0,111708.0,11219788.0,,,,,,,,-232047.0,,,,,,96424.0,-96424.0,,,,,,,,,,,,,89881.0,,,,-1085.0,,,-1085.0,,,,,,,,,,,,,0.001,5000000.0,,,,,104488.0,104286.0,202.0,,,,,,,,,,,,,,640.0,,,,,,,,,,,,,,-136525701.0,,,,,,2753775.0,,,-11108080.0,,,,,,,,,8041995.0,8041995.0,8041995.0
2017-09-30,2017-11-14,10-Q,NETWORK CN INC.,NWCN,CIK0000934796,USD,6446798.0,,9831.0,,,,,1798063.0,141600.0,,,,1702891.0,,123706741.0,,,,,,,,,,,,,,,,,112115.0,109190.0,,,,,,,,,,,,,,,6439.0,,,,,,,0.001,26666667.0,8041995.0,8041995.0,8042.0,-226603.0,,,5000000.0,,5000000.0,5000000.0,,,,,,,,,,,,,,,,,,,,,-0.028,,,,,1618286.0,,,25.0,,,89604.0,,,-226656.0,,,,,,,,,,,,137077.0,137077.0,124473.0,,,,,,,,,,11446798.0,112115.0,11446798.0,,,,,,,,-226656.0,,,,,,89579.0,-89579.0,,,,,,,,,,,,,94410.0,,,,53.0,,,53.0,,,,,,,,,,,,,0.001,5000000.0,,,,,102751.0,102549.0,202.0,,,,,,,,,,,,,,2925.0,,,,,,,,,,,,,,-136752357.0,,,,,,2784608.0,,,-11334683.0,,,,,,,,,8041995.0,8041995.0,8041995.0
2017-12-31,2018-04-16,10-K,NETWORK CN INC.,NWCN,CIK0000934796,USD,3721400.0,,,,,,,1937010.0,44394.0,,4296.0,,1704131.0,,123706741.0,,,,,,,,,,,,,,,,,109748.0,107171.0,,,,,,,,,,,,,,,6124.0,,,,,6124.0,-2388.0,0.001,26666667.0,8041995.0,8041995.0,8042.0,-769671.0,,,5000000.0,,5000000.0,5000000.0,,,,,,,,,,,,,4495007.0,4495007.0,951.0,951.0,,,,,-0.095,0.21,,289.0,,1650355.0,,,25.0,,,272133.0,,,-769960.0,,,,,,,,649669.0,,-782.0,,544898.0,544898.0,50000.0,,,,,,,,,,11543835.0,109748.0,11543835.0,,165584.0,,-2632.0,,-165629.0,,-769960.0,,,47071.0,,,272133.0,-272133.0,,,,,,,,,,,21405000.0,4495000.0,89641.0,,,,289.0,,,289.0,,,,,,,,,,,,2632.0,0.001,5000000.0,,,,,101047.0,100794.0,253.0,,,,,1.0,,,,,,165583.0,,,2577.0,,,,,,,,,,,,,,-136853001.0,,,,,,2822435.0,,,-11434087.0,,,,,,,,,8041995.0,8041995.0,8041995.0
2018-03-31,2018-05-15,10-Q,NETWORK CN INC.,NWCN,CIK0000934796,USD,3849957.0,,33737.0,,,,,2055497.0,53877.0,,,,1704286.0,,123797234.0,,,,,,,,,,,,,,,,,118909.0,116679.0,,,,,,,,,,,,,,,16099.0,,,,,16099.0,9975.0,0.001,26666667.0,8268795.0,8268795.0,8269.0,-242922.0,,,5000000.0,,5000000.0,5000000.0,,,,,,,,,,,,,,,,347.0,,,,,-0.03,,,155.0,,1700255.0,,,,,,98311.0,,,-243077.0,,,,,,,,128557.0,,-467.0,,140446.0,140446.0,,,,,,,,,,,11705198.0,118909.0,11705198.0,,119206.0,,,,-109386.0,,-243077.0,,,,,,102631.0,-102631.0,,,,,,,,,,,,,6591.0,,,,155.0,,,155.0,,,,,,,,,,,,,0.001,5000000.0,,,,,100580.0,100327.0,253.0,,,,86400.0,,,,,,,32806.0,,,2230.0,,,,,,,,,,,,,,-137096078.0,,,4320.0,,,2855241.0,,,-11825430.0,,,,,,,,,8091195.0,8091195.0,8091195.0
2018-06-30,2018-08-14,10-Q,NETWORK CN INC.,NWCN,CIK0000934796,USD,3776626.0,,,,,,,2066536.0,60166.0,,,,1703988.0,,123976199.0,,,,,,,,,,,,,,,,,113395.0,111513.0,,,,,,,,,,,,,,,8293.0,,,,,8293.0,,0.001,26666667.0,8575395.0,8575395.0,8575.0,-128249.0,,,5000000.0,,5000000.0,5000000.0,,,,,,,,,,,,,,,,,,,,,-0.0151,,,,,1641920.0,,,,,,85875.0,,,-127951.0,,,,,,,,,,,,141038.0,141038.0,,,,,,,,,,,11648662.0,113395.0,11648662.0,,,,,,,,-127951.0,,,107500.0,,,94413.0,-94413.0,,,,,,,,,,,,,8004.0,,,,-298.0,,,-298.0,,,,,,,,,,,,,0.001,5000000.0,,,,,103220.0,102967.0,253.0,,,,,,,,,,,,,,1882.0,,,,,,,,,,,,,,-137224029.0,,,8538.0,,,2872036.0,,,-11535267.0,,,,,,,,,8495175.0,8495175.0,8495175.0
2018-09-30,2018-11-14,10-Q,NETWORK CN INC.,NWCN,CIK0000934796,USD,3981708.0,,,,,,,2208850.0,67029.0,,,,1703943.0,,123976199.0,,,,,,,,,,,,,,,,,110993.0,109458.0,,,,,,,,,,,,,,,7954.0,,,,,7954.0,,0.001,26666667.0,8575395.0,8575395.0,8575.0,-223253.0,,,5000000.0,,5000000.0,5000000.0,,,,,,,,,,,,,,4506235.0,,,,,,,-0.026,,,,,1695961.0,,,,,,80896.0,,,-223208.0,,,,,,,,,,,,142312.0,142312.0,,,,,,,,,,,11869513.0,110993.0,11869513.0,,,,,,,,-223208.0,,,,,,80896.0,-80896.0,,,,,,,,,,,,,9868.0,,,,-45.0,,,-45.0,,,,,,,,,,,,,0.001,5000000.0,,,,,101504.0,101251.0,253.0,,,,,,,,,,,,,,1535.0,,,,,,,,,,,,,,-137447237.0,,,,,,2887805.0,,,-11758520.0,,,,,,,,,8575395.0,8575395.0,8575395.0
2018-12-31,2019-04-01,10-K,NETWORK CN INC.,NWCN,CIK0000934796,USD,4033084.0,,,,,,,2220786.0,61839.0,,5557.0,,1703947.0,,124133095.0,,,20337.0,,,,,,,,,,,,,,124254.0,122938.0,,,,,,,,,,,,,,,22684.0,,,,,22684.0,16560.0,0.001,26666667.0,8732263.0,8732263.0,8731.0,-818386.0,,,5000000.0,,5000000.0,5000000.0,,,,,,,,,,,,4506235.0,4513795.0,4513795.0,1261.0,1261.0,,,,,-0.097,0.21,,-184.0,,1737179.0,,,,,,338482.0,,,-818202.0,,,,,,,,419184.0,,-793.0,,566885.0,566885.0,49863.0,,,283105.0,,,,,,,11949684.0,124254.0,11949684.0,,500871.0,,,,-484127.0,,-818202.0,,2.0,107502.0,,,358819.0,-358819.0,,,,,,,,,,,21458262.0,4506235.0,13280.0,,,,-184.0,,,-184.0,,,,,,,,,,,,,0.001,5000000.0,,,,,100254.0,100000.0,254.0,,,,406706.0,,,,,,,94165.0,,,1316.0,,,,,,,,,,,,,,-137671203.0,,,20337.0,,,2916600.0,,,-11825430.0,,,,,,406706.0,,,8442113.0,8442113.0,8442113.0
2019-03-31,2019-05-15,10-Q,NETWORK CN INC.,NWCN,CIK0000934796,USD,4191493.0,,,,,,,2319980.0,82528.0,,,,1704021.0,,124199602.0,,,,,,,,,,,,,,,,,125556.0,124460.0,,,,,,,,,,,,,,,24460.0,,,,,24460.0,1776.0,0.001,26666667.0,8769013.0,8769013.0,8768.0,-223651.0,,,5000000.0,,5000000.0,5000000.0,,,,,,,,,,,,,,,,220.0,,,,,-0.03,,,74.0,,1777820.0,,,,,,76984.0,,,-223725.0,,,,,,,,158409.0,,-254.0,,143575.0,143575.0,,,,44387.0,,,,,,,12108093.0,125556.0,12108093.0,,63375.0,,,,-61673.0,,-223725.0,,3.0,3.0,,,80153.0,-80153.0,,,,,,,,,,,,,11165.0,,,,74.0,,,74.0,,,,,,,,,,,,,0.001,5000000.0,,,,,100000.0,100000.0,,,,,63375.0,,,,,,,,,,1096.0,,,,,,,,,,,128205.0,,,-137894928.0,,,3169.0,,,2916600.0,,,-11982537.0,,,,,,,,,8733896.0,8733896.0,8733896.0
2019-06-30,2019-08-14,10-Q,NETWORK CN INC.,NWCN,CIK0000934796,USD,4403523.0,,,5897.0,,,,2463967.0,91662.0,,,,1703722.0,,124199602.0,,,,,,,,,,0.0,,,,,,,111712.0,110835.0,,,,,,,,,,,,,,,8335.0,,,,,8335.0,,0.001,26666667.0,8769013.0,8769013.0,8768.0,-225874.0,,,5000000.0,,5000000.0,5000000.0,,,,,,,,,,,,,,,,,,,,,-0.0257,,,,,1828204.0,,,,,,81588.0,,,-225575.0,,,,,,,,,,,,143987.0,143987.0,,,,,,,,,,,12320123.0,111712.0,12320123.0,,,,,,,,-225575.0,,,,,,81588.0,-81588.0,,,,,,,,,,,,,13793.0,,,,-299.0,,,-299.0,,,,,,,,,,,,,0.001,5000000.0,,,,,102500.0,102500.0,,,,,,,,,,,,,,,877.0,,,,,,,,,,,,,,-138120503.0,,,,,,2916600.0,,,-12208411.0,,,,,,,,,8769013.0,8769013.0,8769013.0
2019-09-30,2019-11-14,10-Q,NETWORK CN INC.,NWCN,CIK0000934796,USD,4597295.0,,,2732.0,,,,2608609.0,101449.0,,,,1703895.0,,124209441.0,,,,,,,,,,0.0,,,,,,,107686.0,107028.0,,,,,,,,,,,,,,,5778.0,,,,,5778.0,,0.001,26666667.0,8774263.0,8774263.0,8773.0,-223796.0,,,5000000.0,,5000000.0,5000000.0,,,,,,,,,,,,4536883.0,,-4536883.0,,,,,,,-0.0255,,,,,1866494.0,,,,,,78856.0,,,-223969.0,,,,,,,,,,,,144644.0,144644.0,,,,,,,,,,,12530049.0,107686.0,12530049.0,,,,,,,,-223969.0,,,,,,79325.0,-79325.0,,,,,,,,,,,21604203.0,,18011.0,,,,173.0,,,173.0,,,,,,,,,,,,,0.001,5000000.0,,,,,101250.0,101250.0,,,,,,,,,,,,,,,658.0,,,,,,,,,,,,,,-138344472.0,,,469.0,,,2932754.0,,,-12422363.0,,,,,,,,,8771638.0,8771638.0,8771638.0
2019-12-31,2020-03-30,10-K,NETWORK CN INC.,NWCN,CIK0000934796,USD,4796955.0,,,809.0,,,,2752993.0,95737.0,,6435.0,,1703918.0,,124209441.0,,,3638.0,,,,,,,,,,,,,,105948.0,105510.0,,,,,,,,,,,,,,,5510.0,,,5510.0,,5510.0,-17174.0,0.001,26666667.0,8774263.0,8774263.0,8773.0,-893730.0,5000000.0,5000000.0,,,5000000.0,5000000.0,,,,,,,,,,,0.0,4549144.0,4549144.0,4549144.0,878.0,878.0,,,,,-0.102,0.21,,-29.0,,1916879.0,,,,,,313476.0,,,-893701.0,,,,,,,,763871.0,,-254.0,,576590.0,576590.0,50000.0,,,44387.0,,,,,,,12748720.0,105948.0,12748720.0,,107915.0,,,,-125060.0,,-893701.0,,3.0,3.0,,,317114.0,-317114.0,,,,,,,,,,,21662592.0,4549144.0,30537.0,,,,-29.0,,,-29.0,,,,,,,,,,,,,0.001,5000000.0,0.0,0.0,,,100000.0,100000.0,,,,,72750.0,,,,,,,35165.0,,,438.0,,,,,,,,,,,,,,-138564904.0,,,3638.0,,,2951765.0,,,-12642772.0,,,,,,72750.0,,35349.0,8762339.0,8762339.0,8762339.0
2020-03-31,2020-05-14,10-Q,NETWORK CN INC.,NWCN,CIK0000934796,USD,3985200.0,,,533.0,,,,2279519.0,64122.0,,,,1703770.0,,124209441.0,,,,,,,,,,386772.0,,,,,,,105710.0,105491.0,,,,,,,,,,,,,,,5491.0,,,5491.0,-19.0,5491.0,-19.0,0.001,26666667.0,8774263.0,8774263.0,8773.0,166517.0,5645000.0,5000000.0,645000.0,645000.0,5645000.0,5000000.0,,,,,,,,,,,0.0,4540821.0,,4540821.0,,219.0,,,,,0.02,,,-148.0,-148.0,1608966.0,,,,,,77204.0,,,166665.0,,,,,,,,-424983.0,,,,142903.0,142903.0,,,,615000.0,,,,,,,12581965.0,105710.0,11936965.0,645000.0,645000.0,,,,-644871.0,,166665.0,,,386772.0,,,77204.0,-77204.0,,,,,,,,,,,21622955.0,4540821.0,32060.0,,,,-148.0,,,-148.0,,,,,,,,,,,,,0.001,5000000.0,,,,,100000.0,100000.0,,645000.0,,,,,,,,,,645000.0,,,219.0,,,,,,,,,,,2823560.0,,,-138398239.0,,,,,,2951765.0,,,-12476255.0,,,,,,,,-8323.0,8774263.0,8774263.0,8774263.0
2020-06-30,2020-08-14,10-Q,NETWORK CN INC.,NWCN,CIK0000934796,USD,4149024.0,,,782.0,,,,2407668.0,59195.0,,,,1703916.0,,124209441.0,,,,,,,,,,0.0,,,,,,,105624.0,105624.0,,,,,,,,,,,,,,,5624.0,,,5624.0,,5624.0,,0.001,26666667.0,8774263.0,8774263.0,8773.0,-185356.0,5645000.0,5000000.0,645000.0,645000.0,5645000.0,5000000.0,,,,,,,,,,,,4546128.0,,4546128.0,,,,,,,-0.0211,,,,,1643454.0,,,,,,55745.0,,,-185502.0,,,,,,,,,,,,129757.0,129757.0,,,,,,,,,,,12767235.0,105624.0,12122235.0,645000.0,,,,,,,-185502.0,,,,,,55745.0,-55745.0,,,,,3384695.0,217937.0,892375.0,51121.0,,,21648230.0,4546128.0,37925.0,,,,146.0,,,146.0,,,,,,,,,,,,,0.001,5000000.0,0.0,0.0,,,100000.0,100000.0,,,,,,,,,,,,,,,,,,,,,,,,,,,,,-138583741.0,,,,,,2973211.0,,,-12661611.0,,,,,,,,,8774263.0,8774263.0,8774263.0
2020-09-30,2020-11-16,10-Q,NETWORK CN INC.,NWCN,CIK0000934796,USD,4359575.0,,,36691.0,,,,2536015.0,38657.0,,,,1703981.0,,124209441.0,,,,,,,,,,7750.0,,,,,,,105710.0,105710.0,,,,,,,,,,,,,,,5710.0,,,5710.0,,5710.0,,0.001,26666667.0,8774263.0,8774263.0,8773.0,-210465.0,5645000.0,5000000.0,645000.0,645000.0,5645000.0,5000000.0,,,,,,,,,,,,4550014.0,,4550014.0,,,,,,,-0.024,,,,,1706658.0,,,,,,88309.0,,,-210530.0,,,,,,,,,,,,129971.0,129971.0,,,,,,,,,,,12977786.0,105710.0,12332786.0,645000.0,,,,,,,-210530.0,,,7750.0,,,88309.0,-88309.0,,,,,3384695.0,217937.0,892375.0,55007.0,,,21666736.0,4550014.0,41554.0,,,,65.0,,,65.0,,,,,,,,,,,,,0.001,5000000.0,0.0,0.0,,,100000.0,100000.0,,,,,,,,,,,,,,,,,,,,,,,,,,,,,-138794271.0,,,,,,2973211.0,,,-12872076.0,,,,,,,,,8774263.0,8774263.0,8774263.0
2020-12-31,2021-03-30,10-K,NETWORK CN INC.,NWCN,CIK0000934796,USD,4261650.0,,,52650.0,,,,2370872.0,47266.0,,3229.0,,1704239.0,,124209441.0,,,,,,,,,,394522.0,,,,,,,106566.0,105967.0,,,,,,,,,,,,,,,5967.0,,,5967.0,,5967.0,457.0,0.001,26666667.0,8774263.0,8774263.0,8773.0,4869477.0,645000.0,,645000.0,645000.0,645000.0,,,,,,,,,,,,,3443596.0,,3443596.0,456.0,456.0,,,,,0.555,,,321.0,,1749401.0,,,,5299726.0,,292490.0,,,4869156.0,,,,,,,,158943.0,,,,532603.0,532603.0,18567.0,,,615000.0,,,,,,,7879861.0,106566.0,7234861.0,645000.0,666446.0,,-617.0,,-665693.0,,4869156.0,,1.0,5694249.0,,,292490.0,-292490.0,,,,,2279147.0,217937.0,892375.0,54137.0,,,16398074.0,3443596.0,41461.0,,,,321.0,,,321.0,,,,,,,,,,,,617.0,0.001,5000000.0,0.0,0.0,,,100000.0,100000.0,,645000.0,,645000.0,,,,,,,,21446.0,,,599.0,,,,,,,,,,,128205.0,,,-133695748.0,,,,,,2973211.0,,,-7773295.0,,,,,,,,-1105548.0,8774263.0,8774263.0,8774263.0
2021-03-31,2021-05-14,10-Q,NETWORK CN INC.,NWCN,CIK0000934796,USD,4457354.0,,,71415.0,,,,2500826.0,43367.0,,,,1704222.0,,124209441.0,,,,,,,,,,,,,,,,,106620.0,106073.0,,,,,,,,,,,,,,,6073.0,,,6073.0,106.0,,,0.001,26666667.0,8774263.0,8774263.0,8773.0,-195650.0,645000.0,,645000.0,645000.0,645000.0,,,,,,,,,,,,,3448559.0,,3448559.0,,52.0,,,,,-0.02,,,,-17.0,1796863.0,,,,,,65680.0,,,-195633.0,,,,,,,,195704.0,,,,129953.0,129953.0,,,,,,,,,,,8075565.0,106620.0,7430565.0,645000.0,,,,,123.0,,-195633.0,,,,,,65680.0,-65680.0,,,,,2279147.0,217937.0,892375.0,59100.0,,,16421705.0,3448559.0,44883.0,,,,-17.0,,,-17.0,,,,,,,,,,,,,0.001,5000000.0,0.0,0.0,,,100000.0,100000.0,,,,,,,,,,,,,,,547.0,,,,,,,,,,,,,,-133891381.0,,,,,,2973211.0,,,-7968945.0,,,,,,,,4963.0,8774263.0,8774263.0,8774263.0
2021-06-30,2021-08-16,10-Q,NETWORK CN INC.,NWCN,CIK0000934796,USD,4658619.0,,,91317.0,,,,2630779.0,42411.0,,,,1704427.0,,124209441.0,,,,,,,,,,,,,,,,,106659.0,106163.0,,,,,,,,,,,,,,,6163.0,,,6163.0,,,,0.001,26666667.0,8774263.0,8774263.0,8773.0,-201226.0,645000.0,,645000.0,645000.0,645000.0,,,,,,,,,,,,,3453871.0,,3453871.0,,,,,,,-0.023,,,,,1844324.0,,,,,,71477.0,,,-201431.0,,,,,,,,,,,,129954.0,129954.0,,,,,,,,,,,8276830.0,106659.0,7631830.0,645000.0,,,,,,,-201431.0,,,,,,71477.0,-71477.0,,,,,2279147.0,217937.0,892375.0,64412.0,,,16447000.0,3453871.0,49788.0,,,,205.0,,,205.0,,,,,,,,,,,,,0.001,5000000.0,0.0,0.0,,,100000.0,100000.0,,,,,,,,,,,,,,,496.0,,,,,,,,,,,,,,-134092812.0,,,,,,2973211.0,,,-8170171.0,,,,,,,,,8774263.0,8774263.0,8774263.0
2021-09-30,2021-11-12,10-Q,NETWORK CN INC.,NWCN,CIK0000934796,USD,4861411.0,,,421711.0,,,,2485351.0,50325.0,,,,1704487.0,,124209441.0,,,,,,,,,,,,,,,,,106838.0,106393.0,,,,,,,,,,,,,,,6393.0,,,6393.0,,,,0.001,26666667.0,8774263.0,8774263.0,8773.0,-202613.0,645000.0,,645000.0,645000.0,645000.0,,,,,,,,,,,,,3460184.0,,3460184.0,,,,,,,-0.0231,,,,,1891786.0,,,,,,72702.0,,,-202673.0,,,,,,,,,,,,129971.0,129971.0,,,,,,,2279147.0,70725.0,217937.0,892375.0,8479622.0,106838.0,7834622.0,645000.0,,,,,,,-202673.0,,,,,,72702.0,-72702.0,,,,,,,,,,,16477058.0,3460184.0,12238.0,,,,60.0,,,60.0,,,,,,,,,,,,,0.001,5000000.0,,,,,100000.0,100000.0,,,,,,,,,,,,,,,445.0,,,,,,,,,,,,,,-134295485.0,,,,,,2973211.0,,,-8372784.0,,,,,,,,,8774263.0,8774263.0,8774263.0
