end,filed,form,Name,Ticker,CIK,Currency,AccountsPayableCurrent,AccountsPayableOtherCurrentAndNoncurrent,AccountsReceivableGrossCurrent,AccountsReceivableNetCurrent,AccruedIncomeTaxesCurrent,AccruedLiabilitiesCurrent,AccruedRoyaltiesCurrent,AccumulatedDepreciationDepletionAndAmortizationPropertyPlantAndEquipment,AdditionalPaidInCapitalCommonStock,AdjustmentsToAdditionalPaidInCapitalSharebasedCompensationOtherLongtermIncentivePlansRequisiteServicePeriodRecognition,AdjustmentsToAdditionalPaidInCapitalSharebasedCompensationRequisiteServicePeriodRecognitionValue,AdjustmentsToReconcileNetIncomeLossToCashProvidedByUsedInOperatingActivities,AdvertisingExpense,AllocatedShareBasedCompensationExpense,AllowanceForDoubtfulAccountsPremiumsAndOtherReceivables,AllowanceForDoubtfulAccountsReceivable,AllowanceForDoubtfulAccountsReceivableCurrent,AllowanceForDoubtfulOtherReceivablesCurrent,AntidilutiveSecuritiesExcludedFromComputationOfEarningsPerShareAmount,AreaOfLand,AreaOfRealEstateProperty,AssetImpairmentCharges,Assets,AssetsCurrent,AssetsHeldForSaleNotPartOfDisposalGroup,CapitalExpendituresIncurredButNotYetPaid,CashAndCashEquivalentsAtCarryingValue,CashAndCashEquivalentsPeriodIncreaseDecrease,CashCashEquivalentsRestrictedCashAndRestrictedCashEquivalentsPeriodIncreaseDecreaseExcludingExchangeRateEffect,CashFDICInsuredAmount,CommitmentsAndContingencies,CommonStockDividendsPerShareCashPaid,CommonStockDividendsPerShareDeclared,CommonStockholdersEquity,CommonStockParOrStatedValuePerShare,CommonStockSharesAuthorized,CommonStockSharesIssued,CommonStockSharesOutstanding,CommonStockValue,ConcentrationRiskPercentage1,CostMethodInvestments,CostOfGoodsAndServicesSold,CostOfGoodsSold,CurrentFederalTaxExpenseBenefit,CurrentIncomeTaxExpenseBenefit,CurrentStateAndLocalTaxExpenseBenefit,DebtInstrumentFaceAmount,DebtInstrumentInterestRateStatedPercentageRateRangeMaximum,DebtInstrumentUnamortizedDiscount,DeferredFederalIncomeTaxExpenseBenefit,DeferredIncomeTaxExpenseBenefit,DeferredIncomeTaxesAndTaxCredits,DeferredIncomeTaxLiabilities,DeferredIncomeTaxLiabilitiesNet,DeferredRevenueAdditions,DeferredRevenueCurrent,DeferredStateAndLocalIncomeTaxExpenseBenefit,DeferredTaxAssetsCapitalLossCarryforwards,DeferredTaxAssetsGross,DeferredTaxAssetsGrossCurrent,DeferredTaxAssetsGrossNoncurrent,DeferredTaxAssetsInventory,DeferredTaxAssetsLiabilitiesNet,DeferredTaxAssetsLiabilitiesNetCurrent,DeferredTaxAssetsLiabilitiesNetNoncurrent,DeferredTaxAssetsNet,DeferredTaxAssetsNetCurrent,DeferredTaxAssetsNetNoncurrent,DeferredTaxAssetsTaxDeferredExpenseReservesAndAccruals,DeferredTaxAssetsTaxDeferredExpenseReservesAndAccrualsAllowanceForDoubtfulAccounts,DeferredTaxAssetsTaxDeferredExpenseReservesAndAccrualsReturnsAndAllowances,DeferredTaxAssetsValuationAllowance,DeferredTaxAssetsValuationAllowanceNoncurrent,DeferredTaxLiabilities,DeferredTaxLiabilitiesGrossCurrent,DeferredTaxLiabilitiesGrossNoncurrent,DeferredTaxLiabilitiesNoncurrent,DeferredTaxLiabilitiesPropertyPlantAndEquipment,DepreciationDepletionAndAmortization,Dividends,DividendsAndInterestPaid,DividendsCommonStock,DividendsCommonStockCash,DividendsPayableCurrent,DividendsStock,EarningsPerShareBasic,EarningsPerShareBasicAndDiluted,EarningsPerShareDiluted,EffectiveIncomeTaxRateContinuingOperations,EffectiveIncomeTaxRateReconciliationAtFederalStatutoryIncomeTaxRate,EffectiveIncomeTaxRateReconciliationNondeductibleExpenseOther,EffectiveIncomeTaxRateReconciliationStateAndLocalIncomeTaxes,EmployeeRelatedLiabilitiesCurrent,EmployeeServiceShareBasedCompensationNonvestedAwardsTotalCompensationCostNotYetRecognized,EquityMethodInvestmentOtherThanTemporaryImpairment,FreightCosts,GeneralAndAdministrativeExpense,GrossProfit,ImpairmentOfIntangibleAssetsFinitelived,ImpairmentOfInvestments,IncomeLossFromContinuingOperationsBeforeIncomeTaxesExtraordinaryItemsNoncontrollingInterest,IncomeLossFromContinuingOperationsBeforeIncomeTaxesMinorityInterestAndIncomeLossFromEquityMethodInvestments,IncomeTaxExpenseBenefit,IncomeTaxesPaid,IncomeTaxesPaidNet,IncomeTaxesReceivable,IncomeTaxReconciliationChangeInDeferredTaxAssetsValuationAllowance,IncomeTaxReconciliationIncomeTaxExpenseBenefitAtFederalStatutoryIncomeTaxRate,IncomeTaxReconciliationOtherReconcilingItems,IncomeTaxReconciliationStateAndLocalIncomeTaxes,IncreaseDecreaseInAccountsAndOtherReceivables,IncreaseDecreaseInAccountsPayable,IncreaseDecreaseInAccountsPayableAndAccruedLiabilities,IncreaseDecreaseInAccountsReceivable,IncreaseDecreaseInAccruedIncomeTaxesPayable,IncreaseDecreaseInAccruedLiabilities,IncreaseDecreaseInDeferredIncomeTaxes,IncreaseDecreaseInDeferredRevenue,IncreaseDecreaseInIncomeTaxesPayableNetOfIncomeTaxesReceivable,IncreaseDecreaseInInventories,IncreaseDecreaseInOtherAccountsPayableAndAccruedLiabilities,IncreaseDecreaseInOtherOperatingCapitalNet,IncreaseDecreaseInPrepaidDeferredExpenseAndOtherAssets,IncrementalCommonSharesAttributableToCallOptionsAndWarrants,IncrementalCommonSharesAttributableToShareBasedPaymentArrangements,IncurredClaimsPropertyCasualtyAndLiability,InterestExpense,InterestPaid,InterestPaidNet,InterestPayableCurrent,InventoryAdjustments,InventoryGross,InventoryNet,InventoryNoncurrent,InventoryValuationReserves,InvestmentsInAffiliatesSubsidiariesAssociatesAndJointVentures,LeaseAndRentalExpense,LesseeOperatingLeaseDiscountRate,LesseeOperatingLeaseLiabilityPaymentsDue,LesseeOperatingLeaseLiabilityPaymentsDueNextTwelveMonths,LesseeOperatingLeaseLiabilityPaymentsDueYearFive,LesseeOperatingLeaseLiabilityPaymentsDueYearFour,LesseeOperatingLeaseLiabilityPaymentsDueYearThree,LesseeOperatingLeaseLiabilityPaymentsDueYearTwo,LesseeOperatingLeaseLiabilityPaymentsRemainderOfFiscalYear,LesseeOperatingLeaseLiabilityUndiscountedExcessAmount,LessorOperatingLeasePaymentsToBeReceived,LessorOperatingLeasePaymentsToBeReceivedFiveYears,LessorOperatingLeasePaymentsToBeReceivedFourYears,LessorOperatingLeasePaymentsToBeReceivedNextTwelveMonths,LessorOperatingLeasePaymentsToBeReceivedRemainderOfFiscalYear,LessorOperatingLeasePaymentsToBeReceivedThereafter,LessorOperatingLeasePaymentsToBeReceivedThreeYears,LessorOperatingLeasePaymentsToBeReceivedTwoYears,LettersOfCreditOutstandingAmount,Liabilities,LiabilitiesAndStockholdersEquity,LiabilitiesCurrent,LineOfCredit,LineOfCreditFacilityAmountOutstanding,LineOfCreditFacilityInterestRateAtPeriodEnd,LineOfCreditFacilityMaximumBorrowingCapacity,LineOfCreditFacilityRemainingBorrowingCapacity,LinesOfCreditCurrent,LinesOfCreditFairValueDisclosure,LoansPayable,LongTermDebt,LongTermDebtCurrent,LongTermDebtMaturitiesRepaymentsOfPrincipalAfterYearFive,LongTermDebtMaturitiesRepaymentsOfPrincipalInNextTwelveMonths,LongTermDebtMaturitiesRepaymentsOfPrincipalInYearFive,LongTermDebtMaturitiesRepaymentsOfPrincipalInYearFour,LongTermDebtMaturitiesRepaymentsOfPrincipalInYearThree,LongTermDebtMaturitiesRepaymentsOfPrincipalInYearTwo,LongTermDebtMaturitiesRepaymentsOfPrincipalRemainderOfFiscalYear,LongTermDebtNoncurrent,NetCashProvidedByUsedInFinancingActivities,NetCashProvidedByUsedInInvestingActivities,NetCashProvidedByUsedInOperatingActivities,NetIncomeLoss,NetIncomeLossAvailableToCommonStockholdersBasic,NonoperatingIncomeExpense,NotesPayable,NumberOfReportableSegments,OperatingExpenses,OperatingLeaseCost,OperatingLeaseLiability,OperatingLeaseLiabilityCurrent,OperatingLeaseLiabilityNoncurrent,OperatingLeasePayments,OperatingLeaseRightOfUseAsset,OperatingLeasesFutureMinimumPaymentsDue,OperatingLeasesFutureMinimumPaymentsDueInFiveYears,OperatingLeasesFutureMinimumPaymentsDueInFourYears,OperatingLeasesFutureMinimumPaymentsDueInThreeYears,OperatingLeasesFutureMinimumPaymentsDueInTwoYears,OperatingLeasesFutureMinimumPaymentsDueThereafter,OperatingLeasesFutureMinimumPaymentsNextRollingTwelveMonths,OperatingLeasesIncomeStatementMinimumLeaseRevenue,OperatingLeaseWeightedAverageDiscountRatePercent,OtherAccruedLiabilitiesCurrent,OtherAssetsNoncurrent,OtherIncome,OtherInventoryInTransit,OtherInventoryMaterialsSuppliesAndMerchandiseUnderConsignment,OtherInventoryNoncurrent,OtherLiabilitiesCurrent,OtherLiabilitiesNoncurrent,OtherNonoperatingIncome,OtherNonoperatingIncomeExpense,OtherPrepaidExpenseCurrent,OtherSellingGeneralAndAdministrativeExpense,PaymentsForProceedsFromOtherInvestingActivities,PaymentsForPurchaseOfOtherAssets1,PaymentsForRepurchaseOfCommonStock,PaymentsForRepurchaseOfEquity,PaymentsForRepurchaseOfOtherEquity,PaymentsOfDividends,PaymentsToAcquireInterestInJointVenture,PaymentsToAcquirePropertyPlantAndEquipment,PrepaidExpenseAndOtherAssetsCurrent,ProceedsFromCollectionOfNotesReceivable,ProceedsFromCollectionOfOtherReceivables,ProceedsFromIssuanceOfCommonStock,ProceedsFromIssuanceOfDebt,ProceedsFromIssuanceOfLongTermDebt,ProceedsFromLinesOfCredit,ProceedsFromRepaymentsOfLinesOfCredit,ProceedsFromSaleOfTreasuryStock,ProceedsFromStockOptionsExercised,PropertyPlantAndEquipmentAdditions,PropertyPlantAndEquipmentGross,PropertyPlantAndEquipmentNet,PropertyPlantAndEquipmentSalvageValue,PropertySubjectToOrAvailableForOperatingLeaseAccumulatedDepreciation,PropertySubjectToOrAvailableForOperatingLeaseNet,ProvisionForDoubtfulAccounts,ProvisionForOtherLosses,PurchaseObligation,PurchaseObligationDueInNextTwelveMonths,PurchaseObligationFutureMinimumPaymentsRemainderOfFiscalYear,RepaymentsOfLinesOfCredit,RepaymentsOfLongTermDebt,RepaymentsOfNotesPayable,RetainedEarningsAccumulatedDeficit,RevenueRecognitionSalesReturnsReserveForSalesReturns,Revenues,SalesCommissionsAndFees,SalesReturnsAndAllowancesGoods,SalesRevenueGoodsGross,SalesRevenueGoodsNetPercentage,SalesRevenueNet,SellingGeneralAndAdministrativeExpense,ShareBasedCompensation,ShareBasedCompensationArrangementByShareBasedPaymentAwardEquityInstrumentsOtherThanOptionsForfeitedInPeriod,ShareBasedCompensationArrangementByShareBasedPaymentAwardEquityInstrumentsOtherThanOptionsForfeituresWeightedAverageGrantDateFairValue,ShareBasedCompensationArrangementByShareBasedPaymentAwardEquityInstrumentsOtherThanOptionsGrantsInPeriod,ShareBasedCompensationArrangementByShareBasedPaymentAwardEquityInstrumentsOtherThanOptionsGrantsInPeriodWeightedAverageGrantDateFairValue,ShareBasedCompensationArrangementByShareBasedPaymentAwardEquityInstrumentsOtherThanOptionsVestedInPeriod,ShareBasedCompensationArrangementByShareBasedPaymentAwardEquityInstrumentsOtherThanOptionsVestedInPeriodWeightedAverageGrantDateFairValue,ShareBasedCompensationArrangementByShareBasedPaymentAwardNonOptionEquityInstrumentsGranted,ShareBasedCompensationArrangementByShareBasedPaymentAwardNonOptionEquityInstrumentsOutstandingNumber,ShareBasedCompensationArrangementByShareBasedPaymentAwardOptionsExpirationsInPeriod,ShareBasedCompensationArrangementByShareBasedPaymentAwardOptionsForfeituresAndExpirationsInPeriod,ShareBasedCompensationArrangementByShareBasedPaymentAwardOptionsForfeituresAndExpirationsInPeriodWeightedAverageExercisePrice,ShareBasedCompensationArrangementByShareBasedPaymentAwardOptionsGrantsInPeriodWeightedAverageGrantDateFairValue,ShareBasedCompensationArrangementByShareBasedPaymentAwardOptionsOutstandingNumber,ShareBasedCompensationArrangementByShareBasedPaymentAwardOptionsOutstandingWeightedAverageExercisePrice,ShareBasedCompensationArrangementsByShareBasedPaymentAwardOptionsExercisesInPeriodWeightedAverageExercisePrice,ShareBasedCompensationArrangementsByShareBasedPaymentAwardOptionsExpirationsInPeriodWeightedAverageExercisePrice,SharebasedCompensationArrangementBySharebasedPaymentAwardOptionsNonvestedOptionsForfeitedWeightedAverageGrantDateFairValue,SharebasedCompensationArrangementBySharebasedPaymentAwardOptionsNonvestedWeightedAverageGrantDateFairValue,SharebasedCompensationArrangementBySharebasedPaymentAwardOptionsVestedWeightedAverageGrantDateFairValue,ShippingAndHandlingRevenue,ShippingHandlingAndTransportationCosts,StockholdersEquity,StockholdersEquityBeforeTreasuryStock,StockIssuedDuringPeriodSharesStockOptionsExercised,StockIssuedDuringPeriodValueStockOptionsExercised,StockIssuedDuringPeriodValueTreasuryStockReissued,StockRepurchasedDuringPeriodShares,StockRepurchasedDuringPeriodValue,StockRepurchaseProgramNumberOfSharesAuthorizedToBeRepurchased,StockRepurchaseProgramRemainingNumberOfSharesAuthorizedToBeRepurchased,TaxesPayableCurrent,TreasuryStockAcquiredAverageCostPerShare,TreasuryStockSharesAcquired,TreasuryStockValue,TreasuryStockValueAcquiredCostMethod,WeightedAverageNumberOfDilutedSharesOutstanding,WeightedAverageNumberOfShareOutstandingBasicAndDiluted,WeightedAverageNumberOfSharesOutstandingBasic,DeferredFinanceCostsNoncurrentNet,DeferredIncomeTaxAssetsNet
2010-02-28,2010-05-28,10-K,EDUCATIONAL DEVELOPMENT CORPORATION,EDUC,CIK0000031667,USD,,,,,,,,,,,,,,,,,,,,,,,,,,,1196900.0,,,,,,,,,,,,,,,,,,,,,,,,,,,,,,,,,,,,,,,,,,,,,,,,,,,,,,,,,,,,,,,,,,,,,,,,,,,,,,,,,,,,,,,,,,,,,,,,,,,,,,,,,,,,,,,,,,,,,,,,,,,,,,,,,,,,,,,,,,,,,,,,,,,,,,,,,,,,,,,,,,,,,,,,,,,,,,,,,,,,,,,,,,,,,,,,,,,,,,,,,,,,,,,,,,,,,,,,,,,,,,,,,,,,,,,,,,,,,,,,,,,,,,,,,15422100.0,,,,,,,,,,,,,,,,,,
2010-08-31,2010-10-15,10-Q,EDUCATIONAL DEVELOPMENT CORPORATION,EDUC,CIK0000031667,USD,,,,,,,,,,,,,,,,,,,,,,,,,,,1702200.0,,,,,,,,,,,,,,,,2363200.0,,,,,,,,,,,,,,,,,,,,,,,,,,,,,,,,,,,,,,,,,,,0.05,,0.05,,,,,,,,,517000.0,3387200.0,,,,303100.0,112900.0,,,,,,,,,,,,,,,,,,,,,,,,,,,,,,,,,,,,,,,,,,,,,,,,,,,,,,,,,,,,,,,,,,,,,,,,,,,,,190200.0,,,,,3121100.0,,,,,,,,,,,,,,,,,,,,,,,,37000.0,,,1605400.0,,,,,,,,,,,,,,,,,,,,,,,,,,,,,,,,,,,,998700.0,3616800.0,9112200.0,,5750400.0,,,,,,,,,,,,,,,,,,,,,,255000.0,,,,,,,,,,,,,,,,3883505.0,,3882593.0,,
2010-11-30,2011-01-14,10-Q,EDUCATIONAL DEVELOPMENT CORPORATION,EDUC,CIK0000031667,USD,,,,,,,,,,,,,,,,,,,,,,,,,,,3757100.0,,,,,,,,,,,,,,,,3478600.0,,,,,,,,,,,,,,,,,,,,,,,,,,,,,,,,,,,,,,,,,,,0.2,,0.2,,,,,,,,,472000.0,6006000.0,,,,1248300.0,471400.0,,,,,,,,,,,,,,,,,,,,,,,,,,,,,,,,,,,,,,,,,,,,,,,,,,,,,,,,,,,,,,,,,,,,,,,,,,,,,776900.0,,,,,4766300.0,,,,,,,,,,,,,,,,,,,,,,,,8600.0,,,,,,,,,,,,,,,,,,,,,,,,,,,,,,,,,,,,,,,2165500.0,4234400.0,13227000.0,,9484600.0,2128800.0,,,,,,,,,,,,,,,,,,,,,492000.0,,,,,,,,,,,,,,,,3893301.0,,3891065.0,,
2011-02-28,2011-05-27,10-K,EDUCATIONAL DEVELOPMENT CORPORATION,EDUC,CIK0000031667,USD,2407900.0,,,3076300.0,23800.0,,,,8548000.0,,,,,,,,562800.0,,,,,,18705000.0,15757800.0,,,1988200.0,791300.0,,,0.0,,,26331300.0,0.2,8000000.0,6041040.0,3905898.0,1208200.0,,,,10284700.0,,,,,,,,,105700.0,,,,,,,,,,,,,,,367700.0,55300.0,,,,,,,,,,,-124700.0,,,-468700.0,,468700.0,-1516100.0,0.3,,0.3,,,,,398700.0,,,,2380600.0,16958500.0,,,,1870200.0,702000.0,,742700.0,,,,,,,,,-1390400.0,-31800.0,,,,,1341200.0,-157100.0,1647200.0,-131100.0,,,188500.0,,,,,,,10010100.0,593000.0,,,,,,,,,,,,,,,,,,,,,,,18705000.0,4046500.0,,,,,,,,,,75000.0,,,,,,,,,-2004500.0,-19600.0,2815400.0,1168200.0,,,,,15214900.0,,,,,,,,,,,,,,,,,256500.0,,,,,672400.0,,126600.0,,,,,,,,191000.0,1982500.0,,19600.0,315500.0,,,,,,,,239600.0,4400.0,,,2042400.0,,,,-1619600.0,,,,,,,75000.0,16575100.0,,,5568600.0,13657600.0,39630700.0,,27243200.0,7077200.0,,,,,,,,,,,,,,,,,,,,,1270100.0,,14658500.0,,,4400.0,239600.0,,,,,,,,11672800.0,-191000.0,3890384.0,,3887895.0,,
2011-05-31,2011-07-14,10-Q,EDUCATIONAL DEVELOPMENT CORPORATION,EDUC,CIK0000031667,USD,,,,,,,,,,,,,,,,,,,,,,,,,,,1843900.0,-144300.0,,,,0.12,,,,,,,,,,,2440400.0,,,,,,,,,,,,,,,,,,,,,,,,,,,,,,,,,,,,,,,,,,,0.08,,0.08,,,,,,,,,478400.0,3824000.0,,,,480700.0,180500.0,,81000.0,,,,,,,,,,,,,,,,,,,,,,,,,,,,,,,,,,,,,,,,,,,,,,,,,,,,,,,,,,,,,,,,,,,,,,,,-571300.0,,427000.0,300200.0,,,,,3348700.0,,,,,,,,,,,,,,,,,,,,,,,,5400.0,,,,,,,,154200.0,468700.0,,,,,,,,,,,51600.0,,,,,,,,,,,,,,,,,,,1224500.0,3265300.0,9303900.0,,6264400.0,1645800.0,,,,,,,,,,,,,,,,,,,,,225800.0,,,,,,,,,,,,,,,,3899026.0,,3897129.0,,
2011-08-31,2011-10-17,10-Q,EDUCATIONAL DEVELOPMENT CORPORATION,EDUC,CIK0000031667,USD,2517300.0,,,3337900.0,,,,,8548000.0,,,,,,,,544700.0,,,,,,18038000.0,15175300.0,,,932000.0,,,,0.0,0.12,,,0.2,8000000.0,6041040.0,3888971.0,1208200.0,,,,2400400.0,,,,,,,,,,,,,,,,,,,,,,,,377400.0,60600.0,,,,,,,,,,,,,,,,466700.0,,0.03,,0.03,,,,,359500.0,,,500100.0,511800.0,3036700.0,,,,200100.0,73900.0,,,52700.0,,,,,,,,,,,,,,,,,,417.0,,,,,,,,,10195900.0,500000.0,,,,,,,,,,,,,,,,,,,,,,,18038000.0,3993200.0,,,,,,,,,,75000.0,,,,,,,,,,,,126200.0,126200.0,,,,2841300.0,,,,,,,,,,,,,,,,,256400.0,,,,,574700.0,,4700.0,4700.0,,1488100.0,,,,,,,,,279400.0,,,,,,,,,,,,2045700.0,,,,,,,,,,,,16068100.0,,,841400.0,4132400.0,9390900.0,,5437100.0,1488100.0,,,,,,,,,,,,,,,,,,,,,178600.0,,14044800.0,,,,,,,,,,,,11779500.0,,3893700.0,,3893283.0,,
2011-11-30,2012-01-17,10-Q,EDUCATIONAL DEVELOPMENT CORPORATION,EDUC,CIK0000031667,USD,2222100.0,,,4284600.0,137100.0,,,,8548000.0,,,,,,,,544900.0,,,,,,19056000.0,15953700.0,,,1394500.0,,,,0.0,0.12,,,0.2,8000000.0,6041040.0,3900442.0,1208200.0,,,,3406800.0,,,,,,,,,,,,,,,,,,,,,,,,381200.0,62300.0,,,,,,,,,,,,,,,,468100.0,,0.19,,0.19,,,,,686800.0,,,759200.0,467000.0,5283600.0,,,,1166900.0,442000.0,,,,,,,,,,,,,,,,,,,,,280.0,,,,,,,,,9606900.0,509000.0,,250000.0,,,,,,,,,,,,,,,,,,,,,19056000.0,4697000.0,,,,,,250000.0,,,,75000.0,,,,,,,,,,,,724900.0,724900.0,,,,4121000.0,,,,,,,,,,,,,,,,,256400.0,,,,,857900.0,,4300.0,4300.0,,,,,,,,,,,286500.0,,,,,,,,,,,,2024600.0,,,,,,,,,,,,16324900.0,,,1743800.0,4833400.0,13178100.0,,8690400.0,1910200.0,,,,,,,,,,,,,,,,,,,,,345700.0,,14359000.0,,,,,,,,,,,,11722100.0,,3895518.0,,3895238.0,,
2012-02-29,2012-05-25,10-K,EDUCATIONAL DEVELOPMENT CORPORATION,EDUC,CIK0000031667,USD,1793900.0,,,3575000.0,64200.0,,,2707000.0,8548000.0,,,-637000.0,219900.0,,556300.0,,556300.0,,,,,,18011400.0,14846000.0,,,760100.0,-1228100.0,,,0.0,,,25881100.0,0.2,8000000.0,6041040.0,3913183.0,1208200.0,,250000.0,,10549000.0,737500.0,879500.0,142000.0,,,,-19100.0,-22700.0,22700.0,,,,,-3600.0,,,,129200.0,,,379800.0,65900.0,,379800.0,65900.0,,,,,,,,63300.0,,,118100.0,,,469600.0,1401500.0,469600.0,-1401500.0,0.36,,0.36,,,,,436700.0,,,,1972500.0,15724300.0,,,,2277700.0,856800.0,,839100.0,0.0,,774400.0,-7400.0,89800.0,,,-469000.0,1373500.0,-40400.0,,,,40400.0,-201100.0,469000.0,-637000.0,6200.0,648.0,,,,,3700.0,,,,9854000.0,548000.0,,250000.0,,,,,,,,,,,,,,,,,,,,,18011400.0,3793800.0,,250000.0,,,,250000.0,,,,,,,,,,,,,-1685900.0,-326100.0,783900.0,1420900.0,1420900.0,,,,13538100.0,,,,,,,,,,,,,,,,,301100.0,,,,,779400.0,,91500.0,91500.0,,,,,,,214300.0,1870200.0,250000.0,76100.0,277100.0,,,,,,250000.0,,223600.0,,,4707400.0,2000400.0,,,,874800.0,,,,,0.0,,75000.0,16124900.0,100000.0,,4855200.0,15592000.0,40906200.0,0.58,26273300.0,6710400.0,,,,,,,,,,,,,,,,,,,,,959100.0,2289700.0,14217600.0,25881100.0,,,223600.0,,,,,,,,11663500.0,214300.0,3898793.0,,3898145.0,,
2012-05-31,2012-07-11,10-Q,EDUCATIONAL DEVELOPMENT CORPORATION,EDUC,CIK0000031667,USD,2520100.0,,,3306300.0,153900.0,,,,8548000.0,,,,,,,,529300.0,,,,,,18520300.0,15335200.0,,,1214700.0,454600.0,,,0.0,0.12,,,0.2,8000000.0,6041040.0,3916766.0,1208200.0,,,,2475900.0,,,,,,,,,,,,,,,,,,,,,,,,346100.0,61700.0,,,,,,,,,,,,,,-470000.0,,470000.0,,0.09,,0.09,,,,,446400.0,,,,591600.0,4118700.0,,,,561900.0,211700.0,84100.0,84100.0,,,,,,,,,,,,,,,,,,,0.0,,,,2600.0,2600.0,,,,10277400.0,503000.0,,332800.0,,,,,,,,,,,,,,,,,,,,,18520300.0,4416500.0,,,,,,250000.0,,,,,,,,,,,,,-463600.0,-99300.0,1017500.0,350200.0,350200.0,,,,3559300.0,,,,,,,,,,,,,,,,,301100.0,,,,,576100.0,,2500.0,2500.0,,,,,,,49100.0,469600.0,82800.0,16500.0,190700.0,,,,,,0.0,,55100.0,,,,1986500.0,,,,,,,,,0.0,,,16005100.0,,,1366500.0,3228500.0,9603900.0,,6594600.0,1601200.0,,,,,,,,,,,,,,,,,,,,,219200.0,601200.0,14103800.0,25761300.0,,,55100.0,,,,,,,,11657500.0,-49100.0,3918280.0,,3918280.0,,
2012-08-31,2012-10-15,10-Q,EDUCATIONAL DEVELOPMENT CORPORATION,EDUC,CIK0000031667,USD,3094300.0,,,3768200.0,,,,,8548000.0,,,,,,516800.0,,,,16000.0,,,,18967000.0,15742700.0,,,433000.0,,,,0.0,0.12,,,0.2,8000000.0,6041040.0,3931205.0,1208200.0,,,,2440200.0,,,,,,,,,,,,,,,,,,,,,,,,342000.0,69300.0,,,,,,,,,,,,,,,,471700.0,,0.04,,0.04,,,,,386000.0,,,368400.0,489100.0,3024200.0,,,,219200.0,81000.0,,,21500.0,,,,,,,,,,,,,,,,,,0.0,,,,,,,,,10981100.0,515900.0,,379400.0,,,,,,,,,,,,,,,,,,,,,18967000.0,5141000.0,,775000.0,0.04,2500000.0,1725000.0,775000.0,,,,,,,,,,,,,,,,138200.0,138200.0,,,,2803600.0,,,,,,,,,,,,,,,,,301100.0,,,,,414000.0,,,-1400.0,,,,,,,,,,,196900.0,,,,,,,,,,,,1958600.0,,,,,,,,,,,,15671600.0,,,810000.0,4097300.0,9388100.0,,5464400.0,1504500.0,,,,,,,,,,,,,,,,,,,,,173600.0,468400.0,13826000.0,25427800.0,,,,,,500000.0,349909.0,,,,11601800.0,,3924514.0,,3924514.0,,
2012-11-30,2013-01-14,10-Q,EDUCATIONAL DEVELOPMENT CORPORATION,EDUC,CIK0000031667,USD,2393800.0,,,4512100.0,279400.0,,,,8548000.0,,,,,,528000.0,,,,16000.0,,,,18910900.0,15617200.0,,,414300.0,,,,0.0,0.12,,,0.2,8000000.0,6041040.0,3945458.0,1208200.0,,,,3051200.0,,,,,,,,,,,,,,,,,,,,,,,,344700.0,71200.0,,,,,,,,,,,,,,,,473500.0,,0.13,,0.13,,,,,695900.0,,,748400.0,480100.0,4813200.0,,,,844400.0,318700.0,,,,,,,,,,,,,,,,,,,,,0.0,,,,,,,,,10018800.0,577000.0,,405300.0,,,,,,,,,,,,,,,,,,,,,18910900.0,4983500.0,,500000.0,0.04,2500000.0,2000000.0,500000.0,,,,,,,,,,,,,,,,525700.0,525700.0,,,,3961900.0,,,,,,,,,,,,,,,,,301100.0,,,,,640900.0,,,-6900.0,,,,,,,,,,,327300.0,,,,,,,,,,,,1939100.0,,,,,,,,,,,,15723800.0,,,1582700.0,4129800.0,11710800.0,,7864400.0,1899100.0,,,,,,,,,,,,,,,,,,,,,283400.0,748400.0,13927400.0,25480000.0,,,,1260.0,,500000.0,348649.0,,,,11552600.0,,3939592.0,,3939592.0,,
2013-02-28,2013-05-28,10-K,EDUCATIONAL DEVELOPMENT CORPORATION,EDUC,CIK0000031667,USD,1862100.0,,364300.0,3419100.0,0.0,,,2821200.0,8548000.0,,,-163900.0,222600.0,,571900.0,340000.0,,,16000.0,,,,17900800.0,14662400.0,,,469100.0,-291000.0,,250000.0,,,,,0.2,8000000.0,6041040.0,3960812.0,1208200.0,0.58,430300.0,,10494200.0,411000.0,491700.0,80700.0,,,,-10600.0,-12600.0,,,,,,-2000.0,0.0,,381400.0,140600.0,77800.0,76900.0,381400.0,76900.0,,381400.0,140600.0,80200.0,175900.0,38000.0,,0.0,,,63700.0,,63700.0,114200.0,,,317900.0,1415200.0,317900.0,,0.2,,0.2,,,,,439300.0,,,,2285700.0,14993300.0,0.0,0.0,,1282000.0,479100.0,,785100.0,229300.0,0.0,435900.0,-7200.0,50400.0,,,-128900.0,1352800.0,,,,,-293500.0,-118300.0,,,117300.0,0.0,,,,,24300.0,,,,9724700.0,559000.0,,,81000.0,,,,,,,,,,,,,,,,,,,,17900800.0,4449000.0,,1250000.0,0.04,2500000.0,1250000.0,1250000.0,,,,,,,,,,,,,-720400.0,-209600.0,639000.0,802900.0,802900.0,,,2.0,13765200.0,,,,,,,20500.0,,,,,,,,,,256700.0,,,,,579700.0,,,53900.0,,,,,,,56700.0,1884800.0,180300.0,29300.0,438800.0,,,,,,2185000.0,,221100.0,,,4736700.0,1915500.0,,,,1508700.0,,,,,1185000.0,,0.0,15194700.0,100000.0,,4764900.0,14585800.0,39215300.0,0.58,25487500.0,6714600.0,,,,,,,,,,,,,,16000.0,5.55,,,,,,858000.0,2348900.0,13451800.0,24950900.0,,,221100.0,12106.0,56700.0,500000.0,348003.0,,,,11499100.0,56700.0,3934352.0,,3934352.0,,
2013-05-31,2013-07-15,10-Q,EDUCATIONAL DEVELOPMENT CORPORATION,EDUC,CIK0000031667,USD,2175300.0,,,3258500.0,,,,,8548000.0,,,,,0.0,583600.0,,,,16000.0,,,,17041000.0,13852400.0,,,357600.0,-111500.0,,,,0.08,,,0.2,8000000.0,6041040.0,3972584.0,1208200.0,,430300.0,,2476200.0,,,,,,,,,,,,,,,,,,,,,,,,353100.0,83300.0,,,,,,,,,,,,,,,317800.0,317800.0,,0.02,,0.02,,,,,551100.0,,,,518700.0,3514300.0,,,,104800.0,38200.0,0.0,,213000.0,,,,,,,,,,,,,,,,,,0.0,,,,18100.0,,,,,9382100.0,522000.0,,,,,,,,,,,,,,,,,,,,,,,17041000.0,3799200.0,,425000.0,0.04,2500000.0,2075000.0,425000.0,,,,,,,,,,,,,-1101700.0,-8900.0,999100.0,66600.0,66600.0,,,2.0,3414100.0,,,,,,,,,,,,,,,,,256700.0,,,,,330000.0,,,4600.0,,,,2100000.0,,,2400.0,317900.0,0.0,8900.0,288100.0,,,,,,75000.0,,43600.0,,,,1896300.0,,,,,,,,,900000.0,,,14943500.0,,,1159600.0,3131800.0,8929200.0,,5990500.0,1735800.0,,,,,,,,,,,,,,,,,,,,,193100.0,605600.0,13241800.0,24699700.0,,,43600.0,1180.0,,500000.0,347348.0,,,,11457900.0,2400.0,3967517.0,,3967517.0,,
2013-08-31,2013-10-15,10-Q,EDUCATIONAL DEVELOPMENT CORPORATION,EDUC,CIK0000031667,USD,2540400.0,,,3755200.0,,,,,8548000.0,,,,,0.0,571900.0,,,,11000.0,,,,17845500.0,14668700.0,,,279000.0,,,,,0.08,,,0.2,8000000.0,6041040.0,3970216.0,1208200.0,,430300.0,,2661000.0,,,,,,,,,,,,,,,,,,,,,,,,380800.0,69400.0,,,,,,,,,,,,,,,,318900.0,,0.01,,0.01,,,,,419700.0,,,,501800.0,3054100.0,,,,86200.0,29800.0,,,158300.0,,,,,,,,,,,,,,,,,,0.0,,,,,,,,,9888000.0,517700.0,,,,,,,,,,,,,,,,,,,,,0.0,,17845500.0,4878200.0,,1250000.0,0.04,2500000.0,1250000.0,1250000.0,,,,,,,,,,,,,,,,56400.0,56400.0,,,,2969700.0,,,,,,,,,,,,,,,,,256700.0,,,,,349200.0,,,1800.0,,,,3300000.0,,,,,,,207400.0,44800.0,,,,,,,,,,,1902700.0,,,,,,,,,,,,14681000.0,,,866200.0,3990700.0,9513000.0,,5715100.0,1601700.0,,,,,,,,,,,,,,,,,,,,,192800.0,540900.0,12967300.0,24437200.0,,,,16243.0,,500000.0,331105.0,,,,11469900.0,,3968930.0,,3968930.0,,
2013-11-30,2014-01-14,10-Q,EDUCATIONAL DEVELOPMENT CORPORATION,EDUC,CIK0000031667,USD,2574400.0,,,4657100.0,,,,,8548000.0,,,,,0.0,574100.0,,,,11000.0,,,,18337300.0,15301100.0,,,461300.0,,,,,,,,0.2,8000000.0,6041040.0,3961412.0,1208200.0,,430300.0,,3294500.0,,,,,,,,,,,,,,,,,,,,,,,,344400.0,61200.0,,,,,,,,,,,,,,,,316900.0,,0.14,,0.14,,,,,792600.0,,,,495500.0,5207500.0,,,,927400.0,379600.0,,,,,,,,,,,,,,,,,,,,,0.0,,,,,,,,,9585100.0,400200.0,,,,,,,,,,,,,,,,,,,,,0.0,,18337300.0,5166600.0,,500000.0,0.04,2500000.0,2000000.0,500000.0,,,,,,,,,,,,,,,,547800.0,547800.0,,,,4286200.0,,,,,,,,,,,,,,,,,256700.0,,,,,839700.0,,,6100.0,,,,3200000.0,,,,,,,253200.0,,,,,,,,,,,,1887800.0,,,,,,,,,,,,14911900.0,,,1741900.0,4195000.0,12360600.0,,8502000.0,2048800.0,,,,,,,,,,,,,,,,,,,,,336400.0,802800.0,13170700.0,24668100.0,,,,26451.0,,500000.0,304654.0,143000.0,,,11497400.0,,3964830.0,,3964830.0,,
2014-02-28,2014-05-28,10-K,EDUCATIONAL DEVELOPMENT CORPORATION,EDUC,CIK0000031667,USD,2543700.0,,,3000800.0,140900.0,24100.0,374000.0,2936600.0,8548000.0,,,2407500.0,348600.0,,333900.0,,,,11000.0,,,,16758300.0,14071700.0,,,680000.0,210900.0,,250000.0,,,,,0.2,8000000.0,6041040.0,3977943.0,1208200.0,0.58,0.0,,10523500.0,299000.0,388300.0,89300.0,,,,133200.0,127600.0,,,,,,-5600.0,163600.0,,259300.0,298000.0,79000.0,71400.0,259300.0,,,259300.0,134400.0,74300.0,58500.0,38000.0,,163600.0,,,63000.0,,63000.0,115400.0,,,318200.0,953600.0,318200.0,,0.009999999999999995,0.09,0.009999999999999995,,,,,514900.0,,430300.0,,2123500.0,19371100.0,0.0,430300.0,,873500.0,515900.0,,11000.0,0.0,163600.0,297000.0,-14800.0,70100.0,,,835700.0,559700.0,,,,,370200.0,55900.0,,,-165900.0,0.0,,,,,34500.0,,353800.0,9894400.0,9869400.0,470200.0,25000.0,,57200.0,,,,,,,,,,,,,,,,,,,,16758300.0,4175900.0,0.0,0.0,0.04,2500000.0,2500000.0,0.0,,,,,,,,,,,,,-2476700.0,-77500.0,2765100.0,44400.0,357600.0,,,2.0,14321800.0,,,,,,,,,,,,,,,,143300.0,267400.0,,,,824000.0,658200.0,,,-378200.0,,,11400000.0,,,,129200.0,1271500.0,0.0,77500.0,262200.0,,44800.0,,,,1250000.0,,174000.0,,,4814200.0,1877600.0,,,,978000.0,,,,,2500000.0,,,14280500.0,100000.0,,4939800.0,15414200.0,40558000.0,,31986400.0,7258500.0,,,,,,,,,,,5000.0,5.25,,11000.0,5.68,0.0,,,,,953200.0,2699800.0,12582400.0,24036700.0,0.0,,174000.0,43349.0,129200.0,500000.0,304654.0,116800.0,,,11454300.0,129200.0,3968214.0,3968214.0,3968214.0,,
2014-05-31,2014-07-15,10-Q,EDUCATIONAL DEVELOPMENT CORPORATION,EDUC,CIK0000031667,USD,3371800.0,,,3514800.0,,,,,8548000.0,,,,,0.0,298300.0,,,,10000.0,,,,17881700.0,15240800.0,,,303400.0,-376600.0,,,,,,,0.2,8000000.0,6041040.0,3990445.0,1208200.0,,,,2843500.0,,,,,,,,,,,,,,,,,,,,,,,,263400.0,79400.0,,,,,,,,,,,,319200.0,,,,319200.0,,0.06,,0.06,,,,,597300.0,,,,472300.0,4334800.0,,,,387600.0,147900.0,205700.0,,,,,,,,,,,,,,,,,,,,0.0,,,,1300.0,,,,,10856200.0,360000.0,,,,,,,,,,,,,,,,,,,,,0.0,,17881700.0,5340900.0,475000.0,,0.04,2500000.0,2025000.0,475000.0,,,,,,,,,,,,,194700.0,-87100.0,-484200.0,239700.0,239700.0,,,2.0,3950800.0,,,,,,,,,,,,,,,,,267400.0,,,,,482400.0,,,3600.0,,,,4000000.0,4400.0,,4400.0,318200.0,,87100.0,303000.0,,,,,,475000.0,,42300.0,,,,1934100.0,,,,,,,,,0.0,,,14201000.0,,,1419900.0,3801900.0,10720400.0,,7178300.0,2058600.0,,,,,,,,,,,,,,,,,,,,,259800.0,740700.0,12540800.0,23957200.0,,,42300.0,,,500000.0,303474.0,95200.0,,,11416400.0,4400.0,3986561.0,,3986561.0,,
2014-08-31,2014-10-15,10-Q,EDUCATIONAL DEVELOPMENT CORPORATION,EDUC,CIK0000031667,USD,3196700.0,,,4263900.0,,,,,8548000.0,,,,,0.0,290200.0,,,,10000.0,,,,19286500.0,16580600.0,,,79900.0,,,,,,,,0.2,8000000.0,6041040.0,4002478.0,1208200.0,,,,3013100.0,,,,,,,,,,,,,,,,,,,,,,,,263400.0,79400.0,,,,,,,,,,,,,,,,320200.0,,0.0,,0.0,,,,,537600.0,,,,532800.0,3795100.0,,,,8300.0,12200.0,,,13400.0,,,,,,,,,,,,,,,,,,0.0,,,,,,,,,11695500.0,430400.0,,,,,,,,,,,,,,,,,,,,,,,19286500.0,7026600.0,2500000.0,,0.04,,0.0,2500000.0,,,,,,,,,,,,,,,,-3900.0,-3900.0,,,,3775700.0,,,,,,,,,,,,,,,,,267400.0,,,,,472100.0,,,-11100.0,,,,4100000.0,,,,,,,264500.0,,,,,,,,,,,,1928700.0,,,,,,,,,,,,13876900.0,,,1177200.0,4811200.0,11335200.0,,6808200.0,2065700.0,,,,,,,,,,,,,,,,,,,,,284200.0,799200.0,12259900.0,23633100.0,,,,,,3000000.0,303474.0,0.0,,,11373200.0,,3998170.0,,3998170.0,,
2014-11-30,2015-01-14,10-Q,EDUCATIONAL DEVELOPMENT CORPORATION,EDUC,CIK0000031667,USD,2447700.0,,,4608800.0,,,,,8548000.0,,,,,0.0,288900.0,,,,10000.0,,,,18964300.0,16214100.0,,,648300.0,,,,,,,,0.2,8000000.0,6041040.0,4013339.0,1208200.0,,,,4114800.0,,,,,,,,,,,,,,,,,,,,,,,,251700.0,69900.0,,,,,,,,,,,,,,,,321100.0,,0.13,,0.13,,,,,1057000.0,,,,476600.0,6821700.0,,,,858200.0,331800.0,,,,,,,,,,,,,,,,,,,,,0.0,,,,,,,,,10393100.0,361900.0,,,,,,,,,,,,,,,,,,,,,,,18964300.0,6455800.0,,,,,,1400000.0,,,,,,,,,,,,,,,,526400.0,526400.0,,,,5944700.0,,,,,,,,,,,,,,,,,267400.0,,,,,976200.0,,,-18800.0,,,,3200000.0,,,,,,,312200.0,,,,,,,,,,,,2051000.0,,,,,,,,,,,,14082200.0,,,2595200.0,4800800.0,15178900.0,,10936500.0,2872900.0,,,,,,,,,,,,,,,,,,,,,558400.0,1154600.0,12508500.0,23838400.0,,,,150.0,,3000000.0,303324.0,253800.0,,,11329900.0,,4009418.0,,4009418.0,,
2015-02-28,2015-05-28,10-K,EDUCATIONAL DEVELOPMENT CORPORATION,EDUC,CIK0000031667,USD,2237700.0,,,3076700.0,63600.0,323700.0,368200.0,3066000.0,8548000.0,,,-1120800.0,367300.0,,334500.0,,,,10000.0,,,,18013200.0,15265600.0,0.0,,383900.0,-296100.0,,250000.0,,,,,0.2,8000000.0,6041040.0,4024539.0,1208200.0,,,,12763900.0,439200.0,542600.0,103400.0,,,,600.0,700.0,,,,,0.0,100.0,163600.0,,249800.0,306900.0,86900.0,80200.0,,,,249800.0,143300.0,74300.0,41100.0,38000.0,,163600.0,,,63100.0,,63100.0,129400.0,,,322000.0,960500.0,322000.0,,0.22999999999999998,0.21,0.22999999999999998,,,,,618100.0,,0.0,,2039900.0,24617200.0,0.0,,,1402500.0,543300.0,,619900.0,,0.0,476800.0,-6800.0,73300.0,,,182500.0,1356900.0,-77300.0,,,0.0,-77300.0,1192200.0,,,88000.0,0.0,,,54000.0,,54000.0,0.0,368100.0,11206000.0,11181000.0,350800.0,25000.0,,25500.0,,,,,,,,,,,,,,,,,,,5684900.0,18013200.0,5684900.0,1400000.0,,,,,1400000.0,,,0.0,0.0,,,,,,,,0.0,290500.0,-325000.0,-261600.0,956200.0,859200.0,,,2.0,18398000.0,,,,,,,,,,,,,,,,170600.0,243400.0,70100.0,,,718900.0,1043500.0,,,16100.0,,,15300000.0,,,,5200.0,1278700.0,,325000.0,374200.0,,,,,0.0,4550000.0,,174400.0,,,5139200.0,2073200.0,,,,1281000.0,0.0,,,,3150000.0,0.0,,13857200.0,100000.0,,6842700.0,17273100.0,48345400.0,,40173600.0,9515400.0,,,,,,,,,,1000.0,1000.0,10.0,,10000.0,5.25,0.0,10.0,,,,1476000.0,3719300.0,12328300.0,23613400.0,0.0,,174400.0,1339.0,5200.0,,303315.0,181000.0,,,11285100.0,5200.0,4003702.0,4003702.0,4003702.0,,
2015-05-31,2015-07-15,10-Q,EDUCATIONAL DEVELOPMENT CORPORATION,EDUC,CIK0000031667,USD,3449400.0,,,3058200.0,,,,,8548000.0,,,,,0.0,365800.0,,,,10000.0,,,,19853500.0,17017100.0,,,371400.0,-12500.0,,,,,,,0.2,8000000.0,6041040.0,4037572.0,1208200.0,,,,3573800.0,,,,,,,,,,,,,,,,,,,,,,,,257700.0,75700.0,,,,,,,,,,,,323000.0,,,,323000.0,,0.08,,0.08,,,,,912000.0,,,,484400.0,6064000.0,,,,531700.0,207100.0,71500.0,,,,,,,,,,,,,,,,,,,,0.0,,,15800.0,15800.0,,,,,12922000.0,358600.0,,,,,,,,,,,,,,,,,,,,,0.0,,19853500.0,7478000.0,1700000.0,,0.04,,1500000.0,1700000.0,,,,,,,,,,,,,23600.0,-118900.0,82800.0,324600.0,324600.0,-10000.0,,2.0,5522300.0,,,,,,,,,,,,,,,,,243400.0,5800.0,,,,891100.0,,,-10000.0,,,,5700000.0,200.0,,,322000.0,,118900.0,407800.0,,,,,,300000.0,,45800.0,,,,2158700.0,,,,,,,,,0.0,0.0,,13858800.0,,,2314600.0,4207600.0,13303100.0,,9637800.0,2723300.0,,,,,,,,,,,,,,,,,,,,,542300.0,1057400.0,12375500.0,23615000.0,,,45800.0,59.0,,3000000.0,303256.0,202500.0,,,11239500.0,200.0,4010830.0,,4010830.0,,
2015-08-31,2015-10-07,10-Q,EDUCATIONAL DEVELOPMENT CORPORATION,EDUC,CIK0000031667,USD,4571600.0,,,4164100.0,,,,,8548000.0,,,,,0.0,397700.0,,,,10000.0,,,,21531200.0,18510600.0,,,312100.0,,,,,,,,0.2,8000000.0,6041040.0,4049335.0,1208200.0,,,,4577400.0,,,,,,,,,,,,,,,,,,,,,,,,255900.0,68800.0,,,,,,,,,,,,,,,,364400.0,,0.16,,0.16,,,,,1394800.0,,,,512500.0,8029400.0,,,,1039000.0,394600.0,,,,,,,,,,,,,,,,,,,,,0.0,,,27600.0,,,,,,13356000.0,304500.0,,,,,,,,,,,,,,,,,,,,,0.0,,21531200.0,8828600.0,1350000.0,,,,2650000.0,1350000.0,,,,,,,,,,,,,,,,644400.0,644400.0,-21700.0,,,6968700.0,,,,,,,,,,,,,,,,,243400.0,5900.0,,,,854300.0,,,-21700.0,,,,5500000.0,,,,,,,422500.0,,,,,,,,,,,,2403900.0,,,,,,,,,,,,14138800.0,,,3060800.0,5994500.0,17685600.0,,12606800.0,3395400.0,,,,,,,,,,,,,,,,,,,,,915700.0,1547700.0,12702600.0,23895000.0,,,,,,3000000.0,303256.0,293500.0,,,11192400.0,,4045219.0,,4045219.0,,
2015-11-30,2016-01-14,10-Q,EDUCATIONAL DEVELOPMENT CORPORATION,EDUC,CIK0000031667,USD,5375100.0,,,3758000.0,,,,,8548000.0,,,,,0.0,450900.0,,,,0.0,,,,26026700.0,22631600.0,1506500.0,,6686900.0,,,,,,,,0.2,8000000.0,6041040.0,4059108.0,1208200.0,,,,7386200.0,,,,,,,,,,,,,1375000.0,,,,,,,,,,,245100.0,66100.0,,,,,,,,,,,,,,,,365300.0,,0.31,,0.31,,,,,2741600.0,,,,564800.0,17038000.0,,,,2033100.0,774600.0,,,,,,,,,,,,,,,,,,,,,4537.0,,,8200.0,,,,,,11373400.0,246300.0,,,,,,,,,,,,,,,,,,,,,0.0,,26026700.0,12377900.0,0.0,,,,,0.0,,,,,,,,,,,,,,,,1258500.0,1258500.0,-2700.0,,,15002200.0,,,,,,,,,,,,,,,,,243400.0,5500.0,,,,1735300.0,,,-2700.0,,,,6600000.0,,,,,,,568200.0,,,,,,,,,,,,1332800.0,,,,,,,,,,,,15032000.0,,,7549400.0,6751600.0,28931400.0,,24424200.0,6888000.0,,,,,,,,,,,,,,,,,,,,,2244400.0,3267800.0,13648800.0,24788200.0,,,,,,3000000.0,303152.0,785600.0,,,11139400.0,,4060293.0,,4055756.0,,
2016-02-29,2016-05-26,10-K,EDUCATIONAL DEVELOPMENT CORPORATION,EDUC,CIK0000031667,USD,7801300.0,,,2513300.0,803100.0,705200.0,578200.0,3340500.0,8548000.0,,,4531300.0,531500.0,,501900.0,401900.0,,148000.0,0.0,,,0.0,49695000.0,22502800.0,,,1183700.0,799800.0,,250000.0,,,,,0.2,8000000.0,6041040.0,4064610.0,1208200.0,,,,20494200.0,1210900.0,1445700.0,234800.0,,,,-16100.0,-19100.0,,,,,2925200.0,-3000.0,163600.0,,298200.0,277600.0,131000.0,214500.0,,50900.0,,298200.0,50900.0,79700.0,40000.0,38000.0,163600.0,163600.0,,,63100.0,0.0,63100.0,274500.0,,,366300.0,1052700.0,366300.0,,0.49,,0.49,,,,,1202500.0,,,,2328500.0,55116800.0,0.0,,,3545900.0,1426600.0,,706400.0,,67900.0,1205600.0,-5100.0,158200.0,174000.0,,6837000.0,676200.0,739500.0,,,2925200.0,,6048600.0,,,672500.0,2524.0,,,244900.0,,179800.0,65000.0,300000.0,17504500.0,17479500.0,169000.0,25000.0,,26100.0,,,,,,,,,,,,,,,,,,,36465500.0,49695000.0,18778100.0,3331800.0,,,,,3331800.0,,,18302800.0,615400.0,14964800.0,615400.0,719700.0,693800.0,667300.0,641800.0,,17687400.0,19060800.0,-24911600.0,6650600.0,2011100.0,2119300.0,,,2.0,39810700.0,,,,,,,21629900.0,1380600.0,1353500.0,1327000.0,1301000.0,14992400.0,1275400.0,,,238400.0,262000.0,477400.0,,571400.0,469000.0,1732500.0,,,,,,29800000.0,,,,1600.0,1374700.0,,24911600.0,1028100.0,,,,,18400000.0,1931800.0,,202500.0,,,30050800.0,26710300.0,,,,1239600.0,-68100.0,,,,2950000.0,97200.0,,14557500.0,100000.0,,18062800.0,22061500.0,80319400.0,,80567800.0,19419400.0,,,,,,,,,,0.0,,,,10000.0,5.25,0.0,0.0,,,,5360400.0,8655600.0,13229500.0,24313700.0,0.0,,202500.0,163.0,1600.0,,303152.0,145700.0,,,11084200.0,1600.0,4051678.0,,4049154.0,,
2016-05-31,2016-07-15,10-Q,EDUCATIONAL DEVELOPMENT CORPORATION,EDUC,CIK0000031667,USD,11443600.0,,,2990300.0,,,,,8548000.0,,,-1727100.0,,0.0,546700.0,,,,0.0,,181300.0,,57882400.0,29731700.0,,,930400.0,-253300.0,,,,,,,0.2,8000000.0,6041040.0,4069669.0,1208200.0,,,,6673800.0,,,,,,,,-20900.0,,,,5236400.0,5367200.0,,,,,,,,,,,338100.0,31900.0,,,,,,,,,,,241700.0,,,366400.0,,366400.0,,0.15,,0.15,,,,,1178200.0,,,,3558100.0,16110400.0,,,,1004600.0,384400.0,716200.0,,,,,,,,3642300.0,,677700.0,-310900.0,-24300.0,,2442000.0,,5088600.0,,298500.0,1782900.0,5918.0,,,216500.0,216500.0,,,,,22661900.0,125200.0,,,,,,,,,,,,,,,,,,,,,,44353500.0,57882400.0,26815700.0,4882900.0,,,,2117100.0,5918700.0,,,18153200.0,615400.0,,,,,,,,17537800.0,2116600.0,-1263000.0,-1106900.0,620200.0,620200.0,155300.0,,2.0,15261100.0,,,,,,,,,,,,,,105800.0,,,262000.0,371800.0,,,,1434000.0,,,,,,,13000000.0,0.0,,,366300.0,,1263000.0,2811000.0,,,,,,2586900.0,,45600.0,,,,27731600.0,,,,200700.0,-50000.0,,,,8040800.0,149600.0,,14811300.0,,22784200.0,6974100.0,6189000.0,26701300.0,,22784200.0,4728900.0,,,,,,,,,,,,,,,,,,,,,2271900.0,3465700.0,13528900.0,24567500.0,,,45600.0,,,3000000.0,303152.0,492200.0,,,11038600.0,,4074597.0,,4068679.0,,
2016-08-31,2016-10-14,10-Q,EDUCATIONAL DEVELOPMENT CORPORATION,EDUC,CIK0000031667,USD,14786400.0,,,2869900.0,,,,,8548000.0,,,,,,395800.0,,,,0.0,,181300.0,,65070600.0,36668600.0,,,2045000.0,,,,,,,,0.2,8000000.0,6041040.0,4076291.0,1208200.0,,,,7498400.0,,,,,,,,,,,,,5021400.0,,,,,,,,,,,378900.0,31900.0,,,,,,,,,,,,,,,,366800.0,,0.08,,0.08,,,,,1412300.0,,,,4153600.0,18394600.0,,,,520700.0,202200.0,,,,,,,,,,,,,,,,,,,,,5570.0,,,248500.0,,,,,,29428800.0,200400.0,,,,,,,,,,,,,,,,,,,,,,51523500.0,65070600.0,30441300.0,4876300.0,,,,,4876300.0,,,21980700.0,898500.0,,,,,,,,21082200.0,,,,318500.0,318500.0,128500.0,,,18002400.0,,,,,,,,,,,,,,,,,262000.0,377000.0,,,,2353500.0,,,,,,,15600000.0,,,,,,,1946000.0,,,,,,,,,,,,27907700.0,,,,,,,,,,,,14763000.0,,25893000.0,8307100.0,7444900.0,30558600.0,,25893000.0,5541700.0,,,,,,,,,,,,,,,,,,,,,2779300.0,4099100.0,13547100.0,24519200.0,,,,,,3000000.0,303152.0,726100.0,,,10972100.0,,4080039.0,,4074469.0,,
2016-11-30,2017-01-23,10-Q,EDUCATIONAL DEVELOPMENT CORPORATION,EDUC,CIK0000031667,USD,14690400.0,,,3948600.0,,,,,8548000.0,,,,,,379900.0,,,,,,181300.0,,70778600.0,42170000.0,,,979700.0,,,,,,,,0.2,8000000.0,6041040.0,4082283.0,1208200.0,,,,8328100.0,,,,,,,,,,,,,9557700.0,,,,,,,,,,,348800.0,35700.0,,,,,,,,,,,,,,,,367400.0,,0.31,,0.31,,,,,1578100.0,,,,4525900.0,22369500.0,,,,2040100.0,765900.0,,,,,,,,,,,,,,,,,,,,,4947.0,,,265000.0,,,,,,34203500.0,257400.0,,,,,,,,,,,,,,,,,,,,,,56266300.0,70778600.0,56266300.0,2880000.0,,,,,2880000.0,,,21772600.0,21772600.0,,,,,,,,0.0,,,,1274200.0,1274200.0,237800.0,,,20567200.0,,,,,,,,,,,,,,,,,262000.0,502800.0,,,,4040200.0,,,,2079800.0,,,15200000.0,,,,,,,2689400.0,,,,,,,,,,,,28053500.0,788200.0,,,,,,,,,,,15669800.0,,30697600.0,9521000.0,6948000.0,34397300.0,,30697600.0,6520300.0,,,,,,,,,,,,,,,,,,,,,3248300.0,4569900.0,14512300.0,25426000.0,,,,,,3000000.0,303129.0,1379900.0,,,10913700.0,,4084863.0,,4079916.0,,
2017-02-28,2017-05-30,10-K,EDUCATIONAL DEVELOPMENT CORPORATION,EDUC,CIK0000031667,USD,17565300.0,,,2917000.0,1519400.0,1180400.0,721600.0,4419500.0,8548000.0,,,-4433300.0,266400.0,,675000.0,675000.0,,217000.0,,,,1082300.0,65980300.0,38564500.0,,0.0,699200.0,-484500.0,,250000.0,,,,,0.2,8000000.0,6041040.0,4090074.0,1208200.0,,,28613500.0,28613500.0,1267600.0,1530100.0,262500.0,,,,186200.0,221100.0,,443100.0,,,633100.0,34900.0,163600.0,,734700.0,,131000.0,128000.0,466600.0,-338600.0,571100.0,,128000.0,89300.0,164600.0,72200.0,163600.0,,,338600.0,,0.0,443100.0,1079000.0,,,,1100600.0,0.0,,0.7999999999999999,,0.7999999999999999,0.38,0.34,0.0,0.04,1379700.0,,,,15920600.0,92597700.0,,,,4612100.0,1751200.0,,543800.0,,0.0,1568200.0,1000.0,182000.0,309000.0,,11427000.0,686900.0,716300.0,,,-2292100.0,,16771700.0,,,-533500.0,5159.0,,,1028800.0,,1005200.0,88600.0,275000.0,34278100.0,34253100.0,192100.0,25000.0,,69500.0,,,,,,,,,,,,,,,,,,,50762900.0,65980300.0,30097100.0,4882900.0,,,,2117100.0,4882900.0,,,21564300.0,898500.0,16628500.0,898500.0,1069000.0,1026500.0,989600.0,952200.0,,20665800.0,3573300.0,-2485400.0,-1572400.0,3685000.0,2860900.0,,,2.0,74068400.0,,,,,,,20354400.0,1408200.0,1380600.0,1353500.0,1327000.0,13584100.0,1301000.0,,,395600.0,61400.0,1694700.0,,1140700.0,467100.0,3218200.0,0.0,,,,,45400000.0,,,,200.0,1466900.0,,2485400.0,695200.0,,,,,4000000.0,1551100.0,1551100.0,227800.0,0.0,,31453800.0,27034300.0,,,,283200.0,-25000.0,,,,,738500.0,,16317800.0,190000.0,128574700.0,33995500.0,29486300.0,124958900.0,,133881400.0,23070000.0,,,,,,,,,,0.0,,,,20000.0,2.63,0.0,0.0,,,,11155500.0,16637500.0,15217400.0,26074000.0,0.0,,227800.0,23.0,200.0,,303129.0,425700.0,,,10856600.0,200.0,4082854.0,,4077695.0,,
2017-05-31,2017-07-17,10-Q,EDUCATIONAL DEVELOPMENT CORPORATION,EDUC,CIK0000031667,USD,10431400.0,,,3248200.0,,,,,8548000.0,,,-1567300.0,,0.0,866000.0,,,,,,181300.0,,61667300.0,34367200.0,,0.0,587800.0,-111400.0,,,,,,,0.2,8000000.0,6041040.0,4091334.0,1208200.0,,,8598800.0,7424800.0,,,,,,,,54500.0,,,,547000.0,547000.0,,,,,,,,,,,,73500.0,,,,,,,,,,,293300.0,,,,,,,0.15,,0.15,,,,,1739600.0,,,,3713900.0,18342400.0,,,,1982200.0,756900.0,0.0,0.0,,,,,,,-7133900.0,,395000.0,663100.0,355200.0,,-86100.0,,-4389100.0,,-191300.0,3400.0,3735.0,,,281500.0,275200.0,,,,,29726600.0,187400.0,,,,,,,,,,,,,,,,,,,,,,45215600.0,61667300.0,24662800.0,5560300.0,,,,1439700.0,5560300.0,,,21345300.0,898500.0,,,,,,,,20446800.0,467400.0,-236800.0,-342000.0,1225300.0,1225300.0,91700.0,,2.0,16449900.0,,,,,,,,,,,,,,107900.0,,,61400.0,371200.0,,,,3303500.0,106000.0,,,,,,5400000.0,,,0.0,0.0,,236800.0,804600.0,,,,,,677400.0,677400.0,9000.0,,,,26977800.0,,,,90300.0,205600.0,1500000.0,,,,219000.0,,17543100.0,,26941200.0,8509200.0,6943700.0,31173900.0,,26941200.0,4226800.0,,,,,,,,,,,,,,,,,,,,,2700600.0,3185600.0,16451700.0,27299300.0,,,9000.0,,,3000000.0,303129.0,2182500.0,,,10847600.0,,4093878.0,,4090143.0,,
2017-08-31,2017-10-16,10-Q,EDUCATIONAL DEVELOPMENT CORPORATION,EDUC,CIK0000031667,USD,8764900.0,,,2995300.0,,,,5002100.0,8548000.0,,,,,0.0,860600.0,,,,,,181300.0,,61811600.0,33919500.0,,,432400.0,,,,,,,,0.2,8000000.0,6041040.0,4086683.0,1208200.0,,,7650300.0,6659600.0,,,,,,,,,,,,,647100.0,,,,,,,,,,,,0.0,,,,,,,,,78200.0,,,,,,,,,0.13,,0.13,,,,,2023800.0,,,,3910500.0,16536600.0,,,,1682700.0,645800.0,,,,,,,,,,,,,,,,,,,,,9962.0,,,294700.0,,,,,,29371800.0,154400.0,,,,,,,,,,,,,,,,,,,,,,44369000.0,61811600.0,22930400.0,6248900.0,,,,3555000.0,6248900.0,,,22152900.0,898500.0,,,,,,,,21254400.0,,,,1036900.0,1036900.0,131400.0,,,14986500.0,,,,,,,,,,,,,,,,,61400.0,427300.0,,,,2931300.0,106000.0,,,,,,11300000.0,,,,,,,1120000.0,,,,,,,,,,,32678400.0,27676300.0,,,,,,1500000.0,,400000.0,,,,18580000.0,,24186900.0,7739700.0,6223300.0,27921000.0,,24181300.0,3336300.0,,,,,,,,,,,,,,,,,,,,,2483600.0,3121500.0,17442600.0,28336200.0,,,,,,,,1415900.0,,,10893600.0,,8181258.0,,8171296.0,,
2017-11-30,2018-01-16,10-Q,EDUCATIONAL DEVELOPMENT CORPORATION,EDUC,CIK0000031667,USD,10263600.0,,,3834700.0,,,,5328200.0,8573300.0,,,,,0.0,637000.0,,,,,,181300.0,,63142600.0,35431800.0,,,6141300.0,,,,,,,,0.2,8000000.0,6041040.0,4088934.0,1209200.0,,,12211700.0,10494800.0,,,,,,16800.0,,,,,,,661700.0,,,,,,,,,,,,0.0,,,,,,,,,51400.0,,,,,,,,,0.26,,0.26,,,,,4144900.0,,,,4735200.0,26698200.0,,,,3432800.0,1304400.0,,,,,,,,,,,,,,,,,,,,,5486.0,,,287600.0,,,,,,24455900.0,196300.0,,,,,,,,,,,,,,,,,,,,,,43574300.0,63142600.0,22730900.0,0.0,,,,9105500.0,0.0,,1019100.0,21925500.0,1239500.0,,,,,,,,20686000.0,,,,2128400.0,2128400.0,102500.0,,,23366700.0,,10159000.0,,,,,,,,,,,,,,,61400.0,388900.0,,,,4432200.0,106000.0,,,,,,10900000.0,,,,,,,999900.0,,,,,,,,,,,32781300.0,27453100.0,,,,,,1500000.0,,400000.0,,,,20708400.0,,38909900.0,12510400.0,6762300.0,41894600.0,,38908000.0,6121100.0,,,,,,,,,,,,,,,,,,,,,3775700.0,5328900.0,19568300.0,30490900.0,5000.0,,,,,,,1989000.0,,,10922600.0,,8180022.0,,8174536.0,,
2018-02-28,2018-05-29,10-K,EDUCATIONAL DEVELOPMENT CORPORATION,EDUC,CIK0000031667,USD,12469000.0,,,2913700.0,1798800.0,633800.0,791800.0,5667600.0,8573300.0,,,4018000.0,546600.0,,297100.0,297100.0,,,,40.0,400000.0,0.0,61837900.0,33514600.0,,639500.0,2723300.0,2024100.0,,250000.0,,,0.0,,0.2,16000000.0,12092080.0,8179612.0,2418400.0,,,35824300.0,,1964700.0,2353100.0,388400.0,,,,239800.0,264900.0,,641900.0,,693000.0,693000.0,25100.0,111900.0,,616900.0,,69800.0,-136900.0,,,505000.0,,0.0,141700.0,149600.0,26000.0,111900.0,,136900.0,,,136900.0,641900.0,1251000.0,,,,,0.0,,0.85,,0.8400000000000001,0.334,0.318,-0.024,0.04,2007900.0,,,,15736300.0,91754200.0,,,,7832700.0,2618000.0,,2073600.0,,,,,,278500.0,-5096300.0,-4918900.0,407700.0,279400.0,177400.0,-43200.0,59900.0,,-7079000.0,,,412300.0,5326.0,,,1119500.0,,1116500.0,,271800.0,26800000.0,26618600.0,435900.0,460000.0,,17200.0,,,,,,,,,,,,,,,,,,,41435800.0,61837900.0,21367800.0,0.0,,,,9424000.0,0.0,,,19776600.0,945900.0,15893200.0,881200.0,1048600.0,1003900.0,959000.0,920400.0,,18830700.0,-5770900.0,-1437700.0,9232700.0,6038800.0,5214700.0,,,,68790000.0,,,,,,,19163600.0,1434000.0,1405900.0,1378300.0,1351300.0,12269300.0,1324800.0,,,959900.0,26900.0,1581900.0,,1549300.0,707700.0,3517900.0,106000.0,,,,,24500000.0,,,,98400.0,0.0,,1437700.0,1259000.0,,,,,1019000.0,,-4882900.0,42100.0,26300.0,,33528100.0,27860500.0,,,,510900.0,311800.0,,,,,1877000.0,,20714500.0,100000.0,133930600.0,35359000.0,,,,,17694700.0,0.0,,,,,,,,,0.0,,,,10000.0,2.63,2.63,0.0,,,,,,20402100.0,31706200.0,10000.0,26300.0,42100.0,6525.0,98400.0,,296604.0,557600.0,,,11304100.0,98400.0,8181322.0,,8175996.0,,
2018-05-31,2018-07-16,10-Q,EDUCATIONAL DEVELOPMENT CORPORATION,EDUC,CIK0000031667,USD,13229500.0,,,2772300.0,,,,,8573300.0,,,950900.0,,,347200.0,,,,,40.0,181300.0,,64100900.0,35878100.0,,33300.0,4430900.0,1707600.0,,,,,0.05,,0.2,8000000.0,6046040.0,4090034.0,1209200.0,,,9669700.0,,,,,,,,,188100.0,,,,442400.0,442400.0,,,,,,,,,,,,,,,,,,,,,325000.0,,352800.0,,,409000.0,409000.0,409000.0,,0.22,,0.22,,,,,1910800.0,,,,3892500.0,20352600.0,,,,2495800.0,679200.0,,-6100.0,,,,,,,1366700.0,,-56400.0,486400.0,-482200.0,,-250600.0,,1243600.0,,,-299800.0,7818.0,,,213400.0,229300.0,229300.0,,,,27715700.0,490300.0,,,,,,,,,,,,,,,,,,,,,,42295700.0,64100900.0,22300800.0,0.0,,,,10448800.0,,,,20455000.0,891100.0,15742700.0,735800.0,1065300.0,1016800.0,968100.0,926300.0,,19563900.0,-255800.0,-804100.0,2767500.0,1816600.0,1816600.0,,,2.0,18017800.0,,,,,,,,,,,,,,110100.0,,,26900.0,374400.0,,,,3132800.0,106000.0,,,,,,11000000.0,,29600.0,29600.0,0.0,,804100.0,959200.0,,,,,,,0.0,25100.0,,,,27705600.0,,,,85000.0,92100.0,,18398300.0,226300.0,,251300.0,,22940100.0,,30022300.0,9373100.0,,,,30022300.0,4752200.0,0.0,,,,,,,,,,,,,,,,,,,,,,21805200.0,32722600.0,,,25100.0,,29600.0,,,2285200.0,,,10917400.0,,8185008.0,,8177190.0,,
2018-08-31,2018-10-15,10-Q,EDUCATIONAL DEVELOPMENT CORPORATION,EDUC,CIK0000031667,USD,14596900.0,,,3161300.0,,,,,8643300.0,,70000.0,,,70000.0,254800.0,,,,,40.0,181300.0,,67245800.0,38804400.0,,,833000.0,,,,,,0.0,,0.2,16000000.0,12092080.0,8189702.0,2418400.0,,,8462700.0,,,,,,,,,,,,,,458200.0,,,,,,,,,,,,,,,,,,,,,388000.0,,,,,,,,,0.18,,0.18,,,,,1877300.0,,,,3738400.0,16218300.0,,,,2035600.0,544900.0,,,,,,,,,,,,,,,,,,,,,7414.0,,,270000.0,,,,,,33515300.0,579300.0,,,,,,,,,,,,,,,,,,,,,,43802700.0,67245800.0,23962100.0,,,,,8867700.0,2598700.0,2598700.0,,20239100.0,895500.0,15830100.0,,1064900.0,1016300.0,967700.0,925900.0,434200.0,19343600.0,,,,1490700.0,1490700.0,,,,14313000.0,,10159000.0,,,,,,,,,,,,,,,26900.0,400300.0,,,,2369100.0,109000.0,,,,,,10600000.0,,,,,,,1294800.0,,,,,,,,,,,,27835200.0,,,,,,,13627000.0,421800.0,,,,23612800.0,,24681000.0,7313000.0,,,,,3261600.0,70000.0,,,,,,,,,,,,,,,,,,,,,,23443100.0,34674500.0,,77200.0,,,,,,1166400.0,,,11231400.0,,8192833.0,,8185419.0,,
2018-11-30,2019-01-14,10-Q,EDUCATIONAL DEVELOPMENT CORPORATION,EDUC,CIK0000031667,USD,15156500.0,,,3550200.0,,,,,8828600.0,,185300.0,,,185300.0,303500.0,,,,,,,,71747400.0,43620100.0,,,7840500.0,,,,,,0.1,,0.2,16000000.0,12092080.0,8203119.0,2418400.0,,,13141600.0,,,,,,,,,,,,,,1057300.0,,,,,,,,,,,,,,,,,,,,,810000.0,,,,,,818800.0,409700.0,,0.34,,0.34,,,,,3791100.0,,,,4476000.0,27341000.0,,,,3804200.0,988600.0,,,,,,,,,,,,,,,,,,,,,7704.0,,,228600.0,,,,,,30646000.0,604000.0,,,,,,,,,,,,,,,,,,,,,,45999700.0,71747400.0,26004700.0,,,,,10600400.0,0.0,0.0,,20004100.0,928100.0,15736300.0,,1082300.0,1033900.0,985400.0,943700.0,222500.0,19076000.0,,,,2815600.0,2815600.0,,,,23705800.0,,,,,,,,,,,,,,,,,26900.0,397600.0,,,,4116100.0,109000.0,,,,,,10100000.0,,,,,,,1583400.0,,,,,,,,,,,,27496400.0,,,,,,,,,,,,25609600.0,,40482600.0,12689200.0,,,,,6540600.0,185300.0,,,,,,,,,,,,,,,,,,,,,,25747700.0,36856600.0,,,124800.0,,2300.0,,,545900.0,,,11108900.0,,8201776.0,,8194072.0,,
2019-02-28,2019-05-29,10-K,EDUCATIONAL DEVELOPMENT CORPORATION,EDUC,CIK0000031667,USD,14228600.0,,,3258800.0,756400.0,832100.0,869200.0,7123400.0,8975100.0,,401800.0,-2731600.0,629900.0,,268600.0,268600.0,,,,40.0,400000.0,0.0,69266300.0,41507200.0,,0.0,3199300.0,476000.0,476000.0,250000.0,,,0.2,,0.2,16000000.0,12092080.0,8195082.0,2418400.0,,,39063600.0,,1253600.0,1766700.0,513100.0,,,,674500.0,735700.0,,1415100.0,872600.0,965600.0,965600.0,61200.0,116200.0,658700.0,658700.0,,87600.0,,,,542500.0,,,252900.0,72500.0,27500.0,116200.0,,872600.0,,,872600.0,1415100.0,1455800.0,,,1227900.0,1638000.0,410100.0,,0.8999999999999999,,0.8800000000000001,0.273,0.21,0.016,0.047,2039000.0,,,,16164300.0,95583500.0,,,,9180800.0,2502400.0,,2874300.0,0.0,,,,,,2399100.0,,419100.0,-1042400.0,694000.0,,272600.0,,7106800.0,,,337100.0,7479.0,,,931300.0,,926900.0,,,,33445600.0,575000.0,48600.0,,18800.0,,,,,,,,,,,,,,,,,,,43335800.0,69266300.0,23523500.0,0.0,,,,,0.0,,,19776600.0,945900.0,14576900.0,945900.0,1139500.0,1087600.0,1038100.0,988600.0,,18830700.0,-2071400.0,-1399400.0,3946800.0,7233900.0,6678400.0,,,2.0,71195300.0,,,,,,,17838800.0,1462700.0,1434000.0,1405900.0,1378300.0,10806600.0,1351300.0,,,1294200.0,19500.0,1559700.0,,1545000.0,,4177900.0,109000.0,,,,,42800000.0,,,,256500.0,1227900.0,,1399400.0,1603500.0,,,,,0.0,,0.0,342700.0,0.0,,34288000.0,27164600.0,,1233400.0,10359900.0,74100.0,140700.0,,,,,929700.0,,25754900.0,,142436700.0,36480400.0,,,,,18550600.0,401800.0,,,,,,,,,0.0,,,,10000.0,2.63,0.0,0.0,,,,,,25930500.0,37148400.0,0.0,,342700.0,,256500.0,,,547000.0,,,11217900.0,,8196628.0,,8189149.0,,
2019-05-31,2019-07-15,10-Q,EDUCATIONAL DEVELOPMENT CORPORATION,EDUC,CIK0000031667,USD,12043700.0,,,3075600.0,1191500.0,,,,9209500.0,,166300.0,-2203200.0,,,368800.0,,,,,,,,66632000.0,39075800.0,,0.0,1402400.0,-1796900.0,-1796900.0,,,,0.05,,0.2,16000000.0,12092080.0,8195082.0,2418400.0,,,9056200.0,,,,,,,,,-51800.0,,,,388900.0,388900.0,,,,,,,,,,,,,,,,,,,,,820800.0,,366200.0,,,408900.0,408900.0,408900.0,,0.17,,0.17,,,,,1926700.0,,,,3938200.0,18531200.0,,,,1846500.0,482900.0,,100200.0,,,,,,,-2184900.0,,-79700.0,435100.0,-957900.0,,-576700.0,,160600.0,,,-460600.0,6790.0,,,232000.0,,232000.0,,,,33507900.0,556000.0,,,2700.0,0.046,52900.0,,8400.0,14200.0,13700.0,13200.0,9600.0,6200.0,17646100.0,1471700.0,1470000.0,,1041600.0,10806600.0,1441900.0,1414300.0,,39760600.0,66632000.0,20197300.0,0.0,,,,,,,,19538800.0,944900.0,14579600.0,705900.0,1139400.0,1087500.0,1038000.0,988400.0,,18593900.0,-828000.0,-129300.0,-839600.0,1363600.0,1363600.0,,,2.0,16855100.0,3100.0,,13300.0,39600.0,3100.0,52900.0,59100.0,,,,,,,,,,72500.0,402400.0,,,,3292700.0,148600.0,,,,,,9200000.0,,302500.0,,410100.0,,129300.0,1089900.0,,,,0.0,,,,122400.0,,,,26927700.0,,1323500.0,10359900.0,103500.0,117300.0,,,,,237800.0,,26709600.0,,27587400.0,8533000.0,,,,,4383900.0,166300.0,,,,,,,,,,,,,,,,,,,,,,26871400.0,38337500.0,,,122400.0,,302500.0,,,,,,11466100.0,,8191062.0,,8184272.0,,
2019-08-31,2019-10-15,10-Q,EDUCATIONAL DEVELOPMENT CORPORATION,EDUC,CIK0000031667,USD,13180700.0,,,3498700.0,1070400.0,,,,9368100.0,,166200.0,,,,311700.0,,,,,,,,68536700.0,41093600.0,,,966800.0,,,,,,0.05,,0.2,16000000.0,12400080.0,8447898.0,2480000.0,,,8046400.0,,,,,,,,,,,,,,751900.0,,,,,,,,,,,,,,,,,,,,,1000200.0,,,,,,422300.0,422300.0,,0.12,,0.12,,,,,1751500.0,,,,3717600.0,16391600.0,,,,1366700.0,359100.0,,,,,,,,,,,,,,,,,,,,,6142.0,,,242500.0,,,,,,35619700.0,658600.0,,,,0.046,50400.0,,8400.0,14200.0,13700.0,13200.0,6400.0,5500.0,17300300.0,1471700.0,1470000.0,,695900.0,10806500.0,1441900.0,1414300.0,,41222300.0,68536700.0,21698700.0,1056100.0,,,,,1056100.0,,,19304500.0,927200.0,14579300.0,471700.0,1139400.0,1087500.0,1038100.0,988500.0,,18377300.0,,,,1007600.0,1007600.0,,,,15173200.0,3100.0,,13400.0,37100.0,3100.0,50400.0,55900.0,,,,,,,,,,70000.0,390800.0,,,,2538600.0,146100.0,,,,,,8000000.0,,,,,,,1008400.0,,,,,,,,,,,,26714500.0,,1413800.0,10359900.0,,,,,,,,,27294900.0,,24438000.0,7263100.0,,,,,4192500.0,166200.0,,,,,,,,,,,,,,,,,,,,,,27314400.0,39143000.0,,,108600.0,,417100.0,,,,,,11828600.0,,8318790.0,,8312648.0,,
2019-11-30,2020-01-14,10-Q,EDUCATIONAL DEVELOPMENT CORPORATION,EDUC,CIK0000031667,USD,12007500.0,,,4064300.0,1347400.0,,,,9603400.0,,166300.0,,,,247700.0,,,,,,,,71195000.0,43699000.0,,,8988900.0,,,,,,0.05,,0.2,16000000.0,12400080.0,8388016.0,2480000.0,,,13279900.0,,,,,,,,,,,,,,494800.0,,,,,,,,,,,,,,,,,,,,,953700.0,,,,,,423500.0,423500.0,,0.33,,0.33,,,,,3186400.0,,,,4373500.0,27544700.0,,,,3835700.0,1099900.0,,,,,,,,,,,,,,,,,,,,,5929.0,,,216500.0,,,,,,29673800.0,915900.0,,,,0.046,47900.0,,8400.0,14200.0,13700.0,13200.0,3200.0,4800.0,17428200.0,1575500.0,1570800.0,,373600.0,10859200.0,1539800.0,1509300.0,,41783700.0,71195000.0,22677900.0,0.0,,,,,,,,19057200.0,1053600.0,14246800.0,256200.0,1210600.0,1161600.0,1114600.0,1067400.0,,18003600.0,,,,2735800.0,2735800.0,,,,23895600.0,3200.0,,13400.0,34500.0,3200.0,47900.0,52700.0,,,,,,,,,,67400.0,403100.0,,,,4164700.0,148500.0,,,,,,6900000.0,,,,,,,972000.0,,,,,,,,,,,,26512700.0,,1751100.0,10809700.0,,,,,,,,,29607200.0,,40824600.0,13008600.0,,,,,6513500.0,166300.0,,,,,,,,,,,,,,,,,,,,,,29411300.0,41690600.0,,,152400.0,,534100.0,,,,,,12279300.0,,8412638.0,,8406709.0,,
2020-02-29,2020-05-26,10-K,EDUCATIONAL DEVELOPMENT CORPORATION,EDUC,CIK0000031667,USD,9661100.0,,,2967200.0,0.0,819400.0,655600.0,8549100.0,9843900.0,,665100.0,-1400700.0,579500.0,,237400.0,237400.0,,,,40.0,400000.0,0.0,64702800.0,37226200.0,,0.0,2999400.0,,-199900.0,250000.0,,,0.2,,0.2,16000000.0,12410080.0,8348651.0,2482000.0,,,36863300.0,,1518600.0,1986100.0,467500.0,,,,109300.0,120700.0,120700.0,1644500.0,993300.0,385300.0,385300.0,11400.0,0.0,651200.0,,,69200.0,,,,651200.0,,,363900.0,64100.0,27200.0,0.0,,993300.0,,,,1644500.0,1425700.0,,,,1667800.0,417400.0,,0.74,,0.74,0.272,0.21,0.003,0.059,1657200.0,,,,15505100.0,89829700.0,,,,7751900.0,2106800.0,,3084100.0,221700.0,,,,,,-4567500.0,,-227700.0,-978100.0,-1284700.0,,-580300.0,,-2598200.0,,,-590200.0,4716.0,,,888100.0,,899100.0,,,,30087300.0,1016700.0,239800.0,,18800.0,,45200.0,,8400.0,14200.0,13700.0,,13200.0,4300.0,17054600.0,1544600.0,1575500.0,,1509300.0,9314600.0,1570800.0,1539800.0,,35310000.0,64702800.0,16386600.0,0.0,,,,,0.0,,,18811700.0,1027400.0,13228000.0,1027400.0,1208600.0,1161800.0,1115300.0,1070600.0,,17784300.0,-3805500.0,-638800.0,4244400.0,6183200.0,5645100.0,,,2.0,69105900.0,12700.0,,13500.0,31700.0,12700.0,45200.0,49500.0,,,,,,,,0.046,911800.0,82200.0,1597300.0,549900.0,1519600.0,,3238200.0,145800.0,,,,,33100000.0,,,,1705800.0,1660500.0,,638800.0,950600.0,,,,0.0,,,0.0,499400.0,26300.0,,34926800.0,26377700.0,,1828900.0,10789500.0,63900.0,318400.0,,,,,964900.0,,29732200.0,,133173800.0,34994800.0,,,,,18606000.0,665100.0,,,,,,,,308000.0,0.0,,,,0.0,0.0,2.63,0.0,,9.94,,,,29392800.0,42058100.0,10000.0,26300.0,499400.0,254475.0,1705800.0,,,499300.0,,,12665300.0,,8323128.0,,8318412.0,,
2020-05-31,2020-07-13,10-Q,EDUCATIONAL DEVELOPMENT CORPORATION,EDUC,CIK0000031667,USD,11046300.0,,,2550500.0,380400.0,,,,10017900.0,,169000.0,10664100.0,,,296100.0,,,,,,,,72374500.0,45368300.0,,,14765500.0,,11766100.0,,,,0.06,,0.2,16000000.0,12410080.0,8352253.0,2482000.0,,,11395500.0,,,,,,,,,91200.0,91200.0,,1084500.0,2412100.0,2412100.0,,,,,,,,,,,,,,,,,,,,,,,409900.0,,,,502200.0,502200.0,,0.23,,0.23,,,,,3685800.0,2777500.0,,,4536000.0,26896200.0,,,2643900.0,2643900.0,712800.0,,19500.0,0.0,,,,,,1385200.0,,-348900.0,602100.0,2373300.0,,2026800.0,,-3080800.0,,,-29100.0,0.0,0.0,,182200.0,,184600.0,,,,27162400.0,780800.0,,,,,42500.0,,,8400.0,14200.0,13700.0,9900.0,3700.0,16908400.0,1562000.0,1592500.0,,916000.0,9694300.0,1587500.0,1556100.0,,41388300.0,72374500.0,22738600.0,0.0,,,,,,,,18548300.0,1126100.0,12844600.0,837000.0,1278600.0,1237100.0,1195500.0,1155500.0,,17422200.0,-685300.0,-143800.0,12595200.0,1931100.0,1931100.0,,,2.0,24476700.0,3200.0,,13500.0,29000.0,3200.0,42500.0,46200.0,,,,,,,,0.046,,113800.0,406600.0,,,,3585700.0,143000.0,,,,,,12370600.0,,75500.0,75500.0,417400.0,,143800.0,889900.0,,,,1447400.0,,,0.0,71000.0,,,,26111600.0,,1927100.0,10797900.0,67800.0,80000.0,,,,,1710800.0,,31161100.0,,38291700.0,13600500.0,,,,,6340200.0,169000.0,0.0,0.0,151000.0,6.3,0.0,0.0,,459000.0,,,,,,,,,,8.74,,,,30986200.0,43661000.0,,,71000.0,,75500.0,,,,,,12674800.0,,8352424.0,,8352424.0,,
2020-08-31,2020-10-13,10-Q,EDUCATIONAL DEVELOPMENT CORPORATION,EDUC,CIK0000031667,USD,24710700.0,,,3267800.0,1911500.0,,,,10245600.0,,216200.0,,,,319900.0,,,,,,,,84585600.0,57772900.0,,,22636300.0,,,,,,0.06,,0.2,16000000.0,12410080.0,8354691.0,2482000.0,,,17309500.0,,,,,,,,,,,,808200.0,,1228400.0,,,,,,,,,,,,,,,,,,,,,,,,,,,500300.0,501300.0,,0.51,,0.51,,,,,4417000.0,2561400.0,,,5664000.0,41940600.0,,,5799500.0,5799500.0,1544500.0,,,0.0,,,,,,,,,,,,,,,,,,0.0,0.0,,140000.0,,,,,,30563400.0,452000.0,,,,,39800.0,,,8400.0,14200.0,13700.0,6700.0,3200.0,16759100.0,1562000.0,1592500.0,,766800.0,9694300.0,1587400.0,1556100.0,,49609400.0,84585600.0,37939400.0,0.0,,,,,,,,11243600.0,522000.0,8711000.0,256200.0,605300.0,581000.0,556700.0,533400.0,,10721600.0,,,,4255000.0,4255000.0,,,,36500300.0,3300.0,,13600.0,26200.0,3300.0,39800.0,43000.0,,,,,,,,0.046,,111100.0,499200.0,,,,4648500.0,140200.0,,,,,,12400000.0,,,,,,,1305400.0,,,,,,,,,,,,26249600.0,,2020000.0,10806300.0,,,,,,,,,34915800.0,,59250100.0,20304400.0,,,,,10531900.0,216200.0,,,,,,,,459000.0,,,,,,,,,,8.74,,,,34976200.0,47643400.0,,,19100.0,,,,,,,,12667200.0,,8354214.0,,8354214.0,,
2020-11-30,2021-01-13,10-Q,EDUCATIONAL DEVELOPMENT CORPORATION,EDUC,CIK0000031667,USD,45159800.0,,,4115600.0,,,,,10552600.0,,291800.0,,,,345000.0,,,,,,,,112168100.0,84095800.0,,,31494300.0,,,,,,0.1,,0.2,16000000.0,12410080.0,8355972.0,2482000.0,,,19597800.0,,,,,,,,,,,,183500.0,,2330900.0,,,,,,,,,,,,,,,,,,,,,,,,,,,835500.0,835500.0,,0.51,,0.51,,,,,6252900.0,3139800.0,,,7082200.0,47152500.0,,,5774300.0,5774300.0,1504700.0,,,8400.0,,,,,,,,,,,,,,,,,,0.0,0.0,,119300.0,,,,,,47313800.0,754200.0,,,,,37000.0,,,8400.0,14200.0,13700.0,3400.0,2700.0,16239000.0,1547100.0,1577900.0,,383400.0,9615300.0,1573200.0,1542100.0,,73446800.0,112168100.0,62538900.0,0.0,,,,,,,,11114800.0,527700.0,8709300.0,128800.0,605400.0,581100.0,556800.0,533400.0,,10587100.0,,,,4269600.0,4269600.0,,,,41658700.0,3300.0,,13700.0,23300.0,3300.0,37000.0,39700.0,,,,,,,,0.046,,108300.0,399800.0,,,,7432100.0,137300.0,,,,,,34973000.0,,,,,,,1163700.0,,,,,,,,,,,,27209800.0,,2120000.0,10846200.0,,,,,,,,,38349900.0,,66750300.0,22960300.0,,,,,11616200.0,291800.0,,,,,,,,600000.0,,,,,,,,,,8.14,,,,38721300.0,51384500.0,,,19200.0,,,,,,,,12663200.0,,8355831.0,,8355831.0,,
2021-02-28,2021-05-13,10-K,EDUCATIONAL DEVELOPMENT CORPORATION,EDUC,CIK0000031667,USD,19674300.0,1061200.0,,3346700.0,130200.0,1695000.0,1423400.0,10182300.0,10863900.0,,938600.0,-4806300.0,1181300.0,,331900.0,331900.0,,,,40.0,400000.0,0.0,88850500.0,58140600.0,,1061200.0,1812200.0,,-1187200.0,250000.0,,,0.32,,0.2,16000000.0,12410080.0,8346600.0,2482000.0,,,60037000.0,,3236400.0,4138000.0,901600.0,,,,382100.0,468800.0,-903400.0,1283700.0,89900.0,2475900.0,2475900.0,86700.0,,,,,127700.0,,,,1193800.0,,,754200.0,89600.0,27200.0,,,89900.0,,,,1283700.0,1633200.0,,,,2673200.0,835100.0,,1.77,,1.75,0.267,0.21,0.002,0.055,3488000.0,2878200.0,,,22541500.0,173206900.0,,,,17230800.0,4606800.0,,4806900.0,0.0,,,,,,8952000.0,,519400.0,351900.0,4676000.0,,1528800.0,,21542300.0,,,260100.0,74250.0,,,561000.0,,582000.0,,,,51762400.0,685300.0,478600.0,,,,34100.0,13700.0,36300.0,8400.0,14200.0,,,2200.0,15855600.0,1524300.0,1547100.0,1542100.0,,8091000.0,1577900.0,1573200.0,,48590700.0,88850500.0,37915300.0,5245300.0,,,,,5245300.0,,,10984700.0,533500.0,,533500.0,8707800.0,605400.0,581200.0,556800.0,,10451200.0,-4859600.0,-4145300.0,7817700.0,14792300.0,12624000.0,,0.0,2.0,128642400.0,13200.0,,13700.0,20400.0,13200.0,34100.0,,,,,,,,,0.046,1522800.0,73600.0,1836100.0,6467400.0,1114100.0,,5533000.0,134300.0,,,,,72400000.0,,,,163800.0,2255500.0,,4145300.0,1219300.0,,,,1447400.0,,,5245300.0,141400.0,0.0,,40133300.0,29951000.0,,2216700.0,10826400.0,139800.0,198600.0,,,,,9274400.0,,39683000.0,,244978100.0,69977200.0,,,,,36123700.0,938600.0,13000.0,,,,0.0,,305000.0,600000.0,0.0,,,6.3,0.0,0.0,0.0,0.0,7.7,8.14,0.0,,,40259800.0,53028900.0,0.0,,141400.0,22565.0,163800.0,,514594.0,986400.0,,,12769100.0,,8426724.0,,8352474.0,0.0,0.0
2021-05-31,2021-07-08,10-Q,EDUCATIONAL DEVELOPMENT CORPORATION,EDUC,CIK0000031667,USD,18035700.0,,,3974200.0,1097900.0,,,,11152100.0,,261600.0,-8314500.0,,,360400.0,,,,,,,,94649700.0,63743900.0,,,1756600.0,,-55600.0,,,,0.1,,0.2,16000000.0,12410080.0,8348314.0,2482000.0,,,12029900.0,,,,,,,,,,237500.0,,327400.0,1627000.0,1627000.0,,,,,,,,,,,,,,,,,,,,,,,432000.0,,,,834800.0,834800.0,,0.43,,0.41,,,,,1873900.0,2616600.0,,,5139000.0,28778000.0,,,4660600.0,,1222500.0,,17200.0,,,,,,,-577400.0,,665100.0,967700.0,-3617900.0,,-287100.0,,4928000.0,,,235400.0,,452716.0,,167800.0,,152400.0,,,,56555100.0,760600.0,,,,,,,,,,,,,15472200.0,1524300.0,1547100.0,,1158700.0,8091000.0,1577900.0,1573200.0,,51493000.0,94649700.0,37481500.0,8732500.0,,,,,8732500.0,,,14738500.0,1185700.0,389600.0,838600.0,9289300.0,1426400.0,1407100.0,1387500.0,,13552800.0,6438000.0,-1617200.0,-4876400.0,3438100.0,3438100.0,,3896200.0,2.0,24548300.0,,,,,,,,,,,,,,,,,70300.0,598700.0,4114600.0,,,4094000.0,131300.0,,,,,,18779100.0,,,0.0,835100.0,,1617200.0,1458000.0,,,,3896200.0,,,3487200.0,32000.0,,,,30074900.0,,2312100.0,10826400.0,37600.0,60000.0,,,,,142300.0,,42286300.0,,40807900.0,12966700.0,,,,,6442600.0,261600.0,,,,,0.0,,,600000.0,,,,,,,,,,8.14,0.0,,,43156700.0,55920400.0,,,32000.0,,,,,,,,12763700.0,,8481980.0,,8029264.0,,
2021-08-31,2021-10-07,10-Q,EDUCATIONAL DEVELOPMENT CORPORATION,EDUC,CIK0000031667,USD,18519000.0,,,3894400.0,126100.0,,,,11377900.0,,261700.0,,,,388100.0,,,,,,,,103003900.0,70930500.0,,,921200.0,,,,,,0.1,,0.2,16000000.0,12702080.0,8650229.0,2540400.0,,,10498900.0,,,,,,,,,,,,41400.0,,751400.0,,,,,,,,,,,,,,,,,,,,,,,,,,,893600.0,865000.0,,0.24,,0.23,,,,,1896400.0,2355000.0,,,4793900.0,22495500.0,,,2658100.0,,759900.0,,,,,,,,,,,,,,,,,,,,,,406754.0,,213700.0,,,,,,64707400.0,843400.0,,,,,,,,,,,,,15088700.0,1524300.0,1547100.0,,775200.0,8091000.0,1577900.0,1573200.0,,58520500.0,103003900.0,44086700.0,16653800.0,,,,,16653800.0,,,15923600.0,1645200.0,525500.0,816900.0,9546400.0,1697700.0,1678300.0,1658800.0,,14278400.0,,,,1898200.0,1898200.0,,5244700.0,,20139000.0,,,,,,,,,,,,,,,,,43600.0,515300.0,2796900.0,,,3629800.0,114000.0,,,,,,,,,,,,,1407500.0,,,,,,,,,,,,31186400.0,,2407600.0,10828600.0,,,,,,,,,43290900.0,,32994400.0,10105200.0,,,,,5239900.0,261700.0,,,,,,,,600000.0,,,,,,,,,,8.14,,,,44483400.0,57209200.0,,,60400.0,,,,,,,,12725800.0,,8435348.0,,8028594.0,,
2021-11-30,2022-01-06,10-Q,EDUCATIONAL DEVELOPMENT CORPORATION,EDUC,CIK0000031667,USD,23064500.0,,,4731600.0,584100.0,,,,11683000.0,,261600.0,,,,315600.0,,,,,,,,109069800.0,76078300.0,,,906700.0,,,,,,0.1,,0.2,16000000.0,12702080.0,8656135.0,2540400.0,,,13897300.0,,,,,,,,,,,,0.0,,1155700.0,,,,,,,,,,,,,,,,,,,,,,,,,,,865600.0,865600.0,,0.33,,0.31,,,,,3559500.0,2093500.0,,,5915000.0,31215000.0,,,3602600.0,,956000.0,,,,,,,,,,,,,,,,,,,,,,401161.0,,228300.0,,,,,,69236200.0,1848500.0,,,,,,,,,,,,,14704600.0,1524300.0,1547100.0,,391100.0,8091000.0,1577900.0,1573200.0,,62481800.0,109069800.0,39252900.0,3019400.0,,,,,3019400.0,,,25527900.0,2525400.0,6641600.0,622700.0,10499200.0,2634700.0,2587900.0,2541800.0,,22952900.0,,,,2646600.0,2646600.0,,,,27785000.0,,,,,,,,,,,,,,,,,248100.0,400900.0,4204700.0,,,4478700.0,276000.0,,,,,,15946700.0,,,,,,,1203800.0,,,,,,,,,,,,30758100.0,,2506600.0,10834300.0,,,,,,,,,45071900.0,,45112300.0,14515500.0,,,,,7354500.0,261600.0,,,,,,,,600000.0,,,,,,,,,,8.14,,,,46588000.0,59295300.0,,,62000.0,,,,,,,,12707300.0,,8430221.0,,8029060.0,49600.0,136800.0
