end,filed,form,Name,Ticker,CIK,Currency,AccountsAndNotesReceivableNet,AccountsAndOtherReceivablesNetCurrent,AccountsPayableCurrent,AccruedEnvironmentalLossContingenciesNoncurrent,AccruedProfessionalFeesCurrent,AccumulatedDepreciationDepletionAndAmortizationPropertyPlantAndEquipment,AccumulatedOtherComprehensiveIncomeLossNetOfTax,AdditionalPaidInCapitalCommonStock,AdjustmentsToAdditionalPaidInCapitalSharebasedCompensationRequisiteServicePeriodRecognitionValue,AdjustmentToAdditionalPaidInCapitalIncomeTaxEffectFromShareBasedCompensationNet,AdvertisingExpense,AllocatedShareBasedCompensationExpense,AssetImpairmentCharges,Assets,AssetsCurrent,AssetsHeldForSaleLongLivedFairValueDisclosure,BusinessAcquisitionCostOfAcquiredEntityCashPaid,BusinessAcquisitionCostOfAcquiredEntityPurchasePrice,BusinessAcquisitionPurchasePriceAllocationGoodwillAmount,BusinessCombinationAcquisitionRelatedCosts,CapitalizedComputerSoftwareAmortization,CapitalizedComputerSoftwareAmortization1,CapitalizedComputerSoftwareGross,CapitalLeaseObligationsIncurred,CashAndCashEquivalentsAtCarryingValue,CashAndCashEquivalentsPeriodIncreaseDecrease,CashCashEquivalentsRestrictedCashAndRestrictedCashEquivalents,CashCashEquivalentsRestrictedCashAndRestrictedCashEquivalentsPeriodIncreaseDecreaseIncludingExchangeRateEffect,CashEquivalentsAtCarryingValue,CommonStockParOrStatedValuePerShare,CommonStockSharesAuthorized,CommonStockSharesIssued,CommonStockSharesOutstanding,CommonStockValue,ComprehensiveIncomeNetOfTax,ConcentrationRiskPercentage1,ContractWithCustomerLiability,ContractWithCustomerRightToRecoverProductCurrent,CostOfGoodsAndServicesSold,CostOfGoodsSold,CostOfServices,CurrentFederalTaxExpenseBenefit,CurrentForeignTaxExpenseBenefit,CurrentIncomeTaxExpenseBenefit,CurrentStateAndLocalTaxExpenseBenefit,DebtInstrumentInterestRateStatedPercentage,DeferredFederalIncomeTaxExpenseBenefit,DeferredForeignIncomeTaxExpenseBenefit,DeferredIncomeTaxAssetsNet,DeferredIncomeTaxExpenseBenefit,DeferredIncomeTaxLiabilities,DeferredIncomeTaxLiabilitiesNet,DeferredRentCreditNoncurrent,DeferredRevenueLeasesCurrent,DeferredRevenueLeasesNetNoncurrent,DeferredStateAndLocalIncomeTaxExpenseBenefit,DeferredTaxAssetsGross,DeferredTaxAssetsGrossCurrent,DeferredTaxAssetsInventory,DeferredTaxAssetsLiabilitiesNet,DeferredTaxAssetsLiabilitiesNetCurrent,DeferredTaxAssetsNet,DeferredTaxAssetsOperatingLossCarryforwardsDomestic,DeferredTaxAssetsOperatingLossCarryforwardsForeign,DeferredTaxAssetsOther,DeferredTaxAssetsOtherLossCarryforwards,DeferredTaxAssetsTaxDeferredExpenseCompensationAndBenefitsEmployeeBenefits,DeferredTaxAssetsTaxDeferredExpenseCompensationAndBenefitsShareBasedCompensationCost,DeferredTaxAssetsTaxDeferredExpenseReservesAndAccrualsLegalSettlements,DeferredTaxAssetsTaxDeferredExpenseReservesAndAccrualsOther,DeferredTaxAssetsTaxDeferredExpenseReservesAndAccrualsReserves,DeferredTaxAssetsValuationAllowance,DeferredTaxLiabilities,DeferredTaxLiabilitiesGrossNoncurrent,DeferredTaxLiabilitiesNoncurrent,DeferredTaxLiabilitiesOther,DeferredTaxLiabilitiesPrepaidExpenses,DeferredTaxLiabilitiesPropertyPlantAndEquipment,DefinedContributionPlanEmployerDiscretionaryContributionAmount,DefinedContributionPlanEmployerMatchingContributionPercent,DefinedContributionPlanMaximumAnnualContributionPerEmployeePercent,DefinedContributionPlanMaximumAnnualContributionsPerEmployeePercent,DepositsAssetsCurrent,DepreciationDepletionAndAmortization,DisposalGroupNotDiscontinuedOperationLossGainOnWriteDown,DueFromBanks,EarningsPerShareBasic,EarningsPerShareDiluted,EffectiveIncomeTaxRateContinuingOperations,EffectiveIncomeTaxRateReconciliationAtFederalStatutoryIncomeTaxRate,EffectiveIncomeTaxRateReconciliationChangeInDeferredTaxAssetsValuationAllowance,EffectiveIncomeTaxRateReconciliationChangeInEnactedTaxRate,EffectiveIncomeTaxRateReconciliationForeignIncomeTaxRateDifferential,EffectiveIncomeTaxRateReconciliationNondeductibleExpenseOther,EffectiveIncomeTaxRateReconciliationOtherAdjustments,EffectiveIncomeTaxRateReconciliationStateAndLocalIncomeTaxes,EffectOfExchangeRateOnCashAndCashEquivalents,EffectOfExchangeRateOnCashAndCashEquivalentsContinuingOperations,EmployeeRelatedLiabilitiesCurrent,EmployeeServiceShareBasedCompensationNonvestedAwardsTotalCompensationCostNotYetRecognizedStockOptions,ExcessTaxBenefitFromShareBasedCompensationFinancingActivities,ExcessTaxBenefitFromShareBasedCompensationOperatingActivities,FinancialGuaranteeInsuranceContractsPremiumsReceivableAdjustment,Goodwill,GoodwillImpairmentLoss,GrossProfit,ImpairmentOfLongLivedAssetsHeldForUse,IncomeLossFromContinuingOperationsBeforeIncomeTaxesDomestic,IncomeLossFromContinuingOperationsBeforeIncomeTaxesExtraordinaryItemsNoncontrollingInterest,IncomeLossFromContinuingOperationsBeforeIncomeTaxesForeign,IncomeLossFromContinuingOperationsBeforeIncomeTaxesMinorityInterestAndIncomeLossFromEquityMethodInvestments,IncomeTaxExpenseBenefit,IncomeTaxesPaid,IncomeTaxesPaidNet,IncomeTaxesReceivable,IncomeTaxReceivable,IncomeTaxReconciliationChangeInDeferredTaxAssetsValuationAllowance,IncomeTaxReconciliationChangeInEnactedTaxRate,IncomeTaxReconciliationForeignIncomeTaxRateDifferential,IncomeTaxReconciliationIncomeTaxExpenseBenefitAtFederalStatutoryIncomeTaxRate,IncomeTaxReconciliationNondeductibleExpenseOther,IncomeTaxReconciliationOtherAdjustments,IncomeTaxReconciliationStateAndLocalIncomeTaxes,IncreaseDecreaseInAccountsPayable,IncreaseDecreaseInAccruedLiabilities,IncreaseDecreaseInAccruedSalaries,IncreaseDecreaseInAssetsHeldForSale,IncreaseDecreaseInDepositOtherAssets,IncreaseDecreaseInInventories,IncreaseDecreaseInOtherAccruedLiabilities,IncreaseDecreaseInOtherOperatingAssets,IncreaseDecreaseInOtherOperatingCapitalNet,IncreaseDecreaseInOtherOperatingLiabilities,IncreaseDecreaseInOtherReceivables,IncreaseDecreaseInPrepaidDeferredExpenseAndOtherAssets,IndefiniteLivedIntangibleAssetsExcludingGoodwill,InsuranceSettlementsReceivableCurrent,InterestPaid,InventoryNet,InventoryValuationReserves,InventoryWriteDown,IssuanceOfStockAndWarrantsForServicesOrClaims,LeaseAndRentalExpense,LeaseCost,LesseeOperatingLeaseLiabilityPaymentsDue,LesseeOperatingLeaseLiabilityPaymentsDueAfterYearFive,LesseeOperatingLeaseLiabilityPaymentsDueNextTwelveMonths,LesseeOperatingLeaseLiabilityPaymentsDueYearFive,LesseeOperatingLeaseLiabilityPaymentsDueYearFour,LesseeOperatingLeaseLiabilityPaymentsDueYearThree,LesseeOperatingLeaseLiabilityPaymentsDueYearTwo,LesseeOperatingLeaseLiabilityPaymentsRemainderOfFiscalYear,LesseeOperatingLeaseLiabilityUndiscountedExcessAmount,Liabilities,LiabilitiesAndStockholdersEquity,LiabilitiesCurrent,LiabilitiesOtherThanLongtermDebtNoncurrent,LiabilityForUncertainTaxPositionsCurrent,LineOfCreditFacilityCurrentBorrowingCapacity,LineOfCreditFacilityInterestRateAtPeriodEnd,LineOfCreditFacilityMaximumBorrowingCapacity,LineOfCreditFacilityRemainingBorrowingCapacity,LineOfCreditFacilityUnusedCapacityCommitmentFeePercentage,LitigationReserveCurrent,LitigationReserveNoncurrent,LitigationSettlementAmount,LitigationSettlementAmountAwardedToOtherParty,LitigationSettlementExpense,LongTermDebtFairValue,LongTermLineOfCredit,LossContingencyAccrualPayments,LossContingencyAccrualProvision,LossContingencyDamagesSoughtValue,LossContingencyEstimateOfPossibleLoss,NetCashProvidedByUsedInFinancingActivities,NetCashProvidedByUsedInFinancingActivitiesContinuingOperations,NetCashProvidedByUsedInInvestingActivities,NetCashProvidedByUsedInInvestingActivitiesContinuingOperations,NetCashProvidedByUsedInOperatingActivities,NetCashProvidedByUsedInOperatingActivitiesContinuingOperations,NetIncomeLoss,NotesReceivableNet,NumberOfStatesInWhichEntityOperates,NumberOfStatesInWhichEntityOperates,NumberOfStatesInWhichEntityOperates,NumberOfStatesInWhichEntityOperates,NumberOfStores,OffMarketLeaseUnfavorable,OperatingIncomeLoss,OperatingLeaseCost,OperatingLeaseExpense,OperatingLeaseImpairmentLoss,OperatingLeaseLiability,OperatingLeaseLiabilityCurrent,OperatingLeaseLiabilityNoncurrent,OperatingLeasePayments,OperatingLeaseRightOfUseAsset,OperatingLeasesFutureMinimumPaymentsDue,OperatingLeasesFutureMinimumPaymentsDueCurrent,OperatingLeasesFutureMinimumPaymentsDueInFiveYears,OperatingLeasesFutureMinimumPaymentsDueInFourYears,OperatingLeasesFutureMinimumPaymentsDueInThreeYears,OperatingLeasesFutureMinimumPaymentsDueInTwoYears,OperatingLeasesFutureMinimumPaymentsDueThereafter,OperatingLeasesRentExpenseNet,OperatingLeaseWeightedAverageDiscountRatePercent,OtherAccruedLiabilitiesCurrent,OtherAssetImpairmentCharges,OtherAssetsCurrent,OtherAssetsNoncurrent,OtherComprehensiveIncomeForeignCurrencyTransactionAndTranslationAdjustmentNetOfTaxPeriodIncreaseDecrease,OtherComprehensiveIncomeForeignCurrencyTransactionAndTranslationAdjustmentNetOfTaxPortionAttributableToParent,OtherComprehensiveIncomeForeignCurrencyTransactionAndTranslationGainLossArisingDuringPeriodNetOfTax,OtherComprehensiveIncomeLossForeignCurrencyTransactionAndTranslationReclassificationAdjustmentFromAOCIRealizedUponSaleOrLiquidationNetOfTax,OtherComprehensiveIncomeLossNetOfTaxPortionAttributableToParent,OtherLiabilitiesCurrent,OtherLiabilitiesNoncurrent,OtherNoncashExpense,OtherNoncashIncome,OtherNonoperatingExpense,OtherNonoperatingIncomeExpense,OtherSignificantNoncashTransactionValueOfConsiderationGiven1,OtherSundryLiabilitiesNoncurrent,PaymentsForLegalSettlements,PaymentsForProceedsFromOtherInvestingActivities,PaymentsForRepurchaseOfCommonStock,PaymentsOfDebtIssuanceCosts,PaymentsRelatedToTaxWithholdingForShareBasedCompensation,PaymentsToAcquireBusinessesAndInterestInAffiliates,PaymentsToAcquireBusinessesGross,PaymentsToAcquirePropertyPlantAndEquipment,PrepaidAdvertising,PrepaidExpenseCurrent,ProceedsAndExcessTaxBenefitFromSharebasedCompensation,ProceedsFromIncomeTaxRefunds,ProceedsFromLinesOfCredit,ProceedsFromPaymentsForOtherFinancingActivities,ProceedsFromSaleOfMachineryAndEquipment,ProceedsFromSaleOfProductiveAssets,ProceedsFromStockOptionsExercised,ProductWarrantyAccrual,ProfitLoss,PropertyPlantAndEquipmentGross,PropertyPlantAndEquipmentNet,ProvisionForDoubtfulAccounts,RepaymentsOfDebtAndCapitalLeaseObligations,RepaymentsOfLinesOfCredit,RepaymentsOfOtherDebt,RetainedEarningsAccumulatedDeficit,RevenueFromContractWithCustomerExcludingAssessedTax,RevenueFromRelatedParties,RightOfUseAssetObtainedInExchangeForOperatingLeaseLiability,SalesRevenueGoodsNet,SalesRevenueNet,SalesRevenueServicesNet,SelfInsuranceReserveCurrent,SellingGeneralAndAdministrativeExpense,ShareBasedCompensation,ShareBasedCompensationArrangementByShareBasedPaymentAwardEquityInstrumentsOtherThanOptionsGrantsInPeriod,ShareBasedCompensationArrangementByShareBasedPaymentAwardEquityInstrumentsOtherThanOptionsVestedInPeriod,ShareBasedCompensationArrangementByShareBasedPaymentAwardFairValueAssumptionsExpectedDividendRate,ShareBasedCompensationArrangementByShareBasedPaymentAwardFairValueAssumptionsExpectedVolatilityRate,ShareBasedCompensationArrangementByShareBasedPaymentAwardFairValueAssumptionsRiskFreeInterestRate,ShareBasedCompensationArrangementByShareBasedPaymentAwardFairValueAssumptionsRiskFreeInterestRateMaximum,ShareBasedCompensationArrangementByShareBasedPaymentAwardFairValueAssumptionsRiskFreeInterestRateMinimum,ShareBasedCompensationArrangementByShareBasedPaymentAwardNumberOfAdditionalSharesAuthorized,ShareBasedCompensationArrangementByShareBasedPaymentAwardOptionsExercisableNumber,ShareBasedCompensationArrangementByShareBasedPaymentAwardOptionsExercisableWeightedAverageExercisePrice,ShareBasedCompensationArrangementByShareBasedPaymentAwardOptionsExercisesInPeriodTotalIntrinsicValue,ShareBasedCompensationArrangementByShareBasedPaymentAwardOptionsForfeituresInPeriod,ShareBasedCompensationArrangementByShareBasedPaymentAwardOptionsGrantsInPeriodGross,ShareBasedCompensationArrangementByShareBasedPaymentAwardOptionsGrantsInPeriodWeightedAverageGrantDateFairValue,ShareBasedCompensationArrangementByShareBasedPaymentAwardOptionsOutstandingIntrinsicValue,ShareBasedCompensationArrangementByShareBasedPaymentAwardOptionsOutstandingNumber,ShareBasedCompensationArrangementByShareBasedPaymentAwardOptionsOutstandingWeightedAverageExercisePrice,ShareBasedCompensationArrangementByShareBasedPaymentAwardOptionsVestedAndExpectedToVestOutstandingAggregateIntrinsicValue,ShareBasedCompensationArrangementByShareBasedPaymentAwardOptionsVestedAndExpectedToVestOutstandingNumber,ShareBasedCompensationArrangementByShareBasedPaymentAwardOptionsVestedAndExpectedToVestOutstandingWeightedAverageExercisePrice,ShareBasedCompensationArrangementsByShareBasedPaymentAwardOptionsExercisesInPeriodWeightedAverageExercisePrice,ShareBasedCompensationArrangementsByShareBasedPaymentAwardOptionsForfeituresInPeriodWeightedAverageExercisePrice,ShareBasedCompensationArrangementsByShareBasedPaymentAwardOptionsGrantsInPeriodWeightedAverageExercisePrice,SharebasedCompensationArrangementBySharebasedPaymentAwardOptionsExercisableIntrinsicValue1,SharePrice,StockGrantedDuringPeriodValueSharebasedCompensationForfeited,StockholdersEquity,StockIssuedDuringPeriodSharesOther,StockIssuedDuringPeriodSharesStockOptionsExercised,StockIssuedDuringPeriodValueOther,StockIssuedDuringPeriodValueRestrictedStockAwardNetOfForfeitures,StockIssuedDuringPeriodValueStockOptionsExercised,StockRepurchasedAndRetiredDuringPeriodValue,StockRepurchaseProgramAuthorizedAmount,StockRepurchaseProgramAuthorizedAmount1,StockRepurchaseProgramRemainingAuthorizedRepurchaseAmount,StockRepurchaseProgramRemainingAuthorizedRepurchaseAmount1,TaxesPayableCurrent,TreasuryStockAcquiredAverageCostPerShare,TreasuryStockShares,TreasuryStockSharesAcquired,TreasuryStockValue,TreasuryStockValueAcquiredCostMethod,UnrecognizedTaxBenefits,UnrecognizedTaxBenefitsDecreasesResultingFromCurrentPeriodTaxPositions,UnrecognizedTaxBenefitsDecreasesResultingFromPriorPeriodTaxPositions,UnrecognizedTaxBenefitsDecreasesResultingFromSettlementsWithTaxingAuthorities,UnrecognizedTaxBenefitsIncreasesResultingFromCurrentPeriodTaxPositions,UnrecognizedTaxBenefitsIncreasesResultingFromPriorPeriodTaxPositions,UnrecognizedTaxBenefitsReductionsResultingFromLapseOfApplicableStatuteOfLimitations,UnrecognizedTaxBenefitsThatWouldImpactEffectiveTaxRate,UnusualOrInfrequentItemInsuranceProceeds,ValuationAllowanceDeferredTaxAssetChangeInAmount,VariableLeaseCost,WeightedAverageNumberDilutedSharesOutstandingAdjustment,WeightedAverageNumberOfDilutedSharesOutstanding,WeightedAverageNumberOfSharesOutstandingBasic,RepaymentsOfDebt,TaxCutsAndJobsActOf2017IncomeTaxExpenseBenefit
2008-12-31,2009-03-11,10-K,"LL Flooring Holdings,Â Inc.",LL,CIK0001396033,USD,,,,,,,,,,,,,,,,,,,,,,,,,35139000.0,,,,,,,,,,,,,,,,,,,,,,,,,,,,,,,,,,,,,,,,,,,,,,,,,,,,,,,,,,,,,,,,,,,,,,,,,,,,,,,,,,,,,,,,,,,,,,,,,,,,,,,,,,,,,,,,,,,,,,,,,,,,,,,,,,,,,,,,,,,,,,,,,,,,,,,,,,,,,,,,,,,,,,,,,,,,,,,,,,,,,,,,,,,,,,,,,,,,,,,,,,,,,,,,,,,,,,,,,,,,,,,,,,,,,,,,,,,,,,,,,,,,,,,,,,,,,,,,,,,,114397000.0,,,,,,,,,,,,,,,,,,,,,,,,,,,,,,,,
2009-12-31,2010-02-18,10-K,"LL Flooring Holdings,Â Inc.",LL,CIK0001396033,USD,,,,,,,,,2955000.0,1200000.0,,,,,,,,,,,,,,,35675000.0,536000.0,,,,,,,,,26924000.0,,,,349891000.0,,,,,,,,,,,-956000.0,,,,,,,,,,,,,,,,,,,,,,,,,,,,,,,,,,4714000.0,,,1.0,0.97,,,,,,,,,,,,,1200000.0,,,,,194677000.0,,,,,44105000.0,17181000.0,,,,,,,,,,,,17235000.0,,,,,44611000.0,,,-2319000.0,,,155000.0,,,,,,,,,,,,,,,,,,,,,,,,,,,,,,,,,,,,,,,,4157000.0,,-11433000.0,,7812000.0,,26924000.0,,,,,,,,43607000.0,,,,,,,,,,,,,,,,,,,,,,,,,,,,,,,,498000.0,,,,,323000.0,,,,,,,,,,,-1000.0,,,3281000.0,,,,,,,,,,,,,,544568000.0,,,151070000.0,2955000.0,,,,,,,,,,,,,,,37237000.0,2046976.0,8.61,,,,,,,,,,148434000.0,,,,,3281000.0,323000.0,,,,,,,,,,,,,,,,,,,,,,,27684547.0,26983689.0,,
2010-06-30,2010-08-04,10-Q,"LL Flooring Holdings,Â Inc.",LL,CIK0001396033,USD,,,,,,,,,,,,,,,,,,,,,,,,,42169000.0,,,,,,,,,,,,,,110134000.0,,,,,,,,,,,,,,,,,,,,,,,,,,,,,,,,,,,,,,,,,,,,,,,,0.33,0.32,,,,,,,,,,,,,,,,,,58540000.0,,,,,14812000.0,5719000.0,,,,,,,,,,,,,,,,,,,,,,,,,,,,,,,,,,,,,,,,,,,,,,,,,,,,,,,,,,,,,,,,,,,,,9093000.0,,,,,,,,14677000.0,,,,,,,,,,,,,,,,,,,,,,,,,,,,,,,,135000.0,,,,,,,,,,,,,,,,,,,,,,,,,,,,,,,,,168674000.0,,,43863000.0,,,,,,,,,,,,,,,,,,,,,,,,,,,,,,,,,,,,,,,,,,,,,,,,,,,,,,,,,28292014.0,27385644.0,,
2010-09-30,2010-11-09,10-Q,"LL Flooring Holdings,Â Inc.",LL,CIK0001396033,USD,,,,,,,,,,,,,,,,,,,,,,,,,26787000.0,,,,,,,,,,,,,,95431000.0,,,,,,,,,,,,,,,,,,,,,,,,,,,,,,,,,,,,,,,,,,,,,,,,0.16,0.15,,,,,,,,,,,,,,,,,,51761000.0,,,,,6995000.0,2711000.0,,,,,,,,,,,,,,,,,,,,,,,,,,,,,,,,,,,,,,,,,,,,,,,,,,,,,,,,,,,,,,,,,,,,,4284000.0,,,,,,,,6852000.0,,,,,,,,,,,,,,,,,,,,,,,,,,,,,,,,143000.0,,,,,,,,,,,,,,,,,,,,,,,,,,,,,,,,,147192000.0,,,44909000.0,,,,,,,,,,,,,,,,,,,,,,,,,,,,,,,,,,,,,,,,,,,,,,,,,,,,,,,,,28234339.0,27420415.0,,
2010-12-31,2011-02-23,10-K,"LL Flooring Holdings,Â Inc.",LL,CIK0001396033,USD,,,33744000.0,,,,,100531000.0,3091000.0,1307000.0,49797000.0,,,242290000.0,202805000.0,,,,,,896000.0,,,,34830000.0,-845000.0,,,,0.001,35000000.0,,27472680.0,27000.0,26266000.0,,,,404451000.0,,,10231000.0,,12176000.0,1945000.0,,3926000.0,-148000.0,,4300000.0,2352000.0,,2746000.0,,,522000.0,,,,,,,,,,,,,,,,,,,,,,,520000.0,,,,,5773000.0,,,0.96,0.93,0.385,0.35,0.0,,0.001,,-0.001,0.035,,,2460000.0,,1307000.0,,,1050000.0,,215830000.0,,43306000.0,,-564000.0,42742000.0,16476000.0,14282000.0,,,,,,49000.0,14960000.0,,-11000.0,1478000.0,1136000.0,,,,,21789000.0,,,487000.0,,,3548000.0,,,,155131000.0,,,,13784000.0,,,,,,,,,,,,242290000.0,56687000.0,,,,,,,,,,,,,,,,,,,2714000.0,,-20535000.0,,16976000.0,,26266000.0,,,,,,,,42163000.0,,,,,,,,,,,,,,,,,,,,8007000.0,3121000.0,,,,,,5585000.0,,,,,579000.0,,,,,389000.0,,,,,,,4837000.0,,,,,,,1796000.0,,,,35314000.0,,,,,79947000.0,,124000.0,,,620281000.0,,,173667000.0,3091000.0,,85000.0,0.0,0.45,,0.032,0.019,,,,3742000.0,59664.0,289026.0,11.44,29635000.0,2069517.0,10.67,,,,8.68,13.24,24.35,,,,180505000.0,,206821.0,,,1796000.0,389000.0,,,,,2859000.0,,,,,389000.0,,,,,,,,,,,,862358.0,28246453.0,27384095.0,,
2011-03-31,2011-04-27,10-Q,"LL Flooring Holdings,Â Inc.",LL,CIK0001396033,USD,,,,,,,,,,,,,,,,,,,,,,,,,43130000.0,8300000.0,,,,,,,,,5776000.0,,,,101887000.0,,,,,,,,,,,,,,,,,,,,,,,,,,,,,,,,,,,,,,,,,,,,,1910000.0,,,0.21,0.2,0.387,,,,,,,,-2000.0,,,,659000.0,,,,,57793000.0,,,,,9427000.0,3650000.0,,,,,,,,,,,,-1168000.0,,,,,7861000.0,,,-4111000.0,,,737000.0,,,,,,,,,,,,,,,,,,,,,,,,,,,,,,,,,,,,,,,,1403000.0,,-4159000.0,,11058000.0,,5777000.0,,,,,,,,9340000.0,,,,,,,,,,,,,,,,,,,,,,,,-1000.0,,,,,,,,87000.0,,,,,126000.0,,,,,,,,,,,,,,870000.0,,,,,,,,,,,,,,159680000.0,,,48453000.0,922000.0,,,,,,,,,,,,,,,,,,,,,,,,,,,,,,,,,,,,,,,,,,,,,,,,,,,,,,,,28378063.0,27572244.0,,
2011-06-30,2011-07-26,10-Q,"LL Flooring Holdings,Â Inc.",LL,CIK0001396033,USD,,,40973000.0,,,,-23000.0,105855000.0,,,,,,273807000.0,229742000.0,,,,,,,,,,33356000.0,,,,,0.001,35000000.0,,27754984.0,28000.0,5265000.0,,,,115736000.0,,,,,,,,,,,,1914000.0,,3156000.0,,,,,,,,,,,,,,,,,,,,,,,,,,,,,,,,,,0.19,0.19,0.395,,,,,,,,,,1499000.0,,,,,,,59724000.0,,,,,8740000.0,3453000.0,,,,,,,,,,,,,,,,,,,,,,,,,,,182279000.0,,,,,,,,,,,,,,,,273807000.0,71868000.0,,,,,,,,,,,,,,,,,,,,,,,,,5287000.0,,,,,,,,8673000.0,,,,,,,,,,,,,,,,,,,,8845000.0,4277000.0,,-22000.0,,,,6715000.0,,,,,67000.0,,,,,,,,,,,,5262000.0,,,,,,,,,,,39788000.0,,,,,91009000.0,,,,,175460000.0,,,51051000.0,,,,,,,,,,,,,,,,,,,,,,,,,,,,196869000.0,,,,,,,,,,,3175000.0,,,,,,,,,,,,,,,,,742592.0,28430209.0,27687617.0,,
2011-09-30,2011-10-27,10-Q,"LL Flooring Holdings,Â Inc.",LL,CIK0001396033,USD,,,19476000.0,,,,-300000.0,106917000.0,,,,,,264209000.0,210211000.0,,,,,,,,,,37817000.0,,,,,0.001,35000000.0,,27761062.0,28000.0,6458000.0,,,,110745000.0,,,,,,,,,,,,2726000.0,,3298000.0,,,,,,,,,,,,,,,,,,,,,,,,,,,,,,,,,,0.24,0.24,0.392,,,,,,,,,,1632000.0,,,,,9523000.0,,61248000.0,,,,,11069000.0,4334000.0,,,,,,,,,,,,,,,,,,,,,,,,,,,160847000.0,,,,,,,,,,,,,,,,264209000.0,53796000.0,,,,,,,,,,,,,,,,,,,,,,,,,6735000.0,,,,,,,,10921000.0,,,,,,,,,,,,,,,,,,,,6409000.0,3118000.0,,-277000.0,,,,8819000.0,,,,,148000.0,,,,,,,,,,,,5138000.0,,,,,,,,,,,41357000.0,,,,,97744000.0,,,,,171993000.0,,,50327000.0,,,,,,,,,,,,,,,,,,,,,,,,,,,,204389000.0,,,,,,,,,,,4877000.0,,,,,,,,,,,,,,,,,568069.0,28327375.0,27759306.0,,
2011-12-31,2012-02-22,10-K,"LL Flooring Holdings,Â Inc.",LL,CIK0001396033,USD,696000.0,,38161000.0,,,29616000.0,-194000.0,110163000.0,4005000.0,1690000.0,52345000.0,,,294854000.0,237969000.0,,4700000.0,8300000.0,8643000.0,600000.0,2094000.0,,21483000.0,,61675000.0,26845000.0,,,27599000.0,0.001,35000000.0,,27894543.0,28000.0,26062000.0,,,,440912000.0,,,12291000.0,13000.0,14367000.0,2063000.0,,2483000.0,-579000.0,,2402000.0,5721000.0,,3328000.0,,,498000.0,9513000.0,,2168000.0,-2488000.0,,9513000.0,,728000.0,342000.0,,118000.0,3914000.0,,,2243000.0,,,,,,372000.0,11629000.0,620000.0,,,,,8328000.0,,11535000.0,1.25,1.23,0.777,0.35,0.0,,0.005,,-0.003,0.038,-54000.0,,2509000.0,,1690000.0,,,9693000.0,,302585000.0,,45259000.0,,-2234000.0,43025000.0,16769000.0,7067000.0,,,,0.0,,208000.0,15059000.0,,-130000.0,1632000.0,4467000.0,,,,,9197000.0,,,-3679000.0,,,1943000.0,,,,164139000.0,500000.0,,,16575000.0,,,,,,,,,,,,294854000.0,70721000.0,,,,,,,,,,,,,,,,,,,4511000.0,4511000.0,-21713000.0,-21713000.0,44101000.0,44101000.0,34714000.0,696000.0,,,,,,,55943000.0,,,,,,,,,,,,,,,,,,,,7863000.0,3045000.0,-194000.0,-194000.0,,,,6839000.0,,,,,587000.0,,,,,249000.0,,,4725000.0,,,818000.0,4292000.0,,,,,,,3070000.0,454000.0,,73763000.0,44147000.0,,,,,106203000.0,,83000.0,,,856041000.0,,593000.0,246642000.0,4005000.0,,,0.0,0.45,,0.03,0.017,,,,5583000.0,54952.0,557557.0,12.57,12746000.0,2194347.0,14.42,,,,8.14,19.82,24.64,,,,215084000.0,,377775.0,,0.0,3071000.0,249000.0,,,,,5092000.0,,58730.0,,1116000.0,249000.0,294000.0,,,,,,,,,,,673064.0,28379693.0,27706629.0,,
2012-03-31,2012-04-25,10-Q,"LL Flooring Holdings,Â Inc.",LL,CIK0001396033,USD,,,51710000.0,,,,-90000.0,112867000.0,,,,,,326422000.0,268550000.0,,,,,,,,,,61436000.0,-239000.0,,,,0.001,35000000.0,,27669312.0,28000.0,8301000.0,,,,117897000.0,,,,,,,,,,,,5540000.0,,3396000.0,,,,,,,,,,,,,,,,,,,,,,,,,,,,,,,2366000.0,,,0.29,0.29,0.386,,,,,,,,110000.0,,4609000.0,,337000.0,,,9693000.0,,70137000.0,,,,,13360000.0,5163000.0,,,,,,,,,,,,13295000.0,,,,,27737000.0,,,-8059000.0,,,3063000.0,,,,191751000.0,,,,,,,,,,,,,,,,326422000.0,100474000.0,,,,,,,,,,,,,,,,,,,-7506000.0,,-3180000.0,,10337000.0,,8197000.0,,,,,,,,13318000.0,,,,,,,,,,,,,,,,,,,,9367000.0,2990000.0,,104000.0,104000.0,,,8760000.0,,,,,42000.0,,,,,9077000.0,,,,,,,5996000.0,,,,,,,1234000.0,,,,45189000.0,,,,,114400000.0,,,,,188034000.0,,,56819000.0,1133000.0,,,,,,,,,,,,,,,,,,,,,,,,,,,217012000.0,,,,,,,,,,,9188000.0,,447323.0,,10193000.0,,,,,,,,,,,,,582931.0,28509475.0,27926544.0,,
2012-06-30,2012-07-25,10-Q,"LL Flooring Holdings,Â Inc.",LL,CIK0001396033,USD,671000.0,,51205000.0,,,,-137000.0,120684000.0,,,,,,311659000.0,253866000.0,,,,,,,,,,31521000.0,,,,170000.0,0.001,35000000.0,,27189232.0,28000.0,12130000.0,,,,131867000.0,,,,,,,,,,,,6030000.0,,3487000.0,,,,,,,,,,,,,,,,,,,,,,,,,,,,,,,,,,0.44,0.43,0.386,,,,,,,,,,5226000.0,,,,,9693000.0,,78480000.0,,,,,19827000.0,7650000.0,,,,,,,,,,,,,,,,,,,,,,,,,,,211598000.0,,,,,,,,,,,,,,,,311659000.0,90589000.0,,,,,,,,,,,,,,,,,,,,,,,,,12177000.0,,,46.0,,,,,19795000.0,,,,,,,,,,,,,,,,,,,,5541000.0,1953000.0,,-47000.0,,,,7377000.0,,,,,32000.0,,,,,,,,,,,,5206000.0,,,,,,,,,,,46147000.0,671000.0,,,,126577000.0,,,,,210347000.0,,,58685000.0,,,,,,,,,,,,,,,,,,,,,,,,,,,,211553000.0,,,,,,,,,,,3779000.0,27.74,1363195.0,915208.0,35599000.0,25405000.0,,,,,,,,,,,,525862.0,28032391.0,27506529.0,,
2012-09-30,2012-10-24,10-Q,"LL Flooring Holdings,Â Inc.",LL,CIK0001396033,USD,,,29973000.0,,,,221000.0,124346000.0,,,,,,307379000.0,249388000.0,,,,,,,,,,40065000.0,,,,170000.0,0.001,35000000.0,,27141423.0,29000.0,13240000.0,,,,126405000.0,,,,,,,,,,,,6153000.0,,3605000.0,,,,,,,,,,,,,,,,,,,,,,,,,,,,,,,,,,0.47,0.46,0.38,,,,,,,,,,6831000.0,,,,,9693000.0,,77886000.0,,,,,20777000.0,7895000.0,,,,,,,,,,,,,,,,,,,,,,,,,,,194954000.0,,,,,,,,,,,,,,,,307379000.0,75031000.0,,,,,,,,,,,,,,,,,,,,,,,,,12882000.0,,,46.0,,,,,20751000.0,,,,,,,,,,,,,,,,,,,,8017000.0,1907000.0,,358000.0,,,,9765000.0,,,,,26000.0,,,,,,,,,,,,6352000.0,,,,,,,,,,,46391000.0,,,,,139459000.0,,,,,204291000.0,,,57135000.0,,,,,,,,,,,,,,,,,,,,,,,,,,,,222590000.0,,,,,,,,,,,4388000.0,33.12,1539971.0,175400.0,41465000.0,5809000.0,,,,,,,,,,,,618709.0,27744564.0,27125855.0,,
2012-12-31,2013-02-20,10-K,"LL Flooring Holdings,Â Inc.",LL,CIK0001396033,USD,,,55110000.0,,,38539000.0,73000.0,131724000.0,3977000.0,7131000.0,58548000.0,,,347387000.0,288145000.0,,,,,,2388000.0,,24398000.0,,64167000.0,2492000.0,,,7664000.0,0.001,35000000.0,,27214144.0,29000.0,47331000.0,,,,504542000.0,,,26949000.0,118000.0,31262000.0,4195000.0,,-387000.0,711000.0,,160000.0,13786000.0,,3653000.0,,,-164000.0,12399000.0,,3454000.0,-2654000.0,,11132000.0,,1267000.0,,,1685000.0,3211000.0,,,2782000.0,1267000.0,,,8166000.0,655000.0,402000.0,12729000.0,749000.0,0.5,0.06,0.06,,9957000.0,,7494000.0,2.2199999999999998,2.1799999999999997,0.837,0.35,0.016,,0.004,,-0.002,0.032,450000.0,,7969000.0,4877000.0,7131000.0,,,9693000.0,,391067000.0,,80565000.0,,-2079000.0,78486000.0,31422000.0,29035000.0,,,,1267000.0,,283000.0,27470000.0,,-140000.0,2542000.0,16756000.0,,,,,42712000.0,,,-7256000.0,,,2835000.0,800000.0,,0.0,206704000.0,1035000.0,,,18826000.0,,,,,,,,,,,,347387000.0,101027000.0,,,,,50000000.0,,0.001,,,,,,,,,,,500000.0,-31851000.0,-31851000.0,-13376000.0,-13376000.0,47269000.0,47269000.0,60872000.0,,,46.0,,,,,102828000.0,,,,,,,,,77216000.0,19130000.0,7351000.0,11285000.0,14326000.0,16653000.0,8471000.0,,,,,12106000.0,1785000.0,,267000.0,,,,7887000.0,,,,,140000.0,,,,,49436000.0,,,0.0,,,1649000.0,5168000.0,,,0.0,,,,10454000.0,440000.0,,86303000.0,47764000.0,,,0.0,,153267000.0,,55000.0,,,1023982000.0,,679000.0,288239000.0,3997000.0,,,0.0,0.45,,0.016,0.01,,670420.0,11.59,22881000.0,128203.0,182281.0,12.68,45954000.0,1311377.0,17.79,,,,11.16,19.94,25.73,27647000.0,,,234541000.0,,937048.0,,0.0,10454000.0,,,,,,4314000.0,,1719706.0,,50552000.0,-49436000.0,574000.0,,,,280000.0,0.0,0.0,400000.0,,,,583120.0,28031453.0,27448333.0,,
2013-03-31,2013-04-24,10-Q,"LL Flooring Holdings,Â Inc.",LL,CIK0001396033,USD,,,39003000.0,,,,-248000.0,137411000.0,,,,,,357204000.0,298239000.0,,,,,,,,,,72728000.0,8561000.0,,,170000.0,0.001,35000000.0,,27315147.0,29000.0,15460000.0,,,,137422000.0,,,,,,,,,,,,8178000.0,,3719000.0,,,,,,,,,,,,,,,,,,,,,,,,,,,,,,,2716000.0,,,0.58,0.57,0.384,,,,,,,,-283000.0,,6424000.0,,3367000.0,,,9693000.0,,92997000.0,,,,,25618000.0,9837000.0,,,,,,,,,,,,-15966000.0,,,,,3522000.0,,,-6122000.0,,,-1952000.0,,,,210087000.0,,,,,,,,,,,,,,,,357204000.0,93896000.0,,,,,,,,,,,,,,,,,,,369000.0,369000.0,-2589000.0,-2589000.0,11064000.0,11064000.0,15781000.0,,,46.0,,,,,25408000.0,,,,,,,,,,,,,,,,,,,,8639000.0,1782000.0,,-321000.0,,,,11201000.0,,,,,210000.0,,,,,4276000.0,,,,,,,6785000.0,,,,,,,1278000.0,,,,47490000.0,,,,,169047000.0,,,,,230418000.0,,,67589000.0,1107000.0,,,,,,,,,,,,,,,,,,,,,,,,,,,251411000.0,,,,,,,,,,,8655000.0,,1797044.0,,54828000.0,,,,,,,,,,,,,572105.0,27783611.0,27211506.0,,
2013-06-30,2013-07-24,10-Q,"LL Flooring Holdings,Â Inc.",LL,CIK0001396033,USD,,,52950000.0,,,,-620000.0,152813000.0,,,,,,396538000.0,336350000.0,,,,,,,,,,84664000.0,,,,170000.0,0.001,35000000.0,,27564902.0,29000.0,20050000.0,,,,151032000.0,,,,,,,,,,,,8348000.0,,3775000.0,,,,,,,,,,,,,,,,,,,,,,,,,,,,,,,,,,0.74,0.73,0.386,,,,,,,,,,8765000.0,,,,,9693000.0,,106079000.0,,,,,33237000.0,12815000.0,,,,,,,,,,,,,,,,,,,,,,,,,,,230499000.0,,,,,,,,,,,,,,,,396538000.0,107912000.0,,,,,,,,,,,,,,,,,,,,,,,,,20422000.0,,,,46.0,,,,33087000.0,,,,,,,,,,,,,,,,,,,,15292000.0,1747000.0,,-372000.0,,,,11150000.0,,,,,150000.0,,,,,,,,,,,,5895000.0,,,,,,,,,,,48748000.0,,,,,189470000.0,,,,,257111000.0,,,72992000.0,,,,,,,,,,,,,,,,,940656.0,,,,,,,,,,,276503000.0,,,,,,,,,,,4748000.0,,1923682.0,,65189000.0,,,,,,,,,,,,,438423.0,27973457.0,27535034.0,,
2013-09-30,2013-10-23,10-Q,"LL Flooring Holdings,Â Inc.",LL,CIK0001396033,USD,,,37690000.0,,,,-352000.0,160958000.0,,,,,,410446000.0,342309000.0,,,,,,,,,,84194000.0,,,,170000.0,0.001,35000000.0,,27609809.0,30000.0,20667000.0,,,,147903000.0,,,,,,,,,,,,8523000.0,,3823000.0,,,,,,,,,,,,,,,,,,,,,,,,,,,,,,,,,,0.74,0.73,0.388,,,,,,,,,,10722000.0,,,,,9693000.0,,106375000.0,,,,,33331000.0,12932000.0,,,,,,,,,,,,,,,,,,,,,,,,,,,237290000.0,,,,,,,,,,,,,,,,410446000.0,102758000.0,,,,,,,,,,,,,,,,,,,,,,,,,20397000.0,,,,46.0,,,,33266000.0,,,,,,,,,,,,,,,,,,,,15110000.0,1732000.0,,268000.0,,,,16817000.0,,,,,64000.0,,,,,,,,,,,,5715000.0,,,,,,,,,,,56712000.0,,,,,209867000.0,,,,,254278000.0,,,73109000.0,,,,,,,,,,,,,,,,,792074.0,,,,,,,,,,,295342000.0,,,,,,,,,,,5041000.0,,2034911.0,,75161000.0,,,,,,,,,,,,,359542.0,27954115.0,27594573.0,,
2013-12-31,2014-02-19,10-K,"LL Flooring Holdings,Â Inc.",LL,CIK0001396033,USD,,,56327000.0,,,46033000.0,-562000.0,164581000.0,5471000.0,17132000.0,75506000.0,,,429559000.0,352207000.0,,,,,,2659000.0,,28391000.0,,80634000.0,16467000.0,,,9333000.0,0.001,35000000.0,,27557570.0,30000.0,76760000.0,,,,589257000.0,,,43159000.0,120000.0,49916000.0,6637000.0,,-745000.0,0.0,,-846000.0,-15160000.0,,4169000.0,,,-101000.0,15116000.0,,4887000.0,-1809000.0,,13351000.0,,1765000.0,0.0,,2663000.0,3104000.0,,,2697000.0,1765000.0,,,9061000.0,-1325000.0,-72000.0,-13763000.0,1590000.0,1.0,,0.03,,11666000.0,,9163000.0,3.57,3.51,0.781,0.35,0.004,,0.002,,-0.001,0.033,-505000.0,-505000.0,11709000.0,7577000.0,17132000.0,,,9693000.0,,516514000.0,0.0,128482000.0,,-2017000.0,126465000.0,49070000.0,30154000.0,,,,498000.0,,328000.0,44263000.0,,-165000.0,4146000.0,-15000.0,,,,,45834000.0,,,-8271000.0,,,257000.0,800000.0,,0.0,252428000.0,1275000.0,,,21874000.0,,,,,,,,,,,,429559000.0,107000000.0,,,,,50000000.0,,0.001,,,,,,,,,,,,,-7443000.0,,-28585000.0,,53000000.0,98190000.0,,46.0,,,,,,160285000.0,,,,,,,,,111497000.0,23676000.0,10260000.0,14370000.0,18028000.0,21450000.0,23713000.0,,,,,12916000.0,1712000.0,,-635000.0,,,-635000.0,11709000.0,,,,,442000.0,,,,,34830000.0,,,0.0,,,2893000.0,6229000.0,,,0.0,,,,10255000.0,1009000.0,,111980000.0,65947000.0,,,0.0,,230662000.0,,0.0,,1000240000.0,1258673000.0,,1305000.0,356230000.0,5974000.0,,,0.0,0.45,,0.02,0.013,,,,49137000.0,58188.0,214966.0,29.66,52358000.0,749490.0,33.04,,,,14.35,29.04,62.52,,,,309329000.0,,718665.0,,0.0,10255000.0,,,,,,4878000.0,,2133307.0,,85382000.0,34830000.0,915000.0,,,,341000.0,0.0,0.0,600000.0,,,,429532.0,27914322.0,27484790.0,,
2014-03-31,2014-04-30,10-Q,"LL Flooring Holdings,Â Inc.",LL,CIK0001396033,USD,,,41496000.0,,,,-411000.0,171419000.0,,,,,,433041000.0,343241000.0,,,,,,,,,,76065000.0,-4569000.0,,,170000.0,0.001,35000000.0,,27505476.0,30000.0,13845000.0,,,,145004000.0,,,,,,,,,,,,,,4862000.0,,,,,,,,,,,,,,,,,,,,,,9636000.0,,,,,,,,,3437000.0,,,0.5,0.49,,,,,,,,,-129000.0,,4813000.0,,3224000.0,,,9693000.0,,101287000.0,,,,,22327000.0,8633000.0,,,,,,,,,,,,-16305000.0,,,,,-4897000.0,,,-4421000.0,,,533000.0,,,,247370000.0,,,,,,,,,,,,,,,,433041000.0,106195000.0,,,,,,,,,,,,,,,,,,,,-12351000.0,,-14384000.0,,22295000.0,13694000.0,,,,46.0,,,,22421000.0,,,,,,,,,,,,,,,,,,,,11880000.0,1698000.0,,151000.0,,,,18330000.0,,,,,-94000.0,,,,,17664000.0,,,,,,,7926000.0,,,0.0,,,,2089000.0,,,,78409000.0,,,0.0,,244356000.0,,,,,246291000.0,,,78866000.0,1514000.0,,,,,,,,,,,,6308.0,65949.0,,,718252.0,,,,,,,,,,,312348000.0,,90879.0,,,,,,,,,8046000.0,,2311285.0,,103046000.0,,,,,,,,,,,,,310667.0,27832110.0,27521443.0,,
2014-06-30,2014-07-30,10-Q,"LL Flooring Holdings,Â Inc.",LL,CIK0001396033,USD,,,66211000.0,,,,-171000.0,173365000.0,,,,,,454563000.0,342564000.0,,,,,,,,,,48062000.0,,,,170000.0,0.001,35000000.0,,27282138.0,30000.0,16847000.0,,,,156847000.0,,,,,,,,,,,,,,5562000.0,,,,,,,,,,,,,,,,,,,,,,9374000.0,,,,,,,,,,,,0.61,0.6,,,,,,,,,,,3918000.0,,,,,9693000.0,,106238000.0,,,,,27102000.0,10495000.0,,,,,,,,,,,,,,,,,,,,,,,,,,,272740000.0,,,,,,,,,,,,,,,,454563000.0,129329000.0,,,,,,,,,,,,,,,,,,,,,,,,,16607000.0,,,,46.0,,,,27172000.0,,,,,,,,,,,,,,,,,,,,15591000.0,1678000.0,,240000.0,,,,23493000.0,,,,70000.0,-70000.0,,,,,,,,,,,,6171000.0,,,,,,,,,,,100628000.0,,,,,260963000.0,,,,,263085000.0,,,79066000.0,1264000.0,,,,,,,,,,,,,,,,695763.0,,,,,,,,,,,310298000.0,,,,,,,,,,,4451000.0,,2558013.0,,123889000.0,,,,,,,,,,,,,226714.0,27610969.0,27384255.0,,
2014-09-30,2014-10-22,10-Q,"LL Flooring Holdings,Â Inc.",LL,CIK0001396033,USD,,,56243000.0,,,,-405000.0,175558000.0,,,,1261000.0,,452534000.0,322698000.0,,,,,,,,,,10788000.0,,,,,0.001,35000000.0,,27057543.0,30000.0,15491000.0,,,,161909000.0,,,,,,,,,,,,,,6243000.0,,,,,,,,,,,,,,,,,,,,,,9065000.0,,,,,,,,,,,,0.58,0.58,,,,,,,,,,,4727000.0,,,,,9693000.0,,104158000.0,,,,,25699000.0,9974000.0,,,,,,,,,,,,,,,,,,,,,,,,,,,288827000.0,,,,,,,,,,,,,,,,452534000.0,124000000.0,,,,,,,,,,,,,,,,,,,,,,,,,15725000.0,,46.0,,,,,,25781000.0,,,,,,,,,,,,,,,,,,,,17025000.0,1637000.0,,-234000.0,,,,24488000.0,,,,82000.0,-82000.0,,,,,,,,,,,,6058000.0,,,,,,,,,,,118506000.0,,,,,276688000.0,,,,,266067000.0,,,78377000.0,,,,,,,,,,,,,,,,,655588.0,,,,,,,,,,,313226000.0,,,,,,,,,,,5356000.0,57.24,2815908.0,257000.0,138645000.0,14711000.0,,,,,,,,,,,,174768.0,27270997.0,27096229.0,,
2014-12-31,2015-02-25,10-K,"LL Flooring Holdings,Â Inc.",LL,CIK0001396033,USD,,,80303000.0,,2087000.0,53362000.0,-796000.0,177479000.0,5744000.0,4004000.0,82604000.0,5593000.0,,493462000.0,357277000.0,,,,,,3212000.0,,31230000.0,,20287000.0,-60347000.0,,,12700000.0,0.001,35000000.0,,27069307.0,30000.0,63137000.0,,,,629252000.0,,,34615000.0,135000.0,40364000.0,5614000.0,,-22000.0,0.0,,-152000.0,16977000.0,,6603000.0,,,-130000.0,17544000.0,,5582000.0,-1656000.0,8901000.0,15321000.0,,2223000.0,37000.0,,15000.0,3785000.0,,1606000.0,4296000.0,2223000.0,,,10558000.0,0.0,77000.0,16900000.0,1937000.0,1.0,,0.03,,14714000.0,,12700000.0,2.96,2.95,0.388,0.35,0.004,,0.003,,-0.005,0.036,-140000.0,-140000.0,3693000.0,6487000.0,4004000.0,,,9693000.0,,524651000.0,0.0,105447000.0,,-1864000.0,103583000.0,40212000.0,33281000.0,,,,458000.0,,329000.0,36254000.0,,-540000.0,3711000.0,21478000.0,,,,,62140000.0,,,-3436000.0,,,1836000.0,800000.0,,84000.0,314371000.0,3242000.0,,,27995000.0,,,,,,,,,,,161408000.0,493462000.0,144247000.0,,,,,50000000.0,,0.001,,,,,,,0.0,,,,6300000.0,,-46156000.0,,-71138000.0,,57087000.0,80716000.0,,46.0,,,,,,132752000.0,,,,,,,,,125027000.0,27391000.0,12205000.0,16330000.0,20607000.0,24156000.0,24338000.0,,,15749000.0,,8143000.0,1625000.0,,-234000.0,,,-234000.0,17836000.0,6603000.0,,,,-490000.0,,,,,53310000.0,,,,,,1549000.0,5575000.0,,,53000000.0,,,,3150000.0,1568000.0,,178229000.0,124867000.0,,,53000000.0,,294033000.0,,0.0,,1047419000.0,1319395000.0,,1585000.0,391899000.0,5593000.0,,,0.0,0.45,0.018,,0.018,,,,10278000.0,26101.0,79126.0,43.21,18113000.0,652808.0,42.81,,,,21.04,60.71,100.05,,,,332054000.0,,149707.0,,0.0,3150000.0,,,,,,7472000.0,,2816780.0,,138692000.0,53310000.0,1232000.0,,,,430000.0,161000.0,274000.0,800000.0,,,,220970.0,27485852.0,27264882.0,,
2015-03-31,2015-04-29,10-Q,"LL Flooring Holdings,Â Inc.",LL,CIK0001396033,USD,,,63574000.0,,,,-1141000.0,179021000.0,,,,,,506027000.0,365522000.0,,,,,,,,,,43889000.0,23602000.0,,,,0.001,35000000.0,,27080952.0,30000.0,-8125000.0,,,,168349000.0,,,,,,,,,,,,,,6647000.0,,,,8901000.0,,,,,,,,,,,,,,,,,,10508000.0,,,,,,,,,4170000.0,,,-0.29,-0.29,-0.279,,,,,,,,-236000.0,-236000.0,4028000.0,,-78000.0,,,9693000.0,,91612000.0,,,,,-6084000.0,1696000.0,,,,285000.0,,,,,,,,-15464000.0,,,,,-12662000.0,,,-16382000.0,,,-2454000.0,,,,301476000.0,4937000.0,,,754000.0,,,,,,,,,,,180817000.0,506027000.0,143662000.0,,,20000000.0,,,,,,,10000000.0,,,,20000000.0,,,,7000000.0,,19739000.0,,-8980000.0,,13079000.0,-7780000.0,,46.0,,,,,,-6068000.0,,,,,,,,,,,,,,,,,,,,12669000.0,1622000.0,,-345000.0,,,-345000.0,36409000.0,,,,16000.0,-251000.0,,,,,261000.0,,,,,,,7488000.0,,,39000000.0,-261000.0,,,0.0,2377000.0,,,129190000.0,,,19000000.0,,286253000.0,,,,,259961000.0,,,97680000.0,1326000.0,,,,,,,,,,,,,,,,,,,,,,,,,,,325210000.0,,,,,,,,,,,5486000.0,,2822927.0,,138953000.0,,,,,,,,,,,,,0.0,27071684.0,27071684.0,,
2015-06-30,2015-08-05,10-Q,"LL Flooring Holdings,Â Inc.",LL,CIK0001396033,USD,,,58673000.0,,,,-978000.0,178260000.0,,,,,,481264000.0,341957000.0,,,,,,,,,,45266000.0,,,,,0.001,35000000.0,,27084841.0,30000.0,-20184000.0,,,,185660000.0,,,,,,,,,,,,,,,,,,,,,,,,,,,,,,,,,,,,9012000.0,,,,,,,,,,,,-0.75,-0.75,0.282,,,,,,,,,,6201000.0,,,,,9693000.0,,62284000.0,1400000.0,,,,-28332000.0,-7985000.0,,,,,,,,,,,,,,,,,,,,,,,,,,,262743000.0,,3663000.0,,762000.0,,,,,,,,,,,177014000.0,481264000.0,136372000.0,,,,,,78963000.0,,,,8077000.0,,,,20000000.0,,,,,,,,,,,-20347000.0,,46.0,,,,,,-28267000.0,,,,,,,,,,,,,,,,,,,,26776000.0,1649000.0,,163000.0,,,163000.0,36083000.0,11630000.0,,,65000.0,,,,,,,,,,,,,7172000.0,,,,,,,,4254000.0,,,127965000.0,,,,,265906000.0,,,,,247944000.0,,,90551000.0,729000.0,,,,,,,,,,,,,,,,553831.0,,,,,,,,,,729000.0,304250000.0,,,,,,,,,,,4277000.0,,2823453.0,0.0,138968000.0,,,,,,,,,,,,,0.0,27082878.0,27082878.0,,
2015-09-30,2015-11-04,10-Q,"LL Flooring Holdings,Â Inc.",LL,CIK0001396033,USD,,,52872000.0,,,,-1510000.0,179055000.0,,,,,,472008000.0,337386000.0,,,,,,,,,,53804000.0,,,,,0.001,35000000.0,,27087445.0,30000.0,-9011000.0,,,,165068000.0,,,,,,,,,,,,,,,,,,,,,,,,,,,,,,,,,,,,8172000.0,,,,,,,,,,,,-0.31,-0.31,0.513,,,,,,,,,,8721000.0,,,,,9693000.0,,70996000.0,3043000.0,,,,-17393000.0,-8914000.0,,,,,,,,,,,,,,,,,,,,,,,,,,,243381000.0,,,,768000.0,,,,,,,,,,,175985000.0,472008000.0,132304000.0,,,,,,,,,,,,,,20000000.0,,,,,,,,,,,-8479000.0,,,,,46.0,,,-17337000.0,,,,,,,,,,,,,,,,,,,3000000.0,33548000.0,1679000.0,,-532000.0,,,-532000.0,31914000.0,15509000.0,,,56000.0,,,,,,,,,,,,,6653000.0,,,,,,,,,,,123250000.0,,,,,257427000.0,,,,,236064000.0,,,88333000.0,,,,,,,,,750000.0,,,,,,,,,,,,,,,,,,,296023000.0,,,,,,,,150000000.0,,14728000.0,4933000.0,,2824233.0,0.0,138979000.0,,,,,,,,,,,,,,27086443.0,27086443.0,,
2015-12-31,2016-02-29,10-K,"LL Flooring Holdings,Â Inc.",LL,CIK0001396033,USD,,,55247000.0,,14011000.0,67333000.0,-1665000.0,180590000.0,4080000.0,-969000.0,77455000.0,3941000.0,4392000.0,456202000.0,322788000.0,,,,,,3501000.0,3501000.0,34024000.0,,26703000.0,6416000.0,,,8551000.0,0.001,35000000.0,29913274.0,27088460.0,30000.0,-57302000.0,,,,699918000.0,,,-14088000.0,133000.0,-14930000.0,-975000.0,,-9276000.0,,,-12064000.0,20368000.0,,6713000.0,,,-2788000.0,33208000.0,,4457000.0,10407000.0,21045000.0,30775000.0,,2433000.0,966000.0,966000.0,1034000.0,3794000.0,,10699000.0,9825000.0,2433000.0,,,10638000.0,,1000.0,20368000.0,2019000.0,,,,,17392000.0,4392000.0,8551000.0,-2.81,-2.81,0.324,0.35,-0.002,,-0.013,-0.047,0.007,0.029,,-15000.0,6057000.0,4570000.0,,,,9693000.0,,332824000.0,,-80136000.0,,-3291000.0,-83427000.0,-26994000.0,7855000.0,,19596000.0,19596000.0,210000.0,,1075000.0,-29200000.0,3887000.0,-565000.0,-2401000.0,-21450000.0,,,,,-42773000.0,,,-22494000.0,,,18385000.0,800000.0,,237000.0,244402000.0,26882000.0,26162000.0,,28825000.0,,,,,,,,,,,178634000.0,456202000.0,127744000.0,20252000.0,,,0.0144,,,,,10017000.0,2400000.0,,,,20000000.0,,,,,19705000.0,19705000.0,-22478000.0,-22478000.0,9204000.0,9204000.0,-76260000.0,,,,,46.0,,3522000.0,-114714000.0,,,,,,,,,131904000.0,30285000.0,12982000.0,17860000.0,22160000.0,26569000.0,22048000.0,28800000.0,,14744000.0,,5111000.0,1724000.0,,-869000.0,,,-869000.0,28755000.0,20252000.0,,,,-234000.0,,,,,295000.0,,,,,,1495000.0,5931000.0,,,39000000.0,,,,,1688000.0,,189330000.0,121997000.0,,,19000000.0,,237600000.0,,,,978776000.0,1213583000.0,,1976000.0,447538000.0,3941000.0,,,0.0,0.5,0.017,,0.017,,221561.0,29.28,0.0,370196.0,410164.0,11.87,1283000.0,692776.0,31.45,1283000.0,692776.0,31.45,0.0,44.71,25.34,540000.0,,,277568000.0,,,,,,,,,,,3914000.0,,2824814.0,,138987000.0,295000.0,396000.0,180000.0,434000.0,11000.0,-180000.0,,211000.0,257000.0,,,,,27082.0,27082.0,,
2016-03-31,2016-05-10,10-Q,"LL Flooring Holdings,Â Inc.",LL,CIK0001396033,USD,,,52168000.0,,,,-1348000.0,181825000.0,,,,,,478972000.0,348370000.0,,,,,,,,,,21973000.0,-4730000.0,,,,,35000000.0,,27101481.0,30000.0,-32085000.0,,,,157404000.0,,,,,,,,,,,,,,,,,,12335000.0,,,,,,,,,,,,,,,,,,12394000.0,,,,,,,,,4524000.0,,,-1.2,-1.2,0.215,,,,,,,,,958000.0,9221000.0,,,,,9693000.0,,76109000.0,,,,,-41278000.0,-8876000.0,,,,34505000.0,,,,,,,,-2925000.0,,,,,-3578000.0,,,-35427000.0,,,34115000.0,,28500000.0,,240006000.0,,,,851000.0,,,,,,,,,,,232334000.0,478972000.0,178060000.0,,,,,,,,42020000.0,,,,,,25000000.0,,,,,,4920000.0,,-2409000.0,,-8199000.0,-32402000.0,,,,,46.0,,,-41127000.0,,,,,,,,,,,,,,,,,,,,50874000.0,1741000.0,,317000.0,,,317000.0,36372000.0,16880000.0,16020000.0,,151000.0,,,,,,,,,,,,,7017000.0,,,10000000.0,-80000.0,,,,,,,119168000.0,,,5000000.0,,205198000.0,,,,,233513000.0,,,117236000.0,1671000.0,,,,,,,,,,,,,,,,,,,,,,,,,,,246638000.0,,,,,,,,150000000.0,,14728000.0,4584000.0,,2831524.0,0.0,139067000.0,,,,,,,,,,,,,,27090575.0,27090575.0,,
2016-06-30,2016-07-27,10-Q,"LL Flooring Holdings,Â Inc.",LL,CIK0001396033,USD,,,72396000.0,,,,-1326000.0,183329000.0,,,,,,488370000.0,360018000.0,,,,,,,,,,12732000.0,,,,,0.001,35000000.0,,27142069.0,30000.0,-12208000.0,,,,167508000.0,,,,,,,,,,,,,,,,,,12334000.0,,,,,,,,,,,,,,,,,,11806000.0,,,,,,,,,,,,-0.45,-0.45,0.371,,,,,,,,,,9347000.0,,,0.0,,9693000.0,,70584000.0,,,,,-19447000.0,-7217000.0,,,,41225000.0,,,,,,,,,,,,,,,,,,,,,28500000.0,,254937000.0,,,,866000.0,,,,,,,,,,,252443000.0,488370000.0,186790000.0,,,,,,,,41420000.0,,,,,,32000000.0,,,,,,,,,,,-12230000.0,,,,,46.0,,,-19316000.0,,,,,,,,,,,,,,,,,,,,56733000.0,1710000.0,,22000.0,,,22000.0,28989000.0,21847000.0,,,131000.0,,,,,,,,,,,,,7116000.0,,,,,,,,,,,116949000.0,,,,,192968000.0,,,,,238092000.0,,,89900000.0,,,,,,,,,,,,,,,,,,,,,,,,,,,,235927000.0,,,,,,,,150000000.0,,14728000.0,3641000.0,,2832057.0,0.0,139074000.0,,,,,,,,,,,,,,27108.0,27108.0,,
2016-09-30,2016-10-31,10-Q,"LL Flooring Holdings,Â Inc.",LL,CIK0001396033,USD,,,75096000.0,,,,-1370000.0,184872000.0,,,,,,471478000.0,342564000.0,,,,,,,,,,8788000.0,,,,,0.001,35000000.0,,27245426.0,30000.0,-18482000.0,,,,167393000.0,,,,,,,,,,,,,,,,,,11993000.0,,,,,,,,,,,,,,,,,,16593000.0,,,,,,,,,,,,-0.68,-0.68,0.236,,,,,,,,,,8705000.0,,,,,9693000.0,,76689000.0,,,,,-24140000.0,-5702000.0,,,,29268000.0,,,,,,,,,,,,,,,,,,,,,28500000.0,,253371000.0,,,,805000.0,,,,,,,,,,,252831000.0,471478000.0,194733000.0,,,,,,,,45670000.0,,,,,,20000000.0,,,,,,,,,,,-18438000.0,,,,,46.0,,,-23972000.0,,,,,,,,,,,,,,,,,,,,44705000.0,2582000.0,,-44000.0,,,-44000.0,28160000.0,21505000.0,,,168000.0,,,,,,,,,,,,,7200000.0,54000.0,22100000.0,,,,,,,,,116639000.0,,,,,174530000.0,,,,,244082000.0,,,100661000.0,,,,,,,,,,,,,,,,,,,,,,,,,,,,218647000.0,,,,,,,,150000000.0,,14728000.0,4496000.0,,2853492.0,0.0,139415000.0,,,,,,,,,,,,,,27197.0,27197.0,,
2016-12-31,2017-02-21,10-K,"LL Flooring Holdings,Â Inc.",LL,CIK0001396033,USD,,,120647000.0,10372000.0,4266000.0,83688000.0,-1456000.0,202700000.0,5487000.0,-675000.0,80079000.0,5568000.0,,482544000.0,354305000.0,,,,,,3604000.0,3604000.0,35650000.0,351000.0,10271000.0,-16432000.0,10271000.0,,,0.001,35000000.0,31102000.0,28249000.0,31000.0,-68354000.0,,,,656719000.0,608834000.0,47885000.0,-36801000.0,155000.0,-39915000.0,-3269000.0,,11184000.0,,,14205000.0,19157000.0,,5858000.0,,,3021000.0,32999000.0,0.0,5218000.0,,0.0,15359000.0,,2781000.0,,6338000.0,1144000.0,3941000.0,,3336000.0,10241000.0,17640000.0,3798000.0,3798000.0,3798000.0,,,19157000.0,2286000.0,,,,,17505000.0,,9609000.0,-2.71,-2.71,0.273,0.35,-0.161,,0.026,-0.009,,0.024,,744000.0,9193000.0,3612000.0,54000.0,,,9693000.0,,384356000.0,0.0,-92874000.0,,-1399000.0,-94273000.0,-25710000.0,,,31429000.0,31400000.0,15207000.0,,-2465000.0,-32995000.0,875000.0,-37000.0,-2275000.0,64025000.0,,,,,62054000.0,,,6317000.0,,,11411000.0,800000.0,,,301892000.0,7100000.0,3723000.0,16760000.0,30348000.0,,,,,,,,,,,251652000.0,482544000.0,186712000.0,21142000.0,,,,,,,,1874000.0,,,,,40000000.0,,,,,18704000.0,18758000.0,-8333000.0,-8333000.0,-27547000.0,-27601000.0,-74056000.0,,,,,46.0,,3038000.0,-102855000.0,,,,,,,,,128919000.0,32178000.0,12179000.0,18224000.0,23062000.0,27562000.0,15714000.0,30300000.0,,15718000.0,,5346000.0,3542000.0,,209000.0,,,209000.0,19984000.0,21142000.0,,,638000.0,-638000.0,,,,-575000.0,433000.0,933000.0,,,,8908000.0,747000.0,5367000.0,,27422000.0,37000000.0,,,,539000.0,1800000.0,,198692000.0,115004000.0,,469000.0,17000000.0,,169037000.0,,,,895612000.0,1205489000.0,64976000.0,2100000.0,487211000.0,5568000.0,,,0.0,0.55,0.013,,,,257220.0,33.93,343000.0,239528.0,443147.0,6.75,1167000.0,835614.0,24.86,1167000.0,835614.0,24.86,9.37,27.16,13.51,99000.0,,,230892000.0,,60781.0,16760000.0,,539000.0,,,,,,4249000.0,,2853000.0,0.0,139420000.0,433000.0,208000.0,,,,123000.0,,311000.0,135000.0,,,,,27284.0,27284.0,,
2017-03-31,2017-05-02,10-Q,"LL Flooring Holdings,Â Inc.",LL,CIK0001396033,USD,,,87381000.0,,,,-1424000.0,204653000.0,,,,,,478996000.0,353690000.0,,,,,,,,,,10971000.0,700000.0,,,,0.001,35000000.0,31258368.0,28384125.0,31000.0,-26340000.0,1.0,,,161590000.0,,,,,,,,,,,,,,,,,,,,,,,,,,,,,,,,,,,3798000.0,6090000.0,,,,,,,,,4335000.0,,,-0.93,-0.93,-0.017,0.35,,,,,,,,631000.0,6945000.0,,,0.0,,9693000.0,,86799000.0,,,,,-25927000.0,445000.0,,,31171000.0,,,,,,,,,-32032000.0,18000000.0,,,,298000.0,,,4971000.0,,,-733000.0,,,,301332000.0,,,,,,,,,,,,,,,272862000.0,478996000.0,177885000.0,,,,,,,,,,,,,,72000000.0,,,,,32330000.0,32330000.0,-2502000.0,-2502000.0,-29759000.0,-29759000.0,-26372000.0,,,,,46.0,,,-25416000.0,,,,,,,,,,,,,,,,,,,,3900000.0,3522000.0,,32000.0,,,32000.0,36236000.0,18982000.0,,,512000.0,,,,,,,,,,,,,6316000.0,,,35000000.0,444000.0,,,815000.0,,,,112091000.0,,114000.0,3000000.0,,142665000.0,,,,248389000.0,248389000.0,,,112215000.0,1259000.0,,,,,,,,,,,,,,,,,,,,,,,,,,,206134000.0,,,,,,,,150000000.0,,14728000.0,5196000.0,,2874243.0,0.0,139791000.0,,,,,,,,,,,,,,28292.0,28292.0,,
2017-06-30,2017-08-01,10-Q,"LL Flooring Holdings,Â Inc.",LL,CIK0001396033,USD,,,67570000.0,,,,-1344000.0,206030000.0,,,,,,448874000.0,325083000.0,,,,,,,,,,7639000.0,,,,,0.001,35000000.0,31297000.0,28414000.0,31000.0,4555000.0,,,,166044000.0,,,,,,,,,,,,2800000.0,,,,,,,,,,,,,,,,,,,,,,,3800000.0,2788000.0,,,,,,,,,,,,0.16,0.16,0.028,,,,,,,,,,8114000.0,,,,,9693000.0,,97455000.0,,,,,4604000.0,129000.0,,,29620000.0,29600000.0,,,,,,,,,,,,,,,,,,,,,,,275142000.0,,,,,,,,,,,,,,,237060000.0,448874000.0,158668000.0,,,,,,,,,,,,,,57000000.0,,,,,,,,,,,4475000.0,,,,,46.0,385.0,,5120000.0,,,,,,,,,,,,,,,,,,,,2865000.0,5395000.0,,80000.0,,,80000.0,40625000.0,18604000.0,,,516000.0,-516000.0,,,,,,,,,,,,9817000.0,,,,,,,,,,,108703000.0,,,,,147140000.0,,,,,263500000.0,,,92335000.0,,,,,,,,,,,,,,,,,,,,,,,,,,,,211814000.0,,,,,,,,150000000.0,,14700000.0,4203000.0,,2883000.0,0.0,140043000.0,,,,,,,,,,,,,303000.0,28697000.0,28394000.0,,
2017-09-30,2017-10-31,10-Q,"LL Flooring Holdings,Â Inc.",LL,CIK0001396033,USD,,,40190000.0,,,,-1157000.0,207450000.0,1017000.0,,,,,402933000.0,285689000.0,,,,,,,,,,18857000.0,,,,,0.001,35000000.0,31389000.0,28485000.0,31000.0,-18728000.0,,,,164499000.0,146458000.0,18041000.0,,,,,,,,,,3000000.0,,,,,,,,,,,,,,,,,,,,,,,3800000.0,3002000.0,,,,,,,,,,,,-0.66,-0.66,-0.072,,,,,,,,,,10852000.0,,,,,9693000.0,,92687000.0,1500000.0,,,,-17653000.0,1262000.0,,,823000.0,800000.0,,,,,,,,,,,,,,,,,,,,,,,252949000.0,,,,,,,,,,,,,,,209169000.0,402933000.0,155081000.0,,,,,,,,36000000.0,,,,,,32000000.0,,,,,,,,,,,-18915000.0,,,,,46.0,387.0,,-17275000.0,,,,,,,,,,,,,,,,,,,1500000.0,4136000.0,5330000.0,,187000.0,,,187000.0,21959000.0,19086000.0,,,377000.0,,,,,,,,,,,,,8924000.0,,29200000.0,,,,,,,,,102221000.0,,,,,128225000.0,,,,232830000.0,257185000.0,24355000.0,,109962000.0,,,,,,,,,,,,,,,,,,,,,,,,,,,,193764000.0,,,,,403000.0,,,150000000.0,,14700000.0,6237000.0,,2904000.0,0.0,140785000.0,742000.0,,,,,,,,,,,,,28454000.0,28454000.0,,
2017-12-31,2018-02-27,10-K,"LL Flooring Holdings,Â Inc.",LL,CIK0001396033,USD,,,67676000.0,10372000.0,,100370000.0,-1152000.0,208629000.0,4582000.0,,77000000.0,,,410795000.0,297996000.0,,,,,,,3900000.0,37905000.0,,19938000.0,9667000.0,19938000.0,9667000.0,,0.001,35000000.0,31397000.0,28490000.0,31000.0,-37519000.0,,,,659872000.0,591087000.0,68785000.0,2254000.0,112000.0,2512000.0,146000.0,,-2087000.0,,,-3246000.0,11664000.0,,5150000.0,,,-1159000.0,32688000.0,,2647000.0,,,11112000.0,3789000.0,2891000.0,,2815000.0,1745000.0,2375000.0,9120000.0,1708000.0,5598000.0,21576000.0,552000.0,,552000.0,,,11664000.0,2300000.0,,,,,17739000.0,1498000.0,13300000.0,-1.23,-1.23,0.019,0.35,-0.1,-0.21,-0.005,-0.03,-0.005,0.019,,806000.0,12101000.0,2729000.0,,146000.0,1346000.0,9693000.0,,461181000.0,0.0,-38258000.0,,-299000.0,-38557000.0,-734000.0,,,1298000.0,,3826000.0,8088000.0,221000.0,-13495000.0,1156000.0,210000.0,-740000.0,-52475000.0,,,,,-32614000.0,36960000.0,,-600000.0,,,-28962000.0,800000.0,,,262280000.0,5600000.0,6349000.0,,,,,,,,,,,,,212948000.0,410795000.0,178161000.0,19235000.0,21000.0,,,,,,36960000.0,841000.0,,,36000000.0,,15000000.0,,,,,-26193000.0,,-4338000.0,,39392000.0,,-34834000.0,,,,,46.0,,2872000.0,-36361000.0,,33000000.0,,,,,,,125353000.0,32930000.0,11092000.0,17025000.0,23125000.0,28184000.0,12997000.0,32500000.0,,,,6670000.0,2615000.0,,304000.0,,,304000.0,18605000.0,19235000.0,,,1591000.0,-1591000.0,,841000.0,2522000.0,-3073000.0,1455000.0,,,,,7411000.0,1077000.0,9108000.0,,29000000.0,40000000.0,-1806000.0,,2273000.0,1347000.0,1600000.0,-37823000.0,200861000.0,100491000.0,,351000.0,65000000.0,,131214000.0,1028933000.0,,,938269000.0,1288792000.0,90664000.0,2100000.0,497542000.0,4735000.0,,,0.0,0.55,0.017,,,,264916.0,33.7,800000.0,185975.0,127984.0,11.2,8530000.0,689668.0,25.31,8530000.0,689668.0,25.31,15.31,25.62,22.09,2575000.0,,,197847000.0,,87955.0,,,1347000.0,,,,,,4273000.0,,2907000.0,0.0,140875000.0,1455000.0,27000.0,,,,,33000.0,208000.0,21000.0,,,,,28407.0,28407.0,,
2018-03-31,2018-05-01,10-Q,"LL Flooring Holdings,Â Inc.",LL,CIK0001396033,USD,,,60701000.0,,,,-1184000.0,209676000.0,1007000.0,,,,7000.0,416657000.0,305504000.0,,,,,,,,,,12606000.0,-7332000.0,,,,0.001,35000000.0,31470000.0,28540000.0,31000.0,-2004000.0,1.0,,,166800000.0,148383000.0,18417000.0,,,,,,,,,,,,,,,,,,,,,,,,,,,,,,,,,,,,,,,,,,,4723000.0,7000.0,,-0.07,-0.07,-0.116,0.21,,,,,,,,482000.0,7710000.0,,,,,9693000.0,,94972000.0,,,,,-1767000.0,205000.0,,,,,,,,,,,,-7079000.0,250000.0,,,,14483000.0,250000.0,,1157000.0,,,1090000.0,,,,273411000.0,,,,,,,,,,,,,,,220331000.0,416657000.0,174657000.0,,,,,,,,37193000.0,,,,,,26000000.0,,,,,10109000.0,,-3042000.0,,-14881000.0,,-1972000.0,,,,,46.0,398.0,,-1446000.0,,,,,,,,,,,,,,,,,,,,9459000.0,2566000.0,,-32000.0,,,-32000.0,20061000.0,19674000.0,,,321000.0,,,,,-6000.0,,,,,,3048000.0,,10028000.0,,,15000000.0,-891000.0,,,,1200000.0,,,98894000.0,,,4000000.0,367000.0,129242000.0,261772000.0,,,236492000.0,261772000.0,25280000.0,,96418000.0,858000.0,,,,,,,,,,,,,,,,,,,,,,,,,,,196326000.0,,,,,40000.0,,,150000000.0,,14700000.0,5499000.0,,2930000.0,0.0,141439000.0,564000.0,,,,,,,,,,,,,28508000.0,28508000.0,,
2018-06-30,2018-07-31,10-Q,"LL Flooring Holdings,Â Inc.",LL,CIK0001396033,USD,,,73385000.0,,,,-1257000.0,210953000.0,1237000.0,,,,,438302000.0,326761000.0,,,,,,,,,,11122000.0,,11122000.0,,,0.001,35000000.0,31486000.0,28551000.0,31000.0,-1527000.0,,,,182164000.0,,,,,,,,,,,,,,,,,,,,,,,,,,,,,,,,,,,,,,,,,,,,,,,,-0.05,-0.05,-0.155,,,,,,,,,,8670000.0,,,,,9693000.0,,101310000.0,,,,,-1259000.0,195000.0,,,,,,,,,,,,,,,,,,,,,,,,,,,296798000.0,,,,,,,,,,,,,,,242329000.0,438302000.0,188413000.0,,,,,,,,38240000.0,,,,,,35000000.0,,,,,,,,,,,-1454000.0,,,,,46.0,406.0,,-913000.0,,,,,,,,,,,,,,,,,,,,10152000.0,3754000.0,,-73000.0,,,-73000.0,18298000.0,18916000.0,,,346000.0,-346000.0,,,,,,,,,,,,8689000.0,,,,,,,,1300000.0,,,98094000.0,,,,,127788000.0,283474000.0,,,,283474000.0,,,102223000.0,,,,,,,,,,,,,,,,,,,,,,,,,,,,195973000.0,,,,,40000.0,,,150000000.0,,14700000.0,4473000.0,,2935000.0,,141542000.0,,,,,,,,,,,,,,28546000.0,28546000.0,,
2018-09-30,2018-10-30,10-Q,"LL Flooring Holdings,Â Inc.",LL,CIK0001396033,USD,,,64387000.0,,,,-1188000.0,212760000.0,1117000.0,,,,,443235000.0,336448000.0,1300000.0,,,,,,,,,11831000.0,,11831000.0,,,0.001,35000000.0,31569000.0,28620000.0,32000.0,5992000.0,,,,169787000.0,144490000.0,25297000.0,,,,,,,,,,,,,,,,,,,,,,,,,,,,,,,,,,,,,,,,,,,,,,0.21,0.21,0.036,,,,,,,,,,8447000.0,,,,,9693000.0,,100682000.0,1800000.0,,,,6148000.0,225000.0,,,,,,,,,,,,,,,500000.0,,,,,,,,,,,,304665000.0,,,,,,,,,,,,,,,239728000.0,443235000.0,177878000.0,,,,,,,,37657000.0,,,,,,43000000.0,,,,,,,,,,,5923000.0,,,,,47.0,409.0,,6695000.0,,,,,,,,,,,,,,,,,,,,12143000.0,3624000.0,,69000.0,,,69000.0,19330000.0,18850000.0,,,547000.0,,,,,,,,,,,,,7809000.0,,,,,,,,1200000.0,,,93470000.0,,,,,133711000.0,270469000.0,,,236380000.0,270469000.0,34089000.0,,93987000.0,,,,,,,,,,,,,,,,,,,,,,,,,,,,203507000.0,,,,1000.0,690000.0,,,150000000.0,,14700000.0,4544000.0,,2949000.0,,141808000.0,266000.0,,,,,,,,,,,,155000.0,28757000.0,28602000.0,,
2018-12-31,2019-03-18,10-K,"LL Flooring Holdings,Â Inc.",LL,CIK0001396033,USD,,,73412000.0,11456000.0,,110417000.0,-1385000.0,213744000.0,4346000.0,,74000000.0,,,475517000.0,366303000.0,,,,,,,4300000.0,40000000.0,,11565000.0,-8373000.0,11565000.0,-8373000.0,,0.001,35000000.0,31578000.0,28627000.0,32000.0,-54612000.0,,,,691696000.0,596411000.0,95285000.0,,132000.0,739000.0,607000.0,0.0413,140000.0,,,240000.0,10672000.0,792000.0,4850000.0,,,100000.0,36198000.0,,3492000.0,,,9880000.0,2445000.0,3153000.0,,2784000.0,1018000.0,2348000.0,14251000.0,1896000.0,4811000.0,26318000.0,792000.0,,792000.0,,,10672000.0,2600000.0,,,,21500000.0,18425000.0,1818000.0,7300000.0,-3.8899999999999997,-3.8899999999999997,-0.018,0.21,-0.073,,-0.003,-0.075,-0.009,-0.013,,-1131000.0,9265000.0,2704000.0,,200000.0,,9693000.0,,488916000.0,1800000.0,-52473000.0,,-927000.0,-53400000.0,979000.0,,,,,3897000.0,,132000.0,-11214000.0,4011000.0,511000.0,723000.0,4852000.0,,,,21500000.0,59179000.0,63951000.0,,6096000.0,,,-2902000.0,800000.0,,,318272000.0,6800000.0,3108000.0,,,,,,,,,,,,,328119000.0,475517000.0,242124000.0,,3500000.0,,,,,,97625000.0,,,,,,65000000.0,,,,,49205000.0,,-13461000.0,,-42986000.0,,-111255000.0,,,,,47.0,,2864000.0,-105482000.0,,34000000.0,,,,,,,155213000.0,36074000.0,14682000.0,20639000.0,26570000.0,32820000.0,24428000.0,34100000.0,,,,8667000.0,5832000.0,,-233000.0,-233000.0,,-233000.0,17290000.0,20203000.0,,,2827000.0,,,1033000.0,2904000.0,-871000.0,953000.0,,,,,14332000.0,600000.0,6299000.0,,100000.0,74000000.0,-953000.0,800000.0,871000.0,770000.0,1400000.0,-54379000.0,204106000.0,93689000.0,,,24000000.0,,76835000.0,1353557000.0,,,955949000.0,1353557000.0,128687000.0,2400000.0,594398000.0,4091000.0,,,0.0,0.55,0.028,,,,303898.0,28.47,300000.0,128870.0,215297.0,10.69,,732585.0,22.97,,732585.0,22.97,17.7,33.25,20.54,,,,147398000.0,,43510.0,,,770000.0,,,,,,4200000.0,,2951000.0,0.0,141828000.0,953000.0,3610000.0,,,,3583000.0,,,,,,,,28571000.0,28571000.0,,
2019-03-31,2019-04-30,10-Q,"LL Flooring Holdings,Â Inc.",LL,CIK0001396033,USD,,,55943000.0,,,,-1268000.0,214798000.0,1054000.0,,,,,576406000.0,357464000.0,,,,,,,,,,17090000.0,5525000.0,17090000.0,5525000.0,,,35000000.0,31661000.0,28682000.0,32000.0,-4807000.0,,,,172609000.0,151425000.0,21184000.0,,,,,,,,,,,,,,,,,,,,,,,,,,,,,,,,,,828000.0,,,,,,,,21500000.0,4312000.0,53000.0,,-0.17,-0.17,-0.045,0.21,,,,,,,,1005000.0,7575000.0,,,,,9693000.0,,93611000.0,,,,,-4711000.0,213000.0,,,,,,,,,,,,-16932000.0,,,,,-17098000.0,350000.0,,-1943000.0,,,4059000.0,,,,299886000.0,,177000.0,,,11188000.0,137347000.0,16869000.0,,13984000.0,19996000.0,26051000.0,32651000.0,27796000.0,18810000.0,433090000.0,576406000.0,264099000.0,,,,,,,,97475000.0,,,,,,67000000.0,,,,,1273000.0,,-3230000.0,,6477000.0,,-4924000.0,,,,,47.0,,,-3421000.0,9036000.0,,,118537000.0,30207000.0,88330000.0,9410000.0,110974000.0,,,,,,,,,0.0612,,,9733000.0,6226000.0,,117000.0,,,117000.0,19425000.0,12833000.0,,,1290000.0,,146000.0,,,-17000.0,,,,,,3247000.0,,9255000.0,,,13000000.0,-727000.0,,,,1400000.0,-4924000.0,,92049000.0,,,11000000.0,,71911000.0,266220000.0,,5132000.0,237899000.0,266220000.0,28321000.0,,97032000.0,1033000.0,,,,,,,,,,,,,,,,,,,,,,,,,,,143316000.0,,,,,,,,150000000.0,,14700000.0,5841000.0,,2979000.0,0.0,142157000.0,329000.0,,,,,,,,,,,2152000.0,,28646000.0,28646000.0,,
2019-06-30,2019-08-07,10-Q,"LL Flooring Holdings,Â Inc.",LL,CIK0001396033,USD,,,67826000.0,,,,-1577000.0,216159000.0,1361000.0,,,,,578310000.0,356376000.0,,,,,,,,,,12727000.0,,12727000.0,,,0.001,35000000.0,29941000.0,28701000.0,30000.0,-3165000.0,,,,186080000.0,,,,,,,,,,,,,863000.0,,,,,,,,,,,,,,,,,,,,,,,,,,,,,,,21500000.0,,,,-0.1,-0.1,-0.168,,,,,,,,,,9050000.0,,,,,9693000.0,,102487000.0,,,,,-2445000.0,411000.0,,,,,,,,,,,,,,,,,,,,,,,,,,,303700000.0,,,,,11288000.0,139217000.0,19179000.0,,16096000.0,22023000.0,28104000.0,34792000.0,19023000.0,18244000.0,436912000.0,578310000.0,243143000.0,,,,,,,,68475000.0,,,,,,89500000.0,,,,,,,,,,,-2856000.0,,,,,47.0,,,-1377000.0,9160000.0,,,120973000.0,30711000.0,90262000.0,,113375000.0,,,,,,,,,0.0599,,,9307000.0,5792000.0,,-309000.0,,,-309000.0,19355000.0,13144000.0,,,1068000.0,,,,,,,,,,,,,9142000.0,,,,,,,,1400000.0,,,93074000.0,,,,,69055000.0,288567000.0,,,,,,,103864000.0,,,,,,,,,,,,,,,,,,,,,,,,,,,,141398000.0,,,,,,,,150000000.0,,14700000.0,4838000.0,,1239000.0,,142269000.0,,,,,,,,,,,,2128000.0,,28692000.0,28692000.0,,
2019-09-30,2019-11-06,10-Q,"LL Flooring Holdings,Â Inc.",LL,CIK0001396033,USD,,,59200000.0,,,,-1664000.0,217365000.0,1206000.0,,,,,573349000.0,352516000.0,,,,,,,,,,5605000.0,,5605000.0,,,0.001,35000000.0,29953000.0,28710000.0,30000.0,958000.0,,,,168286000.0,,,,,,,,,,,,,898000.0,,,,,,,,,,,,,,,,,,,,,,,,,,,,,,,21500000.0,,,,0.04,0.04,0.177,,,,,,,,,,10870000.0,,,,,9693000.0,,95674000.0,,,,,1270000.0,225000.0,,,,,,,,,,,,,,,,,,,,,,,,,,,306881000.0,,,,,11634000.0,136523000.0,22081000.0,,17079000.0,23004000.0,29077000.0,35680000.0,9602000.0,17712000.0,429817000.0,573349000.0,237671000.0,,,,,,,,68475000.0,,,,,,89500000.0,,,,,,,,,,,1045000.0,,,,,47.0,,,2179000.0,9255000.0,,,118811000.0,30708000.0,88103000.0,,111364000.0,,,,,,,,,0.059,,,9360000.0,5724000.0,,-87000.0,,,-87000.0,18476000.0,13645000.0,,,909000.0,,,,,,,,,,,,,9170000.0,,,,,,,,1200000.0,,,94052000.0,,,,,70100000.0,263960000.0,,,,,,,93495000.0,,,,,,,,,,,,,,,,,,,,,,,,,,,,143532000.0,,,,,,,,150000000.0,,14700000.0,4906000.0,,1243000.0,,142299000.0,,,,,,,,,,,,2379000.0,80000.0,28786000.0,28706000.0,,
2019-12-31,2020-02-25,10-K,"LL Flooring Holdings,Â Inc.",LL,CIK0001396033,USD,,27025000.0,59827000.0,12795000.0,,114771000.0,-1580000.0,218616000.0,4872000.0,,75000000.0,,,596009000.0,359113000.0,,,,,,,4600000.0,42000000.0,,8993000.0,,8993000.0,-2572000.0,9000000.0,0.001,35000000.0,29959000.0,28714000.0,30000.0,9468000.0,,41571000.0,,688916000.0,,,2550000.0,90000.0,3655000.0,1015000.0,,-203000.0,,,-366000.0,41480000.0,426000.0,,,,-163000.0,68040000.0,,3194000.0,,,41054000.0,2444000.0,3341000.0,,2723000.0,1169000.0,2611000.0,11774000.0,1311000.0,5054000.0,27000000.0,426000.0,,,,,9676000.0,2800000.0,,,,21500000.0,17465000.0,-221000.0,6500000.0,0.9099999999999999,0.9099999999999999,0.254,0.21,0.052,,0.007,,-0.061,0.033,,702000.0,11742000.0,1500000.0,,500000.0,,9693000.0,,515600000.0,0.0,13830000.0,12952000.0,-878000.0,12952000.0,3289000.0,,200000.0,,,668000.0,,90000.0,2720000.0,6000.0,-794000.0,425000.0,-13640000.0,,,,-2477000.0,-28941000.0,4575000.0,,-4045000.0,,27025000.0,88000.0,800000.0,,,286369000.0,6900000.0,1888000.0,,,46225000.0,152558000.0,22683000.0,37855000.0,13446000.0,20287000.0,26164000.0,32123000.0,,20755000.0,434759000.0,596009000.0,238106000.0,,200000.0,,,,,,67471000.0,,,,,,82000000.0,,,,,15881000.0,,-19484000.0,,329000.0,,26061000.0,,,,,47.0,,,36052000.0,36837000.0,37000000.0,,131803000.0,31333000.0,100470000.0,37842000.0,121796000.0,,,,,,,,,0.057,,,6938000.0,6674000.0,,-195000.0,-195000.0,,-195000.0,18937000.0,13757000.0,,,3764000.0,,2962000.0,962000.0,34729000.0,-422000.0,488000.0,,,,,19906000.0,400000.0,8288000.0,,,104500000.0,-631000.0,900000.0,,,900000.0,9663000.0,213504000.0,98733000.0,,,87500000.0,,86498000.0,1366456000.0,,35573000.0,,,,2500000.0,479548000.0,4848000.0,,,0.0,0.55,0.021,,,,361974.0,24.43,0.0,149657.0,110535.0,4.32,144000.0,693463.0,20.18,144000.0,693463.0,20.18,,25.16,8.47,,,,161250000.0,,,,,,,,150000000.0,,14700000.0,7225000.0,,1245000.0,0.0,142314000.0,488000.0,225000.0,,3443000.0,116000.0,174000.0,,,,,,9388000.0,104000.0,28793000.0,28689000.0,,
2020-03-31,2020-05-28,10-Q,"LL Flooring Holdings,Â Inc.",LL,CIK0001396033,USD,,27157000.0,68634000.0,,,,-1535000.0,218736000.0,120000.0,,,,,589819000.0,354737000.0,,,,,,,,,,22424000.0,,22424000.0,13431000.0,,0.001,35000000.0,30105000.0,28812000.0,30000.0,12280000.0,,37836000.0,,162402000.0,,,,,,,,,,,378000.0,,804000.0,,,,,,,,,,,,,,,,,,,,27000000.0,,,,,,,,,,,21500000.0,4493000.0,-743000.0,,0.43,0.42,-0.552,,,,,,,,,-44000.0,9937000.0,,,,,9693000.0,,104972000.0,,,,,7882000.0,-4353000.0,,,1972000.0,,,,,,,,,9055000.0,,-1805000.0,,,-16379000.0,,,2725000.0,,132000.0,-1998000.0,,,,269636000.0,,452000.0,,,,,,,,,,,,,416485000.0,589819000.0,238754000.0,,,,,,,,67466000.0,,,,,,64000000.0,5000.0,,,,-18316000.0,,-4174000.0,,35965000.0,,12235000.0,,,,,47.0,,,8765000.0,,,,,31383000.0,98916000.0,,120070000.0,,,,,,,,,,,,5995000.0,6848000.0,,45000.0,45000.0,,45000.0,18841000.0,14011000.0,,,883000.0,-883000.0,496000.0,,5000.0,-306000.0,316000.0,,,,,4480000.0,,6053000.0,,,8000000.0,-316000.0,,,,1100000.0,12235000.0,,98471000.0,,,26000000.0,,98733000.0,267374000.0,,,,,,,96207000.0,120000.0,,,,,,,,,,,,,,,,,,,,,,,,,,,173334000.0,,,,,,,,150000000.0,,14700000.0,4657000.0,,1293000.0,0.0,142630000.0,316000.0,,,,,,,,,,,,114000.0,28853000.0,28739000.0,,
2020-06-30,2020-08-05,10-Q,"LL Flooring Holdings,Â Inc.",LL,CIK0001396033,USD,,18285000.0,68516000.0,,,,-1308000.0,219618000.0,846000.0,,,,,664480000.0,429333000.0,,,,,,,,,,126737000.0,,126737000.0,,,0.001,35000000.0,30161000.0,28852000.0,30000.0,2866000.0,,55492000.0,,141992000.0,,,,,,,,,,,,,921000.0,,5400000.0,400000.0,,,,,,,,,,,,,,,,,27000000.0,,,,,,,,,,,21500000.0,,,,0.09,0.09,0.457,,,,,,,,,,11506000.0,,,,,9693000.0,,88292000.0,,,4862000.0,,4862000.0,2223000.0,,,,,,,,,,,,,,,,,,,,,,,,,,,248722000.0,,,,,,,,,,,,,,,487520000.0,664480000.0,268760000.0,,,,,,,,62786000.0,,,,,,101000000.0,,,,,,,,,,,2639000.0,,,,,47.0,,,6004000.0,,,,,36740000.0,101131000.0,,121544000.0,,,,,,,,,,,,5545000.0,7046000.0,,227000.0,227000.0,,227000.0,23998000.0,15708000.0,,,1142000.0,-1142000.0,,,,,,,,,,,,8544000.0,,,,,,,,1300000.0,,,96864000.0,,,,,101372000.0,230284000.0,,,,,,,82288000.0,,,,,,,,,,,,,,,,,,,,,,,,,,,,176960000.0,,,,,36000.0,,,150000000.0,,14700000.0,9722000.0,,1309000.0,,142752000.0,122000.0,,,,,,,,,,,,61000.0,28892000.0,28831000.0,,
2020-09-30,2020-11-02,10-Q,"LL Flooring Holdings,Â Inc.",LL,CIK0001396033,USD,,7516000.0,90194000.0,,,,-1061000.0,220969000.0,1146000.0,,,,,707027000.0,480693000.0,,,,,,,,,,199347000.0,,199347000.0,,,0.001,35000000.0,30184000.0,28871000.0,30000.0,15750000.0,,63736000.0,,179307000.0,,,,,,,,,,,,,973000.0,,4500000.0,200000.0,,,,,,,,,,,,,,,,,28000000.0,,,,,,,,,,,21500000.0,,,,0.54,0.53,0.31,,,,,,,,,,14272000.0,,,,,9693000.0,,116526000.0,,,22467000.0,,22467000.0,6964000.0,,,,,,,,,,,,,,,,,,,,,,,,,,,237440000.0,,,,,,,,,,,,,,,513041000.0,707027000.0,298596000.0,,,,,,,,64751000.0,,,,,,101000000.0,,,,,,,,,,,15503000.0,,,,,47.0,,,23152000.0,,,,,35341000.0,95046000.0,,114552000.0,,,,,,,,,,,,6950000.0,7887000.0,,247000.0,247000.0,,247000.0,24305000.0,17426000.0,,,685000.0,-685000.0,,,,,,,,,,,,7940000.0,,5000000.0,,,,,,1300000.0,,,94202000.0,,,,,116875000.0,295833000.0,,,,,,,93374000.0,,,,,,,,,,,,,,,,,,,,,,,,,,,,193986000.0,,,,,205000.0,,,150000000.0,,14700000.0,5997000.0,,1313000.0,,142827000.0,75000.0,,,,,,,,,,,,475000.0,29334000.0,28859000.0,,
2020-12-31,2021-03-02,10-K,"LL Flooring Holdings,Â Inc.",LL,CIK0001396033,USD,,4078000.0,70543000.0,10136000.0,,128678000.0,,222628000.0,3333000.0,,62000000.0,,,674348000.0,438152000.0,,,,,,,4400000.0,48000000.0,,169941000.0,,169941000.0,160948000.0,170000000.0,0.001,35000000.0,30229000.0,28911000.0,30000.0,63007000.0,,61389000.0,,669990000.0,,,1868000.0,67000.0,4250000.0,2315000.0,,-9671000.0,,11611000.0,-12037000.0,43111000.0,,,2900000.0,100000.0,-2366000.0,60345000.0,,2790000.0,11611000.0,,54722000.0,250000.0,2674000.0,,3538000.0,3616000.0,2155000.0,7998000.0,1241000.0,4718000.0,5623000.0,,,,,,14532000.0,3800000.0,,,,,17645000.0,-211000.0,7900000.0,2.13,2.1,-0.145,0.21,-0.398,-0.033,0.045,,-0.005,0.036,,-14000.0,15347000.0,1300000.0,,800000.0,,9693000.0,0.0,427712000.0,900000.0,55874000.0,53640000.0,-2234000.0,53640000.0,12213000.0,,10000000.0,,,-21363000.0,-1751000.0,2431000.0,11264000.0,2000.0,-319000.0,1949000.0,9910000.0,,,,-3605000.0,-38617000.0,2507000.0,,-1061000.0,5131000.0,-22947000.0,4094000.0,,,,244409000.0,6700000.0,3036000.0,,,46932000.0,146611000.0,18880000.0,38207000.0,12391000.0,18709000.0,25741000.0,32683000.0,,16388000.0,446742000.0,674348000.0,242255000.0,,200000.0,,,,,,30398000.0,,,21500000.0,,106000000.0,101000000.0,39580000.0,2507000.0,,,18778000.0,,-14862000.0,,157046000.0,,61427000.0,,,,,47.0,,,56282000.0,37557000.0,37000000.0,935000.0,130223000.0,33024000.0,90194000.0,35483000.0,109475000.0,,,,,,,,,0.056,,,10354000.0,7860000.0,,823000.0,823000.0,757000.0,1580000.0,25761000.0,13293000.0,,,2642000.0,,726000.0,591000.0,18080000.0,-966000.0,663000.0,,,,,15828000.0,400000.0,9370000.0,,,45000000.0,441000.0,100000.0,,679000.0,1100000.0,61427000.0,226235000.0,97557000.0,,,26000000.0,,147925000.0,1097702000.0,,17487000.0,,,,2900000.0,371430000.0,3333000.0,,,0.0,0.57,0.011,,,,217780.0,26.31,500000.0,335990.0,236307.0,6.2,8508000.0,553956.0,18.08,8508000.0,553956.0,18.08,17.04,18.27,12.0,2450000.0,,,227606000.0,,39824.0,,,679000.0,,,150000000.0,,14700000.0,5793000.0,,1318000.0,0.0,142977000.0,663000.0,225000.0,,,,,,,,2500000.0,1700000.0,9375000.0,417000.0,29247000.0,28830000.0,,1800000.0
2021-03-31,2021-05-05,10-Q,"LL Flooring Holdings,Â Inc.",LL,CIK0001396033,USD,,1070000.0,75103000.0,,,,,223899000.0,1230000.0,,,,,691305000.0,454347000.0,,,,,,,,,,208864000.0,,208864000.0,38923000.0,,0.001,35000000.0,30398000.0,29025000.0,30000.0,10622000.0,,68211000.0,1300000.0,167858000.0,,,,,,,,,,11584000.0,27000.0,,,,,,,,,,,,,,,,,,,,,,5600000.0,,,,,,,,,,,,4664000.0,-30000.0,,0.37,0.36,0.234,,,,,,,,,,8588000.0,,,,,9693000.0,,115592000.0,,,,,13874000.0,3252000.0,,,,,,,,,,,,6042000.0,,-6759000.0,,,-18002000.0,7698000.0,,7632000.0,,-3008000.0,-1301000.0,,,,225404000.0,,26000.0,,,,,,,,,,,,,453181000.0,691305000.0,253194000.0,,,,,,,,36594000.0,,,977000.0,,106000000.0,101000000.0,23000.0,7698000.0,,,-1334000.0,,-4238000.0,,44495000.0,,10622000.0,,,,,47.0,,,13105000.0,,,,,32005000.0,92162000.0,,111775000.0,,,,,,,,,,,,9348000.0,8227000.0,,,,,,26449000.0,6825000.0,,503000.0,,769000.0,585000.0,,23000.0,-58000.0,1375000.0,,,,,4296000.0,,9661000.0,,,,41000.0,,,,1100000.0,10622000.0,,95679000.0,,,,,158547000.0,283450000.0,,,,,,,102487000.0,1230000.0,,,,,,,,,,,,,,,,,,,,,,,,,,,238124000.0,,,,,41000.0,,,,,,6244000.0,,1373000.0,,144352000.0,1375000.0,,,,,,,,,,,,604000.0,29547000.0,28943000.0,,
2021-06-30,2021-08-04,10-Q,"LL Flooring Holdings,Â Inc.",LL,CIK0001396033,USD,,429000.0,69367000.0,,,,,225287000.0,1365000.0,,,,,597908000.0,356927000.0,,,,,,,,,,112395000.0,,112395000.0,,,0.001,35000000.0,30455000.0,29063000.0,30000.0,11989000.0,,67731000.0,1300000.0,188654000.0,,,,,,,,,,11583000.0,,,,,,,,,,,,,,,,,,,,,,,5600000.0,,,,,,,,,,,,,,,0.41,0.41,0.256,,,,,,,,,,10714000.0,,,,,9693000.0,,112730000.0,,,16116000.0,,,4127000.0,,,,,,,,,,,,,,,,,,,,,,,,,,,223907000.0,,,,,,,,,,,,,,,346843000.0,597908000.0,245404000.0,,,,,,,,35750000.0,,,,,,,,,,,,,,,,,11989000.0,,,,,47.0,,,16614000.0,,,,,32640000.0,94646000.0,,115792000.0,,,,,,,,,,,,10594000.0,8858000.0,,,,,,24689000.0,6793000.0,,,,-498000.0,,,,,,,,,,,,9602000.0,,,,,,,,1000000.0,,,95055000.0,,,,,170536000.0,301384000.0,,,,,,,96116000.0,,,,,,,,,,,,,,,,,,,,,,,,,,,,251065000.0,,,,,23000.0,,,,,,4513000.0,,1392000.0,,144788000.0,436000.0,,,,,,,,,,,,446000.0,29488000.0,29042000.0,,
2021-09-30,2021-11-03,10-Q,"LL Flooring Holdings,Â Inc.",LL,CIK0001396033,USD,,,53093000.0,,,,,226636000.0,1349000.0,,,,,599835000.0,350778000.0,,,,,,,,,,104211000.0,,104211000.0,,,0.001,35000000.0,30496000.0,29089000.0,30000.0,8779000.0,,70221000.0,1300000.0,177028000.0,,,,,,,,,,11583000.0,,,,,,,,,,,,,,,,,,,,,,,5600000.0,,,,,,,,,,,,,,,0.3,0.3,0.27,,,,,,,,,,9203000.0,,,,,9693000.0,,105201000.0,,,12018000.0,,,3239000.0,,,,,,,,,,,,,,,,,,,,,,,,,,,224998000.0,,,,,,,,,,,,,,,338932000.0,599835000.0,230254000.0,,,,,,,,34903000.0,,,,,,,,,,,,,,,,,8779000.0,,,,,47.0,422.0,,12036000.0,,,,,32660000.0,101964000.0,,123526000.0,,,,,,,,,,,,11396000.0,8669000.0,,,,,,25467000.0,6714000.0,,,,-18000.0,,,,,,,,,,,,10173000.0,,,,,,,,1000000.0,,,95586000.0,,,,,179315000.0,282229000.0,,,,,,,93165000.0,,,,,,,,,,,,,,,,,,,,,,,,,,,,260903000.0,,,,,,,,,,,4707000.0,,1407000.0,,145078000.0,290000.0,,,,,,,,,,,,373000.0,29455000.0,29082000.0,,
2021-12-31,2022-02-23,10-K,"LL Flooring Holdings,Â Inc.",LL,CIK0001396033,USD,,,63464000.0,4105000.0,,141310000.0,,227804000.0,5113000.0,,62000000.0,,,605892000.0,359828000.0,,,,,,,4400000.0,51000000.0,,85189000.0,,85189000.0,-84752000.0,85000000.0,0.001,35000000.0,30536000.0,29113000.0,31000.0,41698000.0,,,,712302000.0,,,9444000.0,82000.0,10816000.0,1290000.0,,961000.0,,11336000.0,276000.0,45698000.0,,,,,-685000.0,59439000.0,,4088000.0,11336000.0,,57034000.0,1186000.0,2405000.0,,655000.0,2117000.0,2381000.0,8850000.0,927000.0,2809000.0,2405000.0,,,,,,14324000.0,3300000.0,,,,,18833000.0,44000.0,7200000.0,1.44,1.41,0.21,0.21,-0.051,,0.007,,,0.04,,,10128000.0,1500000.0,,,,9693000.0,0.0,440042000.0,0.0,52780000.0,52790000.0,10000.0,,11092000.0,,11000000.0,,,-2698000.0,,365000.0,11088000.0,,9000.0,2086000.0,-8538000.0,,,,5219000.0,15104000.0,7773000.0,,6090000.0,-2542000.0,-4078000.0,-700000.0,,,,254385000.0,5600000.0,2345000.0,,,47108000.0,,,,,,,,,,333771000.0,605892000.0,232340000.0,,400000.0,,,,,,33611000.0,,,,,,,101000.0,7773000.0,,,-104050000.0,,-19372000.0,,38670000.0,,41698000.0,,,,,47.0,,,52686000.0,37145000.0,37000000.0,,,33060000.0,97163000.0,40605000.0,119510000.0,,,,,,,,,0.05,,,11094000.0,8599000.0,,,,,,20717000.0,4268000.0,,1676000.0,,104000.0,1230000.0,163000.0,101000.0,-71000.0,2360000.0,,,,,19443000.0,1000000.0,9160000.0,,,,-690000.0,,,,900000.0,41698000.0,238236000.0,96926000.0,,,101000000.0,,189623000.0,1152344000.0,,41564000.0,,,,3200000.0,387356000.0,5113000.0,,,0.0,0.65,0.01,,,,331123.0,22.03,35000.0,34586.0,111355.0,13.3,1979000.0,624927.0,19.17,1979000.0,624927.0,19.17,10.98,16.91,23.49,801000.0,,,272121000.0,,5798.0,,,64000.0,,,,,14700000.0,4297000.0,,1423000.0,0.0,145337000.0,2360000.0,375000.0,,133000.0,92000.0,375000.0,,,,,,9963000.0,484000.0,29525000.0,29041000.0,101000000.0,
