end,filed,form,Name,Ticker,CIK,Currency,AccountsPayableAndAccruedLiabilitiesCurrent,AccountsPayableCurrent,AccountsReceivableGross,AccountsReceivableGrossCurrent,AccountsReceivableNet,AccountsReceivableNetCurrent,AccrualForTaxesOtherThanIncomeTaxesCurrent,AccruedIncomeTaxesCurrent,AccruedInsuranceCurrent,AccruedLiabilitiesCurrent,AccumulatedAmortizationDeferredFinanceCosts,AccumulatedDepreciationDepletionAndAmortizationPropertyPlantAndEquipment,AccumulatedOtherComprehensiveIncomeLossCumulativeChangesInNetGainLossFromCashFlowHedgesEffectNetOfTax,AccumulatedOtherComprehensiveIncomeLossNetOfTax,AdditionalPaidInCapital,AdditionalPaidInCapitalCommonStock,AdjustmentForAmortization,AdjustmentsToAdditionalPaidInCapitalSharebasedCompensationRequisiteServicePeriodRecognitionValue,AdjustmentsToAdditionalPaidInCapitalStockIssuedIssuanceCosts,AdjustmentsToAdditionalPaidInCapitalTaxEffectFromShareBasedCompensation,AdvertisingExpense,AllocatedShareBasedCompensationExpense,AllowanceForDoubtfulAccountsReceivable,AllowanceForDoubtfulAccountsReceivableChargeOffs,AllowanceForDoubtfulAccountsReceivableCurrent,AllowanceForDoubtfulAccountsReceivablePeriodIncreaseDecrease,AllowanceForDoubtfulAccountsReceivableRecoveries,AmortizationOfFinancingCosts,AmortizationOfFinancingCostsAndDiscounts,AmortizationOfIntangibleAssets,AntidilutiveSecuritiesExcludedFromComputationOfEarningsPerShareAmount,AssetImpairmentCharges,Assets,AssetsCurrent,AssetsHeldForSaleAtCarryingValue,AssetsHeldForSaleCurrent,AssetsHeldForSaleLongLived,AssumedLiabilityForUnpaidClaimsAndClaimsAdjustmentExpense,BusinessAcquisitionPurchasePriceAllocationGoodwillExpectedTaxDeductibleAmount,BusinessCombinationAcquiredReceivablesGrossContractualAmount,BusinessCombinationConsiderationTransferred1,BusinessCombinationConsiderationTransferredLiabilitiesIncurred,BusinessCombinationRecognizedIdentifiableAssetsAcquiredAndLiabilitiesAssumedCurrentAssetsPrepaidExpenseAndOtherAssets,BusinessCombinationRecognizedIdentifiableAssetsAcquiredAndLiabilitiesAssumedCurrentAssetsReceivables,BusinessCombinationRecognizedIdentifiableAssetsAcquiredAndLiabilitiesAssumedCurrentLiabilitiesAccountsPayable,BusinessCombinationRecognizedIdentifiableAssetsAcquiredAndLiabilitiesAssumedIntangibleAssetsOtherThanGoodwill,BusinessCombinationRecognizedIdentifiableAssetsAcquiredAndLiabilitiesAssumedInventory,BusinessCombinationRecognizedIdentifiableAssetsAcquiredAndLiabilitiesAssumedPropertyPlantAndEquipment,CapitalizedComputerSoftwareAccumulatedAmortization,CapitalizedComputerSoftwareAmortization,CapitalizedComputerSoftwareAmortization1,CapitalizedComputerSoftwareNet,CapitalLeaseObligations,CashAndCashEquivalentsAtCarryingValue,CashAndCashEquivalentsPeriodIncreaseDecrease,CashCashEquivalentsRestrictedCashAndRestrictedCashEquivalentsIncludingDisposalGroupAndDiscontinuedOperations,CashCashEquivalentsRestrictedCashAndRestrictedCashEquivalentsPeriodIncreaseDecreaseIncludingExchangeRateEffect,ClassOfWarrantOrRightExercisePriceOfWarrantsOrRights,ClassOfWarrantOrRightNumberOfSecuritiesCalledByWarrantsOrRights,CommodityContractAssetCurrent,CommonStockParOrStatedValuePerShare,CommonStockSharesAuthorized,CommonStockSharesIssued,CommonStockSharesOutstanding,CommonStockValue,ComprehensiveIncomeNetOfTax,ComprehensiveIncomeNetOfTaxIncludingPortionAttributableToNoncontrollingInterest,ContractWithCustomerAssetIncreaseDecreaseForContractAcquiredInBusinessCombination,ContractWithCustomerAssetNetCurrent,ContractWithCustomerLiabilityCurrent,ContractWithCustomerLiabilityIncreaseDecreaseForContractAcquiredInBusinessCombination,CostOfGoodsAndServicesSold,CostOfGoodsSold,CumulativeEffectOfNewAccountingPrincipleInPeriodOfAdoption,CumulativeEffectOnRetainedEarningsNetOfTax1,CurrentFederalTaxExpenseBenefit,CurrentIncomeTaxExpenseBenefit,CurrentStateAndLocalTaxExpenseBenefit,DebtAndCapitalLeaseObligations,DebtInstrumentBasisSpreadOnVariableRate,DebtInstrumentBasisSpreadOnVariableRate1,DebtInstrumentCarryingAmount,DebtInstrumentDecreaseRepayments,DebtInstrumentFaceAmount,DebtInstrumentInterestRateEffectivePercentage,DebtInstrumentUnamortizedDiscount,DebtInstrumentUnamortizedDiscountPremiumAndDebtIssuanceCostsNet,DebtIssuanceCosts,DebtWeightedAverageInterestRate,DeferredCostsAndOtherAssets,DeferredFederalIncomeTaxExpenseBenefit,DeferredFinanceCostsGross,DeferredFinanceCostsNet,DeferredFinanceCostsNoncurrentNet,DeferredIncomeTaxExpenseBenefit,DeferredIncomeTaxesAndTaxCredits,DeferredIncomeTaxLiabilities,DeferredIncomeTaxLiabilitiesNet,DeferredStateAndLocalIncomeTaxExpenseBenefit,DeferredTaxAssetsDerivativeInstruments,DeferredTaxAssetsGoodwillAndIntangibleAssets,DeferredTaxAssetsInventory,DeferredTaxAssetsLiabilitiesNet,DeferredTaxAssetsLiabilitiesNetCurrent,DeferredTaxAssetsLiabilitiesNetNoncurrent,DeferredTaxAssetsNet,DeferredTaxAssetsNetCurrent,DeferredTaxAssetsOperatingLossCarryforwards,DeferredTaxAssetsOther,DeferredTaxAssetsTaxCreditCarryforwardsAlternativeMinimumTax,DeferredTaxAssetsTaxDeferredExpenseCompensationAndBenefits,DeferredTaxAssetsTaxDeferredExpenseCompensationAndBenefitsShareBasedCompensationCost,DeferredTaxAssetsTaxDeferredExpenseReservesAndAccrualsAllowanceForDoubtfulAccounts,DeferredTaxAssetsTaxDeferredExpenseReservesAndAccrualsImpairmentLosses,DeferredTaxAssetsTaxDeferredExpenseReservesAndAccrualsOther,DeferredTaxAssetsTaxDeferredExpenseReservesAndAccrualsWarrantyReserves,DeferredTaxAssetsValuationAllowance,DeferredTaxExpenseFromStockOptionsExercised,DeferredTaxLiabilities,DeferredTaxLiabilitiesDeferredExpenseDeferredFinancingCosts,DeferredTaxLiabilitiesDerivatives,DeferredTaxLiabilitiesGoodwillAndIntangibleAssets,DeferredTaxLiabilitiesGoodwillAndIntangibleAssetsGoodwill,DeferredTaxLiabilitiesGoodwillAndIntangibleAssetsIntangibleAssets,DeferredTaxLiabilitiesLeasingArrangements,DeferredTaxLiabilitiesNoncurrent,DeferredTaxLiabilitiesOther,DeferredTaxLiabilitiesPrepaidExpenses,DeferredTaxLiabilitiesPropertyPlantAndEquipment,DefinedContributionPlanCostRecognized,DefinedContributionPlanEmployerMatchingContributionPercent,DefinedContributionPlanEmployerMatchingContributionPercentOfMatch,DefinedContributionPlanEmployersMatchingContributionAnnualVestingPercentage,DefinedContributionPlanMaximumAnnualContributionPerEmployeePercent,DefinedContributionPlanMaximumAnnualContributionsPerEmployeePercent,DepositLiabilitiesAccruedInterest,Depreciation,DerivativeAssetFairValueNet,DerivativeAssets,DerivativeAssetsLiabilitiesAtFairValueNet,DerivativeAverageForwardPrice,DerivativeAverageForwardPrice,DerivativeFairValueOfDerivativeAssetAmountNotOffsetAgainstCollateral,DerivativeFairValueOfDerivativeLiability,DerivativeFairValueOfDerivativeLiabilityAmountNotOffsetAgainstCollateral,DerivativeFairValueOfDerivativeNet,DerivativeInstrumentsGainLossReclassifiedFromAccumulatedOCIIntoIncomeEffectivePortionNet,DerivativeInstrumentsGainLossRecognizedInIncomeIneffectivePortionAndAmountExcludedFromEffectivenessTestingNet,DerivativeInstrumentsGainLossRecognizedInOtherComprehensiveIncomeEffectivePortionNet,DerivativeInstrumentsLossRecognizedInIncome,DerivativeInstrumentsNotDesignatedAsHedgingInstrumentsGainLossNet,DerivativeLiabilities,DerivativeLiabilitiesCurrent,DerivativeLiabilityFairValueNet1,DerivativeLossOnDerivative,DiscontinuedOperationTaxEffectOfDiscontinuedOperation,DueToRelatedPartiesCurrent,EarningsPerShareBasic,EarningsPerShareBasicAndDiluted,EarningsPerShareDiluted,EffectiveIncomeTaxRateContinuingOperations,EffectiveIncomeTaxRateReconciliationAtFederalStatutoryIncomeTaxRate,EffectiveIncomeTaxRateReconciliationChangeInDeferredTaxAssetsValuationAllowance,EffectiveIncomeTaxRateReconciliationChangeInEnactedTaxRate,EffectiveIncomeTaxRateReconciliationDeductions,EffectiveIncomeTaxRateReconciliationNondeductibleExpense,EffectiveIncomeTaxRateReconciliationNondeductibleExpenseMealsAndEntertainment,EffectiveIncomeTaxRateReconciliationOtherAdjustments,EffectiveIncomeTaxRateReconciliationShareBasedCompensationExcessTaxBenefitPercent,EffectiveIncomeTaxRateReconciliationStateAndLocalIncomeTaxes,EffectiveIncomeTaxRateReconciliationTaxCredits,EffectiveIncomeTaxRateReconciliationTaxCreditsResearch,EffectiveIncomeTaxRateReconciliationTaxSettlementsStateAndLocal,EmployeeRelatedLiabilitiesCurrent,EmployeeServiceShareBasedCompensationNonvestedAwardsTotalCompensationCostNotYetRecognized,EmployeeServiceShareBasedCompensationTaxBenefitFromExerciseOfStockOptions,EscrowDepositDisbursementsRelatedToPropertyAcquisition1,ExcessTaxBenefitFromShareBasedCompensationFinancingActivities,ExcessTaxBenefitFromShareBasedCompensationOperatingActivities,ExtinguishmentOfDebtAmount,FairValueAssetsLevel1ToLevel2TransfersAmount,FairValueAssetsLevel2ToLevel1TransfersAmount,FairValueOfAssetsAcquired,FinancingReceivableAllowanceForCreditLosses,FiniteLivedIntangibleAssetsAccumulatedAmortization,FiniteLivedIntangibleAssetsAmortizationExpenseAfterYearFive,FiniteLivedIntangibleAssetsAmortizationExpenseNextTwelveMonths,FiniteLivedIntangibleAssetsAmortizationExpenseRemainderOfFiscalYear,FiniteLivedIntangibleAssetsAmortizationExpenseYearFive,FiniteLivedIntangibleAssetsAmortizationExpenseYearFour,FiniteLivedIntangibleAssetsAmortizationExpenseYearThree,FiniteLivedIntangibleAssetsAmortizationExpenseYearTwo,FiniteLivedIntangibleAssetsNet,FiniteLivedTradeNamesGross,GainLossOnDerivativeInstrumentsNetPretax,GainLossOnDispositionOfAssets,GainLossOnDispositionOfAssets1,GainLossOnSaleOfBusiness,GainLossOnSaleOfPropertyPlantEquipment,GainsLossesOnExtinguishmentOfDebt,Goodwill,GoodwillSubsequentRecognitionOfDeferredTaxAsset,GrossProfit,ImpairmentOfIntangibleAssetsFinitelived,ImpairmentOfIntangibleAssetsIndefinitelivedExcludingGoodwill,IncomeLossFromContinuingOperationsBeforeIncomeTaxesExtraordinaryItemsNoncontrollingInterest,IncomeLossFromContinuingOperationsBeforeIncomeTaxesMinorityInterestAndIncomeLossFromEquityMethodInvestments,IncomeTaxExpenseBenefit,IncomeTaxExpenseBenefitIntraperiodTaxAllocation,IncomeTaxesPaid,IncomeTaxesPaidNet,IncomeTaxReceivable,IncreaseDecreaseInAccountsPayableAndAccruedLiabilities,IncreaseDecreaseInAccountsReceivable,IncreaseDecreaseInInventories,IncreaseDecreaseInMarginDepositsOutstanding,IncreaseDecreaseInPrepaidDeferredExpenseAndOtherAssets,IncrementalCommonSharesAttributableToShareBasedPaymentArrangements,IndefiniteLivedIntangibleAssetsExcludingGoodwillFairValueDisclosure,IndefiniteLivedIntangibleAssetsImpairmentLosses,IndefinitelivedIntangibleAssetsAcquired,IntangibleAssetsNetExcludingGoodwill,InterestAndOtherIncome,InterestCostsCapitalized,InterestCostsCapitalizedAdjustment,InterestExpense,InterestExpenseDebt,InterestIncomeExpenseNet,InterestIncomeExpenseNonoperatingNet,InterestPaid,InterestPaidNet,InterestRateDerivativeAssetsAtFairValue,InventoryFinishedGoods,InventoryNet,InventoryRawMaterials,InventoryRawMaterialsNetOfReserves,InventoryWorkInProcess,LeaseAndRentalExpense,LeaseCost,LesseeOperatingLeaseLiabilityPaymentsDue,LesseeOperatingLeaseLiabilityPaymentsDueAfterYearFive,LesseeOperatingLeaseLiabilityPaymentsDueNextTwelveMonths,LesseeOperatingLeaseLiabilityPaymentsDueYearFive,LesseeOperatingLeaseLiabilityPaymentsDueYearFour,LesseeOperatingLeaseLiabilityPaymentsDueYearThree,LesseeOperatingLeaseLiabilityPaymentsDueYearTwo,LesseeOperatingLeaseLiabilityPaymentsRemainderOfFiscalYear,LesseeOperatingLeaseLiabilityUndiscountedExcessAmount,LettersOfCreditOutstandingAmount,Liabilities,LiabilitiesAndStockholdersEquity,LiabilitiesCurrent,LineOfCredit,LineOfCreditFacilityAmountOutstanding,LongLivedAssetsHeldForSaleProceedsFromSale,LongTermDebt,LongTermDebtAndCapitalLeaseObligations,LongTermDebtAndCapitalLeaseObligationsCurrent,LongTermDebtCurrent,LongTermDebtFairValue,LongTermDebtMaturitiesRepaymentsOfPrincipalAfterYearFive,LongTermDebtMaturitiesRepaymentsOfPrincipalInNextTwelveMonths,LongTermDebtMaturitiesRepaymentsOfPrincipalInYearFive,LongTermDebtMaturitiesRepaymentsOfPrincipalInYearFour,LongTermDebtMaturitiesRepaymentsOfPrincipalInYearThree,LongTermDebtMaturitiesRepaymentsOfPrincipalInYearTwo,LongTermDebtMaturitiesRepaymentsOfPrincipalRemainderOfFiscalYear,LongTermDebtNoncurrent,LongTermPurchaseCommitmentAmount,ManufacturingCosts,MinorityInterestChangeInRedemptionValue,MinorityInterestOwnershipPercentageByParent,NetCashProvidedByUsedInFinancingActivities,NetCashProvidedByUsedInFinancingActivitiesContinuingOperations,NetCashProvidedByUsedInInvestingActivities,NetCashProvidedByUsedInInvestingActivitiesContinuingOperations,NetCashProvidedByUsedInOperatingActivities,NetCashProvidedByUsedInOperatingActivitiesContinuingOperations,NetIncomeLoss,NetIncomeLossAttributableToRedeemableNoncontrollingInterest,NetIncomeLossAvailableToCommonStockholdersBasic,NewAccountingPronouncementOrChangeInAccountingPrincipleEffectOfChangeOnNetIncome,NoncashOrPartNoncashAcquisitionFixedAssetsAcquired1,NoncashOrPartNoncashAcquisitionPayablesAssumed1,NoncashOrPartNoncashAcquisitionValueOfLiabilitiesAssumed1,NonoperatingIncomeExpense,NotesPayable,NotesReceivableGross,NumberOfOperatingSegments,NumberOfReportableSegments,NumberOfStores,OciBeforeReclassificationsBeforeTaxAttributableToParent,OperatingIncomeLoss,OperatingLeaseCost,OperatingLeaseExpense,OperatingLeaseLiability,OperatingLeaseLiabilityCurrent,OperatingLeaseLiabilityNoncurrent,OperatingLeasePayments,OperatingLeaseRightOfUseAsset,OperatingLeasesFutureMinimumPaymentsDue,OperatingLeasesFutureMinimumPaymentsDueCurrent,OperatingLeasesFutureMinimumPaymentsDueInFiveYears,OperatingLeasesFutureMinimumPaymentsDueInFourYears,OperatingLeasesFutureMinimumPaymentsDueInThreeYears,OperatingLeasesFutureMinimumPaymentsDueInTwoYears,OperatingLeasesFutureMinimumPaymentsDueThereafter,OperatingLeaseWeightedAverageDiscountRatePercent,OperatingLossCarryforwards,OtherAccruedLiabilitiesCurrent,OtherAssetsCurrent,OtherAssetsNoncurrent,OtherComprehensiveIncomeDerivativesQualifyingAsHedgesNetOfTaxPeriodIncreaseDecrease,OtherComprehensiveIncomeLossBeforeReclassificationsNetOfTax,OtherComprehensiveIncomeLossBeforeTax,OtherComprehensiveIncomeLossBeforeTaxPortionAttributableToParent,OtherComprehensiveIncomeLossCashFlowHedgeGainLossBeforeReclassificationAndTax,OtherComprehensiveIncomeLossDerivativesQualifyingAsHedgesTax,OtherComprehensiveIncomeLossNetOfTax,OtherComprehensiveIncomeLossNetOfTaxPortionAttributableToParent,OtherComprehensiveIncomeLossReclassificationAdjustmentFromAOCIOnDerivativesBeforeTax,OtherComprehensiveIncomeLossReclassificationAdjustmentFromAOCIOnDerivativesTax,OtherComprehensiveIncomeLossReclassificationAdjustmentOnDerivativesIncludedInNetIncomeBeforeTax,OtherComprehensiveIncomeLossReclassificationAdjustmentOnDerivativesIncludedInNetIncomeNetOfTax,OtherComprehensiveIncomeLossTax,OtherComprehensiveIncomeLossTaxPortionAttributableToParent1,OtherComprehensiveIncomeUnrealizedGainLossOnDerivativesArisingDuringPeriodBeforeTax,OtherComprehensiveIncomeUnrealizedGainLossOnDerivativesArisingDuringPeriodNetOfTax,OtherDeferredCompensationArrangementsLiabilityCurrent,OtherIntangibleAssetsNet,OtherLiabilitiesNoncurrent,PaymentsForRepurchaseOfCommonStock,PaymentsOfFinancingCosts,PaymentsOfStockIssuanceCosts,PaymentsRelatedToTaxWithholdingForShareBasedCompensation,PaymentsToAcquireBusinessesGross,PaymentsToAcquireBusinessesNetOfCashAcquired,PaymentsToAcquireIntangibleAssets,PaymentsToAcquirePropertyPlantAndEquipment,PreferredStockParOrStatedValuePerShare,PreferredStockSharesAuthorized,PreferredStockSharesOutstanding,PreferredStockValue,PrepaidExpenseAndOtherAssetsCurrent,PrepaidExpenseCurrent,PriceRiskCashFlowHedgeUnrealizedGainLossToBeReclassifiedDuringNext12Months,ProceedsFromDivestitureOfBusinesses,ProceedsFromIncomeTaxRefunds,ProceedsFromIssuanceInitialPublicOffering,ProceedsFromIssuanceOfCommonStock,ProceedsFromIssuanceOfLongTermDebt,ProceedsFromIssuanceOfSeniorLongTermDebt,ProceedsFromPaymentsForOtherFinancingActivities,ProceedsFromSaleOfMachineryAndEquipment,ProceedsFromSaleOfPropertyPlantAndEquipment,ProceedsFromStockOptionsExercised,ProceedsFromStockPlans,ProductWarrantyAccrual,ProductWarrantyAccrualAdditionsFromBusinessAcquisition,ProductWarrantyAccrualClassifiedCurrent,ProductWarrantyAccrualPayments,ProductWarrantyAccrualPreexistingIncreaseDecrease,ProductWarrantyAccrualWarrantiesIssued,ProductWarrantyExpense,ProfitLoss,PropertyPlantAndEquipmentGross,PropertyPlantAndEquipmentNet,ProvisionForDoubtfulAccounts,ReclassificationFromAccumulatedOtherComprehensiveIncomeCurrentPeriodBeforeTax,ReclassificationFromAociCurrentPeriodBeforeTaxAttributableToParent,RedeemableNoncontrollingInterestEquityCarryingAmount,RedeemableNoncontrollingInterestEquityRedemptionValue,RepaymentsOfLongTermCapitalLeaseObligations,RepaymentsOfLongTermDebt,RepaymentsOfSeniorDebt,ResearchAndDevelopmentExpense,RestructuringCharges,RestructuringReserve,RestructuringReserveAccrualAdjustment,RestructuringReserveSettledWithCash,RetainedEarningsAccumulatedDeficit,RevenueFromContractWithCustomerIncludingAssessedTax,RightOfUseAssetObtainedInExchangeForOperatingLeaseLiability,SalesRevenueGoodsNet,SellingGeneralAndAdministrativeExpense,SeveranceCosts,ShareBasedCompensation,ShareBasedCompensationArrangementByShareBasedPaymentAwardEquityInstrumentsOtherThanOptionsForfeitedInPeriod,ShareBasedCompensationArrangementByShareBasedPaymentAwardEquityInstrumentsOtherThanOptionsForfeituresWeightedAverageGrantDateFairValue,ShareBasedCompensationArrangementByShareBasedPaymentAwardEquityInstrumentsOtherThanOptionsGrantsInPeriod,ShareBasedCompensationArrangementByShareBasedPaymentAwardEquityInstrumentsOtherThanOptionsGrantsInPeriodWeightedAverageGrantDateFairValue,ShareBasedCompensationArrangementByShareBasedPaymentAwardEquityInstrumentsOtherThanOptionsNonvestedNumber,ShareBasedCompensationArrangementByShareBasedPaymentAwardEquityInstrumentsOtherThanOptionsNonvestedWeightedAverageGrantDateFairValue,ShareBasedCompensationArrangementByShareBasedPaymentAwardEquityInstrumentsOtherThanOptionsVestedInPeriod,ShareBasedCompensationArrangementByShareBasedPaymentAwardEquityInstrumentsOtherThanOptionsVestedInPeriodWeightedAverageGrantDateFairValue,ShareBasedCompensationArrangementByShareBasedPaymentAwardNumberOfSharesAuthorized,ShareBasedCompensationArrangementByShareBasedPaymentAwardOptionsExercisableNumber,ShareBasedCompensationArrangementByShareBasedPaymentAwardOptionsExercisableWeightedAverageExercisePrice,ShareBasedCompensationArrangementByShareBasedPaymentAwardOptionsExercisesInPeriodTotalIntrinsicValue,ShareBasedCompensationArrangementByShareBasedPaymentAwardOptionsForfeituresAndExpirationsInPeriod,ShareBasedCompensationArrangementByShareBasedPaymentAwardOptionsForfeituresAndExpirationsInPeriodWeightedAverageExercisePrice,ShareBasedCompensationArrangementByShareBasedPaymentAwardOptionsGrantsInPeriodGross,ShareBasedCompensationArrangementByShareBasedPaymentAwardOptionsGrantsInPeriodWeightedAverageGrantDateFairValue,ShareBasedCompensationArrangementByShareBasedPaymentAwardOptionsOutstandingIntrinsicValue,ShareBasedCompensationArrangementByShareBasedPaymentAwardOptionsOutstandingNumber,ShareBasedCompensationArrangementByShareBasedPaymentAwardOptionsOutstandingWeightedAverageExercisePrice,ShareBasedCompensationArrangementByShareBasedPaymentAwardPerShareWeightedAveragePriceOfSharesPurchased,ShareBasedCompensationArrangementByShareBasedPaymentAwardSharesIssuedInPeriod,ShareBasedCompensationArrangementsByShareBasedPaymentAwardOptionsExercisesInPeriodWeightedAverageExercisePrice,ShareBasedCompensationArrangementsByShareBasedPaymentAwardOptionsGrantsInPeriodWeightedAverageExercisePrice,ShareBasedCompensationSharesAuthorizedUnderStockOptionPlansExercisePriceRangeNumberOfExercisableOptions,ShareBasedCompensationSharesAuthorizedUnderStockOptionPlansExercisePriceRangeNumberOfOutstandingOptions,SharebasedCompensationArrangementBySharebasedPaymentAwardOptionsExercisableIntrinsicValue1,SharebasedCompensationArrangementBySharebasedPaymentAwardOptionsVestedWeightedAverageGrantDateFairValue,ShippingHandlingAndTransportationCosts,StockholdersEquity,StockholdersEquityBeforeTreasuryStock,StockholdersEquityIncludingPortionAttributableToNoncontrollingInterest,StockIssuedDuringPeriodSharesStockOptionsExercised,StockIssuedDuringPeriodValueAcquisitions,StockIssuedDuringPeriodValueEmployeeStockPurchasePlan,StockIssuedDuringPeriodValueNewIssues,StockIssuedDuringPeriodValueRestrictedStockAwardNetOfForfeitures,StockIssuedDuringPeriodValueShareBasedCompensationGross,StockIssuedDuringPeriodValueStockOptionsExercised,StockRepurchaseProgramAuthorizedAmount,StockRepurchaseProgramAuthorizedAmount1,TaxBenefitFromStockOptionsExercised1,TaxCutsAndJobsActOf2017ChangeInTaxRateIncomeTaxExpenseBenefit,TaxCutsAndJobsActOf2017IncomeTaxExpenseBenefit,TaxCutsAndJobsActOf2017MeasurementPeriodAdjustmentIncomeTaxExpenseBenefit,TaxesPayableCurrent,TreasuryStockShares,TreasuryStockSharesAcquired,TreasuryStockSharesRetired,TreasuryStockValue,TreasuryStockValueAcquiredCostMethod,UnamortizedDebtIssuanceExpense,UnrecognizedTaxBenefitsIncomeTaxPenaltiesAndInterestAccrued,VariableLeaseCost,WeightedAverageNumberOfDilutedSharesOutstanding,WeightedAverageNumberOfSharesOutstandingBasic,WriteOffOfDeferredDebtIssuanceCost,BusinessCombinationContingentConsiderationLiabilityCurrent,CostOfGoodsAndServicesSoldDepreciation,DeferredTaxAssetsTaxDeferredExpenseReservesAndAccrualsProvisionForLoanLosses,EffectiveIncomeTaxRateReconciliationMinorityInterestIncomeExpense,OtherComprehensiveIncomeLossCashFlowHedgeGainLossReclassificationBeforeTax,ShortTermLeaseCost
2009-01-03,2009-03-19,10-K,"PGT Innovations, Inc.",PGTI,CIK0001354327,USD,,,,,,,,,,,,,,,,,,,,,,,,,,,,,,,,,,,,,,,,,,,,,,,,,,,,,,19628000.0,,,,,,,,,,,,,,,,,,,,,,,,,,,,,,,,,,,,,,,,,,,,,,,,,,,,,,,,,,,,,,,,,,,,,,,,,,,,,,,,,,,,,,,,,,,,,,,,,,,,,,,,,,,,,,,,,,,,,,,,,,,,,,,,,,,,,,,,,,,,,,,,,,,,,,,,,,,,,,,,,,,,,,,,,,,,,,,,,,,,,,,,,,,,,,,,,,,,,,,,,,,,,,,,,,,,,,,,,,,,,,,,,,,,,,,,,,,,,,,,,,,,,,,,,,,,,,,,,,,,,,,,,,,,,,,,,,,,,,,,,,,,,,,,,,,,,,,,,,,,,,,,,,,,,,,,,,,,,,,,,,,,,,,,,,,,,,,,,,,,,,,,,,,,,,,,,,,,,,,,,,74185000.0,,,,,,,,,,,,,,,,,,,,,,,,,,,,,,,,,
2010-01-02,2010-03-18,10-K,"PGT Innovations, Inc.",PGTI,CIK0001354327,USD,,,,,,,,,,,,,,-1031000.0,,,5731000.0,518000.0,6000.0,,,,1465000.0,,,,,561000.0,,,,742000.0,,,,,,,,,,,,,,,,,,,,,,7417000.0,-12211000.0,,,,,,,,,,,-6482000.0,,,,,,,121821000.0,,,,,,,,,,,,,,,,,,,,,,-1813000.0,,,,,,,,,,,,,,,,,,,,,,,,,,,,,,,,,,,,,,,,,,10435000.0,,,,,,,,,,,,,,,,,,,,,,-0.26,,,,,,,,,,,,,,,,,,,,,,,,,,,,,,,,,,,,,-98000.0,,,,,,,44179000.0,,,,-15001000.0,-5584000.0,,,,,1240000.0,-3011000.0,351000.0,-4098000.0,2973000.0,,,,,,,,,6698000.0,,,,6224000.0,,,,,,,,,,,,,,,,,,,,,,,,,,,,,,,,,,,,,,,,,,,-22110000.0,,395000.0,,9504000.0,,-9417000.0,,,,,,,-37000.0,,,,,,,-8266000.0,,,,,,,,,,,,,,,,,,,,2935000.0,,,,,,,,,,,,,,,,,,,6000.0,,,,,1452000.0,,2330000.0,,,,,,,,,-1062000.0,,-6000.0,,,,79000.0,,,,4233000.0,,,,,,,,,,1722000.0,,,,,98000.0,22000000.0,,,,898000.0,,,,,,166000000.0,51703000.0,,518000.0,,,,,,,,,,,,,,,,,,,,,,,,,,,,,68209000.0,,68209000.0,,,,,,,,,,,,,,,,,,,6000.0,,,,,,,,,,,,
2010-07-03,2010-08-13,10-Q,"PGT Innovations, Inc.",PGTI,CIK0001354327,USD,,,,,,,,,,,,,,,,,,,,,,,,,,,,,,,,,,,,,,,,,,,,,,,,,,,,,,22018000.0,,,,,,,,,,,,,,,,,,,33760000.0,,,,,,,,,,,,,,,,,,,,,,,,,,,,,,,,,,,,,,,,,,,,,,,,,,,,,,,,,,,,,,,,,,,,,,,,,,,,,,,,,,,,,0.0,,0.0,,,,,,,,,,,,,,,,,,,,,,,,,,,,,,,,,,,,,,,,,,,15246000.0,,,,78000.0,77000.0,,,,,,,,,,,,,,,,,,1264000.0,,,,,,,,,,,,,,,,,,,,,,,,,,,,,,,,,,,,,,,,,,,,,,,,,,,,,1000.0,,,,,,,,,,,,,,1342000.0,,,,,,,,,,,,,,,,,,,,,,,,,,,,,,,,,,,,,,,,,,,,,,,,,,,,,,,,,,,,,,,,,,,,,,,,,,,,,,,,,,,,,,,,,,,49006000.0,13904000.0,,,,,,,,,,,,,,,,,,,,,,,,,,,,,,,,,,,,,,,,,,,,,,,,,,,,,,,,54334000.0,53649000.0,,,,,,,
2010-10-02,2010-11-10,10-Q,"PGT Innovations, Inc.",PGTI,CIK0001354327,USD,,,,,,,,,,,,,,,,,,,,,,,,,,,,,,,,,,,,,,,,,,,,,,,,,,,,,,25178000.0,,,,,,,,,,,,,,,,,,,32594000.0,,,,,,,,,,,,,,,,,,,,,,,,,,,,,,,,,,,,,,,,,,,,,,,,,,,,,,,,,,,,,,,,,,,,,,,,,,,,,,,,,,,,,0.0,,0.0,,,,,,,,,,,,,,,,,,,,,,,,,,,,,,,,,,,,,,,,,,,14585000.0,,,,-207000.0,,,,,,,,,,,,,,,,,,,1212000.0,,,,,,,,,,,,,,,,,,,,,,,,,,,,,,,,,,,,,,,,,,,,,,,,,,,,,-207000.0,,,,,,,,,,,,,,1005000.0,,,,,,,,,,,,,,,,,,,,,,,,,,,,,,,,,,,,,,,,,,,,,,,,,,,,,,,,,,,,,,,,,,,,,,,,,,,,,,,,,,,,,,,,,,,47179000.0,13580000.0,,,,,,,,,,,,,,,,,,,,,,,,,,,,,,,,,,,,,,,,,,,,,,,,,,,,,,,,53654000.0,53654000.0,,,,,,,
2011-01-01,2011-03-21,10-K,"PGT Innovations, Inc.",PGTI,CIK0001354327,USD,16696000.0,4979000.0,,,,13687000.0,,,,11717000.0,,,,-1243000.0,271038000.0,,6028000.0,2286000.0,247000.0,,200000.0,,1445000.0,1149000.0,,,,773000.0,800000.0,,4400000.0,5561000.0,169119000.0,51361000.0,,657000.0,,,,,,,,,,,,,,1000000.0,,,,22012000.0,14595000.0,,,,,,0.01,200000000.0,53670000.0,53654000.0,537000.0,-14707000.0,,,,,,,125615000.0,,,77000.0,77000.0,,,,,,,,,,,,,,,,,59000.0,,,,,,,,,,,,,,,,,,,,,,,,,,,,,,,,17130000.0,,,,0.0,,,,,,,9180000.0,,,,,,,,,,,,,,,,,,,,,-0.29,-0.29,-0.29,-0.005,0.35,-0.361,,,-0.003,,-0.004,,0.04,-0.027,,,,,,,,,,,,,1000000.0,,,,,,,,,,,,5000.0,,,,,,,50126000.0,,,,-14418000.0,77000.0,,,,,188000.0,2754000.0,661000.0,250000.0,-4562000.0,,,,,64291000.0,72000.0,-31000.0,,5154000.0,4031000.0,-5123000.0,,3991000.0,,,,10535000.0,,,,2300000.0,,,,,,,,,,,,86077000.0,169119000.0,17126000.0,,,,,49918000.0,245000.0,,,,,,,,,,,,,,,8252000.0,,-5998000.0,,12341000.0,,-14495000.0,,,,,,,19000.0,,1500000.0,,,,,-9314000.0,,,,,,,,,,,,,,,,,,3589000.0,604000.0,-212000.0,,-212000.0,,,,-212000.0,,,,-250000.0,,,,38000.0,,,64291000.0,1903000.0,3000.0,897000.0,,,,,2597000.0,3197000.0,0.01,10000000.0,0.0,,,881000.0,,,-3662000.0,,27257000.0,,,,46000.0,,,,4326000.0,,,3355000.0,-66000.0,3514000.0,900000.0,,,52863000.0,1678000.0,,,,,105000.0,18000000.0,,1100000.0,2053000.0,1812000.0,1800000.0,1139000.0,-187290000.0,,,175741000.0,53879000.0,,2286000.0,,,,,,,,,,,,,,,,,,,,,,,,,,,,12800000.0,83042000.0,,83042000.0,,,,27504000.0,,,,,,,,,,185000.0,,,,,3000.0,,,,50174000.0,50174000.0,,,,,,,
2011-04-02,2011-05-09,10-Q,"PGT Innovations, Inc.",PGTI,CIK0001354327,USD,,,,,,,,,,,,,,-1117000.0,,,1626000.0,,,,,,,,,,,217000.0,,,,,,,,,,,,,,,,,,,,,,,,,,15492000.0,-6520000.0,,,,,,,,,,,-5663000.0,,,,,,,32387000.0,,,,,,,,,,,,,,,,,,,,,,,,,,,,,,,,,,,,,,,,,,,,,,,,,,,,,,,,,,,,,,,,1923000.0,,,,,,,,,,,,,-42000.0,,,,,,,,-0.11,,-0.11,,,,,,,,,,,,,,,,,,,,,,,,,,,,,,,,,,,,-44000.0,,,,,,,8257000.0,,,,-5789000.0,,,,,,,2073000.0,868000.0,200000.0,-28000.0,,,,,,,,,1122000.0,,,,,,,,,,,,,,,,,,,,,,,,,,,,,,,,,,,,,,,,,,,,,,,-27000.0,,-987000.0,,-5506000.0,,-5789000.0,,,,,,,42000.0,,,,,,,-4709000.0,,,,,,,,,,,,,,,,,,,,,,,,,,,,,,,,,,,,,,,,,,,,,,787000.0,,,,,,,,,,,,,,,,,,,4045000.0,,,,,,,,,,346000.0,,,,,27000.0,,,,,1359000.0,,,,,,40644000.0,12966000.0,,626000.0,,,,,,,,,,,,,,,,,,,,,,,,,,,,,,,,,,,,,,,,,,,,,,,,,,,,,,53656000.0,53656000.0,,,,,,,
2011-07-02,2011-08-12,10-Q,"PGT Innovations, Inc.",PGTI,CIK0001354327,USD,15396000.0,,,,,18565000.0,,,,,,,,-1426000.0,272119000.0,,,,,,,,,,,,,,,,5173649.0,,156091000.0,42268000.0,,,,,,,,,,,,,,,,,,,,7677000.0,,,,,,,0.01,200000000.0,53670000.0,53659000.0,537000.0,-5346000.0,,,,,,,36195000.0,,,,,,,,,,,,,,,,,,,,,1838000.0,,,,,,,,,,,,,,,,,,,,,,,,,,,,,,,,17130000.0,,,,,,,,,,,,,,,,,,,,,,,,,,,,,,,,-0.09,,-0.09,,,,,,,,,,,,,,,2300000.0,,,,,,,,,,,,,,,,,,,,,,,,,,,,8976000.0,,,,-5037000.0,,,,,,,,,,,,,,,61040000.0,,,,1050000.0,,,,,,,,11581000.0,,,,,,,,,,,,,,,,82976000.0,156091000.0,16877000.0,,,,,46811000.0,1296000.0,,,,,,,,,,,,3371000.0,,,,,,,,,-5037000.0,,,,,,,-461000.0,,,,,,,-3526000.0,,,,,,,,,,,,,,,,,,3341000.0,248000.0,,,,,,0.0,,,,,,-244000.0,,,,-65000.0,500000.0,,2158000.0,,,,,,,,,0.01,10000000.0,0.0,,,1104000.0,,,,,,,,,,,,,4262000.0,,,839000.0,174000.0,882000.0,,,,50697000.0,,,,,,,,,,114000.0,128000.0,,1345000.0,-198115000.0,,,45171000.0,12502000.0,,500000.0,,,,,,,,,,,,,,,,,,,,,,,,,,,,,73115000.0,,,,,,,,,,,,,,,,185000.0,,,,,,,,,53659000.0,53659000.0,420000.0,,,,,,
2011-10-01,2011-11-10,10-Q,"PGT Innovations, Inc.",PGTI,CIK0001354327,USD,14536000.0,,,,,17221000.0,,,,,,,,-1674000.0,272465000.0,,,,,,,,,,,,,,,,5510593.0,,152952000.0,41488000.0,,,,1300000.0,,,,,,,,,,,,,,,,7856000.0,,,,,,,0.01,200000000.0,53670000.0,53659000.0,537000.0,-6000.0,,,,,,,32836000.0,,,,,,,,,,,,,,,,,,,,,2116000.0,,,,,,,,,,,,,,,,,,,,,,,,,,,,,,,,17130000.0,,,,,,,,,,,,,,,,,,,,,,,,,,,,,,,,0.0,,0.0,,,,,,,,,,,,,,,2000000.0,,,,,,,,,,,,,,,,,,,,,,,,,,,,12915000.0,,,,241000.0,,,,,,,,,,,303000.0,,,,59414000.0,,,,1114000.0,,,,,,,,12108000.0,,,,,,,,,,,,,,,,79499000.0,152952000.0,14800000.0,,,,,45500000.0,79000.0,,,,,,,,,,,,634000.0,,,,,,,,,241000.0,,,,,,,-36000.0,,,,,,,1391000.0,,,,,,,,,,,,,,,,,,3048000.0,345000.0,,,,,,,,,,,,-44000.0,,,,-204000.0,,,2069000.0,,,,,,,,,0.01,10000000.0,0.0,,,1255000.0,,,,,,,,,,,,,4439000.0,,,882000.0,153000.0,906000.0,,,,49589000.0,,,,,,,,,,,75000.0,,53000.0,-197875000.0,,,45751000.0,11524000.0,,400000.0,,,,,,,,,,,,,,,,,,,,,,,,,,,,,73453000.0,,,,,,,,,,,,,,,,185000.0,,,,,,,,,53962000.0,53659000.0,,,,,,,
2011-12-31,2012-03-15,10-K,"PGT Innovations, Inc.",PGTI,CIK0001354327,USD,12706000.0,5103000.0,14513000.0,,13830000.0,13830000.0,819000.0,,542000.0,7603000.0,,65071000.0,,-1798000.0,272820000.0,,6502000.0,1773000.0,,,700000.0,,683000.0,1490000.0,,,,813000.0,800000.0,,5500000.0,11918000.0,142835000.0,40114000.0,,,,,,,,,,,,,,,11800000.0,900000.0,,13500000.0,50000.0,10940000.0,-11072000.0,,,,,,0.01,200000.0,53670.0,53659.0,537000.0,-17453000.0,,,,,,,128171000.0,,,,,,45550000.0,,,,,,,,,,,,-2086000.0,,,,-2324000.0,,,,-238000.0,99000.0,8353000.0,554000.0,-14991000.0,50000.0,-15041000.0,10573000.0,50000.0,12741000.0,,287000.0,2336000.0,,308000.0,2300000.0,549000.0,1635000.0,16289000.0,,25564000.0,,,4008000.0,,14991000.0,,15041000.0,,,6565000.0,0.0,,0.0,,,,708000.0,7590000.0,-226000.0,,,,,,,,,,,,37000.0,,,254000.0,-226000.0,,,,-0.43,-0.31,-0.43,0.121,0.35,-0.267,,,,,-0.002,,0.04,,,,1582000.0,,,,,,,,,,800000.0,,,,,,,,,,,-37000.0,996000.0,,,1750000.0,,21400000.0,,48061000.0,,0.0,,-19222000.0,-2324000.0,,,,,-3167000.0,1560000.0,1068000.0,-250000.0,-367000.0,,,0.0,,51830000.0,59000.0,-36000.0,,4204000.0,3040000.0,-4168000.0,,2411000.0,,,724000.0,11602000.0,10543000.0,,335000.0,1700000.0,,,,,,,,,,,,75473000.0,142835000.0,12756000.0,,,,,45500000.0,50000.0,,45500000.0,,,,,,,,,,,,,-7626000.0,,-1774000.0,,-1672000.0,,-23211000.0,,,,,,,419000.0,,900000.0,,,,,-15473000.0,,,,,,,,,,,,,,,,,905000.0,2821000.0,2285000.0,-555000.0,,-555000.0,,,,-555000.0,,335000.0,,-335000.0,,,,-220000.0,,,51830000.0,2176000.0,,3013000.0,,,,,200000.0,3496000.0,0.01,10000.0,0.0,,,871000.0,,,,,,48000000.0,,,1672000.0,,,,4406000.0,,2793000.0,3454000.0,188000.0,3346000.0,1100000.0,,113677000.0,48606000.0,880000.0,,,,,113000.0,52500000.0,,1400000.0,1286000.0,15000.0,100000.0,3083000.0,-204188000.0,,,202985000.0,48619000.0,1300000.0,1773000.0,,,,,,,,,,,,,,,35000.0,,,6665708.0,1.9,,,,2.21,,,,,11600000.0,67362000.0,,67362000.0,0.0,,,,,,,,,,,,,,,,,9000.0,,,,,53659000.0,53659000.0,,,,,,,
2012-03-31,2012-05-07,10-Q,"PGT Innovations, Inc.",PGTI,CIK0001354327,USD,15375000.0,,,,,14440000.0,,,,,,,,-1522000.0,273124000.0,,1626000.0,,,,,,,,,,,151000.0,,,5500000.0,,145128000.0,44951000.0,,,,,,,,,,,,,,,,,,,,14020000.0,3080000.0,,,,,,0.01,200000000.0,53670000.0,53670000.0,537000.0,-376000.0,,,,,,,26164000.0,,,,,,,,,,,,,,,,,,,,,,,,,,,,,,,,,,,,,,,,,,,,,,,,,,,,,15041000.0,,,,,,,,,,,1511000.0,,,,,,,,,,,,,-22000.0,,,,,,,,-0.01,,-0.01,,,,,,,,,,,,,,,1400000.0,,,,,,,,,,,,,,,,,,,,,14000.0,,,,,,,11936000.0,,,,-652000.0,,,,,,2785000.0,814000.0,717000.0,-16000.0,123000.0,,,,,50204000.0,,,,858000.0,,,,,,,,12319000.0,,,,,,,,,,,,,,,,77828000.0,145128000.0,15895000.0,,,,,45000000.0,520000.0,,,,,,,,,,,,,,,-30000.0,,-915000.0,,4025000.0,,-652000.0,,,,,,,-22000.0,,,,,,,228000.0,,,,,,,,,,,,,,,,,,3337000.0,1948000.0,,,,,,,276000.0,,,,25000.0,,,,251000.0,,,,1892000.0,,,,,,,,931000.0,0.01,10000000.0,0.0,,,835000.0,,,,,,,,,,,,,4401000.0,,,870000.0,103000.0,762000.0,,,,48025000.0,-20000.0,,,,,30000.0,,,,,,,,-204839000.0,,,38100000.0,11708000.0,,314000.0,,,,,,,,,,,,,,,,,,,,,,,,,,,,,67300000.0,,,,,,,,,,,,,,,,,,,,,,,,,53664000.0,53664000.0,,,,,,,
2012-06-30,2012-08-03,10-Q,"PGT Innovations, Inc.",PGTI,CIK0001354327,USD,15943000.0,,,,,17099000.0,,,,,,,,-1899000.0,273526000.0,,,,,,,,,,,,,,,,417785.0,,147251000.0,54247000.0,5300000.0,5259000.0,,0.0,,,,,,,,,,,,,,,,15699000.0,,,,,,,0.01,200000000.0,53670000.0,53670000.0,537000.0,3313000.0,,,,,,,30005000.0,,,,,,,,,,,,,,,,,,,,,,,,,,,,,,,,,,,,,,,,,,,,,,,,,,,,,15041000.0,,,,,,,,,,,,-403000.0,,,,,,,,,,,,,,,,,,,,0.07,,0.07,,,,,,,,,,,,,,,1900000.0,,,,,,,,,,,,,,,,,,,,,,,,,,,,16481000.0,,,,3758000.0,68000.0,,,,,,,,,,904000.0,,,,48578000.0,,,,939000.0,,,,,,,1263000.0,11886000.0,10329000.0,,294000.0,,,,,,,,,,,,1600000.0,76236000.0,147251000.0,15943000.0,,13400000.0,,43500000.0,43500000.0,,,,,300000.0,,37800000.0,3000000.0,2400000.0,,,,,,,,,,,,,3690000.0,,,,,,,122000.0,,,,,,,4575000.0,,,,,,,,,,,,,,,,,,3251000.0,1722000.0,,,,,,0.0,,,,,,86000.0,,,,-463000.0,400000.0,,1752000.0,,,,,,,,,0.01,10000000.0,0.0,,,1053000.0,,,,,,,,,,,,,4313000.0,,,832000.0,-187000.0,931000.0,,,,42704000.0,,,,,,,,,,,,,,-201150000.0,,,46486000.0,11906000.0,,400000.0,,,,,,,,,,,,,,,,,,,,,,,,,,,,,71015000.0,,,,,,,,,,,,,,,,,,,,,,,,,54574000.0,53670000.0,,,,,,,
2012-09-29,2012-11-02,10-Q,"PGT Innovations, Inc.",PGTI,CIK0001354327,USD,15822000.0,,,,,16439000.0,,,,,,,,-1418000.0,273899000.0,,,,,,,,,,,,,,,,437455.0,,147534000.0,57118000.0,5300000.0,5259000.0,,0.0,,,,,,,,,,,,,,,,19672000.0,,,,,,,0.01,200000000.0,53697000.0,53697000.0,537000.0,3203000.0,,,,,,,29501000.0,,,,,,,,,,,,,,,,,,,,,,,,,,,,,,,,,,,,,,,,,,,,,,,,,,,,,15041000.0,,,,,,,,,,,,110000.0,,,,,,,,,,,,,,,,,,,,0.05,,0.05,,,,,,,,,,,,,,,1600000.0,,,,,,,,,,,,,,,,,,,,,,,,,,,,15242000.0,,,,2782000.0,60000.0,,,,,,,,,,2368000.0,,,,46953000.0,,,,878000.0,,,,,,,1518000.0,11686000.0,9892000.0,,276000.0,,,,,,,,,,,,1600000.0,72944000.0,147534000.0,15822000.0,,13400000.0,,40500000.0,40500000.0,,,,,,,37800000.0,2700000.0,,,,,,,,,,,,,,2722000.0,,,,,,,10000.0,,,,,,,3650000.0,,,,,,,,,,,,,,,,,,3099000.0,1518000.0,,346000.0,,,,,481000.0,,-135000.0,,,140000.0,,,,341000.0,,,1581000.0,,,,,,,,,0.01,10000000.0,,,,963000.0,,,,,,,,,,,,,4075000.0,,,786000.0,-235000.0,783000.0,,,,41945000.0,,,,,,,,,,,,,,-198428000.0,,,44743000.0,11592000.0,,300000.0,,,,,,,,,,,,,,,,,,,,2.42,,1.56,,,,,,,74590000.0,,,27054.0,,,,,,,,,,,,,,,,,,,,,,56054000.0,53686000.0,,,,,,,
2012-12-29,2013-03-01,10-K,"PGT Innovations, Inc.",PGTI,CIK0001354327,USD,13279000.0,5405000.0,14513000.0,,13997000.0,13997000.0,814000.0,,388000.0,7874000.0,1300000.0,63549000.0,100000.0,-1414000.0,274275000.0,,6502000.0,1363000.0,,,700000.0,,516000.0,226000.0,,37000.0,,857000.0,857000.0,,5500000.0,,141317000.0,53330000.0,5300000.0,5259000.0,5300000.0,,,,,,,,,,,,12100000.0,1000000.0,,13000000.0,,18743000.0,7803000.0,,,,,20000.0,0.01,200000000.0,53737000.0,52814000.0,537000.0,9339000.0,,,,,,,114872000.0,,,192000.0,192000.0,0.0,37500000.0,0.035,0.035,36900000.0,7500000.0,,,,,,0.0125,,,,1856000.0,,-82000.0,-82000.0,,,-82000.0,,6228000.0,508000.0,-14904000.0,-46000.0,-14858000.0,6282000.0,,7332000.0,,479000.0,2819000.0,,288000.0,,149000.0,1381000.0,12902000.0,0.0,21186000.0,,7000.0,1551000.0,,14904000.0,,14858000.0,,,4724000.0,500000.0,0.01,,0.2,1.0,,475000.0,5731000.0,20000.0,,,0.94,0.94,20000.0,,,20000.0,,,,136000.0,,,,,,0.0,,0.23,,0.22,0.012,0.35,-0.391,,,0.003,,-0.009,,0.038,,,,2521000.0,,,,,,,,,,200000.0,,,6459000.0,,,,,427000.0,6886000.0,,-136000.0,266000.0,,,166000.0,,16100000.0,,75677000.0,,0.0,,9065000.0,110000.0,,,200000.0,,462000.0,667000.0,-73000.0,,-87000.0,1642000.0,,0.0,,45327000.0,20000.0,-9000.0,,3446000.0,2396000.0,-3437000.0,-3437000.0,2767000.0,,1000.0,796000.0,11529000.0,10477000.0,,256000.0,1200000.0,,,,,,,,,,,1100000.0,67107000.0,141317000.0,13325000.0,,13900000.0,,37500000.0,37500000.0,,,37500000.0,,,,37500000.0,,,,37500000.0,100000.0,,,,-12047000.0,-12047000.0,-3338000.0,-3338000.0,23188000.0,23188000.0,12149000.0,,,,,,,-72000.0,600000.0,200000.0,1.0,,1.0,,12574000.0,,,,,,,,,,,,,,,,,466000.0,2886000.0,1440000.0,,-24000.0,384000.0,,,,384000.0,,-408000.0,,408000.0,,,,-24000.0,,,,1424000.0,3946000.0,143000.0,,,,,,3792000.0,0.01,10000000.0,,,,916000.0,,,200000.0,,92000.0,,,,454000.0,,92000.0,,3858000.0,,2802000.0,3193000.0,-512000.0,3157000.0,300000.0,,104769000.0,41220000.0,37000.0,,,,,50000.0,8000000.0,,1400000.0,,,,15000.0,-195233000.0,,,219751000.0,47094000.0,,1363000.0,,,,,,,,,,3635210.0,1.95,100000.0,53115.0,2.0,673390.0,,18924000.0,7219145.0,1.95,,,1.39,2.42,3635210000.0,7219145000.0,10035000.0,,9000000.0,74210000.0,78165000.0,74210000.0,66838.0,,,,,,92000.0,,,0.0,,,,46000.0,922694000.0,1996772.0,,3955000.0,3946000.0,,0.0,,55262000.0,53620000.0,,,,,,,
2013-03-30,2013-05-03,10-Q,"PGT Innovations, Inc.",PGTI,CIK0001354327,USD,15617000.0,,,,,18871000.0,,,,,,,,-1572000.0,275040000.0,,1626000.0,,,,,,,,,,103000.0,,,,22000.0,,135805000.0,50390000.0,,,,,,,,,,,,,,,,,,,,14290000.0,-4453000.0,,,,,,0.01,200000000.0,54015000.0,52025000.0,540000.0,5106000.0,,,,,,,32004000.0,,,,,,,,,,,,,,,,,,,,,,,,,,,,,,,,,,,,,,,,,,,,,,,,,,,,,14858000.0,,,,,,,,,,,1235000.0,,,,,0.92,,,,,,,,252000.0,,,,378000.0,,,,0.1,,0.09,0.077,,,,,,,,,,,,,,1000000.0,,,,,,,,,,,,,,,,,,,,-252000.0,2178000.0,,2200000.0,2200000.0,,,,17559000.0,,,,5701000.0,437000.0,,,,,1991000.0,4955000.0,1960000.0,,23000.0,4376000.0,,,,43701000.0,,,,813000.0,,-813000.0,,,,,1671000.0,13489000.0,11440000.0,,378000.0,,,,,,,,,,,,1100000.0,61812000.0,135805000.0,15663000.0,,13900000.0,,30000000.0,,,,,,,,30000000.0,,,,,,,,,-13140000.0,,6833000.0,,1854000.0,,5264000.0,,,,,,,-216000.0,,,,,,,6730000.0,,,,,,,,,,,,,,,,,,3114000.0,1117000.0,,-158000.0,,,,,-158000.0,,,,,,,,-158000.0,,,,1291000.0,6091000.0,,,,,,,637000.0,0.01,10000000.0,,,,626000.0,,8000000.0,,,,,,,7470000.0,,451000.0,,3573000.0,,,841000.0,-188000.0,744000.0,,,,40597000.0,-103000.0,,,,,,7500000.0,,,,,,,-189969000.0,,,49563000.0,13024000.0,,316000.0,,,,,,,,,,,,,,,,,,,,,,1.62,,,,,,,73993000.0,,,278298.0,,,,,,,,,,,,,46000.0,,,,10046000.0,,,,,56893000.0,52517000.0,,,,,,,
2013-06-29,2013-08-02,10-Q,"PGT Innovations, Inc.",PGTI,CIK0001354327,USD,16099000.0,,,,,22030000.0,,,,,,,,-1797000.0,226117000.0,,,,,,,,,,,,,,,,22510.0,,142175000.0,56847000.0,,,,,,,,,,,,,,,,,,,,15575000.0,,,,,,,0.01,200000000.0,47730000.0,45733000.0,477000.0,9697000.0,,,,,,,41817000.0,,,,,,,,,80000000.0,,80000000.0,,2000000.0,,,,,,,,,,,,,,,,,,,,,1547000.0,,,,,,,,,,,,,,,,,,,12267000.0,,,,,,,,,,,,,,,0.91,,,,-819000.0,,,,,,,,,,,,,0.2,,0.19,,,,,,,,,,,,,,,900000.0,,,,,,,,,,,,,,,,,,,,,,,,,,,,21030000.0,,,,5587000.0,-4335000.0,,,,,,,,,,3195000.0,,,,42076000.0,,,,697000.0,,-697000.0,,,,,1833000.0,14081000.0,11836000.0,,412000.0,,,,,,,,,,,,1100000.0,107470000.0,142175000.0,19071000.0,,23900000.0,,75104000.0,,,2926000.0,,,1000000.0,3000000.0,4000000.0,4000000.0,5000000.0,,,,,,,,,,,,,9922000.0,,,,,,,-461000.0,,,,,,,6745000.0,,,,,,,,,,,,,,,,,,2920000.0,2285000.0,,-498000.0,,,,,-225000.0,,-33000.0,240000.0,,,,,,,,,1028000.0,,,,,,,,,0.01,10000000.0,,,,694000.0,,,,,,,,,,,,,3128000.0,,,961000.0,-270000.0,786000.0,,,,40967000.0,,,,,,,,,,,,,,-180046000.0,,,62847000.0,14285000.0,,200000.0,,,15831.0,7.58,,,,,,,,,,,,,,,,,,1.53,,,,,,,34705000.0,,,505891.0,,,,,,,,,,,,,46000.0,1996772000.0,,,10046000.0,,,,,53142000.0,49947000.0,,,,,,,
2013-09-28,2013-11-01,10-Q,"PGT Innovations, Inc.",PGTI,CIK0001354327,USD,17038000.0,,,,,21671000.0,,,,,,,,-2101000.0,228563000.0,,,,,,,,,,,,,,,,22510.0,,152087000.0,66423000.0,,,,,,,,,,,,,,,,,,,,23745000.0,,,,,,,0.01,200000000.0,48812000.0,46816000.0,488000.0,5985000.0,,,,,,,43938000.0,,,,,,,,,80000000.0,,80000000.0,,2000000.0,,,,,,,,,,,,,,,,,,,,,1547000.0,,,,,,,,,,,,,,,,,,,12076000.0,,,,,,,,,,,,,,,0.9,,,,,-1072000.0,,,,,,,,,,,,0.14,,0.13,,,,,,,,,,,,,,,700000.0,,,,,,,,,,,,,,,,,,,,,,,,,,,,20920000.0,,,,6294000.0,5000.0,,,,,,,,,,3019000.0,,,,40450000.0,,,,1055000.0,,-1055000.0,,,,,2124000.0,15266000.0,12564000.0,,578000.0,,,,,,,,,,,,,108941000.0,152087000.0,20991000.0,,,,74236000.0,,,3907000.0,,,5000000.0,63000000.0,3000000.0,4000000.0,4000000.0,1000000.0,,,,,,,,,,,,6289000.0,,,,,,,-64000.0,,,,,,,7413000.0,,,,,,,,,,,,,,,,,,3072000.0,2428000.0,,-531000.0,,,,,-304000.0,,-36000.0,191000.0,,,,,,,,,1638000.0,,,,,,,,,0.01,10000000.0,,,,1122000.0,,,,,,,,,,,,,2951000.0,,,917000.0,-71000.0,811000.0,,,,42786000.0,,,,,,,,,,,,,,-173758000.0,,,64858000.0,13507000.0,,200000.0,,,,,,,,,,,,,,,,,,,,,,2.09,,,,,,,43146000.0,53192000.0,,1082478.0,,,,,,,,,,,,,46000.0,1996772000.0,,,10046000.0,,,,,49257000.0,46238000.0,,,,,,,
2013-12-28,2014-02-28,10-K,"PGT Innovations, Inc.",PGTI,CIK0001354327,USD,15522000.0,3834000.0,21334000.0,,,20821000.0,4000.0,,743000.0,11688000.0,,66997000.0,,-2223000.0,229269000.0,229269000.0,6458000.0,970000.0,,396000.0,700000.0,,513000.0,,,29000.0,,1021000.0,1660000.0,,0.0,,156632000.0,71400000.0,,,,,,,,,,,,,,,12900000.0,800000.0,,13700000.0,,30204000.0,11461000.0,,,,,,0.01,200000000.0,48868000.0,46871000.0,489000.0,26010000.0,,,,,,,159169000.0,,,86000.0,86000.0,0.0,,,0.03,79000000.0,,79000000.0,,1745000.0,,7200000.0,0.0016,,-2265000.0,,2069000.0,1938000.0,-3460000.0,-3460000.0,,,-1195000.0,475000.0,4152000.0,435000.0,-10617000.0,2763000.0,-13380000.0,11516000.0,2763000.0,970000.0,,574000.0,2606000.0,,145000.0,,260000.0,1034000.0,0.0,396000.0,22133000.0,370000.0,,,10700000.0,14904000.0,,13380000.0,,510000.0,6349000.0,1200000.0,0.03,,0.2,,1.0,246000.0,4622000.0,,,-1075000.0,0.89,,-1075000.0,,,-1075000.0,,,,,,,441000.0,,,0.0,,0.66,,0.62,-0.144,0.35,-0.551,,,0.002,,-0.001,,0.038,,,,6019000.0,,,,396000.0,396000.0,333000.0,0.0,0.0,,300000.0,55272000.0,,428000.0,,,,,,428000.0,,16000.0,2186000.0,,,2195000.0,,10700000.0,,100759000.0,,0.0,23445000.0,23445000.0,-3374000.0,,,135000.0,,2111000.0,8234000.0,1379000.0,,1267000.0,3330000.0,,,,38869000.0,25000.0,6000.0,,3526000.0,2295000.0,-3520000.0,-3520000.0,2662000.0,,,1274000.0,12908000.0,11305000.0,,329000.0,1300000.0,,,,,,,,,,,600000.0,107557000.0,156632000.0,20412000.0,,,,77255000.0,,,4890000.0,77300000.0,,5000000.0,63000000.0,3000000.0,4000000.0,4000000.0,,72365000.0,1900000.0,,,,-14198000.0,-14198000.0,-72000.0,-72000.0,25731000.0,25731000.0,32163000.0,,,,248000.0,,,-437000.0,1000000.0,600000.0,1.0,,,,27735000.0,,,,,,,,4194000.0,1145000.0,545000.0,597000.0,925000.0,982000.0,,,400000.0,865000.0,3166000.0,2240000.0,,-1391000.0,-1246000.0,-1246000.0,,,-809000.0,-809000.0,-145000.0,437000.0,,,-437000.0,-437000.0,-1391000.0,,,,1400000.0,56091000.0,3583000.0,,,,,,7550000.0,0.01,10000000.0,0.0,0.0,,1538000.0,,,,,3580000.0,80000000.0,,,7478000.0,,3580000.0,,2666000.0,0.0,1923000.0,3765000.0,-419000.0,2992000.0,400000.0,,111120000.0,44123000.0,29000.0,,,,,,38500000.0,,1300000.0,,,,,-168414000.0,,,301338000.0,54594000.0,,970000.0,,,22581.0,6.76,22581.0,6.76,,,,2970640.0,1.9,14100000.0,92409.0,2.02,,,41776000.0,5204569.0,1.97,,,1.86,,2970640000.0,5204569000.0,24077000.0,,10600000.0,49075000.0,59121000.0,,1922167.0,,,,,,3580000.0,50000000.0,,,,,,,,1996772.0,,10046000.0,56091000.0,2000000.0,0.0,,52211000.0,48881000.0,,,,,,,
2014-03-29,2014-05-08,10-Q,"PGT Innovations, Inc.",PGTI,CIK0001354327,USD,16974000.0,,,,,22392000.0,,,,,,,,-2313000.0,231744000.0,,428000.0,,,,,,,,,-87000.0,87000.0,234000.0,,,47000.0,,161998000.0,75167000.0,,,,,,,,,,,,,,,,,,,,30777000.0,573000.0,,,,,,0.01,200000000.0,49312000.0,47228000.0,,3262000.0,,,,,,,42953000.0,,,,,,,,,78000000.0,,,,,,,,,,,,,429000.0,429000.0,,,,,,,,,,,2333000.0,,,,,,,,,,,-1538000.0,,,,,,,,13380000.0,,,,,,,,,,,986000.0,,,-1342000.0,0.88,,,,,-1342000.0,,,-251000.0,,,,,,,,,0.07,,0.07,0.37,0.388,,,,,,,,,,,,,2000000.0,,,1538000.0,1538000.0,,,,,,,,,,,,,,,,-433000.0,,,,,,,,19771000.0,,,,5319000.0,1967000.0,,,,,2804000.0,1852000.0,2417000.0,,-486000.0,2577000.0,,,,38441000.0,,,,,,-898000.0,-898000.0,,,,2605000.0,15325000.0,12291000.0,,429000.0,,,,,,,,,,,,,108145000.0,161998000.0,21869000.0,,,,,,,4895000.0,,,,63000000.0,3000000.0,4000000.0,4000000.0,4000000.0,71470000.0,,,,,273000.0,273000.0,-3203000.0,-3203000.0,3503000.0,3503000.0,3352000.0,,,,,,,-177000.0,,,,,,,6394000.0,,,,,,,,,,,,,,,,,,3174000.0,2050000.0,,-251000.0,,,,,-90000.0,,-256000.0,-95000.0,,,,,,,,,1426000.0,963000.0,,,,,,,3203000.0,0.01,10000000.0,,493000.0,,1166000.0,,,,,,,,,,,698000.0,,2656000.0,,,1198000.0,90000.0,1098000.0,,,,46340000.0,,,,,,,1000000.0,,,,,,,-165062000.0,,,62724000.0,13377000.0,,245000.0,,,,,,,,,,,,,,,,,,,,,,1.61,,,,,,,53853000.0,64862000.0,,432162.0,,,,,,,,,,,,,,,,,11009000.0,,,,,49727000.0,47150000.0,,,,,,,
2014-06-28,2014-07-30,10-Q,"PGT Innovations, Inc.",PGTI,CIK0001354327,USD,18570000.0,,,,,28179000.0,,,,,,,,-2465000.0,235880000.0,,,,,,,,,,,,,,,,164000.0,,174744000.0,83287000.0,,,,,,,,,,,,,,,,,,,,33422000.0,,,,,,,0.01,200000000.0,49389000.0,47299000.0,494000.0,7649000.0,,,,,,,55476000.0,,,,,,,,,77000000.0,,,,,,,,,,,,,,,,,,,,,,,,,1313000.0,,,,,,,,,,0.0,,,,,,,,,13380000.0,,,,,,,,,,,,,,-1252000.0,,,,,,-1252000.0,,,39000.0,,,,,,,,,0.17,,0.16,0.38,0.388,,,,,,,,,,,,,1900000.0,,,,,,,,,,,,,,,,,,,,,,,,,,,,26145000.0,,,,12581000.0,4780000.0,,,,,,,,,,2441000.0,,,,38441000.0,,,,,,-891000.0,-891000.0,,,,2279000.0,15805000.0,13025000.0,,501000.0,,,,,,,,,,,,600000.0,109167000.0,174744000.0,23471000.0,,24400000.0,,,,,4901000.0,,,,63000000.0,3000000.0,4000000.0,4000000.0,3000000.0,70573000.0,,,,,,,,,,,7801000.0,,,,,,,278000.0,,,,,,,13194000.0,,,,,,,,,,,,,,,,,,3409000.0,1842000.0,,39000.0,,,,,-152000.0,,384000.0,193000.0,,,,,,,,,1743000.0,,,,,,,,,0.01,10000000.0,0.0,0.0,,1159000.0,,,,,,,,,,,,,2306000.0,,,1342000.0,-236000.0,1228000.0,,,,51174000.0,,,,,,,,,,,,,,-157261000.0,,,81622000.0,12952000.0,,400000.0,,,,,,,,,,,,,,,,,,,,,,1.61,,,,,,,65577000.0,76648000.0,,65906.0,,,,,,,,,,,,,,,,,11071000.0,,,,,49706000.0,47265000.0,,,,,,,
2014-09-27,2014-10-31,10-Q,"PGT Innovations, Inc.",PGTI,CIK0001354327,USD,23895000.0,,,,,30266000.0,,,,,,,,-1715000.0,238978000.0,,,,,,,,,,,,,,,,92000.0,,311745000.0,100961000.0,,,,,,,,,,,,,,,,,,,,43672000.0,,,,,,,0.01,200000000.0,49706000.0,47616000.0,497000.0,3081000.0,,,,,,,54136000.0,,,,,,,,,200000000.0,,200000000.0,,,,,,,,,,2074000.0,,,,,,,,,,,,,1244000.0,7300000.0,,,,,,,,,0.0,,6500000.0,,,,,,,19880000.0,200000.0,,,,,,,,,,,,,,,,,,,-1097000.0,-1251000.0,,0.0,,,,,,,,,0.05,,0.05,0.421,0.388,,0.385,,,,,,,,,,,1400000.0,,,,,2829000.0,,,,,7000.0,,,,,,,,2293000.0,,,,,,,,66658000.0,,23183000.0,,,4026000.0,4026000.0,1695000.0,,,,,,,,,,2393000.0,19000000.0,,,83701000.0,,,,,,-1020000.0,-1020000.0,,,,2755000.0,20089000.0,16851000.0,,483000.0,,,,,,,,,,,,600000.0,239986000.0,311745000.0,25857000.0,34400000.0,,,,,,1962000.0,,,,2000000.0,1500000.0,2000000.0,2000000.0,500000.0,192343000.0,,,,,,,,,,,2332000.0,,,,,,,-1019000.0,,,,,,,8894000.0,,,,,,,,,,,,,,,,,,4271000.0,146000.0,,0.0,,,,,750000.0,,-1251000.0,-501000.0,,,,,,,,,1906000.0,,,,,,,,,0.01,10000000.0,0.0,0.0,,1419000.0,,,,,,,,,,,,,3205000.0,239000.0,,1337000.0,462000.0,1535000.0,,,,58205000.0,,,,,,,,,,,,,,-154930000.0,,,77320000.0,14290000.0,,300000.0,,,,,,,,,,,,,,,,,,,,,,2.22,,,,,,,71759000.0,82830000.0,,317708.0,,,,,,,,50000000.0,,,,,,,,,11071000.0,,,,,49792000.0,47399000.0,,,,,,,
2015-01-03,2015-03-19,10-K,"PGT Innovations, Inc.",PGTI,CIK0001354327,USD,17328000.0,5404000.0,25680000.0,,,25374000.0,,,908000.0,11924000.0,,71470000.0,77000.0,-1671000.0,,238229000.0,1446000.0,1214000.0,,6064000.0,700000.0,,306000.0,,,-535000.0,,,945000.0,,16000.0,,306589000.0,94277000.0,,,,,,,,,,,,,,,13400000.0,500000.0,500000.0,14000000.0,,,12265000.0,,,,,,0.01,200000000.0,49985000.0,47707000.0,498000.0,16957000.0,,,,,,,213596000.0,,,6346000.0,6346000.0,0.0,,,0.0425,199500000.0,,2000000.0,0.01,5746000.0,,5500000.0,0.01,1700000.0,2379000.0,,7748000.0,,3329000.0,3329000.0,35224000.0,,950000.0,241000.0,1941000.0,473000.0,-20796000.0,5160000.0,-25956000.0,14428000.0,5160000.0,6973000.0,,574000.0,2773000.0,,107000.0,,66000.0,1280000.0,0.0,6064000.0,20796000.0,152000.0,,5058000.0,5400000.0,22270000.0,,20796000.0,,318000.0,7426000.0,1100000.0,0.03,,0.2,,1.0,874000.0,4534000.0,,,,,,489000.0,489000.0,,-489000.0,,,,,,,491000.0,,,0.0,,0.41,,0.39,0.371,0.35,,,0.021,,,-0.002,,0.038,,,,4607000.0,,,,6064000.0,6064000.0,2625000.0,0.0,0.0,,200000.0,56717000.0,9008000.0,3413000.0,,3161000.0,3161000.0,3161000.0,3379000.0,25283000.0,,-669000.0,,,,0.0,,,,116485000.0,,0.0,26080000.0,26080000.0,9675000.0,,,1198000.0,,3823000.0,642000.0,3834000.0,,1628000.0,2401000.0,,,,82724000.0,37000.0,29000.0,,5989000.0,4841000.0,,-5960000.0,2216000.0,,,2505000.0,19970000.0,16674000.0,,791000.0,1600000.0,,,,,,,,,,,500000.0,232613000.0,306589000.0,19290000.0,34500000.0,,,193754000.0,,3800000.0,1962000.0,193800000.0,189500000.0,,2000000.0,2000000.0,2000000.0,2000000.0,2000000.0,191792000.0,2200000.0,,,,,119754000.0,,-129739000.0,,22250000.0,19325000.0,,,,489000.0,,,-1750000.0,500000.0,300000.0,1.0,,,-212000.0,36415000.0,,,,,,,,4190000.0,1684000.0,,23000.0,1009000.0,1474000.0,,,6100000.0,981000.0,4900000.0,2110000.0,,-212000.0,983000.0,983000.0,,,552000.0,552000.0,-1195000.0,-431000.0,,,431000.0,431000.0,-212000.0,,,,735000.0,1025000.0,5466000.0,,,,110438000.0,,19301000.0,0.01,10000000.0,0.0,,6464000.0,1564000.0,,,,,,198000000.0,,-10000.0,,,1691000.0,,3302000.0,239000.0,2658000.0,5568000.0,473000.0,5492000.0,3100000.0,,132368000.0,60898000.0,,,-1195000.0,,,,79500000.0,,1800000.0,,,,,-152009000.0,,,391110000.0,56377000.0,,1214000.0,29293.0,11.81,212393.0,10.82,183100.0,10.66,22581.0,6.76,,3130270.0,1.98,7900000.0,98331.0,3.8899999999999997,20000.0,,32542000.0,,2.06,,,3.99,11.81,3130270.0,4219665.0,24339000.0,5.37,13000000.0,73976000.0,85047000.0,,906573.0,,,,,,1691000.0,,,,,,,,,2089853.0,,11071000.0,1025000.0,5700000.0,0.0,,49777000.0,47376000.0,,,,,,,
2015-04-04,2015-05-08,10-Q,"PGT Innovations, Inc.",PGTI,CIK0001354327,USD,25123000.0,,,,,33009000.0,,,,,,,,-1638000.0,,238167000.0,818000.0,,,,,,,,,22000.0,,215000.0,215000.0,,20000.0,,326958000.0,113444000.0,,,,,,,,,,,,,,,,,,,,48742000.0,6273000.0,,,,,,0.01,200000000.0,50083000.0,47748000.0,501000.0,6685000.0,,,,,,,64254000.0,,,,,,,,,199000000.0,,199000000.0,,,,,,,,,,,,22000.0,,,,,,,,,,,5138000.0,,,,,,,,,,,,,,,,,,,25956000.0,,,,,,,,,,,1550000.0,,,,,,429000.0,,,-429000.0,-55000.0,-99000.0,,,,,,,,,,0.14,,0.13,0.359,,,,,,,,,,,,,,2700000.0,,,470000.0,470000.0,,0.0,0.0,,,57535000.0,,,,,,,,24465000.0,,-55000.0,-9000.0,,,,,66580000.0,,31047000.0,,,10371000.0,10371000.0,3719000.0,,,,,9902000.0,7907000.0,1301000.0,,-192000.0,2311000.0,,,,81906000.0,,,,,,,-2913000.0,,,,2679000.0,21271000.0,17768000.0,,824000.0,,,,,,,,,,,,500000.0,245322000.0,326958000.0,27085000.0,,,,,,,1962000.0,,189500000.0,,2000000.0,2000000.0,2000000.0,2000000.0,1500000.0,191441000.0,,,,,,-8000.0,,-3952000.0,,10233000.0,6652000.0,,,,225000.0,,,-99000.0,,,,,,,13383000.0,,,,,,,,,,,,,,,,,,,2002000.0,,,,,,,,,,,,,,,,,,,840000.0,4000.0,,,,,,,3952000.0,0.01,10000000.0,0.0,,5284000.0,,,,,,,,,-9000.0,,,35000.0,,3608000.0,,,1791000.0,189000.0,1908000.0,,,,63026000.0,,,,,,,500000.0,,,,,,,-145357000.0,,,95301000.0,17664000.0,,474000.0,,,,,,,,,,,,,,,,,,,,,,2.0,,,,,,,81636000.0,91673000.0,,17700.0,,,,,,,,,,,,,,,,,10037000.0,,,,,50032000.0,47721000.0,,,,,,,
2015-07-04,2015-08-06,10-Q,"PGT Innovations, Inc.",PGTI,CIK0001354327,USD,21524000.0,,,,,37638000.0,,,,,,,,0.0,,243232000.0,,,,,,,,,,,,,,,20000.0,,336585000.0,120320000.0,,,,,,,,,,,,,,,,,,,,47487000.0,,,,,,,0.01,200000000.0,50829000.0,48533000.0,508000.0,8418000.0,,,,,,,67894000.0,,,,,,,,,198500000.0,,,,,,,,,,,,,,,,,,,,,,,,,5110000.0,,,,,,,,,,,,,,,,,,,25956000.0,,,,,,,,,,,,,,,,,,278000.0,,-278000.0,-71000.0,-127000.0,,,,,,,,,,0.14,,0.13,0.482,,,,,,,,,,,,,,2200000.0,,,,,,0.0,0.0,,,58400000.0,,,,,,,,23600000.0,,,,,,,,66580000.0,,32939000.0,,,13096000.0,13096000.0,6316000.0,1600000.0,,,,,,,,,2206000.0,,,,81041000.0,,,,,,,-2940000.0,,,,3180000.0,23482000.0,19239000.0,,1063000.0,,,,,,,,,,,,500000.0,241459000.0,336585000.0,23488000.0,,,,,,,1964000.0,,189500000.0,,2000000.0,2000000.0,2000000.0,2000000.0,1000000.0,191126000.0,,,,,,,,,,,6780000.0,,,,,,,-127000.0,,,,,,,16163000.0,,,,,,,,,,,,,,,,,,,2426000.0,,,,,,,,,,,,,,,,,,,889000.0,,,,,,,,,0.01,10000000.0,0.0,,6603000.0,,,,,,,,,,,,,,4077000.0,,,1857000.0,58000.0,2268000.0,,,,66218000.0,,,,,,,,,,,,,,-138577000.0,,,100833000.0,16776000.0,,500000.0,,,,,,,,,,,,,,,,,,,,,,2.05,,,,,,,95126000.0,105163000.0,,750640.0,,,,,,,,,,,,,,,,,10037000.0,,,,,50283000.0,48077000.0,,,,,,,
2015-10-03,2015-11-05,10-Q,"PGT Innovations, Inc.",PGTI,CIK0001354327,USD,24414000.0,,,,,38957000.0,,,,,,,,0.0,,244430000.0,,,,,,,,,,,,,,,20000.0,,346779000.0,128309000.0,,,,,,,,,,,,,,,,,,,,54792000.0,,,,,,,0.01,200000000.0,50933000.0,48633000.0,509000.0,6346000.0,,,,,,,71247000.0,,,,,,,,,198000000.0,,,,,,,,,,,,,,,,,,,,,,,,,5110000.0,,,,,,,,,,,,,,,,,,,25956000.0,,,,,,,,,,,,,,,,,,167000.0,,-167000.0,0.0,,0.0,,,,,,,,,0.13,,0.13,0.365,,,,,,,,,,,,,,1600000.0,,,,,,0.0,0.0,,,59265000.0,,,,,,,,22735000.0,,,,,,,,66580000.0,,29421000.0,,,9992000.0,,3646000.0,,,,,,,,,,1967000.0,,,,80176000.0,,,,,,,-2934000.0,,,,2804000.0,22992000.0,19052000.0,,1136000.0,,,,,,,,,,,,500000.0,244108000.0,346779000.0,26379000.0,,,,,,,1965000.0,,189500000.0,,2000000.0,2000000.0,2000000.0,2000000.0,500000.0,190813000.0,,,,,,,,,,,6346000.0,,,,,,,-131000.0,,,,,,,13057000.0,,,,,,,,,,,,,,,,,,,2370000.0,,,,,,,,,,,,,,,,,,,960000.0,,,,,,,,,0.01,10000000.0,0.0,,6458000.0,,,,,,,,,,,,,,4276000.0,,,1812000.0,19000.0,1992000.0,,,,69344000.0,,,,,,,,,,,,,,-132231000.0,,,100668000.0,16364000.0,,300000.0,,,,,,,,,,,,,,,,,,,,,,1.99,,,,,,,102671000.0,112708000.0,,100410.0,,,,,,,,,,,,,,,,,10037000.0,,,,,50563000.0,48596000.0,,,,,,,
2016-01-02,2016-03-11,10-K,"PGT Innovations, Inc.",PGTI,CIK0001354327,USD,19578000.0,8180000.0,32119000.0,,,31783000.0,,,827000.0,11398000.0,,78387000.0,,,,244944000.0,3413000.0,1774000.0,,3840000.0,300000.0,,336000.0,,,-131000.0,,,1014000.0,,66000.0,,344028000.0,126972000.0,,,,,,,,,,,,,,,14500000.0,1100000.0,1100000.0,16300000.0,,61493000.0,19024000.0,,,,,,0.01,200000000.0,51146000.0,48806000.0,511000.0,25223000.0,,,,,,,270678000.0,,,8861000.0,9304000.0,443000.0,,,0.0425,197500000.0,,2000000.0,0.01,5032000.0,6733000.0,5500000.0,0.01,,4893000.0,,6605000.0,,5993000.0,5993000.0,36709000.0,,1100000.0,,,607000.0,,,,10815000.0,,4735000.0,,,2735000.0,2735000.0,152000.0,,682000.0,1643000.0,,,25894000.0,131000.0,,4361000.0,619000.0,26631000.0,,25894000.0,,126000.0,9202000.0,700000.0,0.03,,0.2,,1.0,133000.0,7008000.0,,,,,,,,,,,,,,,,,,,,,0.57,,0.54,0.394,0.35,0.003,,0.022,0.002,,0.002,,0.038,0.02,,,4326000.0,,,,3840000.0,3840000.0,,0.0,0.0,,,60130000.0,5786000.0,3379000.0,,3222000.0,3161000.0,3161000.0,3161000.0,21870000.0,57441000.0,-126000.0,-10000.0,,,,,65635000.0,,144857000.0,,0.0,38849000.0,,15297000.0,1600000.0,,6808000.0,,5669000.0,7263000.0,3083000.0,,1786000.0,2096000.0,,,,79311000.0,70000.0,70000.0,70000.0,11775000.0,10562000.0,,-11705000.0,11502000.0,,,3198000.0,23053000.0,18609000.0,,1246000.0,2300000.0,,,,,,,,,,,400000.0,237067000.0,344028000.0,21527000.0,,,,190767000.0,,3800000.0,1949000.0,192500000.0,187500000.0,,2000000.0,2000000.0,2000000.0,2000000.0,2000000.0,188818000.0,500000.0,,,,,3959000.0,,-17391000.0,,32456000.0,27326000.0,,,,723000.0,,,-388000.0,500000.0,,1.0,,,126000.0,50942000.0,,,,,,,,4154000.0,2116000.0,60000.0,87000.0,253000.0,1638000.0,,,3800000.0,1294000.0,8473000.0,607000.0,,,,126000.0,,,,1671000.0,-126000.0,,,,50000.0,50000.0,0.0,,,,828000.0,44000.0,,,,,,,17391000.0,0.01,10000000.0,0.0,,,2170000.0,,,,,,,,-29000.0,,,2192000.0,,4237000.0,0.0,3484000.0,7653000.0,332000.0,8256000.0,4800000.0,,149890000.0,71503000.0,,,,,,,2000000.0,,2000000.0,,,,,-128457000.0,,,482818000.0,68190000.0,,1774000.0,,,,,,,,,,3131314.0,1.98,10800000.0,15601.0,3.25,0.0,,29661000.0,3170314.0,2.04,,,1.82,,3131314.0,3170314.0,29456000.0,,15400000.0,106961000.0,116998000.0,,1033750.0,,,,,,2192000.0,,,,,,,,,0.0,,10037000.0,44000.0,5000000.0,0.0,,50368000.0,48272000.0,,,,,,,
2016-04-02,2016-05-09,10-Q,"PGT Innovations, Inc.",PGTI,CIK0001354327,USD,24731000.0,,,,,39660000.0,,,,,128000.0,,,,,245758000.0,1267000.0,,,,,,,,,40000.0,,344000.0,4530000.0,,55000.0,,409150000.0,97285000.0,,,,,,,,3000000.0,,,,,,,,,,,,16704000.0,-44789000.0,,,,,,0.01,200000000.0,51452000.0,48682000.0,515000.0,1479000.0,,,,,,,70223000.0,,,,,,,,,269325000.0,,,,,,,,,,6733000.0,18351000.0,,,,,,,,,,,,,,,,,,,,,,,,,,,,,,,,,25894000.0,,,,,,,,,,,2185000.0,,,,,,,,,,,,,,,,,,,,,0.03,,0.03,0.366,,,,,,,,,,,,,,3100000.0,,,233000.0,233000.0,3431000.0,0.0,0.0,,,61397000.0,,,,,,,,49303000.0,75841000.0,,6000.0,,,,3431000.0,108179000.0,,29983000.0,,,2333000.0,,854000.0,,,,,558000.0,4924000.0,-579000.0,,113000.0,1780000.0,,,,125144000.0,,,,,,,-4158000.0,,,,3194000.0,29252000.0,24913000.0,,1145000.0,,,,,,,,,,,,400000.0,302614000.0,409150000.0,27343000.0,,,,,,,2612000.0,254500000.0,,,2700000.0,2700000.0,2700000.0,2700000.0,2025000.0,248362000.0,,,,,,53219000.0,,-103915000.0,,5907000.0,1479000.0,,,,617000.0,,,,675000.0,,,,,,9922000.0,,,,,,,,,,,,,,,,,,8377000.0,639000.0,,,,,,,,,,,,,,,,,,,1015000.0,2722000.0,7178000.0,,54000.0,,100259000.0,,3662000.0,0.01,10000000.0,0.0,,,3292000.0,,,,,8000.0,261030000.0,,-8000.0,6000.0,,85000.0,,4713000.0,264000.0,,2473000.0,357000.0,2328000.0,,,,77903000.0,40000.0,,,,,,198175000.0,,,,,,,-126978000.0,,,100206000.0,20061000.0,,545000.0,,,,,,,,,,,,,,,,,,,,,,0.92,,,,,,,106536000.0,119295000.0,,91881.0,,,,,,,,,,,,,,,,,12759000.0,,,,,50474000.0,48694000.0,,,,,,,
2016-07-02,2016-08-04,10-Q,"PGT Innovations, Inc.",PGTI,CIK0001354327,USD,33177000.0,,,,,46179000.0,,,,,128000.0,,,,,246665000.0,,,,,,,,,,,,,,,20000.0,,425965000.0,113762000.0,,,,,,,,,,,,,,,,,,,,29506000.0,,,,,,,0.01,200000000.0,51521000.0,48745000.0,515000.0,7350000.0,,,,,,,81563000.0,,,,,,,,,268650000.0,,,,,,,,,,6733000.0,17680000.0,,,,,,,,,,,,,,,,,,,,,,,,,,,,,,,,,25894000.0,,,,,,,,,,,,,,,,,,,,,,,,,,,,,,,,0.15,,0.15,0.365,,,,,,,,,,,,,,2700000.0,,,,,,0.0,0.0,,,63008000.0,,,,,,,,47692000.0,75841000.0,,,,,,,108179000.0,,37470000.0,,,11573000.0,,4223000.0,,,,,,,,,,1763000.0,,,,123533000.0,,,,,,,-5282000.0,,,,4323000.0,30397000.0,24655000.0,,1419000.0,,,,,,,,,,,,400000.0,311172000.0,425965000.0,35790000.0,,,,,,,2613000.0,266000000.0,,,2700000.0,2700000.0,2700000.0,2700000.0,1350000.0,248357000.0,,,,,,,,,,,7350000.0,,,,,,,,1350000.0,,,,,,16855000.0,,,,,,,,,,,,,,,,,,5352000.0,751000.0,,,,,,,,,,,,,,,,,,,1131000.0,,,,,,,,,0.01,10000000.0,0.0,,,2328000.0,,,2400000.0,,,,,,,,,,5103000.0,,,2931000.0,413000.0,2908000.0,,,,79740000.0,,,,,,,,,,,,,,-119628000.0,,,119033000.0,20615000.0,,600000.0,,,,,,,,,,,,,,,,,,,,,,2.15,,,,,,,114793000.0,127552000.0,,31200.0,,,,,,,,,,,,,,,,,12759000.0,,,,,50473000.0,48710000.0,,,,,,,
2016-10-01,2016-11-03,10-Q,"PGT Innovations, Inc.",PGTI,CIK0001354327,USD,32242000.0,,,,,50915000.0,,,,,128000.0,,,,,248746000.0,,,,,,,,,,,,,,,20000.0,,434923000.0,119891000.0,,,,,,,,,,,,,,,,,,,,29904000.0,,,,,,,0.01,200000000.0,51757000.0,48996000.0,517000.0,10796000.0,,,,,,,88721000.0,,,,,,,,,263975000.0,,,,,,,,,,6733000.0,16773000.0,,,,,,,,,,,,,,,,,,,,,,,,,,,,,,,,,26527000.0,,,,,,,,,,,,,,,,,,,,,,,,,,,,,,,,0.22,,0.21,0.328,,,,,,,,,,,,,,1900000.0,,,,,,0.0,0.0,,,64631000.0,,,,,,,,46860000.0,75841000.0,,,,,,,107872000.0,,41086000.0,,,16058000.0,,5262000.0,,1100000.0,,1300000.0,,,,,,1731000.0,,,,122701000.0,,,,,,,-5495000.0,,,,3527000.0,30846000.0,25379000.0,,1940000.0,,,,,,,,,,,,400000.0,307251000.0,434923000.0,32242000.0,,,,264000000.0,,,,261300000.0,,,2700000.0,2700000.0,2075000.0,0.0,0.0,247202000.0,,,,,,,,,,,10796000.0,,,,,,,,2000000.0,,,,,,21553000.0,,,,,,,,,,,,,,,,,,5405000.0,1152000.0,,,,,,,,,,,,,,,,,,,1280000.0,,,,,,,,,0.01,10000000.0,0.0,,,2821000.0,,,,,,,,,,,,,5476000.0,10000.0,,2493000.0,-19000.0,2875000.0,,,,83307000.0,,,,,,,,,,,,,,-108832000.0,,,129807000.0,22533000.0,,400000.0,,,,,,,,,,,,,,,,,,,,,,2.0,,,,,,,127672000.0,140431000.0,,250203.0,,,,,,,,,,,,,,,,,12759000.0,,,,,50672000.0,48941000.0,,,,,,,
2016-12-31,2017-03-10,10-K,"PGT Innovations, Inc.",PGTI,CIK0001354327,USD,22803000.0,7894000.0,42045000.0,,,41646000.0,,,668000.0,14909000.0,128000.0,87565000.0,,,,249647000.0,6096000.0,1769000.0,,1872000.0,200000.0,,399000.0,,,81000.0,,2368000.0,2721000.0,,20000.0,,436648000.0,122377000.0,,,,,,,,3000000.0,,,,,,,15400000.0,,900000.0,16600000.0,,39210000.0,-22283000.0,39210000.0,,,,,0.01,200000000.0,51887000.0,49176000.0,519000.0,23747000.0,,,,,,318452000.0,318452000.0,69000.0,69000.0,4602000.0,5523000.0,921000.0,,,,264000000.0,,,,,16102000.0,,,,5371000.0,6733000.0,15743000.0,,6277000.0,6277000.0,41100000.0,,906000.0,,,503000.0,,,,9262000.0,,2000000.0,,,,2979000.0,195000.0,,899000.0,2149000.0,0.0,,31838000.0,1241000.0,,,3193000.0,26007000.0,,31838000.0,,167000.0,10492000.0,1900000.0,0.03,,0.2,,1.0,1660000.0,9577000.0,,,,,,,,,,,,,,0.0,,,,,,,0.57,,0.5499999999999999,0.332,0.35,-0.002,,0.018,0.002,,-0.004,,0.038,0.006,0.028,,4384000.0,,,85000.0,1872000.0,1872000.0,3431000.0,0.0,,,,66226000.0,13885000.0,6329000.0,,5974000.0,6278000.0,6282000.0,6341000.0,45089000.0,75841000.0,,45000.0,,,,3431000.0,108060000.0,,171657000.0,,0.0,35547000.0,,11800000.0,,,2231000.0,,1962000.0,7069000.0,152000.0,,-2215000.0,1723000.0,,,,120930000.0,105000.0,138000.0,138000.0,20263000.0,17351000.0,,-20125000.0,16015000.0,16015000.0,,3044000.0,30511000.0,24946000.0,24946000.0,2521000.0,4200000.0,,,,,,,,,,,300000.0,303796000.0,436648000.0,22803000.0,,,,247873000.0,,,,264600000.0,,0.0,2700000.0,2700000.0,2700000.0,2075000.0,,247873000.0,200000.0,,,,50339000.0,50339000.0,-118987000.0,-118987000.0,46365000.0,46365000.0,27869000.0,,,,251000.0,,,,2000000.0,,,,,,59103000.0,,,,,,,,9068000.0,3889000.0,143000.0,1303000.0,1669000.0,2064000.0,,,1900000.0,1527000.0,8365000.0,1072000.0,,,,,,,,,,,,,0.0,,0.0,,,,1282000.0,2847000.0,7178000.0,,,,101338000.0,,17694000.0,0.01,10000000.0,0.0,,,2645000.0,,,,,36000.0,261030000.0,,-30000.0,45000.0,,981000.0,,5569000.0,274000.0,4494000.0,10760000.0,754000.0,11064000.0,6800000.0,,171774000.0,84209000.0,81000.0,,,,,,203525000.0,,1700000.0,,,,,-104555000.0,458550000.0,,568054000.0,83995000.0,,1769000.0,,,,,,,,,,2606950.0,2.03,5100000.0,8000.0,,,,24610000.0,2624950.0,2.08,,,,,2606950.0,2624950.0,24553000.0,,18300000.0,132852000.0,145611000.0,,537364.0,,36000.0,,,,981000.0,,,,,,,,,299988.0,11805.0,12759000.0,2847000.0,,0.0,,50579000.0,48856000.0,,,,,,,
2017-04-01,2017-05-04,10-Q,"PGT Innovations, Inc.",PGTI,CIK0001354327,USD,25996000.0,,,,,47404000.0,,,,,359000.0,,,,,250214000.0,1573000.0,,,,,,,,,,,332000.0,691000.0,,,,444117000.0,131276000.0,,,,,,,,,,,,,,,,,,,,38919000.0,-291000.0,,,,,,0.01,200000000.0,52147000.0,49421000.0,521000.0,2999000.0,,,,,,,80982000.0,,,,,,,,,263975000.0,,,,,,,,,,16102000.0,15411000.0,,,,,,,,,,,,,,,,,,,,,,,,,,,,,,,,,31838000.0,,,,,,,,,,,3024000.0,,,,,,,,,,,,,,,,,,,,,0.06,,0.06,0.258,,,,,,,,,,,,,,3200000.0,,,,,,,,,,67799000.0,,,,,,,,43516000.0,,,8000.0,,,,,108060000.0,,31739000.0,,,4044000.0,,1045000.0,,0.0,,0.0,3688000.0,6194000.0,3356000.0,,179000.0,2365000.0,,,,119357000.0,,,,,,,-4910000.0,,,,3829000.0,33867000.0,27227000.0,,2811000.0,,,,,,,,,,,,300000.0,307697000.0,444117000.0,26044000.0,,,,,,,48000.0,267300000.0,,,2700000.0,2700000.0,2700000.0,2075000.0,0.0,248516000.0,,,,,,104000.0,,-3109000.0,,2714000.0,2999000.0,,,,206000.0,,,,,,,,,,8954000.0,,,,,,,,,,,,,,,,,,7232000.0,1166000.0,,,,,,,,,,,,,,,,,,,1299000.0,,,,181000.0,,,,3117000.0,0.01,10000000.0,0.0,,,3854000.0,,,,,9000.0,,,-8000.0,8000.0,,284000.0,,5614000.0,,,3087000.0,89000.0,3043000.0,,,,84258000.0,18000.0,,,,,,,,,,,,,-101556000.0,112721000.0,,112721000.0,22785000.0,,458000.0,,,,,,,,,,,,,,,,,,,,,,2.0,,,,,,,136420000.0,149179000.0,,142000.0,,,,,,,,,,,,,,,,,12759000.0,,,,,51628000.0,49263000.0,,,,,,,
2017-07-01,2017-08-03,10-Q,"PGT Innovations, Inc.",PGTI,CIK0001354327,USD,32986000.0,,,,,57308000.0,,,,,359000.0,,,,,251017000.0,,,,,,,,,,,,,,,,,462945000.0,151336000.0,,,,,,,,,,,,,,,,,,,,50282000.0,,,,,,,0.01,200000000.0,52291000.0,49570000.0,523000.0,10255000.0,,,,,,92831000.0,92831000.0,,,,,,,,,263975000.0,,,,,,,,,,16102000.0,14701000.0,,,,,,,,,,,,,,,,,,,,,,,,,,,,,,,,,31838000.0,,,,,,,,,,,,,,,,,,,,,,,,,,,,,,,,0.21,,0.2,0.331,,,,,,,,,,,,,,3000000.0,,,,,,,,,,69385000.0,,,,,,,,41930000.0,,,,,,,,108060000.0,,44553000.0,,,15335000.0,,5080000.0,,0.0,,0.0,,,,,,2191000.0,,,,117771000.0,,,,,,,-4568000.0,,,,3953000.0,35055000.0,,27687000.0,3415000.0,,,,,,,,,,,,200000.0,315465000.0,462945000.0,33691000.0,,,,,,,705000.0,267900000.0,,,0.0,0.0,0.0,0.0,12000000.0,248569000.0,,,,,,,,,,,10255000.0,,,,,,,,,,,,,,19903000.0,,,,,,,,,,,,,,,,,,6083000.0,1403000.0,,,,,,,,,,,,,,,,,,,1367000.0,,,,,,,,,0.01,10000000.0,0.0,,,2608000.0,,,,,,,,,,,,,,,,2827000.0,-153000.0,3045000.0,,,,84375000.0,,,,,,,,,,,,,,-91301000.0,137384000.0,,137384000.0,24650000.0,,600000.0,,,,,,,,,,,,,,,,,,,,,,2.0,,,,,,,147480000.0,160239000.0,,108910.0,,,,,,,,,,,,,,,,,12759000.0,,,,,51664000.0,49473000.0,,,,,,,
2017-09-30,2017-11-02,10-Q,"PGT Innovations, Inc.",PGTI,CIK0001354327,USD,40338000.0,,,,,55949000.0,,,,,359000.0,,,,,251733000.0,,,,,,,,,,,,,,,,,459598000.0,149095000.0,,,,,,,,,,,,,,,,,,,,44727000.0,,,,,,,0.01,200000000.0,52376000.0,49660000.0,524000.0,6292000.0,,,,,,87128000.0,87128000.0,,,,,,,,,244504000.0,,,,,13037000.0,,,,,16102000.0,13037000.0,,,,,,,,,,,,,,,,,,,,,,,,,,,,,,,,,31838000.0,,,,,,,,,,,,,,,,,,,,,,,,,,,,,,,,0.13,,0.12,0.322,,,,,,,,,,,,,,2400000.0,,,,,,,,,,71044000.0,,,,,,,,40861000.0,,,,,,,,108060000.0,,39748000.0,,,9284000.0,,2992000.0,,0.0,,0.0,,,,,,2180000.0,,,,116702000.0,,,,,,,-5514000.0,,,,5997000.0,39131000.0,,29591000.0,3543000.0,,,,,,,,,,,,200000.0,305109000.0,459598000.0,40628000.0,,,,231467000.0,,,290000.0,248500000.0,,,0.0,0.0,163000.0,295000.0,71000.0,231177000.0,,,,,,,,,,,6292000.0,,,,,,,,,,,,,,14798000.0,,,,,,,,,,,,,,,,,,6329000.0,1272000.0,,,,,,,,,,,,,,,,,,,1466000.0,,,,,,,,,0.01,10000000.0,0.0,,,2959000.0,,,,,,,,,,,,,5906000.0,,,2412000.0,46000.0,2593000.0,,,,84469000.0,,,,,,,,,,,,,,-85009000.0,126876000.0,,126876000.0,24950000.0,,500000.0,,,,,,,,,,,,,,,,,,,,,,1.99,,,,,,,154489000.0,167248000.0,,90159.0,,,,,,,,,,,,,,,,,12759000.0,,,,,51809000.0,49629000.0,,,,,,,
2017-12-30,2018-03-14,10-K,"PGT Innovations, Inc.",PGTI,CIK0001354327,USD,41085000.0,12911000.0,61272000.0,,,60308000.0,,6497000.0,806000.0,28174000.0,359000.0,95133000.0,,,,252275000.0,6477000.0,1948000.0,,,1300000.0,,964000.0,,,576000.0,,2394000.0,4642000.0,,19000.0,,453119000.0,144516000.0,,,,,,,,,,,,,,,16900000.0,,1500000.0,20000000.0,,,-5181000.0,34029000.0,-5181000.0,,,,0.01,200000000.0,52486000.0,49805000.0,525000.0,39839000.0,,,,,,352097000.0,352097000.0,,647000.0,8063000.0,9129000.0,1066000.0,,,,224433000.0,,,,,11460000.0,,,,-10010000.0,16102000.0,,,-9066000.0,-9066000.0,28611000.0,,944000.0,,,412000.0,,,,5839000.0,,965000.0,132000.0,,,1663000.0,292000.0,,691000.0,1378000.0,0.0,,22772000.0,659000.0,,,3099000.0,16749000.0,,22772000.0,,48000.0,8056000.0,1800000.0,0.03,,0.2,,1.0,1029000.0,13051000.0,,,,,,,,,,,,,,0.0,,,,,,517000.0,1.21,,1.1600000000000001,0.002,0.35,,,0.025,0.005,,-0.002,-0.046,0.038,0.005,0.002,,8700000.0,,,,,,,0.0,,590000.0,,72703000.0,8769000.0,6635000.0,,5116000.0,5974000.0,6278000.0,6430000.0,39202000.0,75841000.0,,452000.0,,,,,108060000.0,,201928000.0,,0.0,39902000.0,,63000.0,,9000000.0,46000.0,,18261000.0,17922000.0,7305000.0,,1024000.0,2206000.0,,,,115043000.0,236000.0,,61000.0,20340000.0,15644000.0,,-20279000.0,16329000.0,16329000.0,,5171000.0,37816000.0,30139000.0,,2506000.0,4700000.0,,,,,,,,,,,200000.0,277794000.0,453119000.0,41379000.0,,,,212973000.0,,,294000.0,227300000.0,,294000.0,223975000.0,0.0,0.0,164000.0,,212679000.0,1200000.0,,,,-39477000.0,-39477000.0,-14729000.0,-14729000.0,49025000.0,49025000.0,60132000.0,,,,111000.0,,,,,,,,,,60181000.0,,4700000.0,,,,,,31591000.0,4884000.0,2495000.0,2570000.0,4047000.0,4454000.0,13141000.0,,,2642000.0,9873000.0,1367000.0,,,,,,,,,,,,,,,0.0,,,,964000.0,284000.0,,,284000.0,,,,17818000.0,0.01,10000000.0,0.0,,,2490000.0,,,,,29000.0,,,-31000.0,3089000.0,,941000.0,29000.0,5386000.0,,4443000.0,10646000.0,-212000.0,10675000.0,4800000.0,,179266000.0,84133000.0,576000.0,,,,,,40132000.0,,1400000.0,,,,,-64716000.0,645181000.0,,645181000.0,98803000.0,,1948000.0,,,,,,,,,,2146328.0,2.06,5100000.0,,,,,31789000.0,2154328.0,2.09,,,2.0,,2146328.0,2154328.0,31748000.0,,20600000.0,175325000.0,188084000.0,,470622.0,,29000.0,,0.0,,941000.0,,,,12400000.0,,,,,23826.0,23826.0,12759000.0,284000.0,,0.0,,51728000.0,49522000.0,,,,,,,
2018-03-31,2018-05-08,10-Q,"PGT Innovations, Inc.",PGTI,CIK0001354327,USD,39610000.0,,,,,66434000.0,,,,,520000.0,,,-62000.0,,252329000.0,1659000.0,514000.0,,,,,,,,,,95000.0,615000.0,,0.0,,470774000.0,159774000.0,,,,,,,,,,,,,,,,,,,,34048000.0,19000.0,,,,,,0.01,200000000.0,52639000.0,49976000.0,526000.0,7278000.0,,,,,,95480000.0,95480000.0,,647000.0,,,,,,,224361000.0,,,,,9453000.0,,,,,11460000.0,9453000.0,,,,,,,,,,,,,,,,,,,,,,,,,,,,,,,,,23398000.0,,,,,,,,,,,2961000.0,,,,,,,,,-83000.0,,,,,,83000.0,,,,,,0.15,,0.14,0.184,,,,,,,,,,,,,,3700000.0,,,,,3079000.0,,,,,74362000.0,8769000.0,,4976000.0,5116000.0,5974000.0,6278000.0,6430000.0,37543000.0,,,10000.0,,,,,108060000.0,,44773000.0,,,8994000.0,,1654000.0,,,,,4591000.0,7921000.0,3332000.0,,,2140000.0,,,,113384000.0,,,,,,,-4043000.0,,,,,35506000.0,32808000.0,,2698000.0,,,,,,,,,,,,2500000.0,286233000.0,470774000.0,39909000.0,,,,214908000.0,,,299000.0,226800000.0,,,223975000.0,0.0,0.0,164000.0,222000.0,214609000.0,,,,,-2225000.0,-2225000.0,-6634000.0,-6634000.0,8878000.0,8878000.0,7340000.0,,,,512000.0,,,,,,,,,,16116000.0,,,,,,,,,,,,,,,,,,11025000.0,1363000.0,,,,-83000.0,,,,-62000.0,,,,,,-21000.0,-83000.0,,,,8317000.0,,1687000.0,,637000.0,,,,6644000.0,0.01,10000000.0,0.0,,,3551000.0,,,,,5000.0,,,-7000.0,10000.0,,173000.0,,5323000.0,,,2319000.0,-110000.0,2366000.0,,,,88193000.0,416000.0,,,,,,72000.0,,,,,,,-55493000.0,140253000.0,,140253000.0,28657000.0,,514000.0,,,,,,,,,,,,,,,,,,,,,,2.0,,,,,,,184541000.0,197300000.0,,86549.0,,5000.0,,,,173000.0,,,,,,,,,,,12759000.0,637000.0,,,,51998000.0,49858000.0,,,,,,,
2018-06-30,2018-07-30,10-Q,"PGT Innovations, Inc.",PGTI,CIK0001354327,USD,45911000.0,,,,,74970000.0,,,,,520000.0,,,-384000.0,,254399000.0,,684000.0,,,,,,,,,,,,,0.0,,510441000.0,195887000.0,,,,,,,,,,,,,,,,,,,,63923000.0,,,,,,,0.01,200000000.0,53371000.0,50706000.0,533000.0,22226000.0,,,,,,109322000.0,,,,,,,,,,224287000.0,,,,,8903000.0,,,,,11460000.0,8903000.0,,,,,,,,,,,,,,,,,,,,,,,,,,,,,,,,,23287000.0,,,,,,,,,,,,,128000.0,,,,,,,-516000.0,,,,,,644000.0,,,,,,0.45,,0.43,0.143,,,,,,,,,,,,,,3700000.0,,,,,,,,,,76021000.0,8769000.0,,3317000.0,5116000.0,5974000.0,6278000.0,6430000.0,35884000.0,,,,2551000.0,,,,108060000.0,,59947000.0,,,26308000.0,,3760000.0,,,,,,,,,,1739000.0,,,,111725000.0,,,,,,,-3609000.0,,,,,35326000.0,32811000.0,,2515000.0,,,,,,,,,,,,1200000.0,301597000.0,510441000.0,46214000.0,,,,215384000.0,,,303000.0,225700000.0,,,223975000.0,0.0,0.0,164000.0,148000.0,215081000.0,,,,,,,,,,,22548000.0,,,,,,,,,,,,,,29917000.0,,,,,,,,,,,,,,,,,,7899000.0,1336000.0,,,,-433000.0,-390000.0,,,-322000.0,43000.0,,,,,-111000.0,,,,,17015000.0,,,,,,,,,0.01,10000000.0,0.0,,,2757000.0,,,,,,,,,,,,,5368000.0,,,2708000.0,-98000.0,2851000.0,,,,93433000.0,,,,,,,,,,,,,,-32945000.0,169269000.0,,,32581000.0,,700000.0,,,,,,,,,,,,,,,,,,,,,,2.0,,,,,,,208844000.0,221603000.0,,694423.0,,6000.0,,,,1387000.0,,,,,,,,,,,12759000.0,,,,,52056000.0,50317000.0,,,,,,,
2018-09-29,2018-11-01,10-Q,"PGT Innovations, Inc.",PGTI,CIK0001354327,USD,69943000.0,,,,,92537000.0,,,,,,,,-824000.0,,408700000.0,,832000.0,,,,,,,,,,,,,0.0,,860538000.0,197889000.0,,,,,,,,,,,,,,,,,,,,32159000.0,,32159000.0,,,,,0.01,200000000.0,60570000.0,57915000.0,605000.0,13131000.0,,,,,,126086000.0,,,,,,,,,,387213000.0,,,,,13065000.0,,,,,,13065000.0,,,,,,,,,,,,,,,,,,,,,,,,,,,,,,,,,23136000.0,,,,,,,,,,,,,70000.0,,,,,,,-1107000.0,,,,,,1177000.0,,,,,,0.26,,0.26,0.197,,,,,,,,,,,,,,3300000.0,,,,,296000.0,,,,,78829000.0,61425000.0,,4073000.0,14515000.0,15374000.0,15859000.0,15830000.0,127076000.0,148841000.0,,,,,,,272439000.0,,72998000.0,,,16906000.0,,3335000.0,,,,,,,,,,1386000.0,,,,275917000.0,,,,,,,-11741000.0,,,,205000.0,46477000.0,42924000.0,,3348000.0,,,,,,,,,,,,1200000.0,484190000.0,860538000.0,70181000.0,,,,374148000.0,,,238000.0,,,,71975000.0,0.0,0.0,163000.0,75000.0,373910000.0,,,,,,,,,,,13571000.0,,,,,,,,,,,,,,28943000.0,,,,,,,,,,,,,,,,,,9112000.0,1217000.0,,,,-591000.0,-649000.0,,,-440000.0,-58000.0,,,,,-151000.0,,,,,16963000.0,,,300000.0,,,,,,0.01,10000000.0,0.0,,,3578000.0,,,,,161000000.0,,,,,,,,6034000.0,509000.0,,3129000.0,-21000.0,3307000.0,,,,113076000.0,,,,,,,,,,,,,,-19374000.0,199084000.0,,,44055000.0,,1300000.0,,,,,,,,,,,,,,,,,,,,,,2.0,,,,,,,376348000.0,389107000.0,,183808.0,,8000.0,152653000.0,,513000.0,367000.0,,,,,,,,,,,12759000.0,,,,,53068000.0,51682000.0,,,,,,,
2018-12-29,2019-02-27,10-K,"PGT Innovations, Inc.",PGTI,CIK0001354327,USD,68557000.0,15288000.0,83506000.0,,,80717000.0,,3189000.0,954000.0,53269000.0,,104575000.0,,-3065000.0,,409661000.0,10225000.0,2796000.0,,,3200000.0,3383000.0,2789000.0,,2800000.0,,,,7790000.0,10200000.0,0.0,,862153000.0,195561000.0,,,,,,,,,,,,,,,18800000.0,,1900000.0,22200000.0,,52650000.0,18621000.0,52650000.0,18621000.0,,,,0.01,200000000.0,60729000.0,58082000.0,607000.0,50868000.0,,1058000.0,6757000.0,8300000.0,168000.0,455025000.0,,,,11818000.0,16234000.0,4416000.0,,,,379138000.0,,,,,12361000.0,,,,-3407000.0,,12361000.0,,-4962000.0,-4962000.0,37022000.0,,-1555000.0,,,515000.0,,,,14264000.0,,,,,,1796000.0,642000.0,,2100000.0,1442000.0,0.0,,22758000.0,,,,5092000.0,20935000.0,,22758000.0,,254000.0,10741000.0,2700000.0,0.03,,0.2,,1.0,8700000.0,14225000.0,,,,,,,,,-4118000.0,,,,,,4118000.0,,,,,2808000.0,1.21,,1.18,0.173,0.21,,,,0.009,,-0.001,-0.08,0.045,,0.007,0.004,16498000.0,,,,,,3375000.0,,,,,82928000.0,49045000.0,15830000.0,,12354000.0,14515000.0,15374000.0,15859000.0,122977000.0,148841000.0,,2703000.0,2551000.0,,,,277600000.0,,309218000.0,0.0,0.0,65205000.0,,11272000.0,,,19546000.0,,26435000.0,17681000.0,-88000.0,,-4214000.0,1645000.0,,,,271818000.0,389000.0,,69000.0,26598000.0,18946000.0,,-26529000.0,,11145000.0,,352000.0,44666000.0,42036000.0,,2278000.0,6400000.0,,,,,,,,,,,2000000.0,476609000.0,862153000.0,68720000.0,,,,366777000.0,,,163000.0,,,163000.0,0.0,63975000.0,0.0,0.0,,366614000.0,1200000.0,,,,296711000.0,,-378396000.0,,100306000.0,,64407000.0,,,,197000.0,,,,,,1.0,2.0,,-4357000.0,95109000.0,,6400000.0,,,,,,42962000.0,6343000.0,3801000.0,3831000.0,4748000.0,6354000.0,17885000.0,,,4221000.0,7908000.0,1240000.0,,,,-4118000.0,,,,-3065000.0,-239000.0,,,,1053000.0,-1053000.0,-4357000.0,,,,18517000.0,687000.0,12066000.0,447000.0,687000.0,,354584000.0,,29769000.0,0.01,10000000.0,0.0,,,2863000.0,,,,,152503000.0,315000000.0,315000000.0,-14000.0,5957000.0,,2239000.0,30000.0,6149000.0,509000.0,5182000.0,10931000.0,-650000.0,11835000.0,4900000.0,,220282000.0,115707000.0,1984000.0,-239000.0,,,,,160294000.0,,1900000.0,,,,,-8900000.0,888380000.0,,,150910000.0,,3383000.0,,,,,,,,,,1031081.0,2.16,20300000.0,,,28160.0,20.84,13999000.0,1035081.0,2.2,,,2.0,,1031081.0,1035081.0,13984000.0,,,385544000.0,398303000.0,385544000.0,1119247.0,,30000.0,,,587000.0,2239000.0,,,,,,231000.0,,,35691.0,,12759000.0,687000.0,,0.0,,54106000.0,52461000.0,,,,,,,
2019-03-30,2019-05-02,10-Q,"PGT Innovations, Inc.",PGTI,CIK0001354327,USD,56963000.0,,,,,76035000.0,,,,,,,,-1941000.0,,410578000.0,4015000.0,1198000.0,,,,1198000.0,,,2900000.0,,,,,4000000.0,263000.0,,890748000.0,194120000.0,,,,,,,,,,,,,,,,,,,,44936000.0,-7714000.0,44936000.0,-7714000.0,,,,0.01,200000000.0,61273000.0,58289000.0,613000.0,9381000.0,,,,8600000.0,,112467000.0,,,,,,,,,,379062000.0,,,,,11934000.0,,,,,,11934000.0,,,,,,,,,,,,,,,,,,,,,,,,,,,,,,,,,23144000.0,,,,,,,,,,,4497000.0,,9000.0,,,,,,,,,,,,,2616000.0,,,,,,0.14,,0.14,0.217,0.21,,,,,,,,,,,,,,,,,,,,,,,86943000.0,49045000.0,,11815000.0,12354000.0,14515000.0,15374000.0,15859000.0,118962000.0,,,28000.0,,,,,277827000.0,,61270000.0,,,10542000.0,,2285000.0,,0.0,,0.0,-9137000.0,60000.0,3651000.0,,,1086000.0,,,,267803000.0,,,,,,,-6714000.0,,,,234000.0,47962000.0,44574000.0,,3154000.0,,2126000.0,41386000.0,17885000.0,,3801000.0,3831000.0,4748000.0,6354000.0,4767000.0,8860000.0,1100000.0,494900000.0,890748000.0,64066000.0,,,,367128000.0,,,87000.0,,,,0.0,63975000.0,0.0,0.0,87000.0,367041000.0,,,,,-351000.0,,-8271000.0,,908000.0,,8257000.0,,,,729000.0,,,,,,,2.0,,,17256000.0,1576000.0,2100000.0,32526000.0,7016000.0,25510000.0,1576000.0,29568000.0,,,,,,,,0.062,,,10317000.0,1192000.0,,,,1510000.0,,,,1124000.0,-915000.0,,,,,386000.0,595000.0,,,,15139000.0,,,,505000.0,,,,8299000.0,0.01,10000000.0,0.0,,,5495000.0,,,,,17000.0,,,,28000.0,,213000.0,17000.0,5981000.0,,,3016000.0,28000.0,2820000.0,,,,120238000.0,68000.0,,,,,,76000.0,,,,,,,-643000.0,173737000.0,,,44014000.0,,1198000.0,,,,,,,,,,,,,,,,,,,,,,2.0,,,,,,,395848000.0,408607000.0,,106740.0,,17000.0,,,,213000.0,,,,,,,,,,,12759000.0,505000.0,,,550000.0,59220000.0,58134000.0,,,,,,,
2019-06-29,2019-08-01,10-Q,"PGT Innovations, Inc.",PGTI,CIK0001354327,USD,70477000.0,,,,,76667000.0,,,,,,,,-2178000.0,,412295000.0,,1078000.0,,,,1100000.0,,,3100000.0,,,,,4000000.0,4000.0,,921535000.0,230353000.0,,,,,,,,,,,,,,,,,,,,84501000.0,,84501000.0,,,,,0.01,200000000.0,61501000.0,58536000.0,615000.0,16808000.0,,,9605000.0,10600000.0,,125630000.0,,,,,,,,,,378984000.0,,,,,11500000.0,,,,,,11500000.0,,,,,,,,,,,,,,,,,,,,,,,,,,,,,,,,,23062000.0,,,,,,,,,,,,,21000.0,,,,,,,,,,,,,2948000.0,,,,,,0.29,,0.29,0.231,,,,,,,,,,,,,,,,,,,,,,,,90958000.0,49045000.0,,7800000.0,12354000.0,14515000.0,15374000.0,15859000.0,114947000.0,,,,,,,,277773000.0,,72940000.0,,,22158000.0,,5113000.0,,,,0.0,,,,,,897000.0,,,,263788000.0,,,,,,,-6756000.0,,,,611000.0,45726000.0,41386000.0,,3729000.0,,2166000.0,40002000.0,17885000.0,,3801000.0,3831000.0,4748000.0,6354000.0,3383000.0,8275000.0,2100000.0,507160000.0,921535000.0,76915000.0,,,,367484000.0,,,9000.0,,,,0.0,63975000.0,0.0,0.0,9000.0,367475000.0,,,,,,,,,,,17045000.0,,,,,,,,,,,,,,28914000.0,1408000.0,2200000.0,31727000.0,6429000.0,25298000.0,1384000.0,28706000.0,,,,,,,,0.062,,,9923000.0,1158000.0,,,,-319000.0,-1542000.0,,,-237000.0,-1223000.0,,,,,-82000.0,-1542000.0,,,,14410000.0,,,,,,,,,0.01,10000000.0,0.0,,,3931000.0,,,,,,,,,,,,,5980000.0,,,3356000.0,180000.0,3175000.0,,,,119757000.0,,-1223000.0,,,,,,,,,,,,16402000.0,198570000.0,,,44026000.0,,1100000.0,,,,,,,,,,,,,,,,,,,,,,2.91,,,,,,,414375000.0,427134000.0,,215260.0,,14000.0,,,,627000.0,,,,,,,,,,,12759000.0,,,,758000.0,59291000.0,58394000.0,,,,,,,
2019-09-28,2019-11-07,10-Q,"PGT Innovations, Inc.",PGTI,CIK0001354327,USD,61249000.0,,,,,77375000.0,,,,,,,,-1884000.0,,413700000.0,,970000.0,,,,1000000.0,,,3700000.0,,,,,3900000.0,86000.0,,921794000.0,234070000.0,,,,,,,,,,,,,,,,,,,,81803000.0,,81803000.0,,,,,0.01,200000000.0,61712000.0,58354000.0,617000.0,15400000.0,,,12735000.0,7600000.0,,127828000.0,,,,,,,,,,378975000.0,,,,,11058000.0,,,,,,11058000.0,,,,,,,,,,,,,,,,,,,,,,,,,,,,,,,,,22991000.0,,,,,,,,,,,,,,,,,,,,-2531000.0,,,,,,2531000.0,,,,,,0.26,,0.26,0.204,,,,,,,,,,,,,,,,,,,,,,,,94887000.0,49045000.0,,3871000.0,12354000.0,14515000.0,15374000.0,15859000.0,111018000.0,,,,,,,,323800000.0,,69995000.0,,,18979000.0,,3873000.0,,4300000.0,,0.0,,,,,,709000.0,,,,259859000.0,,,,,,,-6452000.0,,,,426000.0,47566000.0,43290000.0,,3850000.0,,2260000.0,36975000.0,17421000.0,,3644000.0,3673000.0,4555000.0,6093000.0,1589000.0,7785000.0,2100000.0,496162000.0,921794000.0,65800000.0,,,,367917000.0,,,,,,,0.0,63975000.0,0.0,0.0,,367917000.0,,,,,,,,,,,15106000.0,,,,,,,,,,,,,,25431000.0,1608000.0,2300000.0,29190000.0,4551000.0,24639000.0,1546000.0,26899000.0,,,,,,,,0.062,,,10312000.0,1012000.0,,,,396000.0,-1136000.0,,,294000.0,-1532000.0,,,,,102000.0,-1136000.0,,,,14815000.0,,,,,,,,,0.01,10000000.0,0.0,,,4279000.0,2400000.0,,,,,,,,,,,,6859000.0,,,3381000.0,660000.0,3600000.0,,,,122354000.0,,-1532000.0,,,,,,,,,,,,31508000.0,197823000.0,,,44564000.0,,1000000.0,,,,,,,,,,,,,,,,,,,,,,2.0,,,,,,,425632000.0,443941000.0,,210931.0,,15000.0,,,,422000.0,,,,,,,,,393819000.0,,18309000.0,5550000.0,,,652000.0,59142000.0,58433000.0,,,,,,,
2019-12-28,2020-02-26,10-K,"PGT Innovations, Inc.",PGTI,CIK0001354327,USD,51394000.0,13443000.0,71411000.0,,,68091000.0,,40000.0,1301000.0,37951000.0,,121333000.0,,-238000.0,,414688000.0,15856000.0,3923000.0,,,5200000.0,3923000.0,3320000.0,,3300000.0,,,,1674000.0,15900000.0,74000.0,,922733000.0,233610000.0,,,,,,,,,,,,,,,21200000.0,,2400000.0,24000000.0,,97243000.0,,97243000.0,44593000.0,,,,0.01,200000000.0,61921000.0,58505000.0,619000.0,46515000.0,46515000.0,,10547000.0,7900000.0,,484588000.0,,,,5747000.0,8029000.0,2282000.0,,,,379000000.0,,,,,10029000.0,,,,3179000.0,10029000.0,10029000.0,,4410000.0,4410000.0,49068000.0,27945000.0,1231000.0,,,606000.0,,,,21123000.0,,,,,,1640000.0,915000.0,,2533000.0,1485000.0,0.0,,27945000.0,,,,8525000.0,20801000.0,6521000.0,27945000.0,,298000.0,12923000.0,2900000.0,0.03,,0.2,,1.0,9021000.0,18876000.0,,193000.0,,,,,,,-317000.0,,,,,,510000.0,,,,,2808000.0,0.81,,0.8,0.222,0.21,,,,0.016,,-0.002,-0.037,0.04,,0.012,0.007,9421000.0,,,,,,1512000.0,,,,,98784000.0,36582000.0,15885000.0,,12333000.0,12380000.0,14541000.0,15400000.0,107121000.0,,,-143000.0,,,,,277600000.0,,316531000.0,0.0,0.0,56127000.0,,12439000.0,,,11862000.0,,-19487000.0,-12682000.0,-815000.0,,4429000.0,804000.0,,,,255962000.0,339000.0,,51000.0,26468000.0,24750000.0,,-26417000.0,,24455000.0,,259000.0,43851000.0,41255000.0,,2337000.0,,8943000.0,36171000.0,13691000.0,6319000.0,3771000.0,3741000.0,3878000.0,4771000.0,,7428000.0,2000000.0,491185000.0,922733000.0,56097000.0,,,,368971000.0,,,,,,,0.0,,64000000.0,0.0,,368971000.0,1400000.0,,,,-5426000.0,,-31197000.0,,81216000.0,,46968000.0,,43688000.0,,449000.0,,,,,,1.0,,,-1229000.0,84056000.0,6826000.0,8900000.0,28743000.0,4703000.0,24040000.0,6213000.0,26390000.0,36171000.0,6319000.0,3771000.0,3741000.0,3878000.0,4771000.0,13691000.0,0.062,,2178000.0,10516000.0,972000.0,,,,3801000.0,-1229000.0,,,2827000.0,-5030000.0,,,,-974000.0,974000.0,-1229000.0,,,,14132000.0,5550000.0,854000.0,,505000.0,,,,31268000.0,0.01,10000000.0,0.0,,,3362000.0,317000.0,,,,,64000000.0,,,71000.0,,1562000.0,59000.0,6244000.0,,5258000.0,13195000.0,570000.0,12720000.0,2700000.0,43688000.0,249532000.0,128199000.0,1553000.0,-5030000.0,,,,,64138000.0,,,,,,,34788000.0,919782000.0,796000.0,,176312000.0,,3923000.0,,,,,,,,,,352150.0,2.02,8800000.0,,,,,,352150.0,2.2,,,2.29,,,,,,,431548000.0,449857000.0,431548000.0,682931.0,,59000.0,,,,1562000.0,,,,,,,,,,,18309000.0,6055000.0,,0.0,2117000.0,59150000.0,58346000.0,,,10900000.0,,,-5030000.0,
2020-04-04,2020-05-13,10-Q,"PGT Innovations, Inc.",PGTI,CIK0001354327,USD,76108000.0,,,,,96234000.0,,,,,,,,-3688000.0,,416064000.0,4742000.0,1530000.0,,,,1530000.0,,,,,,,,4700000.0,586000.0,,1025631000.0,249199000.0,,,,,,,,,,,,,,,,,,,,67552000.0,,67552000.0,-29691000.0,,,,0.01,200000000.0,62599000.0,58919000.0,626000.0,12150000.0,12150000.0,,16491000.0,13100000.0,,139077000.0,,,,,,,,,,429000000.0,,,,,7797000.0,,,,,,7797000.0,,,,,,,,,,,,,,,,,,,,,,,,,,,,,,,,,26794000.0,,,,,,,,,,,5186000.0,,,,,,,,,-4918000.0,,,,,,4918000.0,,,,,,0.27,,0.26,0.21,,,,,,,,,,,,,,,766000.0,,,,,,,,,103526000.0,52447000.0,,14677000.0,14621000.0,14708000.0,16869000.0,17727000.0,131049000.0,,,82000.0,,,,,323800000.0,,81127000.0,,,19738000.0,,4138000.0,,0.0,,,5916000.0,17857000.0,4039000.0,,,453000.0,,,,279890000.0,,,,,,,-7169000.0,,,,439000.0,51647000.0,49566000.0,,1642000.0,,2890000.0,51664000.0,18931000.0,,6202000.0,6236000.0,6430000.0,7255000.0,6610000.0,9768000.0,4000000.0,580550000.0,1025631000.0,82433000.0,,,,421203000.0,,,,,,,0.0,0.0,64000000.0,0.0,0.0,421203000.0,,,0.0,,51775000.0,,-92390000.0,,10924000.0,,15600000.0,,15600000.0,,119000.0,,,,,,,2.0,,,26907000.0,2104000.0,2900000.0,41896000.0,6325000.0,35571000.0,2009000.0,39448000.0,,,,,,,,0.059,,,10687000.0,893000.0,,,,-4601000.0,-5213000.0,,,-3450000.0,-612000.0,,,,,-1151000.0,-5213000.0,,,,14549000.0,,1266000.0,,815000.0,,90145000.0,,2327000.0,0.01,10000000.0,0.0,,,6588000.0,4000000.0,,,,,,53188000.0,,82000.0,,549000.0,119000.0,7388000.0,1592000.0,,4269000.0,-20000.0,3841000.0,,15600000.0,,132401000.0,646000.0,-612000.0,,,,,,,,,,,,50388000.0,220204000.0,14605000.0,,54220000.0,,,,,,,,,,,,,,,,,,,,,,,,2.0,,,,,,,445081000.0,463390000.0,445081000.0,274353.0,,119000.0,,,,549000.0,,,,,,,,,,,18309000.0,815000.0,,,786000.0,59121000.0,58668000.0,,,,,,,
2020-07-04,2020-08-12,10-Q,"PGT Innovations, Inc.",PGTI,CIK0001354327,USD,89459000.0,,,,,93140000.0,,,,,,,,-1346000.0,,417452000.0,,1388000.0,,,,1400000.0,,,3100000.0,,,,,4700000.0,628000.0,,1040896000.0,277093000.0,,,,,,,,,,,,,,,,,,,,98353000.0,,98353000.0,,,,,0.01,200000000.0,62636000.0,58963000.0,626000.0,4541000.0,4541000.0,,15387000.0,17500000.0,,128320000.0,,,,,,,,,,429000000.0,,,,,7519000.0,,,,,,7519000.0,,,,,25575000.0,,,,,,,,,,,,,,,,,,,,,,,,,,,,,,,,,,,,,,,,,163000.0,,,,,,,-1795000.0,,,,,,1958000.0,,,,,,0.04,,0.04,-0.27,,,,,,,,,,,,,,,0.0,,,,,,,,,108208000.0,52019000.0,,9429000.0,14575000.0,14621000.0,16782000.0,17641000.0,125067000.0,,,,,,,,327507000.0,,74463000.0,,8000000.0,1732000.0,,-467000.0,,0.0,,,,,,,,197000.0,,,,265908000.0,,,,,,,-6856000.0,,,,292000.0,51560000.0,48998000.0,,2270000.0,,3117000.0,49706000.0,18933000.0,,6211000.0,6260000.0,6497000.0,7356000.0,4449000.0,9190000.0,4000000.0,589886000.0,1040896000.0,95573000.0,,,,421481000.0,,,,,,0.0,,0.0,0.0,64000000.0,0.0,421481000.0,,,0.0,,,,,,,,2199000.0,,2199000.0,,,,,,,,,,,,8588000.0,2307000.0,3100000.0,40516000.0,6114000.0,34402000.0,2212000.0,37335000.0,,,,,,,,0.059,,,9550000.0,978000.0,,,,3123000.0,1530000.0,,,2342000.0,-1593000.0,,,,,781000.0,1530000.0,,,,12855000.0,,,,,,,,,0.01,10000000.0,0.0,,,9103000.0,1800000.0,,553000.0,,,,,,,,,,7267000.0,,,3787000.0,53000.0,3613000.0,,2199000.0,,132075000.0,,-1593000.0,,,,,,,,3906000.0,,,,52587000.0,202783000.0,233000.0,,53969000.0,,,,,,,,,,,,,,,,,,,,,,,,,,,,,,,451010000.0,469319000.0,451010000.0,0.0,,,,,,,,,,,,,,,,,18309000.0,,,,810000.0,59140000.0,58943000.0,,,,,,,
2020-10-03,2020-11-05,10-Q,"PGT Innovations, Inc.",PGTI,CIK0001354327,USD,96422000.0,,,,,99062000.0,,,,,,,,225000.0,,418904000.0,,1451000.0,,,,1500000.0,,,3200000.0,,,,,4700000.0,0.0,,1060134000.0,297776000.0,,,,,,,,,,,,,,,,,,,,99344000.0,,99344000.0,,,,,0.01,200000000.0,62495000.0,58963000.0,625000.0,18893000.0,18893000.0,,24050000.0,19500000.0,,151097000.0,,,,,,,,,,419000000.0,,,,,7183000.0,,,,,,7183000.0,,,,,26099000.0,,,,,,,,,,,,,,,,,,,,,,,,,,,,,,,,,,,,,,,,,686000.0,,,,,,,300000.0,,,,,,386000.0,,,,,,0.29,,0.29,0.247,,,,,,,,,,,,,,,0.0,,,,,,,,,112908000.0,,17641000.0,4729000.0,,14575000.0,14621000.0,16782000.0,120367000.0,,,,,,,,328425000.0,,86936000.0,,,23002000.0,,5680000.0,,4000000.0,,,,,,,,479000.0,,,,261208000.0,,,,,,,-6954000.0,,,,119000.0,54707000.0,51059000.0,,3529000.0,,3291000.0,50942000.0,,8138000.0,,6560000.0,6954000.0,7305000.0,2381000.0,9033000.0,4000000.0,588780000.0,1060134000.0,102818000.0,,,,411817000.0,,,,,,0.0,,0.0,0.0,54000000.0,0.0,411817000.0,,,0.0,,,,,,,,17322000.0,,17322000.0,,,,,,,,,,,,29956000.0,2364000.0,3300000.0,41909000.0,6396000.0,35513000.0,2276000.0,38912000.0,,,,,,,,0.058,,,10549000.0,1103000.0,,,,2095000.0,1563000.0,,,1571000.0,-532000.0,,,,,524000.0,1563000.0,,,,12533000.0,,,,,,,,,0.01,10000000.0,0.0,,,10064000.0,3600000.0,,,,,,,,,,,,7712000.0,918000.0,,4519000.0,-3000.0,4049000.0,,17322000.0,,132710000.0,,-532000.0,,,,,,,,321000.0,,,,69909000.0,238033000.0,3079000.0,,56659000.0,,,,,,,,,,,,,,,,,,,,,,,,,,,,,,,471354000.0,489663000.0,471354000.0,0.0,,,,,,,,,,,,,,,,,18309000.0,,,,927000.0,59442000.0,58963000.0,,,,,,,
2021-01-02,2021-03-02,10-K,"PGT Innovations, Inc.",PGTI,CIK0001354327,USD,84344000.0,23469000.0,96560000.0,96600000.0,,92844000.0,,3355000.0,994000.0,60875000.0,,130724000.0,,2720000.0,,420202000.0,18825000.0,5458000.0,,,11600000.0,5458000.0,3716000.0,,,,,,1206000.0,18800000.0,23000.0,,1062521000.0,301672000.0,,,,,,,,,,,,,,,25300000.0,,4100000.0,30400000.0,,100320000.0,,100320000.0,3077000.0,,,,0.01,200000000.0,62542000.0,58999000.0,625000.0,48066000.0,48066000.0,,28723000.0,22800000.0,,561297000.0,,,,9906000.0,12477000.0,2571000.0,,,,419000000.0,,,,,6902000.0,,,,528000.0,6902000.0,6902000.0,,-593000.0,-593000.0,56854000.0,28329000.0,-1121000.0,,,788000.0,,,,28525000.0,,,,,,1772000.0,3537000.0,,2206000.0,1550000.0,0.0,,28329000.0,,,,12596000.0,17978000.0,9742000.0,,,680000.0,14966000.0,3300000.0,0.03,,0.2,,1.0,10415000.0,24014000.0,,3692000.0,,,,,,,3611000.0,,,,,,81000.0,,,,,2808000.0,0.9400000000000001,,0.93,0.209,0.21,,,,0.01,,-0.001,-0.014,0.037,0.01,0.023,,14777000.0,,,,,,,,,,,117609000.0,37760000.0,17641000.0,,14287000.0,14575000.0,14621000.0,16782000.0,115666000.0,,,291000.0,,,,,329695000.0,,400122000.0,0.0,8000000.0,56992000.0,,11884000.0,,,9242000.0,,10240000.0,13775000.0,14793000.0,,11342000.0,473000.0,,,,256507000.0,120000.0,,33000.0,27752000.0,26339000.0,,-27719000.0,,25156000.0,,343000.0,60317000.0,55916000.0,,4058000.0,,13021000.0,49903000.0,13800000.0,8327000.0,6253000.0,6748000.0,7149000.0,7626000.0,,8641000.0,4000000.0,577387000.0,1062521000.0,90476000.0,,,,412098000.0,,,,,,0.0,0.0,0.0,0.0,54000000.0,,412098000.0,,,,,41984000.0,,-114402000.0,,75495000.0,,55095000.0,,45108000.0,,61000.0,,,,,,1.0,2.0,,1569000.0,84711000.0,9165000.0,13000000.0,41262000.0,6132000.0,35130000.0,8822000.0,38567000.0,49903000.0,8327000.0,6253000.0,6748000.0,7149000.0,7626000.0,13800000.0,0.058,,3868000.0,11111000.0,925000.0,,,,3928000.0,1569000.0,,,2958000.0,-2359000.0,,,,-970000.0,970000.0,1569000.0,,,,11354000.0,,1266000.0,,815000.0,,90368000.0,,24800000.0,0.01,10000000.0,0.0,,,8357000.0,,,,,,,53188000.0,,766000.0,,572000.0,305000.0,8001000.0,3515000.0,6474000.0,17280000.0,266000.0,15256000.0,3800000.0,45108000.0,265879000.0,135155000.0,996000.0,-2359000.0,,,,,10000000.0,,,4227000.0,,,,79896000.0,1104222000.0,19185000.0,,224386000.0,,,,,,,,,,,,67797.0,2.04,3400000.0,,,,,1241000.0,67797.0,2.04,,,2.01,,67797.0,67797.0,1241000.0,,,485134000.0,503443000.0,485134000.0,284353.0,,305000.0,,,,572000.0,,,,,,,,,,,18309000.0,815000.0,,0.0,3856000.0,59360000.0,58887000.0,,,12700000.0,1017000.0,,-2359000.0,3856000.0
2021-04-03,2021-05-13,10-Q,"PGT Innovations, Inc.",PGTI,CIK0001354327,USD,111892000.0,,,,,117239000.0,,,,,,,,7615000.0,,427210000.0,4749000.0,1750000.0,,,,1750000.0,4600000.0,,,,,230000.0,,4700000.0,0.0,,1239658000.0,326338000.0,,,,,,,,,,,,,,,,,,,,58979000.0,,58979000.0,-41341000.0,,,,0.01,200000000.0,63106000.0,59461000.0,631000.0,17279000.0,17690000.0,,49225000.0,34000000.0,,177130000.0,,,,,,,,,,479000000.0,,,,,4735000.0,,,,,,4735000.0,,,,,29947000.0,,,,,,,,,,,,,,,,,,,,,,,,,,,,,,,,,,,,,,,6697000.0,,10124000.0,,,,,,,10124000.0,,,,,,,,,,,,0.21,,0.21,0.236,,,,,,,,,,,,,,,,,,,,,,,,122358000.0,,19342000.0,15247000.0,,16896000.0,17135000.0,17181000.0,147617000.0,,,-67000.0,,,,,359746000.0,,93962000.0,,,16739000.0,,3944000.0,,0.0,,,20039000.0,24980000.0,4307000.0,,,608000.0,,,,324458000.0,,,,,,,-7457000.0,,,,455000.0,72352000.0,66179000.0,,5718000.0,,5079000.0,83669000.0,,11830000.0,,10871000.0,11286000.0,11557000.0,9278000.0,14847000.0,5800000.0,695897000.0,1239658000.0,120574000.0,,,,,,,,,,54000000.0,,0.0,0.0,0.0,0.0,474265000.0,,,0.0,,60932000.0,,-100826000.0,,-1447000.0,,12384000.0,411000.0,12384000.0,,1022000.0,,6108000.0,,,,,2.0,,,24196000.0,2879000.0,5100000.0,68822000.0,8682000.0,60140000.0,2764000.0,65763000.0,,,,,,,,0.056,,,17916000.0,3224000.0,,,,6513000.0,8288000.0,,,4895000.0,1775000.0,,,,,1618000.0,8288000.0,,,,10971000.0,,1363000.0,,1005000.0,,94321000.0,,6512000.0,0.01,10000000.0,0.0,,,10627000.0,8700000.0,,,,,,63300000.0,,7000.0,,,,9643000.0,,,5713000.0,389000.0,6966000.0,,12795000.0,,160129000.0,2411000.0,1775000.0,,34495000.0,34500000.0,,,,,,,,,92119000.0,271092000.0,29490000.0,,69766000.0,,,,,,,,,,,,,,,,,,,,,,,,,,,,,,,509266000.0,,509266000.0,,6108000.0,,,,,,,,,,,,,,,,18309000.0,1005000.0,,,2200000.0,59894000.0,59286000.0,,,,,,,
2021-07-03,2021-08-12,10-Q,"PGT Innovations, Inc.",PGTI,CIK0001354327,USD,125874000.0,,,144100000.0,,139688000.0,,,,,,,,11330000.0,,429268000.0,,1744000.0,,,,1700000.0,4400000.0,,,,,,,5100000.0,0.0,,1280181000.0,348888000.0,,,,,,,,,,,,,,,,,,,,47587000.0,,47587000.0,,,,,0.01,200000000.0,63192000.0,59587000.0,632000.0,13860000.0,14428000.0,,48456000.0,42600000.0,,188491000.0,,,,,,,,,,479000000.0,,,,,4519000.0,,,,,,4519000.0,,,,,31172000.0,,,,,,,,,,,,,,,,,,,,,,,,,,,,,,,,,,,,,,,,,15065000.0,,,,,,,15065000.0,,,,,,,,,,,,0.11,,0.11,0.203,,,,,,,,,,,,,,,605000.0,,,,,,,,,127499000.0,,19901000.0,10481000.0,,17465000.0,17693000.0,17739000.0,148076000.0,,,,,,,,360230000.0,,97009000.0,,,13439000.0,,2726000.0,,,,,,,,,,500000.0,,,,324717000.0,,,,,,,-7825000.0,,,,732000.0,78228000.0,70994000.0,,6502000.0,,6114000.0,100923000.0,,15055000.0,,13771000.0,14422000.0,14751000.0,7107000.0,17258000.0,5300000.0,725553000.0,1280181000.0,136185000.0,,,,,,,,,,54000000.0,,0.0,0.0,0.0,0.0,474481000.0,,,-3563000.0,,,,,,,,10145000.0,568000.0,6582000.0,,,,,,,,,,,,21264000.0,3898000.0,6100000.0,83665000.0,10311000.0,73354000.0,3304000.0,80021000.0,,,,,,,,0.055,,,22107000.0,3861000.0,,,,4940000.0,9073000.0,,,3715000.0,4133000.0,,,,,1225000.0,9073000.0,,,,10361000.0,,,,,,,,,0.01,10000000.0,0.0,,,12822000.0,13200000.0,,,,,,,,,,,,9459000.0,189000.0,,4968000.0,-748000.0,5343000.0,,10713000.0,,162464000.0,,4133000.0,,33006000.0,55100000.0,,,,,,,,,98681000.0,285500000.0,17415000.0,,75745000.0,,,,,,,,,,,,,,,,,,,,,,,,,,,,,,,521622000.0,,521622000.0,,,177000.0,,,,138000.0,,,,,,,,,,,18289000.0,,,,2216000.0,60051000.0,59551000.0,,,,,,,
2021-10-02,2021-11-12,10-Q,"PGT Innovations, Inc.",PGTI,CIK0001354327,USD,116244000.0,,,147000000.0,,142744000.0,,,,,,,,11220000.0,,431407000.0,,2254000.0,,,,2300000.0,4300000.0,,,,,,,5300000.0,0.0,,1356269000.0,431647000.0,,,,,,,,,,,,,,,,,,,,114718000.0,,114718000.0,,,,,0.01,200000000.0,63535000.0,59612000.0,635000.0,-5927000.0,-5250000.0,,54004000.0,41200000.0,,196228000.0,,,,,,,,,,575000000.0,,,,,9335000.0,,,,,,9335000.0,,,,,31135000.0,,,,,,,,,,,,,,,,,,,,,,,,,,,,,,,,,,,,,,,,,14917000.0,,,,,,,14917000.0,,,,,,,,,,,,-0.11,,-0.11,-0.319,,,,,,,,,,,,,,,14000.0,,,,25500000.0,,,,,132783000.0,,19901000.0,5197000.0,,17465000.0,17693000.0,17739000.0,142792000.0,,,,,,,,362025000.0,,104203000.0,,,-7550000.0,,-2410000.0,,,,,,,,,,,,,,319433000.0,,,,,,,-7686000.0,,,,1504000.0,79249000.0,70585000.0,,7160000.0,,6493000.0,98138000.0,,15562000.0,,14057000.0,14870000.0,15259000.0,3774000.0,15815000.0,5300000.0,804777000.0,1356269000.0,127471000.0,,,,,,,,,,0.0,,0.0,0.0,0.0,0.0,565665000.0,,,-965000.0,,,,,,,,-5817000.0,677000.0,-6782000.0,,,,,,,,,,,,25608000.0,4213000.0,6500000.0,82323000.0,11227000.0,71096000.0,3435000.0,76883000.0,,,,,,,,0.055,,,29085000.0,3724000.0,,,,-147000.0,6549000.0,,,-110000.0,6696000.0,,,,,-37000.0,6549000.0,,,,9410000.0,,,,,,,,,0.01,10000000.0,0.0,,,11847000.0,13200000.0,,,,,,,,,,,,9476000.0,347000.0,,5505000.0,-531000.0,5706000.0,,-5140000.0,,162557000.0,,6696000.0,,34648000.0,57500000.0,,,,,,,,,91871000.0,300431000.0,933000.0,,78595000.0,,,,,,,,,,,,,,,,,,,,,,,,,,,,,,,516844000.0,,516844000.0,,,14000.0,,,,,,,,,,,,,,,18289000.0,154000.0,,,2280000.0,59590000.0,59590000.0,,,,,,,
2022-01-01,2022-03-01,10-K,"PGT Innovations, Inc.",PGTI,CIK0001354327,USD,,40021000.0,145923000.0,,,141221000.0,,,2283000.0,82660000.0,,154442000.0,,7006000.0,,433347000.0,21082000.0,7819000.0,,,15800000.0,7819000.0,4702000.0,,,,,978000.0,978000.0,21100000.0,0.0,,1460610000.0,421758000.0,,,,,,,,,,,,,,,29000000.0,,3700000.0,31800000.0,,96146000.0,,96146000.0,-4174000.0,,,,0.01,200000000.0,63516000.0,59696000.0,635000.0,37164000.0,39482000.0,,55239000.0,45200000.0,,757965000.0,,,,790000.0,2127000.0,1337000.0,,,,635000000.0,,,,,9345000.0,,,,7142000.0,,9345000.0,,7632000.0,7632000.0,78502000.0,37489000.0,490000.0,,,1666000.0,,,,41013000.0,,,,,,2527000.0,6580000.0,,1848000.0,2380000.0,,,37489000.0,,,,17102000.0,18162000.0,15371000.0,,,1378000.0,20958000.0,4500000.0,0.03,,0.2,,0.8,6857000.0,30487000.0,,9428000.0,,,,,,,9428000.0,,,,,,,,,,,2808000.0,0.69,,0.69,0.217,0.21,,,,0.013,,0.002,-0.02,0.032,,0.008,,15765000.0,,,,,,25472000.0,,,,,138691000.0,80035000.0,23000000.0,,17192000.0,20590000.0,20760000.0,20807000.0,182384000.0,,,-261000.0,,,,,364598000.0,,511824000.0,0.0,,44955000.0,,9759000.0,,,12166000.0,,-12750000.0,34390000.0,15984000.0,,,540000.0,,,,394525000.0,27000.0,,21000.0,30050000.0,28625000.0,,-30029000.0,,32636000.0,,1028000.0,91440000.0,87164000.0,,3248000.0,,25126000.0,115757000.0,32249000.0,17929000.0,15025000.0,15987000.0,16990000.0,17577000.0,,18674000.0,5300000.0,894650000.0,1460610000.0,135861000.0,,,,625655000.0,,,,,,0.0,0.0,60000000.0,0.0,0.0,,625655000.0,,,-6081000.0,,186060000.0,,-253913000.0,,63679000.0,,32878000.0,2318000.0,41410000.0,,772000.0,,,,,,2.0,2.0,,,100456000.0,15254000.0,25100000.0,97083000.0,13180000.0,83903000.0,13750000.0,91162000.0,,,,,,,,0.055,,3261000.0,28985000.0,3301000.0,,,,5817000.0,24455000.0,,,4286000.0,,,,,-1531000.0,1531000.0,,,,,11742000.0,,10675000.0,,1648000.0,,220676000.0,,33424000.0,0.01,10000000.0,0.0,,,8727000.0,9400000.0,,,,,,638300000.0,,187000.0,,138000.0,463000.0,13504000.0,4150000.0,11783000.0,20844000.0,-1440000.0,23637000.0,3000000.0,35196000.0,339708000.0,185266000.0,3834000.0,18638000.0,,36863000.0,56600000.0,,,425000000.0,,,,,,106398000.0,1465905000.0,65678000.0,,303043000.0,,,,,,,,,,,,0.0,,,,,,,,0.0,,,,2.04,,,,,,,529097000.0,,529097000.0,67797.0,6108000.0,463000.0,,,,138000.0,,,,,,,,,,,18289000.0,1648000.0,,0.0,,60058000.0,59518000.0,3954000.0,2921000.0,19300000.0,1048000.0,0.012,18638000.0,9872000.0
