end,filed,form,Name,Ticker,CIK,Currency,AccountsAndOtherReceivablesNetCurrent,AccountsPayableCurrent,AccountsPayableOtherCurrent,AccountsPayableOtherCurrentAndNoncurrent,AccountsReceivableNetCurrent,AccountsReceivableRelatedPartiesCurrent,AccruedLiabilitiesCurrent,AccruedLiabilitiesCurrentAndNoncurrent,AccruedPayrollTaxesCurrent,AccruedRentCurrent,AccumulatedDepreciationDepletionAndAmortizationPropertyPlantAndEquipment,AccumulatedOtherComprehensiveIncomeLossNetOfTax,AdditionalPaidInCapital,AdjustmentForAmortization,AdjustmentsToAdditionalPaidInCapitalConvertibleDebtWithConversionFeature,AdjustmentsToAdditionalPaidInCapitalOther,AdjustmentsToAdditionalPaidInCapitalStockIssuedIssuanceCosts,AdjustmentsToAdditionalPaidInCapitalWarrantIssued,AdjustmentsToReconcileNetIncomeLossToCashProvidedByUsedInOperatingActivities,AdvertisingExpense,AllocatedShareBasedCompensationExpense,AllowanceForDoubtfulAccountsReceivableWriteOffs,AllowanceForLoanAndLeaseLossesWriteOffs,AllowanceForLoanAndLeaseLossesWriteoffsNet,AllowanceForLoanAndLeaseLossRecoveryOfBadDebts,AmortizationOfDebtDiscountPremium,AmortizationOfFinancingCosts,AmortizationOfIntangibleAssets,Assets,AssetsCurrent,AssetsNoncurrent,AssetsOfDisposalGroupIncludingDiscontinuedOperation,AssetsOfDisposalGroupIncludingDiscontinuedOperationCurrent,BrokerageCommissionsRevenue,BusinessAcquisitionPercentageOfVotingInterestsAcquired,BusinessAcquisitionsProFormaNetIncomeLoss,BusinessAcquisitionsProFormaRevenue,BusinessCombinationAcquisitionRelatedCosts,BusinessCombinationRecognizedIdentifiableAssetsAcquiredAndLiabilitiesAssumedCashAndEquivalents,BusinessCombinationRecognizedIdentifiableAssetsAcquiredAndLiabilitiesAssumedCurrentAssetsOther,BusinessCombinationRecognizedIdentifiableAssetsAcquiredAndLiabilitiesAssumedCurrentAssetsPrepaidExpenseAndOtherAssets,BusinessCombinationRecognizedIdentifiableAssetsAcquiredAndLiabilitiesAssumedCurrentLiabilitiesOther,BusinessCombinationRecognizedIdentifiableAssetsAcquiredAndLiabilitiesAssumedIntangibles,BusinessCombinationRecognizedIdentifiableAssetsAcquiredAndLiabilitiesAssumedInventory,BusinessCombinationRecognizedIdentifiableAssetsAcquiredGoodwillAndLiabilitiesAssumedNet,CapitalizedComputerSoftwareNet,CapitalLeasesFutureMinimumPaymentsDue,CapitalLeasesFutureMinimumPaymentsDueCurrent,CapitalLeasesFutureMinimumPaymentsDueInFourYears,CapitalLeasesFutureMinimumPaymentsDueInThreeYears,CapitalLeasesFutureMinimumPaymentsDueInTwoYears,CapitalLeasesFutureMinimumPaymentsReceivable,CapitalLeasesFutureMinimumPaymentsReceivableCurrent,CapitalLeasesFutureMinimumPaymentsReceivableInThreeYears,CapitalLeasesFutureMinimumPaymentsReceivableInTwoYears,CapitalLeasesNetInvestmentInDirectFinancingLeases,CapitalLeasesNetInvestmentInDirectFinancingLeasesAllowanceForUncollectibleMinimumLeasePayments,CapitalLeasesNetInvestmentInDirectFinancingLeasesMinimumPaymentsToBeReceived,Cash,CashAcquiredFromAcquisition,CashAndCashEquivalentsAtCarryingValue,CashAndCashEquivalentsPeriodIncreaseDecrease,CashCashEquivalentsRestrictedCashAndRestrictedCashEquivalentsPeriodIncreaseDecreaseIncludingExchangeRateEffect,CashFDICInsuredAmount,CashProvidedByUsedInFinancingActivitiesDiscontinuedOperations,CashProvidedByUsedInInvestingActivitiesDiscontinuedOperations,CashProvidedByUsedInOperatingActivitiesDiscontinuedOperations,CashUninsuredAmount,ClassOfWarrantOrRightExercisePriceOfWarrantsOrRights,ClassOfWarrantOrRightExercisePriceOfWarrantsOrRights1,ClassOfWarrantOrRightNumberOfSecuritiesCalledByEachWarrantOrRight,ClassOfWarrantOrRightNumberOfSecuritiesCalledByWarrantsOrRights,ClassOfWarrantOrRightOutstanding,CommonStockDividendsShares,CommonStockNoParValue,CommonStockParOrStatedValuePerShare,CommonStockShareSubscribedButUnissuedSubscriptionsReceivable,CommonStockSharesAuthorized,CommonStockSharesIssued,CommonStockSharesOutstanding,CommonStockSharesSubscribedButUnissued,CommonStockSharesSubscriptions,CommonStockValue,ComprehensiveIncomeNetOfTax,ComprehensiveIncomeNetOfTaxAttributableToNoncontrollingInterest,ComprehensiveIncomeNetOfTaxIncludingPortionAttributableToNoncontrollingInterest,ConcentrationRiskPercentage1,ConversionOfStockAmountIssued1,ConversionOfStockSharesIssued1,ConvertibleDebt,ConvertibleNotesPayable,ConvertibleNotesPayableCurrent,CostOfGoodsAndServicesSold,CostOfRevenue,CumulativeEffectAdjustmentGrossLosses,CurrentIncomeTaxExpenseBenefit,CustomerAdvancesCurrent,DebtAndEquitySecuritiesRealizedGainLossExcludingOtherThanTemporaryImpairment,DebtConversionOriginalDebtAmount1,DebtConversionOriginalDebtInterestRateOfDebt,DebtInstrumentConvertibleBeneficialConversionFeature,DebtInstrumentConvertibleConversionPrice1,DebtInstrumentFaceAmount,DebtInstrumentInterestRateEffectivePercentage,DebtInstrumentInterestRateStatedPercentage,DebtInstrumentRedemptionPricePercentageOfPrincipalAmountRedeemed,DebtSecurities,DeferredIncomeTaxExpenseBenefit,DeferredIncomeTaxesAndTaxCredits,DeferredIncomeTaxLiabilities,DeferredIncomeTaxLiabilitiesNet,DeferredRentAssetNetCurrent,DeferredTaxAssetsGross,DeferredTaxAssetsLiabilitiesNet,DeferredTaxAssetsLiabilitiesNetNoncurrent,DeferredTaxAssetsOperatingLossCarryforwards,DeferredTaxAssetsOperatingLossCarryforwardsDomestic,DeferredTaxAssetsOperatingLossCarryforwardsForeign,DeferredTaxAssetsOperatingLossCarryforwardsStateAndLocal,DeferredTaxAssetsOtherTaxCarryforwards,DeferredTaxAssetsValuationAllowance,DeferredTaxLiabilities,DepositLiabilitiesAccruedInterest,Deposits,DepositsWithOtherFederalHomeLoanBanks,Depreciation,DepreciationDepletionAndAmortization,DerivativeFixedInterestRate,DerivativeInstrumentsNotDesignatedAsHedgingInstrumentsGain,DirectOperatingCosts,DiscontinuedOperationEquityMethodInvestmentRetainedAfterDisposalOwnershipInterestPriorToDisposal,DiscontinuedOperationGainLossOnDisposalOfDiscontinuedOperationNetOfTax,DiscontinuedOperationIncomeLossFromDiscontinuedOperationBeforeIncomeTax,DiscontinuedOperationIncomeLossFromDiscontinuedOperationNetOfTaxPerBasicAndDilutedShare,DisposalGroupIncludingDiscontinuedOperationAccountsNotesAndLoansReceivableNet,DisposalGroupIncludingDiscontinuedOperationAccountsPayable,DisposalGroupIncludingDiscontinuedOperationAccruedIncomeTaxPayable,DisposalGroupIncludingDiscontinuedOperationAssetsNoncurrent,DisposalGroupIncludingDiscontinuedOperationCashAndCashEquivalents,DisposalGroupIncludingDiscontinuedOperationCostsOfGoodsSold,DisposalGroupIncludingDiscontinuedOperationGrossProfitLoss,DisposalGroupIncludingDiscontinuedOperationInterestExpense,DisposalGroupIncludingDiscontinuedOperationInterestIncome,DisposalGroupIncludingDiscontinuedOperationOperatingExpense,DisposalGroupIncludingDiscontinuedOperationOtherAssets,DisposalGroupIncludingDiscontinuedOperationOtherExpense,DisposalGroupIncludingDiscontinuedOperationOtherLiabilities,DisposalGroupIncludingDiscontinuedOperationRevenue,DisposalGroupNotDiscontinuedOperationGainLossOnDisposal,DistributionMadeToLimitedPartnerCashDistributionsPaid,DividendsCommonStockCash,DueFromAffiliateCurrent,DueFromOfficersOrStockholdersCurrent,DueFromOtherRelatedPartiesCurrent,DueFromRelatedParties,DueFromRelatedPartiesCurrent,DueFromRelatedPartiesNoncurrent,DueToEmployeesCurrent,DueToOtherRelatedPartiesCurrentAndNoncurrent,DueToRelatedPartiesCurrent,DueToRelatedPartiesCurrentAndNoncurrent,DueToRelatedPartiesNoncurrent,EarningsPerShareBasic,EarningsPerShareBasicAndDiluted,EarningsPerShareDiluted,EffectiveIncomeTaxRateContinuingOperations,EffectiveIncomeTaxRateReconciliationAtFederalStatutoryIncomeTaxRate,EffectiveIncomeTaxRateReconciliationChangeInDeferredTaxAssetsValuationAllowance,EffectiveIncomeTaxRateReconciliationChangeInEnactedTaxRate,EffectiveIncomeTaxRateReconciliationDeductions,EffectiveIncomeTaxRateReconciliationForeignIncomeTaxRateDifferential,EffectiveIncomeTaxRateReconciliationNondeductibleExpense,EffectiveIncomeTaxRateReconciliationOtherAdjustments,EffectiveIncomeTaxRateReconciliationOtherReconcilingItemsPercent,EffectiveIncomeTaxRateReconciliationShareBasedCompensationExcessTaxBenefitPercent,EffectiveIncomeTaxRateReconciliationTaxContingenciesOther,EffectOfExchangeRateOnCash,EffectOfExchangeRateOnCashAndCashEquivalents,EquityMethodInvestmentAggregateCost,EquityMethodInvestmentOtherThanTemporaryImpairment,EquityMethodInvestmentOwnershipPercentage,EquityMethodInvestmentRealizedGainLossOnDisposal,EquityMethodInvestments,EscrowDeposit,ExpenseRelatedToDistributionOrServicingAndUnderwritingFees,FairValueAdjustmentOfWarrants,FairValueConcentrationOfRiskGuarantees,FeesAndCommissions,FinanceLeaseInterestExpense,FinanceLeaseLiability,FinanceLeaseLiabilityCurrent,FinanceLeaseLiabilityNoncurrent,FinanceLeaseRightOfUseAsset,FinancialInstrumentSubjectToMandatoryRedemptionParValuePerShare,FinancingReceivableAllowanceForCreditLossesCollectivelyEvaluatedForImpairment,FinancingReceivableAllowanceForCreditLossesIndividuallyEvaluatedForImpairment1,FinancingReceivableRecordedInvestment90DaysPastDueAndStillAccruing,FinancingReceivableRecordedInvestmentEqualToGreaterThan90DaysPastDue,FinancingReceivableRecordedInvestmentPastDue,FiniteLivedCustomerRelationshipsGross,FiniteLivedIntangibleAssetsAccumulatedAmortization,FiniteLivedIntangibleAssetsAmortizationExpenseNextRollingTwelveMonths,FiniteLivedIntangibleAssetsAmortizationExpenseRollingAfterYearFive,FiniteLivedIntangibleAssetsAmortizationExpenseRollingYearFive,FiniteLivedIntangibleAssetsAmortizationExpenseRollingYearFour,FiniteLivedIntangibleAssetsAmortizationExpenseRollingYearThree,FiniteLivedIntangibleAssetsAmortizationExpenseRollingYearTwo,FiniteLivedIntangibleAssetsGross,FiniteLivedIntangibleAssetsNet,FloorBrokerageExchangeAndClearanceFees,ForeignCurrencyExchangeRateTranslation1,ForeignCurrencyTransactionGainLossBeforeTax,FurnitureAndFixturesGross,GainLossOnDerivativeInstrumentsHeldForTradingPurposesNet,GainLossOnDerivativeInstrumentsNetPretax,GainLossOnDispositionOfAssets1,GainLossOnSaleOfPropertyPlantEquipment,GainLossRecognizedOnAssetsTransferredToSeparateAccount,GainLossRecognizedOnAssetsTransferredToSeparateAccount,GainLossRelatedToLitigationSettlement,GeneralInsuranceExpense,Goodwill,GrossProfit,GuaranteeObligationsCurrentCarryingValue,IncomeLossFromContinuingOperations,IncomeLossFromContinuingOperationsBeforeIncomeTaxesExtraordinaryItemsNoncontrollingInterest,IncomeLossFromContinuingOperationsBeforeIncomeTaxesMinorityInterestAndIncomeLossFromEquityMethodInvestments,IncomeLossFromContinuingOperationsIncludingPortionAttributableToNoncontrollingInterest,IncomeLossFromContinuingOperationsPerBasicAndDilutedShare,IncomeLossFromContinuingOperationsPerBasicShare,IncomeLossFromDiscontinuedOperationsNetOfTax,IncomeLossFromDiscontinuedOperationsNetOfTaxAttributableToNoncontrollingInterest,IncomeLossFromDiscontinuedOperationsNetOfTaxAttributableToReportingEntity,IncomeLossFromDiscontinuedOperationsNetOfTaxPerBasicAndDilutedShare,IncomeLossFromEquityMethodInvestments,IncomeTaxExpenseBenefit,IncomeTaxExpenseBenefitIntraperiodTaxAllocation,IncomeTaxesPaid,IncomeTaxesPaidNet,IncomeTaxReceivable,IncomeTaxReconciliationChangeInEnactedTaxRate,IncreaseDecreaseInAccountsAndOtherReceivables,IncreaseDecreaseInAccountsPayableAndAccruedLiabilities,IncreaseDecreaseInAccountsPayableRelatedParties,IncreaseDecreaseInAccountsReceivable,IncreaseDecreaseInAccountsReceivableRelatedParties,IncreaseDecreaseInAccruedIncomeTaxesPayable,IncreaseDecreaseInCustomerAdvances,IncreaseDecreaseInDeferredIncomeTaxes,IncreaseDecreaseInDeferredLiabilities,IncreaseDecreaseInDepositOtherAssets,IncreaseDecreaseInDepositsOutstanding,IncreaseDecreaseInDueFromRelatedParties,IncreaseDecreaseInDueToOtherRelatedParties,IncreaseDecreaseInDueToOtherRelatedPartiesCurrent,IncreaseDecreaseInDueToRelatedParties,IncreaseDecreaseInIncomeTaxesReceivable,IncreaseDecreaseInInterestAndDividendsReceivable,IncreaseDecreaseInInventories,IncreaseDecreaseInNotesReceivables,IncreaseDecreaseInOperatingAssets,IncreaseDecreaseInOtherCurrentAssets,IncreaseDecreaseInOtherCurrentLiabilities,IncreaseDecreaseInOtherNoncurrentLiabilities,IncreaseDecreaseInOtherOperatingAssets,IncreaseDecreaseInPrepaidExpensesOther,IncreaseDecreaseInPrepaidTaxes,IncreaseDecreaseInRestrictedCash,IncrementalCommonSharesAttributableToShareBasedPaymentArrangements,IntangibleAssetsNetExcludingGoodwill,InterestAndDebtExpense,InterestAndDividendIncomeOperating,InterestAndFeeIncomeLoansCommercial,InterestAndFeeIncomeLoansConsumer,InterestExpense,InterestExpenseOtherShortTermBorrowings,InterestExpenseRelatedParty,InterestExpenseShortTermBorrowings,InterestIncomeDepositsWithFinancialInstitutions,InterestIncomeExpenseAfterProvisionForLoanLoss,InterestIncomeExpenseNet,InterestIncomeOperating,InterestIncomeOther,InterestIncomeRelatedParty,InterestPaid,InterestPaidNet,InterestReceivable,InterestReceivableAndOtherAssets,InventoryFinishedGoods,InventoryNet,InvestmentIncomeInvestmentExpense,InvestmentInterestRate,Investments,IssuanceOfStockAndWarrantsForServicesOrClaims,LaborAndRelatedExpense,LeaseAndRentalExpense,LeaseholdImprovementsGross,LeaseIncentivePayableCurrentAndNoncurrent,LeasesReceivableCommercialLeaseFinancing,LegalFees,LesseeOperatingLeaseDiscountRate,Liabilities,LiabilitiesAndStockholdersEquity,LiabilitiesCurrent,LiabilitiesNoncurrent,LiabilitiesOfDisposalGroupIncludingDiscontinuedOperation,LiabilitiesOfDisposalGroupIncludingDiscontinuedOperationCurrent,LiabilitiesOfDisposalGroupIncludingDiscontinuedOperationNoncurrent,LitigationSettlementAmount,LitigationSettlementAmount,LitigationSettlementAmountAwardedToOtherParty,LitigationSettlementExpense,LoansAndLeasesReceivableAllowance,LoansAndLeasesReceivableGrossCarryingAmount,LoansAndLeasesReceivableImpairedNonperformingNonaccrualOfInterest,LoansAndLeasesReceivableNetReportedAmount,LoansAndLeasesReceivableRelatedParties,LoansPayable,LoansPayableCurrent,LoansReceivableNet,LongDurationContractsAssumptionsByProductAndGuaranteeVolatilityRate,LossContingencyDamagesAwardedValue,LossContingencyDamagesSoughtValue,LossContingencyPendingClaimsNumber,LossContingencyPendingClaimsNumber,MachineryAndEquipmentGross,MarketableSecurities,MarketableSecuritiesGainLoss,MarketableSecuritiesNoncurrent,MarketingExpense,MinimumLeasePaymentsSaleLeasebackTransactions,MinorityInterest,NetCashProvidedByUsedInFinancingActivities,NetCashProvidedByUsedInFinancingActivitiesContinuingOperations,NetCashProvidedByUsedInInvestingActivities,NetCashProvidedByUsedInInvestingActivitiesContinuingOperations,NetCashProvidedByUsedInOperatingActivities,NetCashProvidedByUsedInOperatingActivitiesContinuingOperations,NetIncomeLoss,NetIncomeLossAttributableToNoncontrollingInterest,NetIncomeLossAvailableToCommonStockholdersBasic,NetInvestmentInDirectFinancingAndSalesTypeLeases,NoninterestExpense,NoninterestExpenseOfferingCost,NoninterestIncome,NoninterestIncomeOtherOperatingIncome,NotesAndLoansReceivableNetCurrent,NumberOfOperatingSegments,NumberOfReportableSegments,OperatingCostsAndExpenses,OperatingExpenses,OperatingIncomeLoss,OperatingLeaseCost,OperatingLeaseExpense,OperatingLeaseImpairmentLoss,OperatingLeaseLeaseIncome,OperatingLeaseLiability,OperatingLeasePayments,OperatingLeaseRightOfUseAsset,OperatingLeasesFutureMinimumPaymentsDue,OperatingLeasesFutureMinimumPaymentsDueCurrent,OperatingLeasesFutureMinimumPaymentsDueInFiveYears,OperatingLeasesFutureMinimumPaymentsDueInFourYears,OperatingLeasesFutureMinimumPaymentsDueInThreeYears,OperatingLeasesFutureMinimumPaymentsDueInTwoYears,OperatingLeasesFutureMinimumPaymentsDueThereafter,OperatingLeasesFutureMinimumPaymentsRemainderOfFiscalYear,OperatingLeasesIncomeStatementDepreciationExpenseOnPropertySubjectToOrHeldForLease,OperatingLeasesIncomeStatementLeaseRevenue,OperatingLossCarryforwards,OperatingLossCarryforwardsValuationAllowance,OtherAccruedLiabilitiesCurrentAndNoncurrent,OtherAdjustmentsToIncomeDiscontinuedOperations,OtherAssetImpairmentCharges,OtherAssets,OtherAssetsCurrent,OtherComprehensiveIncomeForeignCurrencyTransactionAndTranslationAdjustmentNetOfTaxPortionAttributableToParent,OtherComprehensiveIncomeForeignCurrencyTranslationAdjustmentTaxPortionAttributableToNoncontrollingInterest,OtherComprehensiveIncomeForeignCurrencyTranslationAdjustmentTaxPortionAttributableToParent,OtherComprehensiveIncomeLossForeignCurrencyTransactionAndTranslationAdjustmentNetOfTax,OtherComprehensiveIncomeLossNetOfTax,OtherComprehensiveIncomeLossNetOfTaxPortionAttributableToParent,OtherComprehensiveIncomeLossTaxPortionAttributableToNoncontrollingInterest,OtherCostAndExpenseOperating,OtherDepreciationAndAmortization,OtherExpenses,OtherIncome,OtherInvestments,OtherLiabilitiesCurrent,OtherLiabilitiesNoncurrent,OtherNoninterestExpense,OtherNonoperatingExpense,OtherNonoperatingIncomeExpense,OtherNotesPayableCurrent,OtherOperatingIncomeExpenseNet,OtherPrepaidExpenseCurrent,OtherReceivables,OtherShortTermBorrowings,PaidInKindInterest,PaymentsForLegalSettlements,PaymentsForProceedsFromDepositOnLoan,PaymentsForProceedsFromLoansReceivable,PaymentsForProceedsFromOtherInvestingActivities,PaymentsForRepurchaseOfPrivatePlacement,PaymentsOfDividends,PaymentsOfStockIssuanceCosts,PaymentsToAcquireAdditionalInterestInSubsidiaries,PaymentsToAcquireBusinessesGross,PaymentsToAcquireBusinessesGross,PaymentsToAcquireBusinessesNetOfCashAcquired,PaymentsToAcquireEquipmentOnLease,PaymentsToAcquireFurnitureAndFixtures,PaymentsToAcquireIntangibleAssets,PaymentsToAcquireInvestments,PaymentsToAcquireMarketableSecurities,PaymentsToAcquireOtherInvestments,PaymentsToAcquireOtherPropertyPlantAndEquipment,PaymentsToAcquirePropertyPlantAndEquipment,PaymentsToFundLongtermLoansToRelatedParties,PensionAndOtherPostretirementBenefitContributions,PreferredStockSharesAuthorized,PrepaidExpenseCurrent,PrepaidExpenseCurrentAndNoncurrent,PrepaidTaxes,ProceedsFromBankDebt,ProceedsFromCollectionOfAdvanceToAffiliate,ProceedsFromCollectionOfLongtermLoansToRelatedParties,ProceedsFromContributedCapital,ProceedsFromContributionsFromParent,ProceedsFromConvertibleDebt,ProceedsFromIssuanceInitialPublicOffering,ProceedsFromIssuanceOfCommonStock,ProceedsFromIssuanceOfConvertiblePreferredStock,ProceedsFromIssuanceOfPreferredStockAndPreferenceStock,ProceedsFromIssuanceOfPrivatePlacement,ProceedsFromIssuanceOfWarrants,ProceedsFromIssuanceOrSaleOfEquity,ProceedsFromLeasePayments,ProceedsFromLinesOfCredit,ProceedsFromLoanAndLeaseOriginationsAndPrincipalCollections1,ProceedsFromNotesPayable,ProceedsFromOtherDebt,ProceedsFromPaymentsForLongTermLoansForRelatedParties,ProceedsFromRelatedPartyDebt,ProceedsFromRepaymentsOfRelatedPartyDebt,ProceedsFromSaleOfOtherProductiveAssets,ProceedsFromSaleOfProductiveAssets,ProceedsFromSaleOfPropertyPlantAndEquipment,ProceedsFromSalesOfAssetsInvestingActivities,ProceedsFromShortTermDebt,ProceedsFromWarrantExercises,ProFormaWeightedAverageSharesOutstandingDiluted,ProfessionalFees,ProfitLoss,PropertyPlantAndEquipmentNet,PropertyPlantAndEquipmentSalvageValuePercentage,PropertySubjectToOrAvailableForOperatingLeaseAccumulatedDepreciation,PropertySubjectToOrAvailableForOperatingLeaseGross,PropertySubjectToOrAvailableForOperatingLeaseNet,ProvisionForDoubtfulAccounts,ProvisionForLeaseLosses,ProvisionForLoanAndLeaseLosses,ProvisionForLoanLossesExpensed,ProvisionForLossOnContracts,ReceivablesNetCurrent,RelatedPartyTransactionDueFromToRelatedParty,RelatedPartyTransactionRate,ReorganizationValuePresentValueOfDiscountedCashFlowsOfEmergingEntity,RepaymentOfNotesReceivableFromRelatedParties,RepaymentsOfDebt,RepaymentsOfOtherDebt,RepaymentsOfOtherLongTermDebt,RepaymentsOfRelatedPartyDebt,RepaymentsOfShortTermDebt,RestrictedCashAndCashEquivalents,RestrictedCashAndCashEquivalentsAtCarryingValue,RestrictedCashCurrent,RestrictedStockExpense,RestrictedStockSharesIssuedNetOfSharesForTaxWithholdings,RetainedEarningsAccumulatedDeficit,RetainedEarningsAppropriated,RetainedEarningsUndistributedEarningsFromEquityMethodInvestees,RevenueFromRelatedParties,Revenues,SaleOfStockNumberOfSharesIssuedInTransaction,SaleOfStockPricePerShare,SalesAndExciseTaxPayableCurrent,SecurityDeposit,SellingGeneralAndAdministrativeExpense,SettlementLiabilitiesCurrent,ShareBasedCompensation,ShareBasedCompensationArrangementByShareBasedPaymentAwardFairValueAssumptionsExercisePrice,ShareBasedCompensationArrangementByShareBasedPaymentAwardFairValueAssumptionsExpectedDividendRate,ShareBasedCompensationArrangementByShareBasedPaymentAwardFairValueAssumptionsExpectedVolatilityRate,ShareBasedCompensationArrangementByShareBasedPaymentAwardFairValueAssumptionsRiskFreeInterestRate,ShareBasedCompensationArrangementByShareBasedPaymentAwardNumberOfSharesAvailableForGrant,ShareBasedCompensationArrangementByShareBasedPaymentAwardOptionsGrantsInPeriodGross,ShareBasedCompensationArrangementByShareBasedPaymentAwardOptionsOutstandingIntrinsicValue,ShareBasedCompensationArrangementByShareBasedPaymentAwardOptionsOutstandingNumber,ShareBasedCompensationArrangementByShareBasedPaymentAwardOptionsOutstandingWeightedAverageExercisePrice,ShareBasedCompensationArrangementsByShareBasedPaymentAwardOptionsExercisesInPeriodWeightedAverageExercisePrice,ShareBasedCompensationArrangementsByShareBasedPaymentAwardOptionsGrantsInPeriodWeightedAverageExercisePrice,SharebasedCompensationArrangementBySharebasedPaymentAwardEquityInstrumentsOtherThanOptionsAggregateIntrinsicValueVested,SharePrice,SharesIssued,SharesIssuedPricePerShare,SharesOutstanding,SharesSubjectToMandatoryRedemptionSettlementTermsNumberOfShares,ShortTermBankLoansAndNotesPayable,ShortTermBorrowings,ShortTermInvestments,StatutoryAccountingPracticesStatutoryNetIncomeAmount,StockholdersEquity,StockholdersEquityIncludingPortionAttributableToNoncontrollingInterest,StockholdersEquityNoteStockSplitConversionRatio1,StockholdersEquityOther,StockIssuedDuringPeriodSharesConversionOfConvertibleSecurities,StockIssuedDuringPeriodSharesNewIssues,StockIssuedDuringPeriodSharesOther,StockIssuedDuringPeriodSharesPurchaseOfAssets,StockIssuedDuringPeriodSharesShareBasedCompensation,StockIssuedDuringPeriodSharesStockOptionsExercised,StockIssuedDuringPeriodValueConversionOfConvertibleSecurities,StockIssuedDuringPeriodValueIssuedForServices,StockIssuedDuringPeriodValueNewIssues,StockIssuedDuringPeriodValuePurchaseOfAssets,StockIssuedDuringPeriodValueRestrictedStockAwardGross,StockIssuedDuringPeriodValueShareBasedCompensation,StockIssuedDuringPeriodValueStockOptionsExercised,TangibleAssetImpairmentCharges,TaxesOther,TaxesPayableCurrent,TaxesPayableCurrentAndNoncurrent,TemporaryEquityForeignCurrencyTranslationAdjustments,TreasuryStockShares,VariableInterestEntityActivityBetweenVIEAndEntityIncomeOrLossBeforeTax,VariableInterestEntityActivityBetweenVIEAndEntityOperatingIncomeOrLoss,VariableInterestEntityActivityBetweenVIEAndEntityRevenues,VariableInterestEntityConsolidatedAssetsCurrent,VariableInterestEntityConsolidatedCarryingAmountAssets,VariableInterestEntityConsolidatedCarryingAmountLiabilities,VariableInterestEntityConsolidatedLiabilitiesCurrent,WarrantsAndRightsOutstanding,WeightedAverageNumberDilutedSharesOutstandingAdjustment,WeightedAverageNumberOfDilutedSharesOutstanding,WeightedAverageNumberOfShareOutstandingBasicAndDiluted,WeightedAverageNumberOfSharesOutstandingBasic,AssetRetirementObligation,CashCashEquivalentsRestrictedCashAndRestrictedCashEquivalents,CreditRiskDerivativeAssetsAtFairValue,DebtAndCapitalLeaseObligations,DebtInstrumentConvertibleCarryingAmountOfTheEquityComponent,DebtInstrumentUnamortizedDiscount,DeferredTaxAssetsGoodwillAndIntangibleAssets,DisposalGroupIncludingDiscontinuedOperationConsideration,GoodwillGross,InvestmentIncomeInterest,LeaseIncome,LesseeOperatingLeaseLiabilityPaymentsDueYearThree,LesseeOperatingLeaseLiabilityPaymentsDueYearTwo,LoansPayableToBankCurrent,NetIncomeLossAvailableToCommonStockholdersDiluted,OperatingLeaseLiabilityCurrent,OperatingLeaseLiabilityNoncurrent,OperatingLeaseRightOfUseAssetAmortizationExpense,OperatingLeaseWeightedAverageDiscountRatePercent,OtherComprehensiveIncomeDefinedBenefitPlansAdjustmentNetOfTaxPortionAttributableToParent,OtherLiabilities,ProceedsFromIssuanceOfDebt,PropertyPlantAndEquipmentGross,RelatedPartyTransactionOtherRevenuesFromTransactionsWithRelatedParty,RestructuringReserveTranslationAdjustment,SalesAndExciseTaxPayableCurrentAndNoncurrent
2013-06-30,2013-08-27,10-Q,"TD HOLDINGS, INC.",GLG,CIK0001556266,USD,,,22121.0,,,,104960.0,,279725.0,,259910.0,5641439.0,44249878.0,,,,,,,41892.0,,,,,,,,,108290102.0,,,,,,,,,,,,,,,,,,,,,,,,,,,,,,,,4441194.0,,,,,,,,,,,,,,,0.001,,100000000.0,9000000.0,9000000.0,,,9000.0,3020528.0,,,,,,,,,,,,355020.0,,,,,,,,,,,,-51.0,,,,,,,,,,,,,,313535.0,,12634169.0,,28785.0,28785.0,,,,,,,,,,,,,,,,,,,,,,,,,,,,,,,,,,,,0.22,0.22,0.22,,,,,,,,,,,,,,,,,,,,,,,466397.0,,,,,,,1725226.0,,87684970.0,3143043.0,4032910.0,,,,,,,,,,,,,,22944.0,,,,,,,,,,,,,,2318792.0,,,,,,,,,354969.0,,,,346213.0,,,,,,,,,,,,,,,,,,,,,,,,,,,,,,,,3296353.0,3275026.0,,,316697.0,,316697.0,21327.0,2626784.0,2979656.0,,,,,,702342.0,,,,,,,,146931.0,,122947.0,,,49033.0,,36066785.0,108290102.0,686829.0,,,,,,,,,1725226.0,91717880.0,3143043.0,,,,,89992654.0,,,,,,179400.0,,,,41892.0,,,,,,,,,1963823.0,,,,774389.0,,,,,,,,,,,,,,,,,130160.0,,,,,,,130160.0,,,,,748734.0,,,460560.0,,,,,1056705.0,,,,419506.0,28785.0,42393.0,,,686829.0,,,,,,,,333980.0,,,,,,,,,,,,,,,,,,,,,,,,10000000.0,,,,,,,,,,,,,,,,,,,,,,,,,,,,,,,,81395.0,,306894.0,,,,,,,352872.0,352872.0,,,,,,,,,,,,12000000.0,12040245.0,,,,17536917.0,,,,3093181.0,,,187171.0,,,,,,,,,,,,,,,,,,,,,,21033216.0,,,,72223317.0,,,,,,,,,,,,,,,,,,,,,,,2060629.0,,3658220.0,,106789837.0,34473933.0,,,,9000000.0,9000000.0,,,,,,,,,,,,,,,,,,,,,,,,,,,
2013-09-30,2013-11-14,10-Q,"TD HOLDINGS, INC.",GLG,CIK0001556266,USD,,,22253.0,,,,159069.0,,68874.0,,290218.0,6093976.0,52782321.0,,,,,,,,,,,,-338319.0,,,,111640576.0,,,,,,,,,,,,,,,,,,,,,,,,,,,,,,,,6972155.0,,,,,,,,,,,,,,,0.001,,100000000.0,10415657.0,10415657.0,,,10431.0,2813806.0,,,,,,,,,,,,379506.0,,,,,,,,,,,,,,,,,,,,,,,,,,323549.0,,11323937.0,,28647.0,28647.0,,,,,,,,,,,,,,,,,,,,,,,,,,,,,,,,,,,,0.17,0.17,0.17,,,,,,,,,,,,,,,,,,,,,,,455645.0,,,,,,,1386907.0,,86157113.0,2060260.0,4355219.0,,,,,,,,,,,,,,23081.0,,,,,,,,,,,,,,2748830.0,,,,,,,,,-387561.0,,,,1012954.0,,,,,,,,,,,,,,,,,,,,,,,,,,,,,,,,2986344.0,2969422.0,,,274489.0,,274489.0,16922.0,3052820.0,2711855.0,,,,,,866502.0,,,,,,,,167078.0,,180475.0,,,107686.0,,28822081.0,111640576.0,402527.0,,,,,,,,,1386907.0,90512332.0,2060260.0,,,,,89125425.0,,,,,,123683.0,,,,7909.0,,,,,,,,,2361269.0,,1608769.0,,916432.0,,156797.0,99337.0,,,,,,,,,,,,,,1309395.0,,261879.0,261879.0,261879.0,261879.0,261879.0,,,,,,699556.0,,,707369.0,,,,,452537.0,,,,580233.0,28647.0,139684.0,,,402527.0,,,,,,,,84300.0,,,,,,,,,,,,,,,,,,,,,,,,10000000.0,,,,,,,,,,,,,,,,,,,,,,,,,,,,,,,,57411.0,,279981.0,,,,,,,,-340965.0,,,,,,,,,,,,12700000.0,12676190.0,,,,18785001.0,,,,3508465.0,,,152331.0,,,,,,,,,,,,,,,,,,,,,,15462491.0,,,,82818495.0,,,,,,,,,,,,,,,,,,,,,,,2404572.0,,3385431.0,,105176703.0,30010251.0,,,348462.0,9692533.0,9692533.0,,,,,,,,,,,,,,,,,,,,,,,,,,,
2013-12-31,2014-03-31,10-K,"TD HOLDINGS, INC.",GLG,CIK0001556266,USD,,,11943.0,,,,,,459623.0,,320062.0,6493591.0,52704107.0,,,,,,,,,,,,-565493.0,,,,113003448.0,,,,,,,,,,,,,,,,,,,,,,,,,,,,,,,,9405865.0,7817804.0,,,,,,9405865.0,,,,,,,,0.001,,100000000.0,10430657.0,10430657.0,,,10431.0,9985188.0,,,0.1,,,,,,,,,1360245.0,,,,,,,,,,,,20027.0,,,,,,,,,,,,,,333617.0,,9659362.0,,112201.0,112201.0,,,,,,,,,,,,,,,,,,,,,,,,,,,,,,,,,,,,0.808,0.808,0.808,0.1519,0.25,,,,0.01,0.0004,0.01,,,,,92442.0,,,,,,,,,,1723738.0,,,,,,,1375948.0,,85035503.0,2815358.0,5167910.0,,,,,,,,,,,,,,23201.0,,,,,,,,59188.0,,,,,,9085242.0,,,,,,,,,1380272.0,,,2191329.0,820526.0,225445.0,,,,,,,,,,,,,,,,830477.0,187665.0,,,,,-92930.0,,-23421.0,,,,,,,12444623.0,12223803.0,,,1143217.0,,1143217.0,220820.0,10817337.0,11301406.0,,,,1262495.0,,1124734.0,,,,,,,,1047589.0,,181410.0,,,354045.0,,28053542.0,113003448.0,629073.0,,,,,,,,,1375948.0,90203413.0,2815358.0,,,,,88827465.0,,,,,25.0,126026.0,,,,91532.0,,,2810819.0,,-1691001.0,,6605544.0,,7704970.0,,6952470.0,,3624714.0,-1578749.0,168881.0,25830.0,,,,,,,,,,,,,,1250376.0,263237.0,197428.0,263237.0,263237.0,263237.0,,,,,,,588740.0,,,702617.0,,,,,2280218.0,,,,1818302.0,,283468.0,,,629073.0,,,,,,,283800.0,156622.0,,,,,223564971.0,,,,-1578749.0,,,,,,,,,,,,75927.0,,,,,181641.0,,,,,,,,8905000.0,-1578749.0,,,,,,,,,,,,,,,,,,16307898.0,,,200015.0,,254795.0,,,,,,,1083628.0,484069.0,,,,,,,,,,,21175622.0,10800000.0,10784960.0,,,,20300689.0,,,,12541075.0,,,157507.0,,,,,,,,,,,,,,,,,,,,10430657.0,,16360721.0,,,,84949906.0,,0.7812,,,,,,,,,,,,,,,,,,,2280218.0,,8066575.0,,13843973.0,,105477241.0,28053542.0,,,348462.0,9535161.0,9535161.0,,,,,,,,,,,,,,,,,,,,,,,,,,,
2014-03-31,2014-05-16,10-Q,"TD HOLDINGS, INC.",GLG,CIK0001556266,USD,,,10933.0,,,,,,49255.0,,345158.0,5677523.0,52823462.0,0.0,,,,,,,,,,,,,,,110110115.0,,,,,,,,,,,,,,,,,,,,,,,,,,,,,,,,5197772.0,-4208093.0,,,,,,,,,,,,,,0.001,,100000000.0,10446426.0,10446426.0,,,10446.0,286006.0,,,,,,,,,,,,184725.0,,,,,,,,,,,,,,,,,,,,,,,,,,330856.0,,6893294.0,,27951.0,27951.0,,,,,,,,,,,,,,,,,,,,,,,,,,,,,1143886.0,,,,,,,0.105,0.105,0.105,0.1689,0.25,,0.125,,,,,,,,,-151139.0,,,,,,,,,,-11543.0,,,,,,,1948400.0,,81081698.0,4879645.0,8217081.0,,,,,,,,,,,,,,23009.0,,,,,,,,70875.0,,,,,,1278358.0,,,,,,,,,184725.0,,,445955.0,1072339.0,,,,,,,,,,,,,,,,,260526.0,595922.0,,,,,-342846.0,,-151465.0,,,,,,,2898922.0,2856474.0,,,245190.0,,245190.0,42448.0,2065552.0,2653732.0,,,,211272.0,,1706950.0,,,,,,,,186135.0,,179908.0,,,136121.0,,24754833.0,110110115.0,205512.0,,,,,,,,,1948400.0,89298779.0,4879645.0,,,,,87350379.0,,,,,12.0,124983.0,,,,7111.0,,,-1230249.0,,-3526847.0,,700142.0,,1093633.0,,,,896611.0,,120960.0,120960.0,,,,,,,,,,,,,,1174766.0,261059.0,130530.0,261059.0,261059.0,261059.0,,,,,,,891434.0,,,763801.0,,,,,-807627.0,,,,532114.0,,41934.0,,,205512.0,,,,,,,272180.0,235109.0,,,,5400000.0,15227945.0,,,,-11571.0,,,,,,,,,,,,14139.0,,,,,119293.0,,,,,,11571.0,,,-91000.0,,,,,,,,,,,,,,,,,,,,,119472.0,,224941.0,,,,,,,572452.0,588180.0,,,,,,,,,,,,7200000.0,7202559.0,,,,21208021.0,,,,2054009.0,,,145324.0,,,,,,,,,,,,,,,,,,,,,,16225337.0,,,,85355282.0,,,,,,,,,,,,,,,,,,,,,,,1238036.0,,3192952.0,,108129225.0,-24754833.0,,,348462.0,10434862.0,10434862.0,,,,,,,,,,,,,,,,,,,,,,,,,,,
2014-06-30,2015-02-17,10-Q,"TD HOLDINGS, INC.",GLG,CIK0001556266,USD,,,11857.0,,,,,,15380.0,,373517.0,5822823.0,59394175.0,0.0,,,,,,,,,-1515243.0,,,,,,101167727.0,,,,,,,,,,,,,,,,,,,,,,,,,,,,,,,,7399767.0,,,,,,,,,,,,,,,0.001,,100000000.0,12246812.0,12246812.0,,,12247.0,-17055523.0,,,,,,,,,,,,,,,,,,,,,,,,,,,,,,,,,,,,,,342281.0,,5183843.0,,27939.0,27939.0,,,,,,,,,,,,,,,,,,,,,,,,,,,,1137010.0,8122.0,,,,,,,-1.519,-1.519,-1.519,0.0027,,,,,,,,,,,,,,,,,,,,,32486.0,-3237456.0,,,,,,,15161985.0,,70995533.0,5136703.0,18752781.0,,,,,,,,,,,,,,23034.0,,,,,,,,70875.0,,,,,,-17366015.0,,,,,,,,,-173633.0,,,,1741858.0,,,,,,,,,,,,,,,,,,,,,,,,,,,,,,,,1682652.0,1673559.0,,,247935.0,,247935.0,9093.0,-13324680.0,1434717.0,,,,,,1455685.0,,,,,,,,222268.0,,180106.0,,,358492.0,,26295454.0,101167727.0,142441.0,,,,,,,,,15161985.0,89748314.0,18752781.0,,,,,74586329.0,,,,,36.0,125119.0,,,,,,,,,,,,,-17192382.0,,,,933656.0,,129777.0,48369.0,,,,,,,,,,,,,,1045372.0,196007.0,,326679.0,261343.0,261343.0,,,,,,,4213237.0,,,1616498.0,,,,,136859.0,,,,600380.0,,14411.0,,,142441.0,,,,,,,149546.0,448682.0,,,,,,,,0.0,,,,,,,,,,,,,,,20580.0,,,58511.0,,,,,,,,,,,,,,,,,,,,,,,,,,,,,,13808.0,,197204.0,,,,,,,14728828.0,14759397.0,,194916.0,,,,,,,,,,4000000.0,3988679.0,,,,4201940.0,,,,-16562136.0,,,115204.0,,,,,,,,,,,,,,,,,,,,,,16242995.0,,,,74872273.0,,,,,,,,,,,,,,,,,,,,,,,16791587.0,,1770784.0,,93039357.0,26321125.0,,,,11315900.0,11315900.0,,,,,,,,,,,,,,,,,,,,,,,,,,,
2014-09-30,2015-03-13,10-Q,"TD HOLDINGS, INC.",GLG,CIK0001556266,USD,,,11861.0,,,,,,25114.0,,401494.0,5822823.0,59434220.0,0.0,,,,,,,,,,,,,,,88237972.0,,,,,,,,,,,,,,,,,,2729622.0,341203.0,,1023608.0,1364811.0,,,,,2388418.0,,2729622.0,,,4132782.0,,,,,,,4132219.0,,,,,,,,0.001,,100000000.0,12246812.0,12246812.0,,,12247.0,-6120335.0,,,,,,,,,,,,,,,,,,,,,,,,,,,,,,,,12179982.0,,,,,,342280.0,,4260622.0,,111684.0,27841.0,,,,,,,,,,,,,,,,,,,,,,,,,,,,,,,,,,,,-0.503,-0.503,-0.503,0.007,,,,,,,,,,,,,,,,,,,,,60848.0,-50683.0,,,,,,,20992454.0,,52295796.0,,34257239.0,,,,,,,,,,,,,,23480.0,,,,,,,,59062.0,,,,,,-6154163.0,,,,,,,,,-113.0,,,,1756207.0,,,,,,,,,,,,,,,,,,,,,,,,,,,,,,,,1465745.0,1457902.0,,,243158.0,,243158.0,7843.0,-4594569.0,1222587.0,,,,,,1397938.0,,,,,,,,206523.0,,180158.0,,,966356.0,,20591452.0,88237972.0,131600.0,,,,,,,,,20992454.0,86553036.0,34257239.0,,,,,65560582.0,,,,,54.0,125156.0,,,,,2730000.0,,,,,,,,-6154050.0,,-6154050.0,2388418.0,1535106.0,,26195.0,26276.0,,,,,,,,,,,,,,1045680.0,261420.0,,261420.0,261420.0,261420.0,,,,,,,4356381.0,,,1007567.0,,,,,33715.0,,,,1190762.0,,86327.0,,,131600.0,,,,,,,72033.0,326638.0,,,,,,,,0.0,,,,,,,,,,,,,,,18028.0,,,,,,,,,,,,,,,,,,,,,,,,,,,,,,,,,,,169833.0,,,,,,,5830469.0,5817156.0,,323249.0,,,,,,,,,,2900000.0,2872073.0,,,,-1952108.0,,,,-4645252.0,,,94625.0,,,,,,,,,,,,,,,,,,,,,,11373422.0,,,,67646520.0,,,,,,,,,,,,,,,,,,,,,,,5627816.0,,1553520.0,,87658899.0,20920155.0,,,,12246812.0,12246812.0,,,,,,,,,,,,,,,,,,,,,,,,,,,
2014-12-31,2015-04-15,10-K,"TD HOLDINGS, INC.",GLG,CIK0001556266,USD,,,11877.0,,,,,,84791.0,,429981.0,5960994.0,59458797.0,9714.0,,,,,,,24585.0,,-1517832.0,,,,,,83089787.0,,,,,14644.0,,,,,,,,,,,,,5613408.0,504393.0,797267.0,1981777.0,2329971.0,5613408.0,2834364.0,797267.0,1981777.0,4104230.0,610153.0,5328663.0,,,4991973.0,-4413892.0,,,,,,4991973.0,,,,,,,,0.001,,100000000.0,12255062.0,12255062.0,,,12255.0,-27823092.0,,,0.1,,,,,,,,,,,,,,,,,,,,,-723403.0,,,,,,2992167.0,705459.0,24652386.0,,,,,,313874.0,,2725363.0,,111684.0,111684.0,,,,,,,,,,,,,,,,,,,,,,,1147088.0,,,,,1147088.0,,,,,,,,2.352,-2.352,2.352,0.0258,0.25,-0.1193,0.125,,0.0,-0.0121,0.0,0.0,,,,-113591.0,,,,,,,,,217947.0,-4401296.0,,,,,,,24490721.0,,36930420.0,,45148709.0,,,,,,,,,,,,,-55223.0,23513.0,,,,,,,,200812.0,,,813577.0,,,-28013898.0,,,,,,,,,-723403.0,,,944277.0,1758693.0,,,,,,,,,,,,,,,,,942726.0,-574974.0,,,,,-200544.0,,-1230928.0,,942726.0,,,14530.0,,7180683.0,7093803.0,2278.0,,900225.0,,900225.0,84602.0,-18971100.0,6280458.0,,,,820110.0,,543603.0,,,,,,610153.0,,932789.0,,180413.0,732184.0,,2291105.0,,20353547.0,83089787.0,196003.0,,,,,,,,,24490721.0,82079129.0,33306861.0,,,,,57588408.0,,,,,75.0,125333.0,,,,7150.0,,,-222095.0,,-6778898.0,,2700692.0,,-27290495.0,,-27286720.0,4104230.0,4862895.0,797784.0,276616.0,146444.0,,,,,,,,,,,,,,981712.0,261790.0,,196342.0,261790.0,261790.0,,,,,,,5546128.0,,,387227.0,,,,,-532597.0,,,,3394688.0,,285293.0,,,196003.0,,,,,,,,34551.0,,,,5400000.0,52355875.0,,,0.0,-8198.0,,,,,,,,,,,,15620.0,,79486.0,,,33767.0,1758693.0,,,1137010.0,8198.0,,,,-797784.0,,,,,,,,166848.0,,,-1137010.0,,,,,,,11390078.0,,,140311.0,,142154.0,,,,,,610183.0,24641375.0,24641375.0,,130166.0,,0.144,,,5328181.0,,,,16271539.0,2000000.0,1983285.0,,24585.0,,-6989806.0,,,,-23372396.0,,,99335.0,,,,,,,,,,,,,,,,,,,,,,11389522.0,,,0.0,62736240.0,,,,,,,,,,,919971.0,,,,,,,,,,-532597.0,,24656161.0,,7688373.0,,77513966.0,19793537.0,,,348462.0,11601558.0,11601558.0,,,,,,,,,,,,,,,,,,,,,,,,,,,
2015-03-31,2015-05-20,10-Q,"TD HOLDINGS, INC.",GLG,CIK0001556266,USD,,,11916.0,,,,,,27011.0,,381456.0,6165703.0,59458797.0,6214.0,,,,,,,,,,,695456.0,,,,79898547.0,,,,,,,,,,,,,,,,,,,,,,,5386876.0,3181521.0,559909.0,1645446.0,3494415.0,1224290.0,5386876.0,,,2439211.0,-2552762.0,,,,,,2439211.0,,,,,,,,0.001,,100000000.0,12255062.0,12255062.0,,,12255.0,-952322.0,,,0.1,,,,,,,,,,,,,,,,,,,,,,,,,,,4052376.0,572596.0,14636.0,,,,,,314898.0,,1908260.0,,27159.0,33373.0,,,,,,,,,,,,,,,,,,,,,,,,,,,,,,,,,,,,-0.094,-0.094,-0.094,-0.2774,0.25,,0.125,,,,,,,,,8393.0,,,,,,,,,212945.0,-229043.0,,,,,,,24784421.0,,42793724.0,,38803763.0,,,,,,,,,,,,,-568.0,23590.0,,,,14585.0,,,,,,,,,,-1022270.0,,,,,,,,,134761.0,,,20889.0,1785386.0,,,,,,,,,-134761.0,,823527.0,823527.0,,,,,20889.0,456359.0,,-81375.0,,,-117463.0,,148164.0,,20889.0,,,8344.0,,1286926.0,1281469.0,,,173166.0,,173166.0,5457.0,290345.0,1113760.0,,,,173166.0,,1003107.0,,,,,,1224290.0,,-144925.0,,181002.0,668171.0,,594552.0,,18118374.0,79898547.0,78787.0,,,,,,,,,24784421.0,81597487.0,31572291.0,,,,,56813066.0,,,,,53.0,127207.0,,,,260.0,,,-1627498.0,,506463.0,,-1440120.0,,-1157031.0,,,3494415.0,1097589.0,,14585.0,14585.0,,,,,,,,,,,,,,919254.0,262644.0,,131322.0,262644.0,262644.0,,,,,19584292.0,3479780.0,5843970.0,,,536891.0,,,,,204709.0,,,,-828330.0,,63613.0,,,78787.0,,,,,,,,31450.0,1627498.0,,,5400000.0,17290541.0,,,0.0,,,,,,,,,,,,,1461.0,,16605.0,,,23815.0,,,,,,,,,,,,,,,,,59862.0,,,,,,,,18635.0,,,,,97778.0,,112782.0,0.05,,,,81619.0,610312.0,989156.0,213103.0,,48972.0,,,,,5631025.0,,,,1627498.0,1200000.0,1226060.0,,,,-8146837.0,,,,61302.0,,,39860.0,,,,,,,,,,,,,,,,,,,,,,9794319.0,,,0.0,61780173.0,,,,,,,,,,,,,,,,,,,,,,,-209990.0,,1292132.0,,74946973.0,17504188.0,,,,12255062.0,12255062.0,,,,,,,,,,,,,,,,,,,,,,,,,,,
2015-06-30,2015-08-14,10-Q,"TD HOLDINGS, INC.",GLG,CIK0001556266,USD,,,11950.0,,,,,,58437.0,65846.0,409924.0,6340049.0,59698864.0,1235.0,,,,,,,,,,,,,,,75514326.0,,,,,,,,,,,,,,,,,,,,,,,5009167.0,3382006.0,320849.0,1306312.0,4318836.0,104955.0,5009167.0,,,693668.0,,,,,,,693668.0,,,,,,,,0.001,,100000000.0,12390062.0,12390062.0,,,12390.0,-2196190.0,,,,,,,,,,,,61507.0,,,,,,,,,,,,456991.0,,,,,,4182511.0,,912324.0,,,,,,199390.0,,1668086.0,,27404.0,28639.0,,,,,,,,,,,,,,,,,,,,,,,,,,,,,,,,,,,,-0.192,-0.192,-0.192,0.2273,,,,,,,,,,,,,,,,,,,,,152239.0,-1387663.0,,,,,,,26195966.0,,21459205.0,,56502616.0,,,,,,,,,,,,,-9176.0,23656.0,,,,,,,,,,,,,,-1852038.0,,,,,,,,,518498.0,,,,1769403.0,,,,,,,,,,,,,,,,,,,,,,,,,,,,,,7150.0,,910393.0,907526.0,,,152664.0,,152664.0,2867.0,536788.0,757729.0,,,,,,741454.0,,,,,,104955.0,,378026.0,,181511.0,585376.0,,238969.0,,15685304.0,75514326.0,139121.0,,,,,,,,,26195966.0,77961821.0,35876848.0,,,,,51765855.0,,,,,66.0,127566.0,,,,,,,,,,,,,-2370536.0,,,4318836.0,991987.0,,,,,,,,,,,,,,,,,1320900.0,341959.0,,144421.0,341959.0,341959.0,150602.0,,,,21263660.0,4182511.0,7297319.0,,,569902.0,,,,,174346.0,,,,515899.0,,82927.0,,,139121.0,,,,,,,72027.0,49230.0,5224149.0,,,,,,,0.0,,,,,,,,,,,,,,,21029.0,,,13679.0,,,,,,,,,,,,,,,,,,,,,,,,,,,,,,132672.0,,85705.0,0.05,,,,,-1117846.0,1411545.0,1338787.0,,40925.0,,,,,,,,,,1200000.0,1231268.0,,,,-10517373.0,,,,-850875.0,,,2888.0,,,,,,,,,,,,,,,,,,,,,,6220534.0,,,0.0,59829022.0,,,,,,,,,,,,,,,,,,,,40664.0,,,-2948815.0,,858996.0,,70770536.0,15846993.0,,,,12345557.0,12345557.0,,,,,,,,,,,,,,,,,,,,,,,,,,,
2015-09-30,2015-11-23,10-Q,"TD HOLDINGS, INC.",GLG,CIK0001556266,USD,,,21722.0,,,,,,36070.0,94987.0,419796.0,4987712.0,59698864.0,1205.0,,,,,,,,,-41134020.0,,,,,,41460443.0,,,,,,,,,,,,,,,,,,,,,,,4651309.0,3650335.0,76998.0,923976.0,3887527.0,255934.0,4651309.0,,,663883.0,,,,,,,663883.0,,,,,,,,0.001,,100000000.0,12390062.0,12390062.0,,,12390.0,-38454283.0,,,,,,,,,,,,-53999.0,,,,,,,,,,,,-4610.0,,,,,,9479325.0,,30409230.0,,,,,,191400.0,,1192683.0,,27107.0,27829.0,,,,,,,,,,,,,,,,,,,,,,,,,,,,,,,,,,,,-2.994,-2.994,-2.994,0.0149,,,,,,,,,,,,,,,,,,,,,7035891.0,-7298371.0,,,,,,,14176356.0,,3359628.0,,31183066.0,,,,,,,,,,,,,1194.0,22708.0,,,,,,,,,,,,,,-37160555.0,,,,,,,,,-58609.0,,,,1714843.0,,,,,,,,,,,,,,,,,,,,,,,,,,,,,,5694.0,,163552.0,156498.0,,,152664.0,,96880.0,7054.0,-29307436.0,66672.0,,,,,,65203.0,,,,,,255934.0,,131778.0,,174239.0,507848.0,,164573.0,,20037905.0,41460443.0,160111.0,,,,,,,,,14176356.0,34542694.0,17621986.0,,,,,20366338.0,,,,,78.0,122454.0,,,,,,,,,,,,,-37101946.0,,,3887527.0,575381.0,,19439.0,19439.0,,,,,,,,,,,,,,1185905.0,328256.0,,75426.0,328256.0,328256.0,125711.0,,,,50606855.0,9479325.0,13854117.0,,,621795.0,,,,,-1352337.0,,,,348094.0,,104712.0,,,160111.0,,,,,,,89569.0,56000.0,6641289.0,,,,,,,0.0,,,,,,,,,,,,,,,15109.0,,,3229.0,1714843.0,,,,,,,,,,,,,,,,,,,,,,,,,,,,,25329.0,,55974.0,0.05,,,,,163922.0,29114410.0,29210186.0,,15714.0,,,,,,,,,,400000.0,395592.0,,,,-47619319.0,,,,-36605807.0,,,7332.0,,,,,,,,,,,,,,,,,,,,,,4557026.0,,,,21422538.0,,,,,,,,,,,,,,,,,,,,,,,-36925013.0,,120929.0,,36981862.0,20086296.0,,,,12390062.0,12390062.0,,,,,,,,,,,,,,,,,,,,,,,,,,,
2015-12-31,2016-04-14,10-K,"TD HOLDINGS, INC.",GLG,CIK0001556266,USD,,,21294.0,,,,,,85144.0,61617.0,275847.0,5041139.0,59698864.0,9714.0,,,,,,,,,-7058495.0,7058495.0,,,,,24446840.0,,,,,,,,,,,,,,,,,,,,,,,4390221.0,3635411.0,,754810.0,1177442.0,2857554.0,4390221.0,,,306401.0,-4685572.0,,,,,,306401.0,,,,,,,,0.001,,100000000.0,12390062.0,12390062.0,,,12390.0,-62184569.0,,,0.1,,,,,,,,,1764058.0,,,,,,,,,,,,599267.0,,,,,,12741099.0,,37253988.0,,,,,,204266.0,,1070598.0,,117135.0,126849.0,,,,,,,,,,,,,,,,,,,,,,,,,,,,,,,,,,,,4.962,-4.962,4.962,-0.0425,0.25,-0.1743,0.125,,,0.0,-0.0022,0.0073,,,,-71442.0,,,,,,,,,5691253.0,-14811223.0,,,,,,,55595653.0,,29956532.0,,33120188.0,,,,,,,,,,,,,-8077.0,22260.0,,,,14585.0,,,,,,,,,,-58769566.0,,,,,,,,,2495148.0,,,3388.0,,,,,,,,1867138.0,,,,,,,,,,,-536377.0,,,,,-3630.0,,-37711.0,,-1867138.0,,,4435.0,,2981841.0,2944135.0,,,496753.0,,496753.0,37706.0,-41024842.0,2485088.0,,,,476635.0,,,,,,,,2857554.0,,892240.0,,86418.0,464100.0,,1016711.0,,23586179.0,24446840.0,182242.0,,,,,,,,,55595653.0,63076720.0,32118910.0,,,,,7481067.0,,,,,100.0,140001.0,,,,257.0,,,-8508863.0,,3429127.0,,465606.0,,-61264714.0,,,1177442.0,2959077.0,,33653.0,33653.0,,,,,,,,,,,,,,400514.0,73941.0,73941.0,73941.0,73941.0,73941.0,30809.0,,,,61906374.0,12741099.0,19322557.0,,,293200.0,,,,,-919855.0,,,,1724757.0,,183037.0,,,182242.0,,,,,,,30809.0,39457.0,,,,,17855764.0,,,0.0,,,,,,,,,,,,,112308.0,,61495.0,,,,,,,,,,,,,,,,,,,,446412.0,,,,,,,,18383.0,,4655792.0,,,282544.0,,126120.0,0.05,,,,262422.0,2376122.0,41133808.0,41133808.0,,15404.0,,,,,13631304.0,,,,13164655.0,400000.0,388361.0,,248400.0,,-68254520.0,,,,-55836065.0,,,14187.0,,,,,,,,,,,,,,,,,,,,,,2618729.0,,,0.0,860661.0,,,,,,,,,,,,,,,,,,,126485.0,126485.0,-859265.0,,58005789.0,,2741190.0,,22920730.0,23932841.0,,,,12345678.0,12345678.0,,,,,,,,,,,,,,,,,,,,,,,,,,,
2016-03-31,2016-05-17,10-Q,"TD HOLDINGS, INC.",GLG,CIK0001556266,USD,,,31620.0,,,,,,32339.0,62022.0,468861.0,5069448.0,59700778.0,1138.0,,,,,,,,,,,80014.0,,,,21484845.0,,,,,,,,,,,,,,,,,,,,,,,4419050.0,3887213.0,,531837.0,1185173.0,2876319.0,4419050.0,,,250267.0,-56134.0,,,,,,250267.0,,,,,,,,0.001,,100000000.0,12396062.0,12396062.0,,,12396.0,238930.0,,,0.1,,,,,,,,,,,,,,,,,,,,,,,,,,,12437607.0,,347574.0,,,,,,191880.0,,1077628.0,,19006.0,20144.0,,,,,,,,,,,,,,,,,,,,,,,,,,,,,,,,,,,,0.091,0.091,0.091,0.0,0.25,,0.125,,,,,,,,,788.0,,,,,,,,,5728624.0,1419385.0,,,,,,,56144821.0,,28885364.0,,33277048.0,,,,,,,,,,,,,-487.0,22407.0,,,,,,,,,,,,,,1130476.0,,,,,,,,,,,,,,,,,,,,,,,,,,,,,,,,,,,,-100539.0,,-83691.0,,,,,3310.0,,234801.0,232046.0,,,30057.0,,30057.0,2755.0,102112.0,204744.0,,,,30481.0,,,,,,,,2876319.0,,102060.0,,307755.0,357558.0,,167191.0,,19470560.0,21484845.0,81480.0,,,,,,,,,56144821.0,62162412.0,32456965.0,,,,,6017591.0,,,,,106.0,140920.0,,,,,,,-2599210.0,,2697663.0,,-155375.0,,1130476.0,,,1185173.0,390534.0,,,,,,,,,,,,,,,,,366946.0,61158.0,73389.0,73389.0,73389.0,73389.0,12232.0,,,,62253948.0,12437607.0,17898779.0,,,247534.0,,,,,-891546.0,,,,253372.0,,17221.0,,,81480.0,,,,,,,12404.0,48792.0,,,,5400000.0,,,,0.0,,,,,,,,,,,,,48162.0,,11999.0,,,,,,,,,,,,,,,,,,,,,,,,,,,,,,,,,30746.0,,156516.0,0.05,,,,119228.0,,102632.0,102632.0,,31011.0,,,,,12170155.0,,,,2599210.0,400000.0,393464.0,,1920.0,,-67124044.0,,,,1521497.0,,,-44501.0,,,,,,,,,,,,,,,,,,,,,,,,,0.0,2014285.0,,,,,,,,,,,1920.0,,,,,,,,141043.0,141043.0,,,1220370.0,,231074.0,,19942142.0,19685755.0,,,,12395205.0,12395205.0,,,,,,,,,,,,,,,,,,,,,,,,,,,
2016-06-30,2016-08-22,10-Q,"TD HOLDINGS, INC.",GLG,CIK0001556266,USD,,,20985.0,,,,,,43591.0,60202.0,325602.0,4985882.0,61743840.0,1140.0,,,,,,,,,,,,,,,21574820.0,,,,,,,,,,,,,,,,,,,,,,,4289372.0,3994384.0,,294988.0,1150395.0,2791912.0,4289372.0,,,1369621.0,,,,,,,1369621.0,,,,,,,,0.001,,100000000.0,15837679.0,15837679.0,,,15838.0,-875858.0,,,,,,,,,,,,,,,,,,,,,,,,,,,,,,12179297.0,,259537.0,,,,,,172924.0,,782622.0,,13003.0,14143.0,,,,,,,,,,,,,,,,,,,,,,,,,,,,,,,,,,,,-0.124,-0.124,-0.124,0.0,,,,,,,,,,,,,,,,,,,,,5891870.0,-417034.0,,,,,,,54488203.0,,16859562.0,,43295058.0,,,,,,,,,,,,,201.0,21749.0,,,,,,,,,,,,,,-1712147.0,,,,,,,,,,,,,,,,,,,,,,,,,,,,,,,,,,,,,,,,,,,2093.0,,250008.0,249500.0,,,,,,508.0,259123.0,250008.0,,,,,,,,,,,,2791912.0,,326788.0,,298723.0,347065.0,,472258.0,,19277893.0,21574820.0,321331.0,,,,,,,,,54488203.0,60154620.0,36668114.0,,,,,5666417.0,,,,,110.0,136785.0,,,,,,,,,,,,,-1712147.0,,,1150395.0,1603382.0,,48945.0,48945.0,,,,,,,,,,,,,,325090.0,42142.0,66222.0,72242.0,72242.0,72242.0,,,,,62165910.0,12179297.0,17793808.0,,,282865.0,,,,,836289.0,,,,1243563.0,,11458.0,,,321331.0,,,,,,,30100.0,47360.0,,,,,,,,,,,,,,,,,,,,,,,10989.0,,,,,,,,,,,,,,,,,,,,,,,,,,,,,,,,,38826.0,,131655.0,0.05,,,,,,,-9115.0,225000.0,97828.0,,,,,,,,,,10000.0,10031.0,,,,-68836191.0,,,,-157911.0,,,-28447.0,,,,,,,,,,,,,,,,,,,,,,,,,0.0,2296927.0,,,,,,,,,,,,,,,,,,,150229.0,150229.0,,,-313037.0,,247588.0,,18911976.0,18971812.0,,,,13774914.0,13774914.0,,,,,,,,,,,,,,,,,,,,,,,,,,,
2016-09-30,2016-11-14,10-Q,"TD HOLDINGS, INC.",GLG,CIK0001556266,USD,,,9960.0,,,,,,30938.0,52472.0,335454.0,5246685.0,62514540.0,1115.0,,,,,,,,,,,,,,,22452591.0,,,,,,,,,,,,,,,,,,,,,,,3748002.0,3674541.0,,73461.0,907017.0,2542163.0,3748002.0,,,1167361.0,,,,,,,1167361.0,,,,,,,,0.001,,100000000.0,16137679.0,16137679.0,,,16138.0,-363642.0,,,,,,,,,,,,,,,,,,,,,,,,,,,,,,11739850.0,,422684.0,,,,,,158980.0,,779584.0,,11053.0,12168.0,,,,,,,,,,,,,,,,,,,,,,,,,,,,1918977.0,,,,,,,,-0.039,-0.039,-0.039,0.0,,,,,,,,,,,,,,,,,,,,,6015092.0,-590691.0,,,,,,,54488203.0,,44976.0,,59495362.0,,,,,,,,,,,,,-271.0,21665.0,,,,,,,,,,,,,,-624445.0,,,,,,,,,,,,,,,,,,,,,,,,,,,,,,,,,,,,,,,,,,,969.0,,722380.0,722117.0,,,,,,263.0,1191254.0,722380.0,,,,,,,,,,,,2542163.0,,120130.0,,297563.0,298822.0,,1002804.0,,19744216.0,22452591.0,297059.0,,,,,,,,,54488203.0,59540338.0,40782260.0,,,,,5436035.0,,,,,123.0,136719.0,,,,,,,,,,,,,-624445.0,,,907017.0,1224737.0,,,,,,,,,,,,,,,,,323829.0,59968.0,47975.0,71962.0,71962.0,71962.0,,,,,61463690.0,11739850.0,18309981.0,,,277403.0,,,,,260803.0,,,,1086092.0,,25783.0,,,297059.0,,,,,,,11993.0,45815.0,,,,,,,,,,,,,,,,,,,,,,,4532.0,,,,,,,,,,,,,,,,,,,,,,,,,,,,,,,,,31382.0,,120493.0,0.05,,,,,-242180.0,,226694.0,225000.0,142424.0,,,,,,,,,,10000.0,9925.0,,,,-69460635.0,,,,600563.0,,,-46241.0,,,,,,,,,,,,,,,,,,,,,,,,,,2708375.0,,,,,,,,,,,,,,,,,,,162206.0,162206.0,,,2807.0,,672646.0,,20216911.0,20267692.0,,,,15889853.0,15889853.0,,,,,,,,,,,,,,,,,,,,,,,,,,,
2016-12-31,2017-04-06,10-K,"TD HOLDINGS, INC.",GLG,CIK0001556266,USD,,,20321.0,,,,,,37575.0,34558.0,291815.0,4873774.0,62659040.0,4333.0,,,,,,,,11519.0,,11519.0,,,,,9570743.0,,,,,,,,,,,,,,,,,,,,,,,3599831.0,3599831.0,,,871159.0,2441663.0,3599831.0,,,697867.0,462100.0,,,,,,768501.0,,,,,,,,0.001,,100000000.0,16637679.0,16637679.0,,,16638.0,-2747501.0,,,0.1,,,,,,,,,,,,,,,,,,,,,-53300.0,,,,,4080949.0,11217707.0,,479493.0,,,,7136758.0,11217707.0,139947.0,,748765.0,,54875.0,59208.0,,,,,,,,,,,,,,,,,,,,,,,,,,,,469418.0,,,,,,,,-0.177,-0.177,-0.177,0.0,0.25,0.2225,0.125,,,-0.1295,-0.3818,0.0,,,,34208.0,,,,,,,,,6005609.0,319015.0,,,,,,,50481240.0,1226822.0,1900710.0,,56622271.0,,,,,,,,,,,,6.9448,907.0,20808.0,,,-87867.0,48945.0,,,1641500.0,,,,,,,-2580136.0,,,,,,,,,,,,,,,,,,,,53000.0,,,-53000.0,,,,,,,,11924.0,,,,,117577.0,1396500.0,28485.0,,,,,,,1291053.0,1287518.0,,,29588.0,,29588.0,3535.0,1927792.0,1261465.0,,,,30057.0,,11408.0,,,,,,2441663.0,,1264944.0,,159662.0,287009.0,,1802480.0,,8422812.0,9570743.0,293447.0,,,,,,,,1641500.0,51708062.0,58522981.0,56579073.0,,,,,6814919.0,,,,,107.0,131314.0,,,,,,,-1600832.0,,2412415.0,,-383691.0,,-2580136.0,,,871159.0,4876002.0,,48152.0,48152.0,,,,,,,,,,,,,,54441.0,5760.0,,,,23621.0,25060.0,,,,61426881.0,11217707.0,6005608.0,,,301324.0,,,,,-167365.0,,,,2207690.0,,179923.0,,,293447.0,1045000.0,2207690.0,,,,,20456.0,44997.0,,,245000.0,,1986725.0,,-1000000.0,,,,,,,,,,,,,,47877.0,,28682.0,,,,,,,,,,,,,,,1000000.0,,,,,479704.0,,,,,,,,55640.0,,,,,105957.0,,19969.0,0.05,,,,11641868.0,-239852.0,-426475.0,426475.0,245000.0,107995.0,,,,,,,,,2600832.0,10000.0,9163.0,9163.0,1964424.0,,-70834656.0,,,,2246807.0,,,-44007.0,,,,,,,,,,,,,,,,,,,,,,,,,,1147931.0,,,,,,,,,,,1750803.0,1000000.0,,,,,,,169226.0,169226.0,-97018.0,,905618.0,,1239194.0,,19609945.0,19654760.0,,,,14571076.0,14571076.0,,,,,,,,,,,,,,,,,,,,,,,,,,,
2017-03-31,2017-05-18,10-Q,"TD HOLDINGS, INC.",GLG,CIK0001556266,USD,,,20480.0,,,,,,39082.0,34827.0,295730.0,4895389.0,63317034.0,,,,,,,,,,,,57337.0,,,,20270298.0,,,,,,,,,,,,,,,,,,,,,,,3555282.0,3555282.0,,,841659.0,2424381.0,3555282.0,,,1080768.0,312167.0,,,,,,1080768.0,,,,,,,,0.001,,100000000.0,16823429.0,16823429.0,,,16824.0,-1206462.0,,,0.1,,,,,,,,,,,,,,,,,,,,,-20654.0,,,,,,11465935.0,,1084871.0,,,,,,120388.0,,754591.0,,1646.0,1646.0,,,,,,,,,,,,,,,,,,,,,,,,,,,,,,,,,,,,-0.077,-0.074,-0.077,0.0,0.25,,0.125,,,,,,,,,371.0,,,,,,,,,6052334.0,10050.0,,,,,,,49803547.0,3089468.0,1915499.0,,56948166.0,,,,,,,,,,,,,402071.0,20970.0,,,,,,,,,,,,,,-1228077.0,,,,,,,,,,,,,,,,,,,,20654.0,,,,,,,,,,,20398.0,,,,,5229.0,,-11272.0,,,33.0,,,,106776.0,106674.0,,,,,,102.0,-639817.0,106776.0,,,,,,31889.0,,,,,,,,379923.0,,160904.0,289242.0,,117477.0,,19135491.0,20270298.0,279051.0,,,,,,,,,52893015.0,58863665.0,56948166.0,,,,,5970650.0,,,,,106.0,132335.0,,,,,,,,,674977.0,,-363081.0,,-1228077.0,,,841659.0,598215.0,,,,,,,,,,,,,,,,,86934.0,43826.0,,,,24167.0,18941.0,,,,62511752.0,11465935.0,17777574.0,,,292399.0,,,,,21615.0,,,,259806.0,,61504.0,,,279051.0,,259806.0,,,,,45347.0,13817.0,,,,,,,,,,,,,,,,,,,,,,,2985.0,,,,,,,,,,,,,,,,,,,,72578.0,,,,,,,,,,,,,71781.0,,18479.0,0.05,,,,11725240.0,-36289.0,782882.0,782882.0,225000.0,101579.0,,,,,,,,,,10000.0,9267.0,,,,-71519733.0,,,,-629767.0,,,-40338.0,,,,,,,,,,,,,,,,,,,,,,,,,,1134807.0,,,,,,,,,,,193180.0,,,,,,,,191190.0,,,,706530.0,,69145.0,,18395905.0,19273195.0,,,,16697532.0,16697532.0,,,,,,,,,,,,,,,,,,,,,,,,,,,
2017-06-30,2017-08-21,10-Q,"TD HOLDINGS, INC.",GLG,CIK0001556266,USD,,,23103.0,,,,,,39738.0,28034.0,302368.0,4903062.0,66439349.0,,,,,,,,,,,,,,,,6758934.0,,,,,,,,,,,,,,,,,,,,,,,3437897.0,3437897.0,,,593656.0,2550143.0,3437897.0,,,1080768.0,,,,,,,1906585.0,,,,,,,,0.001,,100000000.0,18008429.0,18008429.0,,,18008.0,-4910702.0,,,,,,,,,,,,,,,,,,,,,,,,,,,,,,11878294.0,,3115716.0,,,,,,101414.0,,767256.0,,1653.0,1653.0,,,,,,,-0.108,,,,,,,,,,,,,,,,,,,,,,,,,,,,,-0.273,-0.284,-0.273,0.0,,,,,,,,,,,,,,,,,,,,,,305460.0,,,,,,,19476.0,55880482.0,1947650.0,,57429996.0,,,,,,,,,,,,,-203.0,21322.0,,,,,,,,,,,,,,-3041720.0,-3041720.0,-0.176,,,1876655.0,,-0.108,,,,,,,,,,,,,,,,,,,,,,,,,,,,,,,,,,,,,,56016.0,55432.0,,,,,,584.0,-2118372.0,56016.0,,,,,,54339.0,,,,,,,,125093.0,,163606.0,294098.0,,777107.0,,7239879.0,6758934.0,289618.0,,,,,,,,,55899958.0,59377646.0,57429996.0,,,,,3477688.0,,,,109.0,,134556.0,,,,,,,,,,,,,-4918375.0,,,593656.0,3041720.0,,,,,,,,,,,,,,,,,75065.0,37283.0,,,12840.0,24942.0,,,,,64542597.0,11878294.0,5858821.0,,,299238.0,,,,,7673.0,,,,857257.0,,40531.0,,,289618.0,,857257.0,,,,,,,,,,,,,,,,,,,,,,,,,,,,,,,,,,,,,,,,,,,,,,,,,,,,,,,,,,,,,,25705.0,,17116.0,0.05,,,,,83786.0,,2090602.0,245000.0,199191.0,,,,,,,,,,,9423.0,,,,-76249608.0,,,,-1812912.0,,,-46257.0,,,,,,,,,,,,,,,,,,,,,,,,,,-480945.0,,,,,,,,,,,,,,,,,,,215393.0,,,,-1924394.0,,50027.0,,4164532.0,6879340.0,,,,17308319.0,17308319.0,,,,,,,,,,,,,,,,,,,,,,,,,,,
2017-09-30,2017-11-14,10-Q,"TD HOLDINGS, INC.",GLG,CIK0001556266,USD,,,53513.0,,,,,,40470.0,28550.0,309638.0,4917761.0,68664627.0,,,,,,,,,,,,,,,,7714013.0,,,,,,,,,1356285.0,,,,,,,,,,,,,,,,,,450795.0,2615635.0,3365941.0,,,3030468.0,,,,,,,,,,,35000.0,,,,0.001,,100000000.0,19030915.0,19030915.0,,,19030.0,-2120593.0,,,,,,,,,,,,,,,,,,,,,,,,,,,,,,12099165.0,,3073360.0,,,,,,81901.0,,781379.0,,1700.0,1700.0,,,,,,,-0.034,,,,,,,,,,,,,,,,,,,,,,,,,,,,,-0.139,-0.118,-0.139,0.0,,,,,,,,,,,,,,,,,,,,,,,,,,,,,19835.0,54801352.0,1983501.0,,56283219.0,,,,,,,,,,,,6.6549,-57.0,21715.0,,,,,,,,,,,,,,-1521688.0,-1521688.0,-0.084,,,613604.0,,-0.034,,,,,,,,,,,,,,,,,,,,,,,,,,,,,,,,,,,,,,132502.0,128460.0,,,,,,4042.0,566672.0,132502.0,,,,,,77329.0,,,,,,,1226300.0,155411.0,,166617.0,,,1530283.0,,8488264.0,7714013.0,324180.0,,,,,,,,,54821187.0,58266720.0,56283219.0,,,,,3445533.0,,,,109.0,,137033.0,,,,,,,,,,,,,-2135292.0,,,450795.0,1939100.0,,,,,,,,1521688.0,,,,,,,,,62237.0,30643.0,,,6392.0,25202.0,,,,,64500641.0,12099165.0,7058187.0,,,302748.0,,,,,14699.0,,,,1672235.0,,48465.0,,,324180.0,,1672235.0,,,,,,,,,,,,,,,,,,,,,,,,,,,,,,,,,,,,,,,,,,,,,,,,,,,,,,,,,,,,,,78458.0,,15727.0,0.05,,,,,18616.0,,452786.0,245000.0,279493.0,,,,,,,,,,,9596.0,,,,-78764900.0,,,,-576135.0,,,,,,,,,,,,,,,,,,,,,,,,,,,,,-774251.0,,,,,,,,,,,,,,,,,,,240739.0,,,,-641053.0,,120030.0,,4332304.0,7725585.0,,,,18092369.0,18092369.0,,,,,,,,,,,,,,,,,,,,,,,,,,,
2017-12-31,2018-04-16,10-K,"TD HOLDINGS, INC.",GLG,CIK0001556266,USD,,,100911.0,,,,,,64402.0,36887.0,148030.0,4818653.0,71424031.0,,,,,,,,,21011593.0,,,,,,,7165284.0,7165284.0,,5805654.0,5805654.0,,,,,,,,,,,,,,,,,,,2843355.0,2843355.0,,,,2537008.0,2843355.0,1359630.0,,1359630.0,661763.0,,,,610160.0,168581.0,,,,193370.0,35000.0,,,,0.001,,100000000.0,19250915.0,19250915.0,,,19251.0,-10754861.0,,,0.1,,,,,,,,,,,,,,,,,,,,,-143836.0,,,,,2543166.0,14837696.0,,,3310000.0,,,11696479.0,1124642.0,,,261281.0,,6714.0,6714.0,,,,,,,-0.349,4064921.0,261281.0,330095.0,,1138564.0,,,,,,566729.0,,166440.0,,-6238149.0,,,,,,,,,,,398073.0,,,-0.598,-0.598,-0.598,0.0,0.25,-0.2875,0.125,,0.21,-0.0706,0.0375,,,,,44189.0,,,,,,,,186268.0,,,,,,,,1.38,38731.0,36574662.0,3196852.0,,37481462.0,,,,,,,,,,,2749795.0,6.5064,,22210.0,,,,,,,266000.0,,,,,,,-4461591.0,-4461591.0,-0.249,,,6238149.0,,-0.349,,,,,,,,,,,,,143924.0,,,-143836.0,,,,,,384786.0,,22401.0,,,,,-136004.0,,-300976.0,,,59.0,,,,404462.0,381779.0,,,,,,22683.0,-2651053.0,35000.0,,,,,,35440.0,,,,,,,709980.0,791140.0,30406.0,,306347.0,,2944287.0,,11737771.0,7165284.0,10426771.0,,10426771.0,10426771.0,,,,2300000.0,,36613393.0,40678314.0,36805205.0,,,,,4064921.0,,,,,,141866.0,,,,,,,2259974.0,,-457770.0,,-1184630.0,,-10699740.0,,,,5212628.0,,,,,,,,4496591.0,,,,,,,,,95161.0,68412.0,,,,26749.0,,,,,1640000.0,14239645.0,9270882.0,,,9058.0,,,,,-55121.0,,-55121.0,,3409045.0,,245446.0,,,166440.0,1311000.0,3409045.0,,,,,3037.0,6021.0,,,245000.0,,3729466.0,,,,,,,,,,,,,,,,1641.0,,,,,,,,,,,,,,,,,1560000.0,,,,,429185.0,,,,,,,,,,,,,189594.0,,16046.0,0.05,,,,,-66598.0,3122113.0,3122113.0,,147547.0,,,,,,,,,,,,9841.0,,,-81534396.0,,,,-5486667.0,,,,,,,,,,,,200000.0,,,,,,,,,,,,950000.0,3166863.0,,384237.0,,-4572487.0,-4572487.0,,,,,,,,,,,1560000.0,,,,,,,330095.0,,-123032.0,,-6322174.0,,331384.0,,4204709.0,10818223.0,,,,17893595.0,17893595.0,,,,,,,,,,,,,,,,,,,,,,,,,,,
2018-03-31,2018-05-21,10-Q,"TD HOLDINGS, INC.",GLG,CIK0001556266,USD,,,41947.0,,,,,,65927.0,28659.0,155261.0,4693433.0,68430044.0,,,,,,,,,,,,339719.0,,,,7310041.0,,,,,,,,,,,,,,,,,,,,,,,2945532.0,2945532.0,,,,2628177.0,2945532.0,944743.0,,944743.0,-414887.0,,,,332966.0,-193759.0,,,,,,,,,0.001,,100000000.0,20013415.0,20013415.0,,,20013.0,-511118.0,,,0.1,,,,,,,,,,,,,,,,,,,,,,,,,,2639101.0,,,,,,,12198595.0,14837696.0,,,270670.0,,1889.0,1889.0,,,,,,,0.045,,,,,,,,150134.0,100772.0,,,,,,176529.0,,,,,,,,,,,382123.0,,,-0.019,-0.097,-0.019,,0.25,,0.125,,,,,,,,,42631.0,,,,,,,,,,,,,,,,1.1,49676.0,37545080.0,4967599.0,,37545080.0,,,,,,,,,,,,6.2807,1311645.0,23009.0,,,,,,,,,,,,,,-562427.0,-562427.0,-0.142,,,-176529.0,176529.0,0.045,,,,,,,,,,,,,,,,,,,,,,-31455.0,,21428.0,,,,,-75178.0,,18215.0,,,10.0,,,,100772.0,96995.0,,,,,,3777.0,431054.0,100772.0,,,,,,58406.0,,,,,,,,121653.0,12139.0,,317355.0,,203560.0,,11760282.0,7310041.0,94725.0,,,,,,,2300000.0,,37594756.0,42512679.0,37545080.0,,,,,4917923.0,,,,,,146964.0,,,,,,,,,151128.0,,-608646.0,,-385898.0,,,,712126.0,,,,,,,,562427.0,,,,,,,,,79699.0,58916.0,,,,20783.0,,,,,78570841.0,,9884388.0,,,27728.0,,,,,-125220.0,,-125220.0,,281095.0,,25125.0,,,94725.0,261540.0,281095.0,,,,,,,,,245000.0,,1635683.0,,,,,,,,,,,,,,,,,,,,,,,,,,,,,,,,,,,,,,,,,,,,,,,,,,,20600.0,,14712.0,0.05,,,,,,330282.0,330282.0,,15922.0,,,,,,,,,,,,10205.0,,,-81920294.0,,,,326663.0,,,,,,,,,,,,,,,,,,,,,,,,237500.0,1875894.0,,,,-4450241.0,-3925267.0,,,,,,,,,,,,,,,,,,341862.0,,,,173388.0,,97020.0,,5060870.0,11736515.0,,,19834665.0,19834665.0,3966933.0,,,,,,,,,,,,,,,,,,,,,,,,,,,
2018-06-30,2018-08-17,10-Q,"TD HOLDINGS, INC.",GLG,CIK0001556266,USD,,,,,,,,,,,,-336368.0,27906598.0,,,,,,,,,,,,,,,,4148019.0,2271960.0,,,,,,,,,,,,,,,,,,,,,,,,,,,,,1362718.0,,1362718.0,,,250000.0,,,,652951.0,,,213370.0,,,,,0.001,,100000000.0,24445612.0,24445612.0,,,24446.0,9386183.0,,,,,,,,,,,,,,,,,,,,,,,200000.0,,,,,,,,,,,,,,,,,709767.0,,12458.0,98.0,,,,,9794873.0,,2.23,,,,,,,,-7534.0,6213.0,,,,,,,,,,,,,,,,,,,,,2.14,,,,,,,,,,,,,,,,,,,,,,,,,,,,,,,,,,,,,,,,,,,,,,,6.6198,,,,,,,,,,,,,,,,-392812.0,-392832.0,-0.09,,,-9896100.0,9896100.0,2.23,,20.0,,,,,,,,,,,,,,,,,,,,,,,,,,,,,,,,,,,,,,,-315.0,,,,315.0,,,,,,,,,,,,,,,,103946.0,14250.0,,,,158874.0,,15246.0,4148019.0,15246.0,,,,,,,,,,,,,,,,,,,,,,,,,,,,,,,,,,,9503268.0,,,,463386.0,,,,,,,,489848.0,,,,,96721.0,,,,14400.0,14400.0,,,,,,,12458.0,97036.0,,,,,,,909242.0,-117085.0,,,8135.0,,9386183.0,,326046.0,,38406.0,,,15246.0,,326046.0,,,,315.0,,,,,,,,,,,,,,,,,,,,,,,,,,,,,,,,,,,,,,,,,,,,,,,,,,,,,,,,,,18390.0,,5076.0,,11984.0,1882967.0,1870983.0,,,,,,,,,,,,,,,,,,,,,-23986877.0,,,,84578.0,4194697.0,0.77,,709767.0,458390.0,,,,,,,150000.0,,,,,,,,,,,,,,,,,4132773.0,4132773.0,,,,,,,,,,,,-4912716.0,,,,,44369.0,,,,,8007.0,-14004.0,97036.0,,3438252.0,3280617.0,,,22211600.0,,4442320.0,,,,,,,,,,,,,,,,,,,,,,,,,,,
2018-09-30,2018-11-15,10-Q,"TD HOLDINGS, INC.",GLG,CIK0001556266,USD,,,,,,,,,,,,-124729.0,28431422.0,,,,,,,,,,,,,,,,5343384.0,3707038.0,,,,,,,,,,,,,,,,,,,,,,,,,,,,,838634.0,,838634.0,,,250000.0,,,,167460.0,,,273370.0,,,,,0.001,,100000000.0,24595612.0,24595612.0,,,24596.0,-423379.0,,,,,,,,,,,,,,,,,,,,,,,,,,,,60313.0,,,,,,,,,,,,671174.0,,35336.0,,,,,,9794873.0,,,,,,,,,,-7534.0,6213.0,,,,,,,,,1397726.0,29119.0,52719.0,,,,-1111626.0,,,,,,-0.13,,,,,,,,,,,,,,,,,,,,,,,,,,,,,,,,,,,,,,,,,,,,,,,6.8683,,,,,,,,,,,,,,,,-634026.0,-635017.0,-0.13,,,,9896100.0,,,991.0,,,,,,,,,,,,,,,,,,,,,,,,,,,,,,,,,,,,,,,,,,,2216.0,,2216.0,,,,,,,,,,,,,,151645.0,16234.0,,,,338750.0,,1633989.0,5343384.0,1633989.0,,,,,,,,,,,,,,,,,,,,,,,,,,,,,,,,,,,-635017.0,,,,,,,,,,,,777098.0,,,,,140856.0,,,,67808.0,67808.0,,,,,,,35336.0,143072.0,,,,,,,2868404.0,211638.0,,,211638.0,,-423379.0,,573172.0,26826.0,79700.0,,,236263.0,,573172.0,,,,2216.0,,,,,,,,,,,,,,,,,,,,,,,,,,,,,,,,,,,,,,,,,,,,,,,,,,,,,,,,,,40000.0,,5096.0,,52553.0,1683803.0,1631250.0,,,,,,,,,,,,,,,,,,,,,-24621894.0,,,,107736.0,,0.77,,671174.0,741762.0,,,,,,,,,,,,,,,,,,,,1397726.0,,,,3709395.0,3709394.0,,,,,,,,,,,,,,,,,,,,,,338758.0,,140849.0,,4736754.0,4532220.0,,,24595612.0,,4919122.0,,,,,,,,,,,,,,,,,,,,,,,,,,,
2018-12-31,2019-04-05,10-K,"TD HOLDINGS, INC.",GLG,CIK0001556266,USD,,,40462.0,,,,,,17983.0,,,-511057.0,28765346.0,,,,,,,,,,,,,,,,3211580.0,1572038.0,1639542.0,,,,,,,,,,,,,,,,,,,,,,,,,,,,1484116.0,,1484116.0,124486.0,,250000.0,,-1270070.0,1769566.0,1067700.0,,,273370.0,,,,,0.001,,100000000.0,5023906.0,5023906.0,,,5024.0,7230162.0,,,,,,,,,,71252.0,,104024.0,6208.0,,,,,,,,,,,,,,,43233.0,,1714344.0,,,4510000.0,,,,1714344.0,,,416459.0,,101654.0,1001.0,,,71252.0,,9689873.0,,2.17,,,,,,,,142600.0,106985.0,,,,,,9967629.0,,,,29119.0,6877.0,,,218100.0,,,218100.0,,,,1.67,,-0.0429,0.25,-0.2222,,,,,-0.0282,,,-0.0282,,-322883.0,,,,,,,,273370.0,,,,,,,,,,,,,,,,,,,,,,,,,6.8776,,,,,-10875.0,,,,,,,416810.0,,,,-2424496.0,-2320472.0,-0.5,,,-9967629.0,9967629.0,2.17,,-104024.0,-105000.0,,,,,,,,,,,,,,,,,,,,,,,,2117477.0,,189100.0,,91395.0,,,,,,22.843,,,,22843.0,,,,,,-20157.0,,,,,,,,,,,,,,576409.0,65297.0,,,,758398.0,,409357.0,3211580.0,409357.0,,,,,,,,82500.0,,,,,,,,,,,,,,,,,,,,,3806435.0,,-3272034.0,,-87032.0,,7647157.0,,,,,,,,,1.0,2.0,,2821149.0,,71252.0,65297.0,184645.0,488062.0,,3600.0,,64121.0,18395.0,,,,45726.0,,,,,1710000.0,179518.0,,-500000.0,,,87922.0,-416995.0,,,-5329710.0,,7230162.0,,2011162.0,39969.0,125164.0,,,185049.0,,2011162.0,,,218100.0,-20157.0,,,,,,,,,,,,,,,,2117477.0,,,,,,6743.0,6743.0,,,,,,,226713.0,,,,,314352.0,,,314352.0,,3265370.0,,,121752.0,,,,,,,226713.0,,,,121752.0,,,,98717.0,,5524.0,,94520.0,1728538.0,1634018.0,,,1270070.0,,,,,,184645.0,,,,,,,,,,,,-25457090.0,,,,488062.0,4194697.0,,,416459.0,2469964.0,,,,,,,,,,273370.0,21.0,,,,,,,,,,,369987.0,,2802223.0,2802223.0,,,,,,,,,314352.0,,,4912715.0,,,,,164547.0,,,,,536694.0,,488062.0,87922.0,2718849.0,3264785.0,320649.0,,24595612.0,,4596116.0,,,,,,,,,,,,,,,,,,,,,,,,,,,
2019-03-31,2019-05-20,10-Q,"TD HOLDINGS, INC.",GLG,CIK0001556266,USD,,,11167.0,,,,,,21940.0,,,-453314.0,29649052.0,,,,,,-1840289.0,,,,,,,,,,2941747.0,997264.0,,,,,,,,,,,,,,,,,,,,,,,,,,,,,340695.0,,340695.0,-1143421.0,-1143421.0,250000.0,,,,284788.0,,,280830.0,,,,,0.001,,100000000.0,5526297.0,5526297.0,,,5526.0,-1772083.0,,,,,,,,,,237651.0,,48380.0,,,,,,,,,,,,,,,,31787.0,,,,,,,,,,,,55907.0,,46858.0,551.0,,,237651.0,,,,,,,,,,,,,,,,,,,,,,595956.0,,3674.0,,,,,,,,,,-0.354,,,,,,,,,,,,,,21969.0,,,,,,,,273370.0,,,,,,,,,,,,,,,,,,,,,,,,,6.7119,,,,,96318.0,,,,,,,162348.0,,,,-1829826.0,-1829826.0,-0.35,,,,,,,,,,,,,,,,,,,,,,,,,,,,,,,,406757.0,,-9242.0,,-29320.0,,,,,,6869.0,,,,0.0,,,,,,10463.0,,,,,,12429.0,,,,,,,,1059551.0,16624.0,,,,524746.0,,1027399.0,2941747.0,,,,,,,,,,,,,,,,,,,,,,,,,,,,,,592724.0,,-999481.0,,-758633.0,,-1829826.0,,,,,,,,,,,,2002637.0,-1840289.0,237651.0,16624.0,96318.0,399999.0,,3600.0,,65704.0,35186.0,,,,30518.0,,,,,,,,,,,656569.0,57743.0,-1772083.0,,57743.0,10463.0,57743.0,,925094.0,551.0,127845.0,,,178290.0,,925094.0,,10463.0,819440.0,,,,,,,,592724.0,,,,,,,,,406757.0,,,,,,,,,,,,,,592724.0,,,,,,,,,,,,,,,,,,,,592724.0,,,,,,,,51863.0,,5106.0,,143966.0,2362202.0,1939377.0,,,,,,,,,,,,,,,,,,,,,-27286916.0,,,,399999.0,,,,55907.0,1906319.0,,,,,,,,,,,,,,,,,,,,,,393193.0,,1914348.0,1914348.0,,,,,,,,,,,,,,,,,,,,,,529230.0,,399999.0,656569.0,2863735.0,3864811.0,915231.0,,,,5169041.0,,,,,,,,,,,,,,,,,,,,,,,,,,,
2019-06-30,2019-08-19,10-Q,"TD HOLDINGS, INC.",GLG,CIK0001556266,USD,,,2975.0,,,,,,21802.0,,,-528081.0,34299372.0,,,,,,,,,,,,,,,,8034039.0,2570708.0,5463331.0,,,,,,,,,,,,,,,,,,,,,,,,,,,,1307186.0,,1307186.0,,,250000.0,,,,69586.0,,,3033370.0,,,,,0.001,,100000000.0,8646297.0,8646297.0,,,8646.0,-1115092.0,-491.0,,,,,,,,,387538.0,,0.0,39319.0,,,,,,,,,,,,,,,,,2352834.0,,,,,,,,,,1237600.0,,55321.0,,,,397538.0,,,,,,,,,,,,,,,,,,,,,,,,,,,,,,8254.0,,,,-0.14,,,,,,,,,,,,,,,582513.0,,,,291256.0,,,,,,,63481.0,,,63481.0,,,,,,,,,,,,,,,,,,6.8668,,,,,,,,,,,,143357.0,,,,-1040325.0,-1040325.0,-0.14,,,,,,,,,,,,,,,,,,,,,,,,,,,,,,,,,,,,,,,,,,,,,,49725.0,,,,,,22018.0,,,,,,,,,,,,,,,28125.0,,,,,,2581343.0,8034039.0,,,,,,,,,,,,,1103769.0,1103769.0,,,,,,,,,,200000.0,,200000.0,,,-491.0,,,,,,,-1040325.0,-491.0,,,,,,,,,,1133957.0,1531495.0,,,28125.0,,540895.0,63481.0,,63481.0,76367.0,76367.0,,,,,,,,,,,,,,,159753.0,-74767.0,,-1114601.0,-74767.0,,-1115092.0,491.0,,,,,1000000.0,213052.0,,,49725.0,,,-49725.0,,,,,,,,,,,,,,,,,,,,,,,,,,,,,,,,,,,,,,,,,,,,,,,,,,,,,,,,,,,,5090.0,,195639.0,3280712.0,3085073.0,,,,,,,8254.0,,,,,,,,,,,,,,-28326750.0,,,,540895.0,,,,1237600.0,1133957.0,,,,,,,,,,,,,,,,,,,,,,,,5453187.0,5452696.0,,,,,,,,,,,,,,,,,,,,,,,,,,,,,,,,7530693.0,,,,,,,,,,,,,,,,,,,,,,,,,,,
2019-09-30,2019-11-14,10-Q,"TD HOLDINGS, INC.",GLG,CIK0001556266,USD,,,11467.0,,,,,,20329.0,,19094.0,-585313.0,34299372.0,,,,,,,,,,,,,,,,8281871.0,3602725.0,4679146.0,,,,,,,,,,,,,,,,,,,,,,,,,,,,1496797.0,,341297.0,,,250000.0,,,,1155500.0,,,3033370.0,,,,,0.001,,100000000.0,8646297.0,8646297.0,,,8646.0,-450075.0,,,,,,,,,,,,1149563.0,101640.0,,,,,,,,,,200000.0,,,,,,,2462039.0,,,,,,,,,,341297.0,,83806.0,,,,,,,,,,,,,,,,,,,,,,,,,,,,,,476975.0,,,,16345.0,,,,-0.05,,,,,,,,,,,,,,,840536.0,,,,840536.0,,,,,,,,,,,,,,,,,,,,,,,,,,,,7.1383,,,,,,,,,,,,,,,,-259945.0,-259945.0,-0.03,,-132898.0,,,-0.02,,,,,,,,,,,,,,,,,,,,,,,,,,,,,,,,,,,,,,,,,45943.0,,,,,,27089.0,,,,,,,,,,,,,,,14321.0,,,,,,3279250.0,8281871.0,3130755.0,148495.0,,,,,,,,,,,1451608.0,1500639.0,,,,,,,,,,200000.0,,200000.0,,,-486.0,,,,,,,-392843.0,5.0,,,,,,,,,,259945.0,984546.0,,,344310.0,,564614.0,,,55283.0,11683.0,,,,,,,11683.0,,,,,,,,,177345.0,-57232.0,,-450080.0,-57232.0,,-450075.0,-5.0,,,,,1000000.0,288407.0,,,,,,27089.0,,,,,,,,,,,,,,,,,,,,,,,,,,,,,,,,,,,,,,,,,,,,,,,,,,,,,,,,,,,,4320.0,,250796.0,2780772.0,2529976.0,,,,,,,8254.0,,,,,,,,,,,,,,-28719598.0,,,,,,,,341297.0,259945.0,,,,,,,,,,,,,,,,,,,,,,,,5003107.0,5002621.0,,,,,,,,,,,,,,,,,,,,,,,,,,,,,,,,8646297.0,,,,,,,,,,,,,,,,,,,,,,,,,,,
2019-12-31,2020-05-29,10-K,"TD HOLDINGS, INC.",GLG,CIK0001556266,USD,,,7503.0,,,3310883.0,,,29466.0,,18678.0,-334281.0,38523170.0,,,1417736.0,,589750.0,2110000.0,,,,,,,,,,11388400.0,10978400.0,410000.0,,5743789.0,,,,22115560.0,,,,,,,,,,,,,,,,,,,,,,2446683.0,,1777276.0,962567.0,962567.0,250000.0,3038151.0,-4432199.0,638249.0,2399300.0,,,3033370.0,,,,,0.001,,100000000.0,11585111.0,11585111.0,,1600000.0,11585.0,-6757174.0,-8572.0,-6765746.0,,,,30000000.0,,,100180.0,2133531.0,,14861.0,,-200000.0,,,,1.5,,0.1,,,200000.0,,,,,,,2933705.0,,,1421677.0,,880096.0,,2933716.0,,,46500.0,2200000.0,296933.0,2326.0,,,589411.0,,576647.0,,,,,,3098520.0,,,,,,,,,,,,,,,,,2840728.0,2840728.0,,,,166332.0,576647.0,166332.0,,-0.89,,-0.003,0.25,-0.213,,0.5,,0.0,-0.04,,,-0.0305,,172411.0,3080329.0,287026.0,,-11342.0,14351.0,,7.0,273370.0,,,,,,,,,,,,,,,,,,,,,,,,,6.968,176776.0,,,-1000000.0,6165.0,,,,,,,73602.0,,-5220364.0,-5205503.0,-6927661.0,-5220364.0,-0.67,,-1722158.0,,1722158.0,-0.22,-1809251.0,14861.0,,,,,,,,,,,14861.0,,,,,,,,,,,,,,2065453.0,,-1451853.0,,39984.0,,,,,,,,,,158824.0,,,,,,64461.0,25537.0,,133742.0,,41053.0,133742.0,37112.0,,,,,,,,,,,,,0.0475,5587538.0,11388400.0,5587538.0,152124.0,,3290140.0,152124.0,,,,,,,,576647.0,576647.0,2398366.0,,,,,,,,,200000.0,-200000.0,410000.0,,,-8572.0,11829704.0,8791553.0,-8873916.0,-4441717.0,-2165632.0,-2803881.0,-6942522.0,-8572.0,-6933950.0,,,,,,,,,,2334315.0,,,78957.0,148143.0,1830148.0,,,41188.0,,,,,,,,,,,6800000.0,485507.0,,,1809251.0,,39960.0,176776.0,,,176776.0,,-6765746.0,8572.0,,,,37112.0,,200602.0,,,,,,-2944790.0,,,,,,,576647.0,,,,,,,,,,,,200000.0,,,695.0,,2865070.0,,,,,,,1600000.0,,1417736.0,,,4653440.0,6840000.0,,,589750.0,,,332909.0,,,,,,318434.0,212193.0,,,,,,,7122560.0,,,3835.0,,369027.0,2795136.0,2426109.0,,,,,,,1300000.0,0.095,148143.0,,,,,289486.0,,,,,,,-32391040.0,,-11245.0,,663013.0,,1.76,,46500.0,2334315.0,,,,,,,,,,3033370.0,3.58,,,,,,,,,,,,,5809434.0,5800862.0,,,,,,,,,,,,,,234666.0,,1000000.0,,14735.0,,,,,,,,,,,,,,7776306.0,,,,,,,,815577.0,,,,,,,,,,,,,,,,,,,
2020-03-31,2020-06-26,10-Q,"TD HOLDINGS, INC.",GLG,CIK0001556266,USD,,,,,,,,,,,,-336583.0,53606170.0,,,,,,-97229.0,,,,,,,,,,12614181.0,8877001.0,3737180.0,,,,,,,,,,,,,,,,,,,,,,,,,,,,27100.0,,27101.0,-2419582.0,-2419583.0,,100845.0,-1081429.0,320312.0,,,,3033370.0,,,,,0.001,13500000.0,100000000.0,28585111.0,28585111.0,,,28585.0,-352518.0,-4269.0,-356787.0,,,,,,,1055539.0,1055860.0,,48380.0,,,,,,,,,,,,,,,,,,3652525.0,,,,,,,,,32270.0,17187.0,,79578.0,388.0,0.08,,1155174.0,,,,,,,,,,,,,,,,,,,,,,,,,,5574891.0,,,,2240535.0,,,,,,,0.25,,,0.5,,,,,,,,-4761.0,,,,,14105.0,,,,,,,,302028.0,52352.0,,,,,,,,,,,,,,,,,,,7.0896,-2302.0,,,,,,,,,,,150256.0,,-94131.0,-94131.0,-354485.0,-94131.0,-0.007,-0.007,-260354.0,,260354.0,-0.019,963154.0,48380.0,,,,,,,,,,,48380.0,,,,,,,238775.0,,-94077.0,,,,,,,-130146.0,,60447.0,,,,,,134375.0,,,,36260.0,,,,,,80180.0,,,204657.0,,,,,,,,,,,,,,,,,0.0475,5570106.0,12614181.0,5368239.0,201867.0,,,,,,,,,,,2996970.0,3046338.0,,,,,,,,,,,,963154.0,,,-12841.0,1063278.0,962433.0,-3438195.0,-2356766.0,-39905.0,-360217.0,-354485.0,-4269.0,-350216.0,,,,,,,,,,301697.0,-151441.0,,95124.0,73580.0,14051.0,354380.0,,401034.0,365076.0,312413.0,,,,52663.0,,,,,,,,,,,278039.0,-2302.0,-141279.0,,-2302.0,5637.0,,4269.0,,388.0,,73480.0,,387255.0,,,,5637.0,,57310.0,,,,,,,1081429.0,,,,,,,,,,,,,,,,,2356766.0,,,,,,,1600000.0,,,,,,,,,,,,,,,,,,1063278.0,962433.0,,,,,,,,,,3386.0,,441061.0,2747194.0,2306133.0,,,,,,,,0.095,,,,,,,,,,,,,-32741256.0,,-11052.0,43647.0,1206116.0,,,,,301697.0,,,,,,,,,,,,,,,,,,,,,,,,7056916.0,7044075.0,,,,,,15000000.0,,,,,,,,,,,,14482.0,,,,,,,,,,,,,13673023.0,13673023.0,13673023.0,,,,,,,,,,,,,,,,,,,,,,,,,,
2020-06-30,2020-08-14,10-Q,"TD HOLDINGS, INC.",GLG,CIK0001556266,USD,,,34526.0,,1919873.0,,,,36281.0,,,-422253.0,126026170.0,,3400000.0,,,,,,,,,,,,,,94137171.0,90624273.0,3512898.0,,,,,,,,,,,,,,,,,,,,,,,,,,,,1487594.0,,1487594.0,,,,,,,,,,3033370.0,,,,,0.001,,100000000.0,68585111.0,68585111.0,,,68585.0,-5545351.0,-2804.0,-5548155.0,,,,,,,200679.0,1577981.0,,408829.0,,,,,,,,,,,,,,,,,,5908788.0,,,,,,,,,,16803.0,,,,,,1802275.0,,,,,,,,,,,,,,,,,,,,,,,,,,489302.0,,,,2480103.0,,,,,,,,,,,,,,,,,,,,,,,,,,,,,,,283680.0,,,,,,,,,,,,,,,,,,,,7.0697,-85669.0,,,,,,,,,,,364430.0,,,-4761565.0,-5053656.0,-5170394.0,-0.11,,-292091.0,,,-0.01,,408829.0,,,,,,,,,,,,,,,,,,,,,,,,,,,,,,,,,,,,,,,43888.0,,,,,,1804743.0,,,,,,332709.0,,,,,,,,,,,,,,0.0475,6681251.0,94137171.0,6531315.0,149936.0,,,,,,,,,,,83233866.0,2298699.0,,,,,,,,,,,,964711.0,,,-15645.0,,,,,,,-5462485.0,-2804.0,-5459681.0,,,,,,,,,491671.0,439128.0,,,92414.0,,,283680.0,,316128.0,290462.0,290462.0,,,,,,,,,,,,,,,664664.0,-85670.0,,-4447512.0,-85670.0,,,2804.0,,,,1843448.0,,1380814.0,,,4702121.0,,,-4686867.0,2828974.0,,,,,,,,,,,,,,,,,,,,,,,,,,,,,,,,,,,,,,,,,,,,,,,,,,,,,,,,,,-5462485.0,2240.0,,525108.0,2754927.0,2229819.0,,,,,,,,,,,,,,,,,,,,,-38200937.0,,-11083.0,26949.0,1942411.0,,,,,439128.0,,,,,,,,,,,,,,,,,,,,,,,,87471565.0,87455920.0,,,,,,,,,30000000.0,13500000.0,,,,,36000000.0,,,421281.0,,,,,,,,,,,,,,47486210.0,47486210.0,,,,,,,,,,,,,,,,,,,,,,,,,,
2020-09-30,2020-11-13,10-Q,"TD HOLDINGS, INC.",GLG,CIK0001556266,USD,369552.0,,15499.0,,,,,,30867.0,,,3092758.0,131393177.0,,,,,,,,,,,,,,,,98381360.0,97733836.0,647524.0,,,,,,,,,,,,,,,,,,,,,,,,,,,,,,2967557.0,,,,,,,,,,1363370.0,,,,,0.001,5000000.0,100000000.0,71130512.0,71130512.0,,5000000.0,71130.0,4061812.0,,,,,,,,,3697490.0,3714645.0,,1149563.0,,,,,,,,,,,,,,,,,,5305479.0,,,,,,,,,,,,,,,,3714645.0,,,,,,,,,,,,,,,,,,,,,,,,,,1469875.0,,,,2076573.0,,,0.01,0.01,0.01,,,,,,,,,,,,,,,,,,,,,,,,,,215658.0,,,,,,,,,,,,,,,,,,,,6.8033,3550684.0,,,,,,,,,,,3156708.0,,,4685480.0,4685480.0,3535917.0,0.06,,-2989116.0,,,-0.05,,1149563.0,,,,,,,,,,,,,,,,,,,,,,,,,,,,,,,,,,,,,,,,,,,,,1836016.0,,1828080.0,,,,126048.0,,,,,,,,,,,,,,0.0475,6478431.0,98381360.0,6478431.0,,,,,,,,,,,,87310943.0,,,,,,,,,,,,,410000.0,,,,,,,,,,546801.0,,,,,,,,,,,292080.0,292080.0,,,79098.0,,,215658.0,,237524.0,219517.0,219517.0,,,,,,,,,,,,,,,183810.0,3550684.0,,4061812.0,3515011.0,,4061812.0,,,,,,,656940.0,,,,1820852.0,,,5432099.0,,,,,,,,,,,,,,,,,,,,,,,,,,,,,,,,,,,,,,,,,,,,,,,,,,,,,,,,,,546801.0,,,,,,,,,,,,,,,,,,,,,,,,,,-37654136.0,,,2041570.0,6871353.0,,,,,292080.0,,,,,,,,,,,,,,,,,,,,,,,,91902929.0,91902929.0,,,,,,2000000.0,,,,,,5020028.0,,,,,,1633121.0,,,,,,,,,,,,,58625143.0,58625143.0,58625143.0,,,,,,,,,,,,,,,,,,,,,,,,,,
2020-12-31,2021-06-04,10-K,"TD HOLDINGS, INC.",GLG,CIK0001556266,USD,,15384380.0,21224.0,15384380.0,,,,,993985.0,,,6885495.0,151407253.0,,3400000.0,,,20100000.0,,,,,,,,,3400000.0,514618.0,167178482.0,78282311.0,88896171.0,,,,,2515744.0,93249822.0,,,,,,,,,,,,,,,,,,,,,,2700013.0,,2700013.0,,922737.0,,,,-125133.0,,,,,3033370.0,,,,0.001,,600000000.0,79131207.0,79131207.0,,,79131.0,1268163.0,,1268163.0,,,,,,,7853215.0,,,-2313854.0,,,,0.1095,,1.5,,,,,,135930.0,-135930.0,4893461.0,4893461.0,,,4452837.0,,,1858126.0,1742.0,1150269.0,,4452837.0,4893461.0,,,,,176225.0,,,24640471.0,,,,,,,,,,,,,,,,,,,,,,,,,55839045.0,55839045.0,,,888.0,7346021.0,,7346021.0,-0.12,-0.12,-0.12,-9.792,0.25,-8.456,,,,-0.008,-1.578,,0.5,,-2499428.0,-2499428.0,,410000.0,,,,,4281680.0,3420000.0,,,,,,,,,,,,,,543718.0,543718.0,,,,,,,543718.0,,,6.5326,7255448.0,,,,,,,,,,69322325.0,3628330.0,,-2400355.0,-222431.0,,-2400355.0,-0.05,,-3551258.0,3000000.0,3551258.0,-0.07,-410000.0,2177924.0,,,,,,,,5321874.0,,4327269.0,2313853.0,,,,,,4327269.0,,,,,,-403471.0,,,,2148993.0,,776626.0,-13317930.0,,,,19573846.0,,,,,,,104522.0,,,,-185106.0,,6239012.0,,,18073.0,8000.0,1290864.0,,,,0.075,,,,,,,,,,47149256.0,167178482.0,42255795.0,4893461.0,,,,,,,,,,,18432691.0,18432691.0,,,,,,,,,,,,,,,,106148679.0,106148679.0,-132582547.0,-132582547.0,29856033.0,29981166.0,-5951613.0,,-5951613.0,,,,,,18432691.0,,,,-3035598.0,,,192594.0,176225.0,,,,19573846.0,,,,,,,,,,,8800000.0,,32270.0,,410000.0,,1310562.0,,,,7219776.0,-5951613.0,1268163.0,,,,,6239012.0,,3197147.0,,,,,,-815163.0,,,2900000.0,,,,173673614.0,,,,,,,,82227328.0,,,,,,,,,47114208.0,,,,,,,,,,,30000000.0,20000000.0,,,,18500000.0,36353731.0,,,,,30000000.0,,,,170432603.0,,,,,,3060000.0,51273048.0,,-5951613.0,,,,,,,,,,,,4.0,,,,,,,318748.0,,,,,,,-39255945.0,913292.0,,2140840.0,28268801.0,,,,,3035598.0,,,,,,,,,,1903370.0,21.0,,,3400000.0,,,,,,,1653247.0,,,120029226.0,120029226.0,,,,,,,,,,,,27100.0,,37898.0,,,,5460631.0,,,,,,,,,,,,51273048.0,51273048.0,51273048.0,51273048.0,,2700013.0,,,,,566373.0,,69300000.0,6239943.0,,,,1653247.0,-5951613.0,,,,,-7219776.0,21224.0,,,16744094.0,,2181938.0
2021-03-31,2021-06-25,10-Q,"TD HOLDINGS, INC.",GLG,CIK0001556266,USD,,15328066.0,,,,,,,,,,6241917.0,179472904.0,,,,,,,,,,,,,170000.0,,883938.0,205139861.0,112409992.0,92729869.0,,,,,,,,,,,,,,,,,,,,,,,,,,,,5636001.0,,,,2935988.0,,,,,,,,,,,,,0.001,,100000000.0,96293566.0,96293566.0,5000000.0,,96294.0,-486812.0,,-486812.0,,,,,,4610250.0,9032412.0,29419643.0,,603616.0,,,,,417500.0,,,,0.1,0.8,,,-205458.0,,4672401.0,,,3240313.0,,,,,,,,,,,,,,,,,,,,,,,,,,,,,,,,,,,,,,,,,20366043.0,77015858.0,,,,9123472.0,,9123472.0,,,,,0.25,,,,,,,,,,,57113.0,,,,,,,,,,,,,,,,,,,,,,,1415729.0,,,,,,,,,,,-643578.0,,,,,,,,,,69068576.0,162614.0,,156766.0,557235.0,,156766.0,0.0016,0.0017,,,,,,400469.0,,,,,,,,,,,530511.0,,,,,,2943162.0,,,641386.0,,,,,,,-24417.0,,696357.0,8170226.0,,,1695042.0,23661293.0,,,,,69417.0,,,,,,2098857.0,,,,,,,639730.0,,,,,,,,,,,,,,58954459.0,205139861.0,54282058.0,4672401.0,,,,,,,,,,,19179132.0,19179132.0,,,,,,,,,,,,,,,,32154582.0,32154582.0,-25060192.0,-25060192.0,-4215515.0,-4215515.0,156766.0,,156766.0,,,,,,,,,,1570379.0,-1407765.0,,29915.0,,,,,,,,,,,,,,,,,,26270.0,,,,2500626.0,,,,-643578.0,,,,,,,532730.0,,3164672.0,,,,-6434.0,,1965000.0,,,,,,,,,,,,,,,,,,5090323.0,,,,,,18662034.0,,,8078375.0,,,,,,,,4500000.0,,,,,,,2192988.0,,,,,,,,1196697.0,,,,,,,,,,,,,,,,,,,,,,,,,,,,185103.0,,,,,,,-40539005.0,,,,29582257.0,,,,,1570379.0,,,,,,,,,,,,,,,,,,,,,1464174.0,,,146185402.0,146185402.0,,,,,5000000.0,,,,,,,,,,,,,5971376.0,,,,,,,,,,,,,95764295.0,95764295.0,93209034.0,,,,,,,,,,,,,,,,,,,,,,,,,,
2021-06-30,2021-08-16,10-Q,"TD HOLDINGS, INC.",GLG,CIK0001556266,USD,,2301057.0,,,2523.0,,,,,,,8948065.0,181174696.0,,,,,,,,,,,,,,,,186587444.0,93497746.0,93089698.0,,,,,,,,,,,,,,,,,,,,,,,,,,,,6896515.0,,,,,,,,,,,,,,,,,0.001,,100000000.0,97043566.0,97043566.0,,,97044.0,3064064.0,,3064004.0,,,,,,5219360.0,57932603.0,59466531.0,,,,,,,417500.0,,,,0.1,,,,,,4535242.0,,,4167055.0,,,,,,,,,,,,,,,,,,,,,,,,,,,,,,,,,,,,,,,,,,20366043.0,,,,1349180.0,,1349180.0,,,,,,,,,,,,,,,,,,,,,,,,,,,,,,,,,,,,,,,2448169.0,2023075.0,4791445.0,4046149.0,4046149.0,4046149.0,4046149.0,,22999116.0,,,2706148.0,,,,,,,,,,70088377.0,373116.0,,,729249.0,,357856.0,0.0,0.0,,,,,,371393.0,,,,,,,,,,,,,,,,,,,,,,,,,,,,,,,,,,22999116.0,,,,,,,,,,,2946236.0,,,,,,,545670.0,883961.0,883961.0,,,,,,,,,,,,37330538.0,186587444.0,32795296.0,4535242.0,,,,,,,,,,,59504874.0,59504874.0,,1996533.0,,,,,,,,,,,,,,,,,,,,357856.0,,357856.0,,,,,,,,,,2054354.0,,,,,,,,,,,,,,,,,,,,,,,,,728738.0,,,,2706148.0,,,,,,,916010.0,,2930193.0,,,,-379924.0,,2410487.0,,,,,,,,,,,,,,,,,,,,,,,,,,,5115092.0,,,,,,,,,,,,,,,,,,,,,,,,,,,,,,,,-357856.0,2205.0,,,,,,,,,,,,,,,,,,,,,,,,,-41876191.0,,,,59839647.0,,,,,2054354.0,,,,,,,,,0.0,,,,,,,,,,,,1300068.0,,,149256906.0,149256906.0,,,,,,,,,,,,,,,7500.0,,,6703087.0,,,,,,,,,,,,,102312155.0,,96821039.0,,,,,,,,,,,,,,,,,,,,,,,,,,
2021-09-30,2021-11-12,10-Q,"TD HOLDINGS, INC.",GLG,CIK0001556266,USD,,,,,,,,,,,,8342686.0,222683671.0,,,,,,,,,,,,,,,,218785528.0,127050884.0,91734644.0,,,,,,,,,,,,,,,434584.0,,,,,,,,,,,,,4291390.0,,4291390.0,,,,,,,,,,,,19273370.0,,,0.001,,600000000.0,134913029.0,134913029.0,,,134913.0,-147764.0,,,,,,,,2574624.0,,52800052.0,,,,,,,459250.0,,,,0.1,,,,,,4312941.0,,,4134319.0,,,,,,,,,,,,,,0.1,,,,,,,,,,,,,,,,,,,,,,,,,,,12083999.0,12083999.0,,,22785.0,22878.0,,22878.0,0.0,,0.0,,,,,,,,,,,,,,,,,,,,,,,,,,,,,,,,,,,3012213.0,,1007763.0,4773566.0,4031051.0,4031051.0,4031051.0,4031051.0,3446797.0,21905533.0,,,-605379.0,,,,,,,,,,69826845.0,1973754.0,,,1147637.0,,457615.0,0.0,,,,,,,690022.0,,,,,,,,,,,,,,,,,,,,,,,,,,,,,,,,,,21905533.0,,,,,,,,,,,1809398.0,,1840962.0,,,,,1850147.0,,,,,,,,,,,,,,,218785528.0,23816601.0,4312941.0,,,,,,,,,,,,,,462185.0,,,,,,,,,,,,,,,,,,,,457615.0,,,,,,,,,,,,2367798.0,,,,,,,,,,,,,,,,,,,,,,,,,6742586.0,,,,-605379.0,,-147764.0,,,,,251014.0,,3820365.0,,,,1541681.0,,,,,,,,,,,,,,,,,,,,,,,,,,,,,,,,,,,,,,,,,,,,,,,,,,,,,,,,,,,,,457615.0,2266.0,,,,,,,,,,,,,,,,,,,,,,,,,-41418576.0,,,,54773806.0,,,,,2226398.0,,,,,,,,,,19273370.0,1.43,,,,,,,,,,1110186.0,,,190655986.0,190655986.0,,,,,,,,,,141400.0,,,,,,,,7571307.0,,,,,,,,,,,,,108621947.0,,102091312.0,,,,,,,,,,,,,,,,,,,,,,21850000.0,,,,
2021-12-31,2022-03-16,10-K,"TD HOLDINGS, INC.",GLG,CIK0001556266,USD,,3337758.0,,,,,,,1265106.0,,627.0,11666607.0,224790409.0,,,,,,,,,,,,,,,3927961.0,227436233.0,134258763.0,93177470.0,,,,,,,,,,,,,,,631516.0,,,,,,,,,,,,,4311068.0,,,,1611055.0,,,,,,,,,,19273370.0,,,0.001,,600000000.0,138174150.0,138174150.0,,,138174.0,,,,,,,,,3562158.0,173996000.0,,,-2817146.0,,,,,,,,,0.1,0.8,,825945.0,-825945.0,4178238.0,4178238.0,,,,,,2797851.0,41595.0,1732003.0,,4878864.0,4178238.0,,,,622.0,,,,198125629.0,,,,,,,,,,,,,,,,,,,,,,,,,11358373.0,11358373.0,,,21174.0,21174.0,,21174.0,-0.01,-0.01,-0.01,1.895,,1.321,,,,0.003,0.321,,0.5,,979382.0,1705958.0,,,,,,,,,,,,,,,,,,,,,,3899688.0,,2990457.0,4100409.0,4100409.0,4100409.0,4100409.0,4100409.0,4531204.0,21257337.0,,,4781112.0,,,,,,,,,,71028283.0,3008613.0,,-940357.0,1050844.0,,-940357.0,-0.01,,,,,,,1991201.0,,75416.0,,,,,,,-3299002.0,,2808268.0,,,,,,496242.0,,,-5516085.0,,,,,,,1039735.0,,-5558942.0,,,,,21257337.0,,,,,,,,,,,-313965.0,,10075630.0,,,92062.0,,3090353.0,,,,,,,,,,,,,,31563878.0,227436233.0,26799020.0,4764858.0,,,,,,,,,,,,,,476779.0,,,,,,,,,,,,,,64118618.0,64118618.0,-71520955.0,-71520955.0,8034010.0,8034010.0,-940357.0,,-940357.0,,,,,,,,,,-9973923.0,,,,,,,,888978.0,,,,,,,,,,,,,,,,,3288003.0,,,,,-940357.0,3840755.0,,,622.0,,-285774.0,,4297793.0,,,,,,8016154.0,,,,417784.0,,,,,,,,,,,15579946.0,,,5115803.0,923964.0,,,,3469.0,,,,,,,,,,,,6500000.0,,,,,,,,,,,,,,,13504542.0,,,,,,,,,-940357.0,2872.0,,,,,,,,,,,,,,,,,,,,,,,,,-42200603.0,1477567.0,,,201134242.0,,,,,,,1836442.0,,,,,,19750000.0,,19273370.0,1.43,1.48,1.11,,,,,,,,1129288.0,,,195872355.0,195872355.0,,,,,5000000.0,,,2380000.0,,1836442.0,,,,,7500.0,,,8441531.0,,,,,,,,,,,,121099328.0,121099328.0,107417633.0,107417633.0,69322325.0,4311068.0,3370000.0,897285.0,,,,,71028283.0,10079776.0,931995.0,310665.0,310665.0,1129288.0,-940357.0,310665.0,586620.0,45309.0,0.0475,-4781112.0,939818.0,,3499.0,22442812.0,5.0,2092869.0
