end,filed,form,Name,Ticker,CIK,Currency,AccountsAndNotesReceivableNet,AccountsPayableAndAccruedLiabilitiesCurrent,AccountsPayableCurrent,AccountsPayableRelatedPartiesCurrent,AccountsPayableRelatedPartiesNoncurrent,AccruedProfessionalFeesCurrent,AccumulatedDepreciationDepletionAndAmortizationPropertyPlantAndEquipment,AccumulatedOtherComprehensiveIncomeLossNetOfTax,AdditionalPaidInCapital,AdditionalPaidInCapitalCommonStock,AdjustmentOfWarrantsGrantedForServices,AdjustmentsNoncashItemsToReconcileNetIncomeLossToCashProvidedByUsedInOperatingActivities,AdjustmentsToAdditionalPaidInCapitalConvertibleDebtWithConversionFeature,AdjustmentsToAdditionalPaidInCapitalSharebasedCompensationRequisiteServicePeriodRecognitionValue,AdjustmentsToAdditionalPaidInCapitalWarrantIssued,AdjustmentsToReconcileNetIncomeLossToCashProvidedByUsedInOperatingActivities,AllocatedShareBasedCompensationExpense,AllowanceForDoubtfulAccountsReceivable,AllowanceForDoubtfulOtherReceivablesCurrent,AllowanceForNotesAndLoansReceivableNoncurrent,AmortizationOfDebtDiscountPremium,AmortizationOfDeferredCharges,AntidilutiveSecuritiesExcludedFromComputationOfEarningsPerShareAmount,AreaOfLand,Assets,AssetsCurrent,AssetsFairValueDisclosureNonrecurring,AssetsFairValueDisclosureRecurring,AssetsHeldForSaleNotPartOfDisposalGroupCurrent,AssetsNoncurrent,CapitalizedComputerSoftwareAccumulatedAmortization,CapitalizedComputerSoftwareAdditions,CapitalizedComputerSoftwareAmortization1,CapitalizedComputerSoftwareGross,CapitalizedComputerSoftwareNet,CashAndCashEquivalentsAtCarryingValue,CashAndCashEquivalentsPeriodIncreaseDecrease,CashCashEquivalentsRestrictedCashAndRestrictedCashEquivalents,CashCashEquivalentsRestrictedCashAndRestrictedCashEquivalentsIncludingDisposalGroupAndDiscontinuedOperations,CashCashEquivalentsRestrictedCashAndRestrictedCashEquivalentsPeriodIncreaseDecreaseIncludingExchangeRateEffect,CashFlowsBetweenTransfereeAndTransferorServicingFees,ClassOfWarrantOrRightExercisePriceOfWarrantsOrRights1,ClassOfWarrantOrRightNumberOfSecuritiesCalledByWarrantsOrRights,ClassOfWarrantOrRightOutstanding,CommitmentsAndContingencies,CommonStockDividendsShares,CommonStockParOrStatedValuePerShare,CommonStockSharesAuthorized,CommonStockSharesIssued,CommonStockSharesOutstanding,CommonStockValue,ComprehensiveIncomeNetOfTax,ConstructionInProgressExpendituresIncurredButNotYetPaid,ConstructionInProgressGross,ConstructionLoan,ConversionOfStockSharesIssued1,CostOfRevenue,CustomerAdvancesAndDeposits,CustomerAdvancesAndDepositsCurrent,CustomerAdvancesCurrent,CustomerAdvancesForConstruction,DebtConversionConvertedInstrumentAmount1,DebtConversionConvertedInstrumentSharesIssued1,DebtConversionOriginalDebtAmount1,DebtInstrumentDecreaseForgiveness,DebtInstrumentIncreaseAccruedInterest,DebtInstrumentUnamortizedDiscount,DebtInstrumentUnamortizedDiscountCurrent,DebtInstrumentUnamortizedDiscountNoncurrent,DeferredIncomeTaxAssetsNet,DeferredIncomeTaxLiabilities,DeferredRevenueAdditions,DeferredRevenueCurrent,DeferredTaxAssetsGross,DeferredTaxAssetsLiabilitiesNet,DeferredTaxAssetsNet,DeferredTaxAssetsOperatingLossCarryforwards,DeferredTaxAssetsOther,DeferredTaxAssetsValuationAllowance,DepositAssets,DepositLiabilitiesAccruedInterest,DepositsAssetsCurrent,Depreciation,DepreciationAndAmortization,DepreciationDepletionAndAmortization,DevelopmentStageEnterpriseDeficitAccumulatedDuringDevelopmentStage,DueFromAffiliateCurrent,DueFromOtherRelatedPartiesNoncurrent,DueToRelatedPartiesNoncurrent,EarningsPerShareBasic,EarningsPerShareBasicAndDiluted,EarningsPerShareDiluted,EffectiveIncomeTaxRateContinuingOperations,EffectiveIncomeTaxRateReconciliationAtFederalStatutoryIncomeTaxRate,EffectiveIncomeTaxRateReconciliationStateAndLocalIncomeTaxes,EmployeeBenefitsAndShareBasedCompensation,EmployeeServiceShareBasedCompensationNonvestedAwardsTotalCompensationCostNotYetRecognized,EmployeeServiceShareBasedCompensationNonvestedAwardsTotalCompensationCostNotYetRecognizedStockOptions,EscrowDeposit,EscrowDepositsRelatedToPropertySales,FiniteLivedComputerSoftwareGross,GainLossOnSaleOfPropertyPlantEquipment,GainsLossesOnExtinguishmentOfDebt,GeneralAndAdministrativeExpense,GrossProfit,ImpairmentOfLongLivedAssetsToBeDisposedOf,IncomeLossFromContinuingOperations,IncomeLossFromContinuingOperationsBeforeIncomeTaxesExtraordinaryItemsNoncontrollingInterest,IncomeLossFromContinuingOperationsIncludingPortionAttributableToNoncontrollingInterest,IncomeTaxExpenseBenefit,IncomeTaxesPaid,IncreaseDecreaseDueFromAffiliates,IncreaseDecreaseInAccountsPayable,IncreaseDecreaseInAccountsPayableAndAccruedLiabilities,IncreaseDecreaseInAccountsPayableRelatedParties,IncreaseDecreaseInAccruedInterestReceivableNet,IncreaseDecreaseInAccruedLiabilities,IncreaseDecreaseInBookOverdrafts,IncreaseDecreaseInCustomerAdvances,IncreaseDecreaseInDeferredRevenue,IncreaseDecreaseInDeferredRevenueAndCustomerAdvancesAndDeposits,IncreaseDecreaseInDueToRelatedParties,IncreaseDecreaseInFinanceReceivables,IncreaseDecreaseInInterestAndDividendsReceivable,IncreaseDecreaseInInterestPayableNet,IncreaseDecreaseInNotesPayableCurrent,IncreaseDecreaseInNotesPayableRelatedParties,IncreaseDecreaseInNotesReceivableCurrent,IncreaseDecreaseInOperatingCapital,IncreaseDecreaseInOperatingLeaseLiability,IncreaseDecreaseInOtherAccountsPayable,IncreaseDecreaseInOtherAccountsPayableAndAccruedLiabilities,IncreaseDecreaseInOtherAccruedLiabilities,IncreaseDecreaseInPrepaidExpense,IncreaseDecreaseInPrepaidTaxes,IncreaseDecreaseInRestrictedCash,InterestAndDividendsPayableCurrent,InterestCostsCapitalized,InterestExpense,InterestExpenseOther,InterestExpenseRelatedParty,InterestIncomeExpenseAfterProvisionForLoanLoss,InterestIncomeOperating,InterestIncomeOther,InterestIncomeRelatedParty,InterestPaid,InterestPaidNet,InterestPayableCurrent,InterestReceivable,InterestReceivableCurrent,InventoriesPropertyHeldForSaleCurrent,InvestmentIncomeInterest,IssuanceOfStockAndWarrantsForServicesOrClaims,Land,LandAvailableForSale,LeaseAndRentalExpense,LegalFees,LesseeOperatingLeaseDiscountRate,LesseeOperatingLeaseLiabilityPaymentsDue,LesseeOperatingLeaseLiabilityPaymentsDueAfterYearFive,LesseeOperatingLeaseLiabilityPaymentsDueNextTwelveMonths,LesseeOperatingLeaseLiabilityPaymentsDueYearFive,LesseeOperatingLeaseLiabilityPaymentsDueYearFour,LesseeOperatingLeaseLiabilityPaymentsDueYearThree,LesseeOperatingLeaseLiabilityPaymentsDueYearTwo,LesseeOperatingLeaseLiabilityPaymentsRemainderOfFiscalYear,LesseeOperatingLeaseLiabilityUndiscountedExcessAmount,Liabilities,LiabilitiesAndStockholdersEquity,LiabilitiesCurrent,LiabilitiesFairValueDisclosureNonrecurring,LiabilitiesFairValueDisclosureRecurring,LiabilitiesNoncurrent,LineOfCredit,LongTermNotesPayable,MarketingAndAdvertisingExpense,MarketingExpense,NetCashProvidedByUsedInFinancingActivities,NetCashProvidedByUsedInFinancingActivitiesContinuingOperations,NetCashProvidedByUsedInInvestingActivities,NetCashProvidedByUsedInOperatingActivities,NetIncomeLoss,NonoperatingIncomeExpense,NotesAndLoansReceivableNetCurrent,NotesAndLoansReceivableNetNoncurrent,NotesPayableCurrent,NotesPayableRelatedPartiesClassifiedCurrent,NotesPayableRelatedPartiesNoncurrent,NotesReceivableNet,NotesReceivableRelatedPartiesCurrent,NotesReceivableRelatedPartiesNoncurrent,OperatingExpenses,OperatingIncomeLoss,OperatingLeaseExpense,OperatingLeaseLeaseIncome,OperatingLeaseLiability,OperatingLeaseLiabilityCurrent,OperatingLeaseLiabilityNoncurrent,OperatingLeaseRightOfUseAsset,OperatingLeasesFutureMinimumPaymentsDue,OperatingLeasesFutureMinimumPaymentsDueCurrent,OperatingLeasesFutureMinimumPaymentsDueFutureMinimumSubleaseRentals,OperatingLeasesFutureMinimumPaymentsDueInFiveYears,OperatingLeasesFutureMinimumPaymentsDueInFourYears,OperatingLeasesFutureMinimumPaymentsDueInThreeYears,OperatingLeasesFutureMinimumPaymentsDueInTwoYears,OperatingLeasesFutureMinimumPaymentsDueThereafter,OperatingLeasesIncomeStatementLeaseRevenue,OperatingLeasesRentExpenseNet,OperatingLossCarryforwards,OtherAssets,OtherCostAndExpenseOperating,OtherDeferredCostAmortizationExpense,OtherDepreciationAndAmortization,OtherGeneralAndAdministrativeExpense,OtherIncome,OtherLiabilitiesCurrent,OtherNonoperatingIncomeExpense,OtherNotesPayableCurrent,OtherOperatingIncomeExpenseNet,OtherResearchAndDevelopmentExpense,PaymentsForAdvanceToAffiliate,PaymentsForConstructionInProcess,PaymentsForDepositsAppliedToDebtRetirements,PaymentsForLoans,PaymentsForOperatingActivities,PaymentsForProceedsFromDepositOnLoan,PaymentsForPurchaseOfOtherAssets,PaymentsForRepurchaseOfCommonStock,PaymentsOfFinancingCosts,PaymentsOfStockIssuanceCosts,PaymentsToAcquireLandHeldForUse,PaymentsToAcquireNotesReceivable,PaymentsToAcquirePropertyPlantAndEquipment,PaymentsToDevelopSoftware,PostconfirmationDeferredFinancingCosts,PreferredStockParOrStatedValuePerShare,PreferredStockSharesAuthorized,PreferredStockSharesIssued,PreferredStockSharesOutstanding,PreferredStockValue,PrepaidExpenseAndOtherAssetsCurrent,PrepaidExpenseCurrent,PrepaidRent,ProceedsFromCollectionOfNotesReceivable,ProceedsFromIssuanceOfCommonStock,ProceedsFromIssuanceOfWarrants,ProceedsFromNotesPayable,ProceedsFromPartnershipContribution,ProceedsFromRelatedPartyDebt,ProceedsFromRepaymentsOfNotesPayable,ProceedsFromRepaymentsOfRelatedPartyDebt,ProceedsFromSecuredNotesPayable,ProceedsFromStockOptionsExercised,ProceedsFromWarrantExercises,ProfessionalAndContractServicesExpense,ProfessionalFees,ProfitLoss,PropertyPlantAndEquipmentGross,PropertyPlantAndEquipmentNet,ProvisionForDoubtfulAccounts,RelatedPartyTransactionExpensesFromTransactionsWithRelatedParty,RepaymentOfNotesReceivableFromRelatedParties,RepaymentsOfNotesPayable,RepaymentsOfRelatedPartyDebt,RestrictedCashAndCashEquivalents,RetainedEarningsAccumulatedDeficit,Revenues,RightOfUseAssetObtainedInExchangeForOperatingLeaseLiability,SalesRevenueServicesNet,SecurityDeposit,ShareBasedCompensation,ShareBasedCompensationArrangementByShareBasedPaymentAwardEquityInstrumentsOtherThanOptionsNonvestedNumber,ShareBasedCompensationArrangementByShareBasedPaymentAwardEquityInstrumentsOtherThanOptionsVestedInPeriod,ShareBasedCompensationArrangementByShareBasedPaymentAwardOptionsExercisesInPeriodTotalIntrinsicValue,ShareBasedCompensationArrangementByShareBasedPaymentAwardOptionsExpirationsInPeriod,ShareBasedCompensationArrangementByShareBasedPaymentAwardOptionsForfeituresAndExpirationsInPeriod,ShareBasedCompensationArrangementByShareBasedPaymentAwardOptionsForfeituresAndExpirationsInPeriodWeightedAverageExercisePrice,ShareBasedCompensationArrangementByShareBasedPaymentAwardOptionsForfeituresInPeriod,ShareBasedCompensationArrangementByShareBasedPaymentAwardOptionsGrantsInPeriodGross,ShareBasedCompensationArrangementByShareBasedPaymentAwardOptionsOutstandingIntrinsicValue,ShareBasedCompensationArrangementByShareBasedPaymentAwardOptionsOutstandingNumber,ShareBasedCompensationArrangementByShareBasedPaymentAwardOptionsOutstandingWeightedAverageExercisePrice,ShareBasedCompensationArrangementByShareBasedPaymentAwardOptionsVestedAndExpectedToVestExercisableAggregateIntrinsicValue,ShareBasedCompensationArrangementByShareBasedPaymentAwardOptionsVestedAndExpectedToVestExercisableNumber,ShareBasedCompensationArrangementByShareBasedPaymentAwardOptionsVestedAndExpectedToVestExercisableWeightedAverageExercisePrice,ShareBasedCompensationArrangementByShareBasedPaymentAwardOptionsVestedAndExpectedToVestOutstandingNumber,ShareBasedCompensationArrangementByShareBasedPaymentAwardOptionsVestedAndExpectedToVestOutstandingWeightedAverageExercisePrice,ShareBasedCompensationArrangementsByShareBasedPaymentAwardOptionsExercisesInPeriodWeightedAverageExercisePrice,ShareBasedCompensationArrangementsByShareBasedPaymentAwardOptionsExpirationsInPeriodWeightedAverageExercisePrice,ShareBasedCompensationArrangementsByShareBasedPaymentAwardOptionsForfeituresInPeriodWeightedAverageExercisePrice,ShareBasedCompensationArrangementsByShareBasedPaymentAwardOptionsGrantsInPeriodWeightedAverageExercisePrice,SharebasedCompensationArrangementBySharebasedPaymentAwardCompensationCost1,SharebasedCompensationArrangementBySharebasedPaymentAwardOptionsExercisableIntrinsicValue1,SharePrice,SharesOutstanding,StockGrantedDuringPeriodValueSharebasedCompensation,StockholdersEquity,StockholdersEquityIncludingPortionAttributableToNoncontrollingInterest,StockholdersEquityNoteStockSplitConversionRatio1,StockholdersEquityOther,StockIssued1,StockIssuedDuringPeriodSharesIssuedForServices,StockIssuedDuringPeriodSharesNewIssues,StockIssuedDuringPeriodSharesOther,StockIssuedDuringPeriodSharesStockOptionsExercised,StockIssuedDuringPeriodSharesTreasuryStockReissued,StockIssuedDuringPeriodValueConversionOfConvertibleSecurities,StockIssuedDuringPeriodValueIssuedForCash,StockIssuedDuringPeriodValueIssuedForNoncashConsiderations,StockIssuedDuringPeriodValueIssuedForServices,StockIssuedDuringPeriodValueNewIssues,StockIssuedDuringPeriodValueOther,StockIssuedDuringPeriodValuePurchaseOfAssets,StockIssuedDuringPeriodValueStockDividend,StockIssuedDuringPeriodValueStockOptionsExercised,StockIssuedDuringPeriodValueTreasuryStockReissued,StockOptionPlanExpense,TaxesAndLicenses,TechnologyServicesRevenue,TravelAndEntertainmentExpense,UnrecognizedTaxBenefits,UnrecognizedTaxBenefitsIncomeTaxPenaltiesAndInterestExpense,ValuationAllowanceDeferredTaxAssetChangeInAmount,WarrantsAndRightsOutstanding,WeightedAverageNumberDilutedSharesOutstandingAdjustment,WeightedAverageNumberOfDilutedSharesOutstanding,WeightedAverageNumberOfShareOutstandingBasicAndDiluted,WeightedAverageNumberOfSharesOutstandingBasic
2012-12-31,2013-02-14,10-Q,"Americann, Inc.",ACAN,CIK0001508348,USD,,,295.0,,,,,,,661839.0,,-1795.0,,,,,,,,,,,,,0.0,0.0,,,,0.0,,,,,,0.0,0.0,,,,0.0,,,,,,0.0001,100000000.0,16100000.0,16100000.0,1610.0,-1795.0,,,,,,,,,,,,,0.0,,,,,,,,,,,,,,,,,,,,,,,,4000.0,0.0,0.0,0.0,,,,,,,,,,,,1795.0,0.0,,-1795.0,-1795.0,-1795.0,,0.0,,-295.0,,,,295.0,,,,,,,,,,,,295.0,,,,,,,,,,,,,,,,,0.0,,,,,,,0.0,,,,,,,,,,,,,,,4295.0,0.0,295.0,,,2500.0,,,,,1500.0,,0.0,-1500.0,-1795.0,,,,,,,,,,1795.0,-1795.0,,,,,,,,,,,,,,,,0.0,,,1795.0,,,1795.0,0.0,,,,,,,,,,,,,,,,,,,,,0.0001,20000000.0,,,,,,,,0.0,,,,1500.0,,1500.0,,,,,0.0,-1795.0,,,,,,,,,-667744.0,0.0,,,,,,,,,,,,,,,2.5,,,,,,,,,,,,,,,,-4295.0,,,,,,,,,,,0.0,,,,,,,,,,,,,,,5000000.0,,16100000.0,,16100000.0
2013-03-31,2013-05-14,10-Q,"Americann, Inc.",ACAN,CIK0001508348,USD,,,2500.0,,,,,-665949.0,661839.0,661839.0,,,,,,,,,,,,,,,,,,,,,,,,,,0.0,,,,,0.0,,,,,,0.0001,100000000.0,16100000.0,16100000.0,1610.0,-1085.0,,,,,,,,,,,,,,,,,,,,,,,,,,,,,,,,,,,,,5380.0,0.0,0.0,0.0,,,,,,,,,,,,1085.0,,,-1085.0,-1085.0,-1085.0,,,,,,,,,,,,,,,,,,,,,,,,,,,,,,,,,,,,,,,,,,,,,,,,0.0,,,,,,,,,,,5380.0,,2500.0,,,,,,,,,,,,-1085.0,,,,,,,,,,1085.0,-1085.0,,,,,,,,,,,,,,,,,,,1085.0,,,1085.0,0.0,,,,,,,,,,,,,,,,,,,,,0.0001,20000000.0,,,,,,,,,,,,,,,,,,0.0,0.0,,,,,,,,,,-668829.0,0.0,,,,,,,,,,,,,,,2.5,,,,,,,,,,,,,,,,-5380.0,,,,,,,,,,,,,,,,,,,,,,0.0,,,,5000000.0,,16100000.0,,16100000.0
2013-06-30,2013-08-14,10-Q,"Americann, Inc.",ACAN,CIK0001508348,USD,,,2500.0,,,,,-665949.0,661839.0,661839.0,,,,,,,,,,,,,,,,,,,,,,,,,,,,,,,,,,,,,0.0001,100000000.0,16100000.0,16100000.0,1610.0,-5750.0,,,,,,,,,,,,,,,,,,,,,,,,,,,,,,,,,,,,,11130.0,0.0,0.0,0.0,,,,,,,,,,,,5750.0,,,-5750.0,-5750.0,-5750.0,,,,,,,,,,,,,,,,,,,,,,,,,,,,,,,,,,,,,,,,,,,,,,,,,,,,,,,,,,,11130.0,,2500.0,,,,,,,,,,,,-5750.0,,,,,,,,,,5750.0,-5750.0,,,,,,,,,,,,,,,,,,,5750.0,,,5750.0,,,,,,,,,,,,,,,,,,,,,,0.0001,20000000.0,,,,,,,,,,,,,,,,,,,,,,,,,,,,,-674579.0,,,,,,,,,,,,,,,,2.5,,,,,,,,,,,,,,,,-11130.0,,,,,,,,,,,,,,,,,,,0.0,,,,,,,5000000.0,,16100000.0,,16100000.0
2013-09-30,2013-12-30,10-K,"Americann, Inc.",ACAN,CIK0001508348,USD,,,0.0,0.0,,,,,661839.0,661839.0,,-12601.0,,,,,,,,,,,,,0.0,0.0,,,,,,,,,,0.0,2500.0,,,,,,,,0.0,,0.0001,100000000.0,16100000.0,0.0,1610.0,2500.0,,,,,,,,,,,,,,,,,,,,,,,,,,,,,,,,,,663449.0,,,,0.0,,0.0,,,,,,,,,,,,,,,,2500.0,2500.0,,,,15101.0,,,,,,,,,,,,,,,,15101.0,,,,,,,,,,,,,,,,,,,,,,,,,,,,,,,,,,,,,,,0.0,0.0,,,,,,,,,,,,2500.0,2500.0,15101.0,,,,,,,,,12601.0,-12601.0,,,,,,,,,,,,,,,,,,,12601.0,,,,,,15101.0,,,,,,,,,,,,,,,,,,,0.0001,20000000.0,0.0,0.0,0.0,,0.0,,,,,,,,,,,,,,,-12601.0,,0.0,,,,,,,-663449.0,,,,,,,,,,,,,,,,,,,,,,,,,,,,,16100000.0,,0.0,0.0,,,,,,,,,,,,,,,,,,,,,,,,,,5000000.0,,16100000.0,,16100000.0
2013-12-31,2014-02-19,10-Q,"Americann, Inc.",ACAN,CIK0001508348,USD,,,200.0,5500.0,,,,,661839.0,,,,,,,,,,,,,,,,0.0,0.0,,,,,,,,,,0.0,0.0,,,,600.0,,,5000000.0,,,0.0001,100000000.0,16100000.0,16100000.0,1610.0,,,,,,,,,,,,,,0.0,,,,,,,,,,,,,,,,,,,,,669149.0,,,,,0.0,,,,,,,,,,,,,5700.0,,,-5700.0,,,,0.0,,-200.0,,,,,,,,,,,,,,,,,,,,,,,,,,,,,,,,,0.0,,,,,,,0.0,,,,,,,,,,,,,,,5700.0,0.0,,,,,,,,,5500.0,,,-5500.0,-5700.0,,,,,,,,,,,,,,,,,,,,,,,,,,,200.0,,,,,,0.0,0.0,,,,,,,,,,,,,,,,,,,,,0.0001,20000000.0,0.0,0.0,0.0,,,,,0.0,,,,5500.0,,,,,,,4900.0,,,,,,,,,,,0.0,,,,,,,,,,,,,,,,,,,,,,,,,,,,,,-5700.0,,,,,,,,,,,,0.0,,,,,,,,,,,,,,,,,,,16100000.0
2014-03-31,2014-05-20,10-Q,"Americann, Inc.",ACAN,CIK0001508348,USD,,,5849.0,5600.0,,,,,1395876.0,,,,,,,,,,,,,,,,602300.0,602300.0,,,,,,,,,,572300.0,,,,,799.0,,,,,,0.0001,100000000.0,15728667.0,15728667.0,1573.0,,,,,,,,,,,,,,,,,,,,,,,,,,,,,,,,,,,806598.0,,,,,-0.01,,,,,,,,,,,,,137449.0,,,-137449.0,,,,,,,,,,,,,,,,,,,,,,,,,,,,,,,,,,,,,,,,,,,,,,,,,,71950.0,,,,,,,,,,,11449.0,602300.0,,,,,,,,,,,,,-137449.0,,,,,,,,,,,,,,,,,,,,,,,,,,,,,,,,,21463.0,0.0,,,,,,,,,,,,,,,,,,,,,0.0001,20000000.0,0.0,0.0,0.0,,30000.0,,,,,,,,,,,,,34140.0,3750.0,,,,,,,,,,,0.0,,,,,,,,,,,,,,,,,,,,,,,,,,,,,,590851.0,,,,,,,,,,,,,,,,,,,,,,,5347.0,,,,,,,,15625222.0
2014-06-30,2014-08-14,10-Q,"Americann, Inc.",ACAN,CIK0001508348,USD,,,10129.0,10535.0,,,,,1497328.0,,,,,,,,,,,,,,,,494758.0,287081.0,,,,,,,,,,31095.0,,,,,3803.0,,,,0.0,,0.0001,100000000.0,15816667.0,15816667.0,1582.0,,,,,,,,,,,,,,,,,,,,,,,,,,,,,,,,,,,1024816.0,,,,,-0.05,,,,,102988.0,,,250000.0,,,,,678023.0,,,-774276.0,,,,,,,,,,,,,,,,,,,,,,,,,,,,,,,,0.0,,0.0,,,986.0,,,,,986.0,,,986.0,,,,0.0,48997.0,,,,,,,,,,,20664.0,,20664.0,,,,,,333.0,,,,,,-773290.0,,,,,,,200000.0,,,774276.0,,,,,,,,,,18330.0,,,,,,,0.0,,203110.0,,,,28320.0,,,,,986.0,,,,,,,,,,,,,,,,,0.0001,20000000.0,0.0,0.0,,,5000.0,,,,,,,,,,,,,78000.0,95920.0,,,0.0,,,,,,,,0.0,,,3110.0,,,,,,,,,,,,,,,,,,,,,,,,,,,474094.0,,,,,,,,,,,,,,,,,,,,35460.0,,0.0,13405.0,,,,,,,15735937.0,15735937.0
2014-09-30,2015-02-18,10-K,"Americann, Inc.",ACAN,CIK0001508348,USD,,25515.0,,16357.0,,,,,4606718.0,,,,,,,,649675.0,,,,,0.0,,,3540338.0,2529765.0,,,,,,0.0,,,,173956.0,173956.0,,,,,8.92,,2591000.0,,0.0,0.0001,100000000.0,16581000.0,16581000.0,1658.0,,,,,,,,,,,,,,,0.0,,,,,,11740.0,11740.0,,,,,,,,,100000.0,,394.0,,,0.0,,,,-0.08,,,,,,,,,0.0,0.0,,,1065868.0,,,-1327798.0,,,,,,,25515.0,16357.0,0.0,,-103110.0,0.0,,,,,,,,,,,,5192.0,12981.0,,-5000.0,,,5192.0,,0.0,,-5192.0,,,,,0.0,,0.0,,0.0,2250809.0,31616.0,,,2250809.0,14689.0,,,,,,,,,,,,896785.0,3540338.0,71785.0,,,,,,1857.0,,1948000.0,,-1258666.0,-515378.0,-1301374.0,,0.0,,0.0,,825000.0,1000000.0,,,1357798.0,,,,,,,,,,,,,,,,,0.0,,,,,0.0,,,,,12981.0,26424.0,,,,0.0,0.0,,,-250809.0,649675.0,0.0,,,,-7857.0,,0.0,0.0001,20000000.0,0.0,0.0,0.0,,5000.0,,0.0,,,0.0,,,0.0,,825000.0,,,,290073.0,-1301374.0,,7463.0,0.0,,-1000000.0,,,,-1964823.0,30000.0,,,3110.0,172252.0,,,,,,,,,,1105000.0,9.12,,,,,,,,,,,,,,,2643553.0,2643553.0,,,,0.0,0.0,,,0.0,,1123000.0,,15400.0,0.0,15400.0,2000000.0,0.0,,0.0,156852.0,0.0,30000.0,,,,,,,,15953243.0,
2014-12-31,2015-02-23,10-Q,"Americann, Inc.",ACAN,CIK0001508348,USD,,,,,,,,,,,,,,,,,,,,,,,,,,,,,,,,,,,,73269.0,-100687.0,,,,,,,,,,,,,,,,,,,,,,,,,,,,,,,,,,,-10000.0,,,,,,,,,,,,221.0,,,,,,,-0.01,,,,,,,,,0.0,,,,221733.0,,,-277347.0,,,,0.0,0.0,,11482.0,,-16908.0,,,,,,,,,9861.0,,,,,,0.0,25829.0,,-6953.0,,,,,0.0,,-9862.0,,45206.0,,,0.0,,,,,,45206.0,,,,,,,,,,,,,,,,,,,,,,,,2875.0,,-20000.0,,35000.0,-115687.0,-242003.0,,,,,,,,,,307347.0,,,,,,,,,,,,,,,,,,,,,,,,,,,,35344.0,,,,,,,,,,,,,,0.0,,,,,,,,,,,35000.0,,,,,,-50000.0,,30000.0,,,,82739.0,,,,0.0,,,,,,,30000.0,,,,112784.0,,,,,,,,,,,,,,,,,,,,,,,,,102989.0,,,,,,,,,,,,,,,,,,,,,,,30000.0,,,,,,,,16581000.0,
2015-03-31,2015-06-15,10-Q,"Americann, Inc.",ACAN,CIK0001508348,USD,,,,,,,,,,,,,,,,,,,,,,,,,,,,,,,,,,,,0.0,,,,,,,,,,,,,,,,,,,,,,,,,,,,,,,,,,,,,,,,,,,,,,,,,,,,,,,-0.02,,,,,,,,,,,,,273948.0,,,-417875.0,,,,,,,,,,,,,,,,,,,,,,,,,,,,,,,,-3111.0,,-11199.0,11690.0,,43234.0,,,,,,,,54595.0,,,,,,,,,,,,,,,,,,,,,,,,3200.0,,,,,,-377590.0,,,,,,,,,,467875.0,,,,,,,,,,,,,,,,,,,,,,,,,,,,40285.0,,,,,,,,,,,,,,,,,,,,,,,,,,,,,,,,,,,,,190727.0,,,,0.0,,,,,,,50000.0,,,,,,,39867.0,,,,,,,,,,,,,,,,,,102989.0,,,,,,,,,,,,,,,,,,,,,,,,,,,50000.0,,,,,,,,16603222.0,
2015-06-30,2015-08-18,10-Q,"Americann, Inc.",ACAN,CIK0001508348,USD,1087556.0,42144.0,,0.0,1508000.0,,,,4957936.0,,,,,,,,,,,,,,,,4305961.0,2489589.0,,,,,,,,,,101388.0,,,,,,,,,,,0.0001,100000000.0,16631000.0,16631000.0,1663.0,,,,,,,,,,,,,,,,,,,,,,0.0,,,,,,,,,100000.0,,,,,,,,,-0.02,,,,,46813.0,,,,,41500.0,,,163674.0,,,-314630.0,,,,,,,,,,,,,,,,,,,,,,,,,,,,,,30225.0,,38574.0,,21656.0,,,,,,,7689.0,,6559.0,,61629.0,,,2250809.0,8610.0,,,,,,,,,,,,2243929.0,4305961.0,735929.0,,,,,,4954.0,,,,,,-313231.0,,1087556.0,,650000.0,,1508000.0,665000.0,,,359630.0,-314630.0,,,,,,,,,,,,,,,,1834.0,,,,,,,,,,5871.0,1399.0,,,,,,,,,,,,,,,,12527.0,0.0001,20000000.0,0.0,0.0,0.0,,30833.0,,,,,,,,,,,,,,191002.0,,,6679.0,,,,,,,-2897567.0,45000.0,,45000.0,3110.0,,,,,,,,,,,,,215338.0,,,,,,,,,,,,,,2062032.0,,,,,,,,,,,,,,,,,,,,,,45000.0,,,,,,,16631000.0,16631000.0,16631000.0
2015-09-30,2016-01-13,10-K,"Americann, Inc.",ACAN,CIK0001508348,USD,,85298.0,,0.0,,,1458.0,,5007497.0,,,,,,,,299602.0,,,456470.0,,27772.0,,,3994856.0,2693895.0,,,2250809.0,,1153.0,-41500.0,1153.0,40347.0,40347.0,201353.0,27397.0,,,,,8.92,,2591000.0,,,0.0001,100000000.0,16631000.0,16631000.0,1663.0,,,,,,,,,,,,,,,49849.0,,,,,0.0,11740.0,0.0,404572.0,0.0,0.0,339597.0,64975.0,404572.0,200000.0,,200000.0,,2217.0,2217.0,,664800.0,664800.0,,,-0.1,,0.0,0.34,0.0306,,,,,-200000.0,40347.0,,0.0,835501.0,,,-1807469.0,,,,0.0,,,59783.0,-16357.0,5975.0,,0.0,-1021270.0,,,,,,0.0,,,,,,44657.0,9957.0,,25050.0,,,0.0,,73198.0,,62342.0,,,,,36357.0,,0.0,,5975.0,2250809.0,213665.0,,,,34140.0,,,,,,,,,,,,2679863.0,3994856.0,997014.0,,,,,,15172.0,32000.0,1669006.0,,-849075.0,-792534.0,-1729344.0,,0.0,1251105.0,900000.0,0.0,1682849.0,586305.0,1121270.0,,1947469.0,-1807469.0,,,,,,,,,,,,,,,,7953.0,1395417.0,,,,28542.0,,,,,11716.0,78125.0,,,,100000.0,650000.0,,,0.0,0.0,27772.0,,,,0.0,41500.0,,0.0001,20000000.0,0.0,0.0,0.0,,35758.0,,413695.0,,,861006.0,,1015000.0,-207000.0,0.0,1015000.0,,,24000.0,640326.0,-1729344.0,,6399.0,456470.0,,0.0,,207000.0,,-3694167.0,140000.0,,140000.0,3110.0,366534.0,,,,,,,,100000.0,,1205000.0,8.7,,,,,,,,,4.0,,,,,,1314993.0,1314993.0,,,0.0,,0.0,,,,,0.0,,34250.0,34250.0,34250.0,0.0,,,,66932.0,11222.0,140000.0,,,,227029.0,,0.0,16622507.0,16622507.0,16622507.0
2015-12-31,2016-02-16,10-Q,"Americann, Inc.",ACAN,CIK0001508348,USD,,153388.0,,,,40000.0,,,5059219.0,,,,,,,,,459795.0,,,0.0,,,,3957528.0,2307817.0,,,,,,,,,,40297.0,-161056.0,,,,,,,,,,0.0001,100000000.0,16631000.0,16631000.0,1663.0,,,,332357.0,,,,673294.0,,,,,,,,,,,,,0.0,,,,,,,,400000.0,107981.0,,,3740.0,3740.0,,,693837.0,,,-0.02,,,,,,,168525.0,,-200000.0,36889.0,,,175145.0,,,-383897.0,,,,0.0,32362.0,,68090.0,,-990.0,,,0.0,,,,,,31956.0,,,,,,21858.0,-1538.0,,-24032.0,,200000.0,21858.0,,31956.0,,21858.0,,15933.0,,30547.0,0.0,,31956.0,,4985.0,2250809.0,48295.0,,,,,,,,,,,,,,,,2980229.0,3957528.0,1117380.0,,,,,,2098.0,,180000.0,,-123453.0,-217603.0,-389416.0,,,,900000.0,,1862849.0,505429.0,,,398897.0,-383897.0,,,,,,,,,,,,,,,,,,,,,,,,,,10178.0,-5519.0,,,,,,,,,,,,,,4329.0,,,0.0001,20000000.0,0.0,0.0,0.0,,11726.0,,80876.0,0.0,,0.0,,180000.0,0.0,0.0,180000.0,,,,218329.0,,,10446.0,3325.0,,,0.0,0.0,,-4083583.0,15000.0,,15000.0,3110.0,51722.0,,,,,,,,,,,,,,,,,,,,,,,,,46813.0,977299.0,,,,,,,,,,,,,,,,,,,,,,15000.0,,,,,,0.0,16631000.0,16631000.0,16631000.0
2016-03-31,2016-05-10,10-Q,"Americann, Inc.",ACAN,CIK0001508348,USD,,213154.0,,,,40000.0,,,5110296.0,,,,,,,,,,463084.0,,,,,,3951640.0,2330307.0,,,,,,,,33430.0,,64738.0,,,,,,,,,,,0.0001,100000000.0,16631000.0,16631000.0,1663.0,,,,,,,673294.0,,1185641.0,332357.0,,,,,,,,,,,,5000.0,,,,,,,450000.0,,,,,,,,722557.0,,,-0.02,,,,,,,,,,,,,162400.0,,,-285690.0,,,,,,,,,,,,,,,,,,,,,,,,,,,,,,,,32249.0,,23594.0,30215.0,,13481.0,,,,70919.0,,4024.0,2250809.0,45492.0,,,,,,,,,,,,,,,,3219305.0,3951640.0,3219305.0,,,,116185.0,,250.0,,,,,,-296041.0,,,,1016185.0,1910349.0,0.0,402071.0,,,300690.0,-285690.0,,,,,,,,,,,,,,,,,,,,,,,,,,3698.0,-10351.0,,,,,,,,,,,,,,,,,0.0001,20000000.0,0.0,0.0,0.0,,10736.0,,,,,,,,,,,,,,134751.0,,,10165.0,3289.0,,,,,,-4379624.0,15000.0,,15000.0,3110.0,,,,4264.0,,,,,,,,,,,,,,,,,,46813.0,,,,,732335.0,,,,,,,,,,,,,,,,,,,,,,15000.0,,,,,,0.0,16631000.0,16631000.0,16631000.0
2016-06-30,2016-08-12,10-Q,"Americann, Inc.",ACAN,CIK0001508348,USD,,281165.0,,,,,2300.0,,5129021.0,,,,,,,,,,,466374.0,,,,,4183662.0,357977.0,,,,,11528.0,,,,29972.0,6922.0,,,,,,,,,,,0.0001,100000000.0,16631000.0,16631000.0,1663.0,,,,,,,,,,,,,,,,,,,0.0,,,,,,,,,,,,,,,,,,,,,-0.02,,,,,,,,,,,,-90000.0,124571.0,,,,,,0.0,,,,,,,,,,,,,,,,,,,,,,,,,,,,,48826.0,,23814.0,,,,,,,76232.0,,3423.0,,44482.0,,,,,,,,,,,,,,,,3788980.0,4183662.0,3788980.0,,,,,,14990.0,,,,,,-356378.0,,335904.0,1142813.0,1511297.0,1910349.0,,,,,283220.0,-238220.0,,,,,,,,,,,,,,,,,,,,,,,,,,9937.0,-118158.0,,,,,,,,,,,,,,,,,0.0001,20000000.0,0.0,0.0,,,11728.0,,,,,,,,,,,,,,140369.0,,,9885.0,3290.0,,,,,,-4376002.0,45000.0,,45000.0,3110.0,,,,,,,,,,,1205000.0,8.7,,1205000.0,8.7,1205000.0,8.7,,,,,,,,,,394682.0,,,,,,,,,,,,,,,,,,,,,,,,0.0,,,,0.0,16631000.0,16631000.0,16631000.0
2016-09-30,2017-01-12,10-K,"Americann, Inc.",ACAN,CIK0001508348,USD,,385380.0,,,,,2581.0,,6512244.0,,,,,,756637.0,,131075.0,,,469699.0,0.0,0.0,,,4310366.0,261649.0,0.0,0.0,0.0,,14986.0,,13833.0,,26514.0,24.0,-201329.0,24.0,,,,6.19,,4341000.0,,,0.0001,100000000.0,17031000.0,17031000.0,1703.0,,,,,,,,,,,,,,,0.0,35250.0,,,,0.0,-60000.0,60000.0,431968.0,0.0,0.0,428536.0,3432.0,431968.0,,,,,,14956.0,,,,,,-0.13,,0.0,0.34,0.0306,,37450.0,,,-725000.0,,,-991939.0,583739.0,,0.0,,,,,0.0,,,300082.0,0.0,-3454.0,,,-128744.0,,,,,,8924.0,,,,,,,3211.0,,-24032.0,,725000.0,,0.0,162834.0,,109825.0,,,,,151925.0,151925.0,118749.0,,2521.0,,183255.0,,,,35145.0,,,,,,,,,,,,3701350.0,4310366.0,1677053.0,0.0,0.0,,,,21312.0,,972044.0,,-572510.0,-600863.0,-2210764.0,,247378.0,780315.0,1157997.0,,2024297.0,,,,1189421.0,-1129421.0,,,,,,,8393.0,7483.0,,0.0,0.0,0.0,910.0,,,,2551748.0,,,,0.0,,,,,14927.0,-1081343.0,,,,0.0,0.0,,,,,0.0,,,,,0.0,,0.0001,20000000.0,0.0,0.0,0.0,11726.0,11726.0,0.0,338927.0,,,724544.0,,247500.0,,-57693.0,,0.0,,,571141.0,,,5276.0,13229.0,,,0.0,0.0,,-5904931.0,60000.0,,60000.0,3110.0,140249.0,900000.0,900000.0,,,,,,0.0,,1205000.0,8.7,,1205000.0,8.7,1205000.0,8.7,,,,,,,0.75,,,609016.0,609016.0,,,500000.0,,,,,,,,,,1364539.0,0.0,,,,,9173.0,0.0,,,,,27396.0,,0.0,17031000.0,17031000.0,17031000.0
2016-12-31,2017-02-14,10-Q,"Americann, Inc.",ACAN,CIK0001508348,USD,,151672.0,,,,,2862.0,,10107366.0,,,,,18725.0,,,,,,473024.0,21668.0,,,,6926251.0,1044548.0,,,,,18445.0,,,,23055.0,802769.0,802745.0,802769.0,,802745.0,,3.66,,9981000.0,,,0.0001,100000000.0,19131000.0,19131000.0,1913.0,,,,,,,,,,,,,,,,3819.0,,,0.0,,-30000.0,90000.0,,,,,,,,,,,,3740.0,,,,,,-0.03,,,,,,,,,,,,,288433.0,,,,,,0.0,0.0,12108.0,,-233708.0,,-2521.0,,,-15000.0,30000.0,,,12108.0,,-8924.0,,,,,,,1354.0,,-13477.0,,,,,81575.0,,32968.0,,,,,164450.0,164450.0,0.0,,0.0,,27187.0,,,,,,,,,,,,,,,,3238668.0,6926251.0,1244134.0,,,,,,2247.0,,1583027.0,,6238.0,-786520.0,-516765.0,-87356.0,176147.0,789098.0,986181.0,,1994534.0,,,,444409.0,-429409.0,,,,,,,,,,,,,,,,,,,,,,,,,,16281.0,-87356.0,,,,,,,,,,,,,,,,,0.0001,20000000.0,0.0,0.0,0.0,11726.0,,53906.0,86231.0,1806274.0,,24657.0,,,,-64993.0,,,,,150404.0,,,4995.0,3325.0,,,227904.0,20000.0,,-6421696.0,15000.0,,15000.0,3110.0,18725.0,,,,,,,,,,1205000.0,8.7,,1205000.0,8.7,1205000.0,8.7,,,,,,,,,,3687583.0,,,,,,,,,,,,,,1806274.0,,,,,,,,,,0.0,,,,0.0,18236435.0,18286435.0,18236435.0
2017-03-31,2017-05-15,10-Q,"Americann, Inc.",ACAN,CIK0001508348,USD,,54448.0,,,,,3143.0,,10366219.0,,,,,,,,,,,469699.0,,,,,6520564.0,337370.0,,,,,21903.0,,,,19597.0,204411.0,,204411.0,,,,3.66,,9981000.0,,,0.0001,100000000.0,19181000.0,19181000.0,1918.0,,,214881.0,,,,,,,,,,,,,0.0,,,0.0,,,,,,,,,,,,,,,,,,,,,-0.03,,,,,,,,,,,,,364817.0,,,,,,0.0,,,,,,,,,,,,,,,,,,,,,,,,,,,,,57762.0,,36634.0,,,,,,,30270.0,,527.0,,2584.0,,,,,,,,,,,,,,,,3087091.0,6520564.0,1097726.0,,,,,,4973.0,,,,,,-595288.0,-91812.0,62747.0,780315.0,990000.0,,1989365.0,,,,518476.0,-503476.0,,,,,,,,,,,,,,,,,,,,,,,,,,23008.0,-91812.0,,,,,,,,,,,,,,,,,0.0001,20000000.0,0.0,0.0,0.0,11726.0,,57959.0,,,,,,,,,,37500.0,,,148686.0,,,4714.0,,,,,,,-6934664.0,15000.0,,15000.0,3110.0,,,,,,,,,,,1155000.0,9.04,,1155000.0,9.04,1155000.0,9.04,,,,,,,,,,3433473.0,,,,,,,,,,,,,,,,,,,,,,,,0.0,,,,0.0,19136555.0,19136555.0,19136555.0
2017-06-30,2017-08-14,10-Q,"Americann, Inc.",ACAN,CIK0001508348,USD,,391381.0,,,,,3423.0,,10736200.0,,,,,,,,,,,469699.0,,,,,6715457.0,100103.0,,,,,25361.0,,,,16139.0,10418.0,,10418.0,,,,3.68,,10166000.0,,,0.0001,100000000.0,19366000.0,19366000.0,1937.0,,,638683.0,,,,,,,,,,,,,0.0,,,0.0,,,,,,,,,,,,,,,,,,,,,-0.02,,,,,,,,,,,,,344710.0,,,,,,0.0,,,,,,,,,,,,,,,,,,,,,,,,,,,,,44413.0,,36925.0,,,,,,,,,,,327.0,,,,,,,,,,,,,,,,3380055.0,6715457.0,1396031.0,,,,,,1945.0,,,,,,-468071.0,-81011.0,,780315.0,990000.0,,1984024.0,,,,397060.0,-387060.0,,,,,,,,,,,,,,,,,,,,,,,,,,14650.0,-81011.0,,,,,,,,,,,,,,,,,0.0001,20000000.0,0.0,0.0,0.0,31726.0,,57959.0,,,,,,,,,,0.0,,,50405.0,,,4434.0,,,,,,,-7402735.0,10000.0,,10000.0,3110.0,,,,,,,,,,,1155000.0,9.04,,1155000.0,9.04,1155000.0,9.04,,,,,,,,,,3335402.0,,,,,,,,,,,,,,,,,,,,,,,,0.0,,,,0.0,19239465.0,19239465.0,19239465.0
2017-09-30,2017-12-04,10-K,"Americann, Inc.",ACAN,CIK0001508348,USD,,624623.0,,,,,3704.0,,10959188.0,,,,,37450.0,,,37450.0,,,469699.0,9636.0,,,,6063558.0,64586.0,0.0,0.0,,,28820.0,,,,12680.0,1627.0,1603.0,1627.0,,1603.0,,3.68,,10166000.0,,,0.0001,100000000.0,19366000.0,19366000.0,1937.0,,179308.0,680028.0,,,,,,,,,,,,,0.0,,,,0.0,,,1619672.0,0.0,0.0,663358.0,265628.0,1619672.0,,,,,,14957.0,,,,,,-0.15,,0.0,0.34,0.0306,,0.0,,,,,,,1412314.0,,639497.0,,,,,0.0,,,49319.0,,-2521.0,,,,,,,,,-7669.0,,,,,,,4772.0,,-25230.0,,0.0,,28697.0,201367.0,,143917.0,,,,,,396841.0,86253.0,,,,11086.0,,1611312.0,,,,,,,,,,,,,,3779258.0,6063558.0,1800575.0,0.0,0.0,,,,10712.0,,2070527.0,,-320976.0,-1747948.0,-2771894.0,-334198.0,,780315.0,1070000.0,,1978683.0,,,,2477696.0,-2437696.0,,,,,,,16734414.0,342406.0,,341496.0,341496.0,341496.0,341496.0,15026024.0,,,4370404.0,,,,,,,,,19699.0,-334198.0,,,500720.0,,,,,,,,,,,,,,0.0001,20000000.0,0.0,0.0,0.0,5000.0,,57959.0,247378.0,2176274.0,,104657.0,,0.0,,-67634.0,,37500.0,,,415173.0,,,4153.0,,,,227904.0,20000.0,,-8676825.0,40000.0,,40000.0,3110.0,260438.0,,,,,,,,150000.0,431200.0,1305000.0,8.29,,1305000.0,8.29,1305000.0,8.29,0.75,,,2.5,,,,,,2284300.0,2284300.0,,,,,,,50000.0,,,,,,,,,,37500.0,,222988.0,,,,0.0,0.0,497018.0,,0.0,19007371.0,19007371.0,19007371.0
2017-12-31,2018-02-20,10-Q,"Americann, Inc.",ACAN,CIK0001508348,USD,,429320.0,,,,,3985.0,,12617933.0,,,,1487438.0,171307.0,,,,,,469699.0,708645.0,,,,5539455.0,1160794.0,,,,,32278.0,,,,9222.0,732355.0,,1097835.0,,1096208.0,,3.42,,11566000.0,,,0.0001,100000000.0,19366000.0,19366000.0,1937.0,,,681181.0,,,,,,,,,,,,,,,,0.0,,,,,,,,,,,,,,,3739.0,,,,,,-0.07,,,,,,,,,,,-2861.0,,434862.0,,,,,,0.0,0.0,,,-178215.0,,8077.0,,,,,,,,,50682.0,,,,,,,1891.0,,,,,,,754379.0,,37390.0,,,,,,54040.0,115337.0,,,,8077.0,,,,,,,,,,,,,,,,2970774.0,5539455.0,997432.0,,,,,,962.0,,1726000.0,,-1153.0,-628639.0,-1374364.0,-786553.0,,782130.0,440862.0,,1973342.0,,,,587811.0,-587811.0,,,,,,,,,,,,,,,,,,,,,,,,,-2861.0,11913.0,,,,1153.0,,,,,,,,,,,,,,0.0001,20000000.0,0.0,0.0,0.0,5000.0,,57959.0,,,,1726000.0,,,,,,,,,151987.0,,,3872.0,,,,,,365480.0,-10051189.0,,,,3110.0,171307.0,,,,,,,,,431200.0,1305000.0,8.29,,,,,,,,,,,,,,,2568681.0,2568681.0,,,,,,,,,,,,,,,,,,,,,,,0.0,,,,0.0,19366000.0,19366000.0,19366000.0
2018-03-31,2018-05-15,10-Q,"Americann, Inc.",ACAN,CIK0001508348,USD,,9942.0,,,,,4265.0,,13582034.0,,,,810000.0,135354.0,,,,,,469699.0,,,,,5418304.0,952444.0,,,,,35736.0,,,,5764.0,392154.0,,889515.0,,,,2.3,,10306000.0,,,0.0001,100000000.0,19391000.0,19391000.0,1940.0,,,699300.0,,,,,,,,,,,,,1235104.0,,,0.0,,,,,,,,,,,,,,,,,,,,,-0.05,,,,,,,,,,,,,357592.0,,,,,,0.0,,,,,,,,,,,,,,,,,,,,,,,,,,,,,424609.0,,36461.0,,,,,,,52316.0,,,,17309.0,,,,,,,,,,,,,,,,2807787.0,5418304.0,839786.0,,,,,,2787.0,,,,,,-922268.0,-443761.0,,783905.0,769533.0,,1968001.0,,,,478507.0,-478507.0,,,,,,,,,,,,,,,,,,,,,,,,,,7995.0,,,,,,,,,,,,,,,,,,0.0001,20000000.0,0.0,0.0,0.0,4970.0,,57959.0,,,,,,,,,,18750.0,,,118128.0,,,3591.0,,,,,,497361.0,-10973457.0,,,,,,,,,,,,,,,180000.0,2.21,,180000.0,2.21,180000.0,2.21,,,,,,35700.0,,,,2610517.0,,,,,,,,25000.0,,,,,,,,,,18750.0,,,,,,0.0,,,,0.0,19376278.0,19376278.0,19376278.0
2018-06-30,2018-08-14,10-Q,"Americann, Inc.",ACAN,CIK0001508348,USD,,61641.0,,,,,4546.0,,15658209.0,,,,,126126.0,,,,,,977770.0,,,,5.0,5974043.0,1375281.0,,,,,39195.0,,,,2305.0,1006310.0,,1309822.0,,,,1.81,2040000.0,9415000.0,,,0.0001,100000000.0,20430215.0,20430215.0,2044.0,,,892215.0,,,,,,,,802741.0,535161.0,,,,510671.0,,,0.0,,,,,,,,,,,,,,,,,,,,,-0.07,,,,,,,,,,,,,357224.0,,,,,,0.0,,,,,,,,,,,,,,,,,,,,,,,,,,,,,830204.0,830204.0,36926.0,,,,,,,13934.0,,,,15453.0,,,,,,,,,,,,,,,,2573267.0,5974043.0,610607.0,,,,,,9300.0,,,,,,-1286020.0,-851677.0,,783905.0,524330.0,,1962660.0,,,,434343.0,-434343.0,,,,,,,,,,,,,,,,,,,,,,,,,,10702.0,,,,,,,,,,,,,,,,,,0.0001,20000000.0,0.0,0.0,0.0,7500.0,,57959.0,,,,,,,,,,,225000.0,,67819.0,,,6074.0,,,,,,303512.0,-12259477.0,,,,,,,,,,,,,,,180000.0,2.21,,180000.0,2.21,180000.0,2.21,,,,,,223500.0,,,,3400776.0,,,,,,,,,,802741.0,,,,,,,,,,,,,,0.0,,,,0.0,19447377.0,19447377.0,19447377.0
2018-09-30,2019-01-15,10-K,"Americann, Inc.",ACAN,CIK0001508348,USD,,268065.0,,,,,4827.0,,19937606.0,,,,2297438.0,432787.0,,,,,,977770.0,2207324.0,,,5.0,9457421.0,4082378.0,,,,,41500.0,,,,,198144.0,,4016949.0,,4015322.0,,1.55,,9478650.0,0.0,,0.0001,100000000.0,22106763.0,22106763.0,2211.0,,171888.0,1681382.0,,,,,,,,1192445.0,794962.0,1192445.0,,,138750.0,138750.0,0.0,,0.0,,,1662857.0,0.0,0.0,592192.0,,1662857.0,,,,,,13803.0,,,,,,-0.22,,0.0,0.2425,0.0351,,,,,,,-2861.0,,1438215.0,,0.0,,,,,0.0,,,-483181.0,,45027.0,,,,,,,,,-53113.0,,,,,,,-10793.0,,2470.0,,,,129528.0,2300396.0,2300396.0,145060.0,,,,,,363500.0,46605.0,,,,45028.0,,,,,,,,,,,,,,,,2627145.0,9457421.0,844826.0,,,,,,36539.0,,7131345.0,,-712702.0,-2403321.0,-4432716.0,-2403289.0,,783905.0,521250.0,,1782319.0,,,,2029427.0,-2029427.0,,,,,,,16392008.0,341496.0,,341496.0,341496.0,341496.0,341496.0,14684528.0,,,10019634.0,,,,,,,8906.0,-2861.0,8906.0,,,,702702.0,,,,,,,,229140.0,,,,,,0.0001,20000000.0,0.0,0.0,0.0,7470.0,,57959.0,0.0,1222412.0,,2536000.0,,,,-10000.0,,18750.0,4044000.0,,554673.0,,,5794.0,,,,285677.0,175000.0,3818805.0,-13109541.0,,,,,432787.0,,,,,,,1130000.0,0.0,,150000.0,2.21,81000.0,150000.0,2.5,150000.0,2.5,0.75,,9.22,,,,,,,6830276.0,6830276.0,,,,,,,25000.0,,1192445.0,,,,,,,,18750.0,,,,,,0.0,0.0,-492716.0,,0.0,20066824.0,20066824.0,20066824.0
2018-12-31,2019-02-19,10-Q,"Americann, Inc.",ACAN,CIK0001508348,USD,,59627.0,,,,,461.0,,21095030.0,,,,,,,,,,,977770.0,133409.0,,,,9950381.0,4596864.0,,,,,,,,,,71817.0,,4506902.0,,489953.0,,1.56,,9170650.0,,,0.0001,100000000.0,22782907.0,22782907.0,2279.0,,,1708115.0,,,,,,,,46992.0,,,,,0.0,,,,,,,,,,,,,,,,,,461.0,,,,,,-0.02,,,,,,,0.0,,,,,,212112.0,,,,,,0.0,0.0,,,-203813.0,,,,,,,,,,,-10531.0,,,,,,,-3881.0,,-150.0,,,,,151388.0,151388.0,33861.0,,,,,,51959.0,44491.0,,,,7672.0,65000.0,,,,,,,,,,,,,,,2501121.0,9950381.0,2501121.0,,,,,,16856.0,,1045500.0,,-21138.0,-534409.0,-538508.0,-180607.0,24683.0,783905.0,615000.0,1776978.0,,,,,357901.0,-357901.0,103615.0,,,,,,,,,,,,,,,,,,,,,,,,-3030.0,5025.0,,,,26733.0,,,,,,,,,,,,,,0.0001,20000000.0,0.0,0.0,0.0,7320.0,,57959.0,5595.0,650000.0,,,,,,,,,,,128933.0,,,2303.0,,,,,,4435085.0,-13648049.0,,,,,,,,,,,,,,,150000.0,2.5,,150000.0,2.5,150000.0,2.5,,,,,,,,,,7449260.0,7449260.0,,,46992.0,,,,,,46992.0,,,65000.0,,,,,,,,,,,,,,,0.0,22568375.0,22568375.0,22568375.0
2019-03-31,2019-05-20,10-Q,"Americann, Inc.",ACAN,CIK0001508348,USD,,242902.0,,,,,691.0,,21454009.0,,,,,,,,,,,977770.0,,,,,9869829.0,1862211.0,,,,,,,,,,7217.0,,1771181.0,,,,1.56,,9145650.0,0.0,,0.0001,100000000.0,23004516.0,23004516.0,2301.0,,,4383914.0,,,,,,,,,,,,,0.0,,,,,,,,,,,,,,,,,,,,,,,,-0.02,,,,,,,0.0,,,,,,305091.0,,,,,,0.0,,,,,,,,,,,,,,,,,,,,,,,,,,,,,11736.0,11736.0,33010.0,,,,,,,31796.0,,,,7417.0,,,,,,,,,,,,,,,,2618488.0,9869829.0,2618488.0,,,,,,44190.0,,,,,,-556920.0,-37329.0,25811.0,783905.0,550000.0,1771637.0,,,,,519591.0,-519591.0,103615.0,,,,,,,,,,,,,,,,,,,,,,,,,22153.0,,,,,,,,,,,,,,,,,,0.0001,20000000.0,0.0,0.0,0.0,7260.0,,57959.0,,,,,,,,,,,,,170310.0,,,2073.0,,,,,,1763964.0,-14204969.0,,,,,,,,,,,,,,,150000.0,2.5,,150000.0,2.5,150000.0,2.5,,,,,,,,,,7251341.0,,,,,,,,,,30000.0,,,,,,,,,,,,,,0.0,,,,0.0,22913023.0,22913023.0,22913023.0
2019-06-30,2019-08-19,10-Q,"Americann, Inc.",ACAN,CIK0001508348,USD,,552328.0,,26783.0,,,,,21803504.0,,,,,,,,,,,977770.0,,,,,10078768.0,93938.0,,,,,,,,,,3437.0,,6489.0,,,,1.56,,9090650.0,,,0.0001,100000000.0,23264356.0,23264356.0,2327.0,,,,,,,,,,,,,,,,0.0,,,,,,,,,,,,,,,,,,,,,,,,-0.02,,,,,,,0.0,,,,,,199058.0,,,,,,0.0,,,,,,,,,,,,,,,,,,,,,,,,,,,,,,19449.0,33435.0,,,,,,,55500.0,,,,7150.0,,,,,,,,,,,,,,,,3034151.0,10078768.0,3034151.0,,,,,,37832.0,,,,,,-556245.0,-45734.0,26990.0,783905.0,615490.0,1766296.0,,,,,510511.0,-510511.0,103615.0,,,,,,,,,,,,,,,,,,,,,,,17754.0,,,,,,,,,,,,,,,,,,,,0.0001,20000000.0,0.0,0.0,0.0,2500.0,,57959.0,,,,,,,,,,,,,273621.0,,,,,,,,,3052.0,-14761214.0,,,,,,,,,,,,,,,150000.0,2.5,,150000.0,2.5,150000.0,2.5,,,,,,,,,,7044617.0,,,,,,,,,,184521.0,,,,,,,,,,,,,,0.0,,,,0.0,23005753.0,23005753.0,23005753.0
2019-09-30,2020-01-14,10-K,"Americann, Inc.",ACAN,CIK0001508348,USD,,265276.0,,,,,1152.0,,24121534.0,,,,615154.0,488793.0,977110.0,,,,,1761675.0,171628.0,,,,11766007.0,1407487.0,,,,,,,,,,455843.0,,1292062.0,1292062.0,-2724887.0,,1.52,,11238650.0,,,0.0001,100000000.0,23504820.0,23504820.0,2351.0,,,,,261513.0,,,,,,,174342.0,261513.0,,,,882603.0,882603.0,,0.0,,,2438893.0,0.0,0.0,,,2438893.0,,,,1152.0,,1152.0,,,,,,-0.21,,0.0,0.21,0.0366,,,,,,,-3030.0,-977110.0,1626596.0,,0.0,,,,,0.0,,,15710.0,,0.0,,,,,,,,,70798.0,,,,,,,223.0,,6162.0,,,,0.0,,426424.0,134167.0,,,,,,286244.0,121883.0,,,,29109.0,154998.0,,,,,,,,,,,,,,,5655331.0,11766007.0,781288.0,,,,,3117397.0,126993.0,,5325500.0,,-5861793.0,-2188594.0,-4903668.0,-1511622.0,32270.0,0.0,385000.0,,1756646.0,,32270.0,116493.0,3403610.0,-3392046.0,410162.0,,,,0.0,0.0,16050512.0,341496.0,,341496.0,341496.0,341496.0,341496.0,14343032.0,11564.0,,10025113.0,,,,,,,9129.0,-3030.0,,,,,5889794.0,,,,,,,,,,,,,,0.0001,20000000.0,0.0,0.0,0.0,13632.0,,57959.0,28001.0,1211000.0,,3910000.0,,,,,,0.0,475500.0,,866116.0,,7573940.0,7572788.0,783905.0,,,271000.0,,836219.0,-18013209.0,11564.0,,,,488793.0,,,,,,,,900000.0,,1050000.0,1.64,,800000.0,1.69,1050000.0,1.64,,,,1.5,,,,,,6110676.0,,,,,119734.0,,,,,261513.0,,,154998.0,,,,,,,,,,,0.0,0.0,-776036.0,,0.0,22984703.0,22984703.0,22984703.0
2019-12-31,2020-02-19,10-Q,"Americann, Inc.",ACAN,CIK0001508348,USD,,129408.0,,,,,109719.0,,24230056.0,,,,,108522.0,,,,,,,77332.0,,,,17060147.0,2209040.0,,,,,,,,,,62078.0,,388300.0,,-903762.0,,1.52,,11238650.0,,,0.0001,100000000.0,23504820.0,23504820.0,2351.0,,,,,,,,,,,,,,,,,0.0,805271.0,,,,,,,,,,,,,,108558.0,,108558.0,,,,,,0.04,,,,,,,132080.0,,,,,,456348.0,,,,,,0.0,,,,-135868.0,,,,,,,,,,,-27582.0,,,,,,,-2098.0,,18815.0,,,,,,159449.0,39849.0,,,,,,77470.0,95445.0,,,,,,,,,,0.079,15965125.0,14343000.0,,341500.0,341500.0,341500.0,341500.0,256125.0,11710420.0,9822964.0,17060147.0,625977.0,,,,,3194729.0,36126.0,,,,-300214.0,-603548.0,1017985.0,-199298.0,1757257.0,,385000.0,,1756646.0,,29512.0,114444.0,-1182592.0,1217283.0,103666.0,,4254705.0,9093.0,4245612.0,6964302.0,,,,,,,,,34691.0,,,,,,,,,7031.0,,,,,,107579.0,,,,,,,,,,,,,,0.0001,20000000.0,0.0,0.0,0.0,32447.0,,,4807.0,,,,,,,,,,,,86609.0,,7771391.0,7661672.0,-1761675.0,,,,,326222.0,-18722552.0,34691.0,6980957.0,,,108522.0,,,,,,,,0.0,,1050000.0,1.64,,800000.0,1.69,1050000.0,1.64,,,,,,,,,,7237183.0,,,,,,,,,,,,,,,,,,,,,,,,0.0,,,,0.0,23504820.0,23504820.0,23504820.0
2020-03-31,2020-05-14,10-Q,"Americann, Inc.",ACAN,CIK0001508348,USD,,83139.0,,,,,222507.0,,24268607.0,,,,,38551.0,,,,,,,,,,,15251920.0,462954.0,,,,,,,,,,414904.0,,415775.0,415775.0,,,1.52,,11238650.0,,,0.0001,100000000.0,23504820.0,23504820.0,2351.0,,,,,,,,,,,,,,,,,,727342.0,,,,,,,,,,,,,,,,,,,,,,-0.02,,,,,,,,,,,,,393616.0,,,,,,0.0,,,,,,,,,,,,,,,,,,,,,,,,,,,,,,206606.0,29671.0,,,,,,,45325.0,,,,320313.0,,,,,,0.079,15879750.0,14343000.0,,341500.0,341500.0,341500.0,341500.0,170750.0,11627253.0,8396270.0,15251920.0,298742.0,,,,,3272658.0,1415.0,,,,,,-420084.0,84036.0,,0.0,150000.0,,581646.0,,30860.0,108261.0,538810.0,-504120.0,87371.0,,4252497.0,9273.0,4243224.0,6947605.0,,,,,,,,,34690.0,,,,,,,,,11005.0,,,,,,,,,,,,,,,,,,,,0.0001,20000000.0,0.0,0.0,0.0,13652.0,,0.0,,,,,,,,,,,,,143779.0,,7952497.0,7729990.0,,,,,,871.0,-17415308.0,34690.0,,,,,,,,,,,,,,1050000.0,1.64,,850000.0,1.68,1050000.0,1.64,,,,,,,,,,6855650.0,,,,,,,,,,,,,,,,,,,,,,,,0.0,,,,0.0,23504820.0,23504820.0,23504820.0
2020-06-30,2020-08-12,10-Q,"Americann, Inc.",ACAN,CIK0001508348,USD,,53927.0,,30000.0,,,335218.0,,24286633.0,,,,,18026.0,,,,,,,,,,,14863376.0,218138.0,,,,,,,,,,87140.0,,87651.0,87651.0,,,1.52,,11238650.0,,,0.0001,100000000.0,23504820.0,23504820.0,2351.0,,,,,,,,,,,,,,,,,0.0,649412.0,,,,,,,,,,,,,,,,,,,,,,-0.02,,,,,,,,,,,,,347759.0,,,,,,0.0,,,,,,,,,,,,,,,,,,,,,,,,,,,,,,190666.0,13051.0,,,,,,,55199.0,,,,5844.0,,,,,,0.079,15794375.0,,341500.0,,341500.0,341500.0,341500.0,85375.0,11544128.0,8479179.0,14863376.0,303721.0,,,,,3350588.0,638.0,,,,,,-489479.0,-197873.0,,0.0,150000.0,,581646.0,,32270.0,95005.0,438175.0,-291606.0,102620.0,,4250247.0,7023.0,4243224.0,6930865.0,,,,,,,,,146569.0,,,,,,,,,7572.0,,,,,,,,,,,,,,,,,,,,0.0001,20000000.0,0.0,0.0,0.0,2500.0,,0.0,,,,,,,,,,,,,89778.0,,7954586.0,7619368.0,0.0,,,,,511.0,-17904787.0,146569.0,,,,,,,,,,,,,,1050000.0,1.64,,850000.0,1.68,1050000.0,1.64,,,,,,,,,,6384197.0,,,,,,,,,,,,,,,,,,,,,,,,0.0,,,,0.0,23504820.0,23504820.0,23504820.0
2020-09-30,2020-12-21,10-K,"Americann, Inc.",ACAN,CIK0001508348,USD,,276155.0,,65000.0,,,448006.0,,24593485.0,,,,,381970.0,,,,,,,311370.0,,,,14866289.0,357441.0,,,,,,,,,,183009.0,,193159.0,193159.0,-1098903.0,,1.0,,9638650.0,,,0.0001,100000000.0,23696310.0,23696310.0,2370.0,,,,,,22500.0,,,,,,,,,,,571483.0,571483.0,,0.0,,,2838966.0,0.0,0.0,,,2838966.0,,,,446854.0,,446854.0,,,,,,-0.03,,0.0,0.21,0.0355,,,,,,,,,1985142.0,481012.0,0.0,,,,,0.0,,,10879.0,65000.0,,,,,,,,,,-62950.0,1761675.0,,,,-8917.0,,11442.0,,-14242.0,,,,,,760704.0,95766.0,,,,,,594088.0,72895.0,,,,333681.0,90000.0,,,,,0.079,15709000.0,14001500.0,341500.0,341500.0,341500.0,341500.0,341500.0,,11461048.0,8992986.0,14866289.0,589599.0,,,,,3578517.0,38179.0,,-1260000.0,,-357236.0,518333.0,-709343.0,-522789.0,,0.0,150250.0,,581646.0,,37165.0,82347.0,667566.0,-186554.0,401021.0,503512.0,4247952.0,4728.0,4243224.0,6914080.0,,,,,,,,,503512.0,,11564017.0,,,,,,,20571.0,,,,,,0.0,,,,,,,,,,,,,,0.0001,20000000.0,0.0,0.0,0.0,2500.0,,0.0,29251.0,,,150000.0,,,,,,,,,405920.0,,7960427.0,7512421.0,-1761675.0,,,235000.0,1175000.0,10150.0,-18722552.0,503512.0,6980957.0,,,381970.0,,,,,,,200000.0,1000000.0,,1850000.0,1.99,,1850000.0,1.99,1850000.0,1.99,,,1.5,2.25,,,,,,5873303.0,,,,,191490.0,,,,,,,,90000.0,,,,,,,,,,,0.0,0.0,-400073.0,,0.0,23504820.0,23504820.0,23504820.0
2020-12-31,2021-02-16,10-Q,"Americann, Inc.",ACAN,CIK0001508348,USD,,337553.0,,85000.0,,,560639.0,,24593485.0,,,,,,,,,,,,68938.0,,,,15010577.0,640897.0,,,,,,,,,,448263.0,,458853.0,458853.0,265694.0,,1.26,,8911650.0,,,0.0001,100000000.0,23696310.0,23696310.0,2370.0,,,,,,7500.0,,,,,,,,,,,,503295.0,,,,,,,,,,,,,,112633.0,,112633.0,,,,,,-0.02,,,,,,,,,,,,,468381.0,264085.0,,,,,0.0,0.0,,,61398.0,20000.0,,,,,,,,,,758.0,,,,,-2341.0,,-15375.0,,0.0,,,,,,191659.0,13195.0,,,,,,121964.0,86847.0,,,,5148.0,0.0,,,,,0.079,15623625.0,,341500.0,,341500.0,341500.0,341500.0,256125.0,11378014.0,9639558.0,15010577.0,817983.0,,,,,3996705.0,1426.0,,500000.0,,8117.0,-242423.0,-502284.0,-199706.0,,,301000.0,,581646.0,,38753.0,72642.0,566663.0,-302578.0,107395.0,271585.0,4245611.0,2387.0,4243224.0,6897250.0,,,,,,,,,271585.0,,,,,,,,,5196.0,,,,,,0.0,,,,,,,,,,,,,,0.0001,20000000.0,0.0,0.0,0.0,2500.0,,,8117.0,,,500000.0,,,,,,,,,96856.0,,7960427.0,7399788.0,,,,,,10590.0,-19224836.0,271585.0,,,,,,,,,,,,0.0,,1850000.0,1.99,,1850000.0,1.99,1850000.0,1.99,,,,,,,,,,5371019.0,,,,,,,,,,,,,,,,,,,,,,,,0.0,,,,0.0,23696310.0,23696310.0,23696310.0
2021-03-31,2021-05-13,10-Q,"Americann, Inc.",ACAN,CIK0001508348,USD,,204050.0,,130000.0,,,673351.0,,24593485.0,,,,,-304092.0,,,,,,,,,,,14822764.0,583921.0,,,,,,,,,,356943.0,,367172.0,367172.0,,,1.26,,8911650.0,,,0.0001,100000000.0,23696310.0,23696310.0,2370.0,,,,,,,,,,,,,,,,,,425365.0,,,,,,,,,,,,,,,,,,,,,,-0.01,,,,,,,,,,,,,381020.0,,,,,,,,,,,,,,,,,,,,,,,,,,,,,,,,,,,,259669.0,12908.0,,,,,,,52221.0,,,,4780.0,,,,,,0.079,15538250.0,,341500.0,,341500.0,341500.0,341500.0,170750.0,11295024.0,9755837.0,14822764.0,866360.0,,,,,4074635.0,7203.0,,,,,,-304092.0,-267797.0,,,450000.0,,581646.0,,38012.0,64894.0,473639.0,-36295.0,214730.0,,4243226.0,10030.0,4233196.0,6880373.0,,,,,,,,,437344.0,,,,,,,,,20059.0,,,,,,,,,,,,,,,,,,,,0.0001,20000000.0,0.0,0.0,0.0,2500.0,,,,,,,,,,,,,,,85416.0,,7960427.0,7287076.0,,,,,,10229.0,-19528928.0,437344.0,,,,,,,,,,,,,,1850000.0,1.99,,1850000.0,1.99,1850000.0,1.99,,,,,,,,,,5066927.0,,,,,,,,,,,,,,,,,,,,,,,,0.0,,,,0.0,23696310.0,23696310.0,23696310.0
2021-06-30,2021-08-16,10-Q,"Americann, Inc.",ACAN,CIK0001508348,USD,,278620.0,,97500.0,,,786062.0,,25093435.0,,,,,,,,,,,,,,,,15350456.0,1223682.0,,,,,,,,,,897662.0,,907731.0,907731.0,,,1.2,,8226650.0,,,0.0001,100000000.0,24196310.0,24196310.0,2420.0,,,,,,,,,,,,,,,,,,347435.0,,,,,,,,,,,,,,,,,,,,,,0.0,,,,,,,,,,,,,371389.0,,,,,,0.0,,,,,,,,,,,,,,,,,,,,,,,,,,,,,,215667.0,13051.0,,,,,,,71185.0,,,,4392.0,,,,,,0.079,15452876.0,,341500.0,,341500.0,341500.0,341500.0,85376.0,11212084.0,9882484.0,15350456.0,917711.0,,,,,4152564.0,16451.0,,,,,,-98955.0,-224326.0,,,450000.0,,581646.0,,39748.0,54282.0,459175.0,125371.0,107395.0,,4240792.0,10229.0,4230563.0,6863449.0,,,,,,,,,584546.0,,,,,,,,,10177.0,,,,,,,,,,,,,,,,,,,,0.0001,20000000.0,0.0,0.0,0.0,37155.0,,,,,,,,,,,,,,,71335.0,,7960427.0,7174365.0,0.0,,,,,10069.0,-19627883.0,584546.0,,,,,,,,,,,,,,1850000.0,1.99,,1850000.0,1.99,1850000.0,1.99,,,,,,,,,,5467972.0,,,,,,,,,,,,,,,,,,,,,,,,0.0,,,,0.0,23877629.0,23877629.0,23877629.0
2021-09-30,2021-12-06,10-K,"Americann, Inc.",ACAN,CIK0001508348,USD,,190020.0,,97500.0,,,,,25093435.0,,,,,,,,,,,,304727.0,,,,15064702.0,1019757.0,,,,,,,,,,696380.0,,706369.0,706369.0,513210.0,,1.21,,7666650.0,,,0.0001,100000000.0,24196310.0,24196310.0,2420.0,,,,,,38149.0,,,,,,,,,,,,269506.0,,0.0,,,3586062.0,0.0,0.0,,,3586062.0,,,,450537.0,,450537.0,,,,,,-0.04,,0.0,0.21,0.0991,,,,,,,,,1592404.0,1990402.0,0.0,,,,,0.0,,,-86135.0,32500.0,,,,,,,,,,3242.0,0.0,,,,-9642.0,,-8443.0,,10470.0,,,,,,873143.0,52348.0,,,,,,639466.0,54194.0,,,,18305.0,0.0,,,,,0.079,15367501.0,13660001.0,341500.0,341500.0,341500.0,341500.0,341500.0,,11129191.0,9554292.0,15064702.0,514274.0,,,,,4230494.0,42417.0,,847000.0,,-58637.0,-275153.0,-862893.0,-907186.0,,,150000.0,,581646.0,,41564.0,43185.0,1946109.0,44293.0,429459.0,2028551.0,4238310.0,10432.0,4227878.0,6846476.0,,,,,,,,,,,11919394.0,,,,,,,12128.0,,,,,,93400.0,,,,,,,,,,,,,,0.0001,20000000.0,0.0,0.0,0.0,12970.0,,,34763.0,,,800000.0,,,,,,,,,311288.0,,7960427.0,,0.0,,,453000.0,0.0,9989.0,-19585445.0,,0.0,,,0.0,,,,150000.0,,,,0.0,,1700000.0,1.94,,1700000.0,1.94,1700000.0,1.94,,2.5,,,,,,,,5510410.0,,,,,,,,,,,,,,,,,,,,,,,,0.0,0.0,-747096.0,,0.0,23867543.0,23867543.0,23867543.0
2021-12-31,2022-02-14,10-Q,"Americann, Inc.",ACAN,CIK0001508348,USD,,215453.0,,67500.0,,,,,25558362.0,,,,,,,,,,,,25976.0,,,,15024809.0,1030478.0,,,,,,,,,,740945.0,,750912.0,750912.0,44543.0,,1.21,,7666650.0,,,0.0001,100000000.0,24391961.0,24391961.0,2439.0,,,,,,11450.0,,,,,,,,,,,,243530.0,,,,,,,,,,,,,,112481.0,,112481.0,,,,,,-0.02,,,,,,,,,,,,,870088.0,639495.0,,,,,0.0,0.0,,,25433.0,-30000.0,,,,,,,,,,4414.0,,,,,-2531.0,,-8297.0,,-12735.0,,,,,,154775.0,13195.0,,,,,,124386.0,71802.0,,,,3561.0,90000.0,,,,,0.079,15282127.0,13660001.0,256126.0,341500.0,341500.0,341500.0,341500.0,,11046348.0,9582481.0,15024809.0,519224.0,,,,,4256470.0,12967.0,,0.0,,-80786.0,125329.0,-533028.0,-164409.0,,,150000.0,,581646.0,,43462.0,31581.0,1008114.0,-368619.0,114217.0,650945.0,4235779.0,10638.0,4225141.0,6829455.0,,,,,,,,,,,,,,,,,,3831.0,,,,,,90492.0,,,,,,,,,,,,,,0.0001,20000000.0,0.0,0.0,0.0,235.0,,,9706.0,,,0.0,,,,,,,,,125059.0,,7960427.0,,,,,,,9967.0,-20118473.0,,,,,,,,,,,,,,,1700000.0,1.94,,1700000.0,1.94,1700000.0,1.94,,,,,,,,,,5442328.0,,,,,195651.0,,,,,,,,90000.0,,,,,,,,,,,0.0,,,,0.0,24219703.0,24219703.0,24219703.0
