end,filed,form,Name,Ticker,CIK,Currency,AccountsPayableAndAccruedLiabilitiesCurrentAndNoncurrent,AccountsPayableCurrent,AccountsPayableTradeCurrent,AccountsReceivableBilledForLongTermContractsOrPrograms,AccountsReceivableNetCurrent,AccruedBonusesCurrent,AccruedIncomeTaxesCurrent,AccruedLiabilitiesCurrent,AccruedProfessionalFeesCurrent,AccruedVacationCurrent,AccumulatedDepreciationDepletionAndAmortizationPropertyPlantAndEquipment,AccumulatedOtherComprehensiveIncomeLossNetOfTax,AdditionalPaidInCapital,AdditionalPaidInCapitalCommonStock,AdjustmentsRelatedToTaxWithholdingForShareBasedCompensation,AdjustmentsToAdditionalPaidInCapitalSharebasedCompensationRequisiteServicePeriodRecognitionValue,AdjustmentsToAdditionalPaidInCapitalTaxEffectFromShareBasedCompensation,AllocatedShareBasedCompensationExpense,AllowanceForDoubtfulAccountsReceivable,AmortizationOfDebtDiscountPremium,AntidilutiveSecuritiesExcludedFromComputationOfEarningsPerShareAmount,Assets,AssetsCurrent,AssetsHeldForSaleAtCarryingValue,AssetsNoncurrent,AvailableForSaleSecuritiesCurrent,BankruptcyClaimsAmountOfClaimsFiled,BankruptcyClaimsAmountPaidToSettleClaims,BankruptcyClaimsNumberOfClaimsSettled,CapitalUnitsAuthorized,CashAndCashEquivalentsAtCarryingValue,CashAndCashEquivalentsPeriodIncreaseDecrease,CashCashEquivalentsRestrictedCashAndRestrictedCashEquivalents,CashCashEquivalentsRestrictedCashAndRestrictedCashEquivalentsPeriodIncreaseDecreaseExcludingExchangeRateEffect,CashCollateralForBorrowedSecurities,ClassOfWarrantOrRightExercisePriceOfWarrantsOrRights,ClassOfWarrantOrRightExercisePriceOfWarrantsOrRights1,ClassOfWarrantOrRightNumberOfSecuritiesCalledByWarrantsOrRights,ClassOfWarrantOrRightOutstanding,CommonStockParOrStatedValuePerShare,CommonStockSharesAuthorized,CommonStockSharesIssued,CommonStockSharesOutstanding,CommonStockValue,ComprehensiveIncomeNetOfTax,ConcentrationRiskPercentage1,ContractReceivableDueOneYearOrLess,ContractWithCustomerAssetCumulativeCatchUpAdjustmentToRevenueModificationOfContract,ContractWithCustomerAssetNet,ContractWithCustomerLiability,ContractWithCustomerLiabilityChangeInTimeframePerformanceObligationSatisfiedRevenueRecognized,ContractWithCustomerLiabilityCumulativeCatchUpAdjustmentToRevenueChangeInMeasureOfProgress,ContractWithCustomerLiabilityCurrent,ContractWithCustomerLiabilityRevenueRecognized,ContractWithCustomerReceivableAfterAllowanceForCreditLossCurrent,CostOfGoodsAndServicesSold,CostOfRevenue,CostsAndExpenses,CumulativeEffectOfChangeInAccountingPrincipleTabularPresentationByFinancialStatementLineItemAdjustmentAmount,CumulativeEffectOfNewAccountingPrincipleInPeriodOfAdoption,CurrentFederalTaxExpenseBenefit,CurrentIncomeTaxExpenseBenefit,CurrentStateAndLocalTaxExpenseBenefit,DebtInstrumentBasisSpreadOnVariableRate,DebtInstrumentBasisSpreadOnVariableRate1,DebtInstrumentPeriodicPayment,DebtInstrumentUnamortizedDiscount,DebtInstrumentUnamortizedDiscountPremiumNet,DebtLongtermAndShorttermCombinedAmount,DebtorReorganizationItemsLegalAndAdvisoryProfessionalFees,DebtorReorganizationItemsOtherExpenseIncome,DeferredCosts,DeferredCostsCurrent,DeferredFederalIncomeTaxExpenseBenefit,DeferredIncomeTaxAssetsNet,DeferredIncomeTaxExpenseBenefit,DeferredRevenue,DeferredRevenueCurrent,DeferredRevenueNoncurrent,DeferredRevenueRevenueRecognized1,DeferredStateAndLocalIncomeTaxExpenseBenefit,DeferredTaxAssetsDeferredIncome,DeferredTaxAssetsGoodwillAndIntangibleAssets,DeferredTaxAssetsGross,DeferredTaxAssetsLiabilitiesNet,DeferredTaxAssetsLiabilitiesNetNoncurrent,DeferredTaxAssetsNet,DeferredTaxAssetsNetCurrent,DeferredTaxAssetsNetNoncurrent,DeferredTaxAssetsOperatingLossCarryforwards,DeferredTaxAssetsOperatingLossCarryforwardsSubjectToExpiration,DeferredTaxAssetsOther,DeferredTaxAssetsPropertyPlantAndEquipment,DeferredTaxAssetsTaxCreditCarryforwardsAlternativeMinimumTax,DeferredTaxAssetsTaxDeferredExpense,DeferredTaxAssetsTaxDeferredExpenseCompensationAndBenefitsShareBasedCompensationCost,DeferredTaxAssetsTaxDeferredExpenseReservesAndAccrualsContingencies,DeferredTaxAssetsValuationAllowance,DeferredTaxLiabilities,DeferredTaxLiabilitiesDeferredExpenseCapitalizedResearchAndDevelopmentCosts,DeferredTaxLiabilitiesGoodwillAndIntangibleAssetsGoodwill,DeferredTaxLiabilitiesGoodwillAndIntangibleAssetsIntangibleAssets,DeferredTaxLiabilitiesNoncurrent,DeferredTaxLiabilitiesOther,DeferredTaxLiabilitiesPropertyPlantAndEquipment,DepreciationDepletionAndAmortization,DilutiveSecurities,EarningsPerShareBasic,EarningsPerShareBasicAndDiluted,EarningsPerShareDiluted,EffectiveIncomeTaxRateContinuingOperations,EffectiveIncomeTaxRateReconciliationAtFederalStatutoryIncomeTaxRate,EffectiveIncomeTaxRateReconciliationChangeInDeferredTaxAssetsValuationAllowance,EffectiveIncomeTaxRateReconciliationChangeInEnactedTaxRate,EffectiveIncomeTaxRateReconciliationDeductions,EffectiveIncomeTaxRateReconciliationNondeductibleExpenseShareBasedCompensationCost,EffectiveIncomeTaxRateReconciliationOtherAdjustments,EffectiveIncomeTaxRateReconciliationStateAndLocalIncomeTaxes,ExcessTaxBenefitFromShareBasedCompensationFinancingActivities,FairValueAdjustmentOfWarrants,FairValueMeasurementWithUnobservableInputsReconciliationRecurringBasisLiabilityGainLossIncludedInEarnings,FairValueMeasurementWithUnobservableInputsReconciliationRecurringBasisLiabilitySettlements,FairValueMeasurementWithUnobservableInputsReconciliationsRecurringBasisLiabilityValue,FurnitureAndFixturesGross,GainLossOnDispositionOfAssets,GainLossOnDispositionOfAssets1,GainLossOnSaleOfPropertyPlantEquipment,GainLossOnTerminationOfLease,GainLossRelatedToLitigationSettlement,GainsLossesOnExtinguishmentOfDebt,Goodwill,IncomeLossAttributableToParent,IncomeLossFromContinuingOperationsBeforeIncomeTaxesDomestic,IncomeLossFromContinuingOperationsBeforeIncomeTaxesExtraordinaryItemsNoncontrollingInterest,IncomeLossFromContinuingOperationsBeforeIncomeTaxesMinorityInterestAndIncomeLossFromEquityMethodInvestments,IncomeTaxExpenseBenefit,IncomeTaxReceivable,IncreaseDecreaseInAccountsPayableAndAccruedLiabilities,IncreaseDecreaseInAccountsReceivable,IncreaseDecreaseInAccruedInterestReceivableNet,IncreaseDecreaseInDeferredCharges,IncreaseDecreaseInDeferredIncomeTaxes,IncreaseDecreaseInDeferredRevenue,IncreaseDecreaseInInventories,IncreaseDecreaseInOtherOperatingAssets,IncreaseDecreaseInOtherOperatingLiabilities,IncreaseDecreaseInPrepaidExpense,IncrementalCommonSharesAttributableToCallOptionsAndWarrants,IncrementalCommonSharesAttributableToContingentlyIssuableShares,InterestExpense,InterestPayableCurrent,InventoryFinishedGoodsNetOfReserves,InventoryNet,InventoryRawMaterials,InventoryRawMaterialsNetOfReserves,InventoryWorkInProcess,InventoryWorkInProcessAndRawMaterials,InventoryWorkInProcessNetOfReserves,InventoryWriteDown,IssuanceOfStockAndWarrantsForServicesOrClaims,LeaseholdImprovementsGross,LesseeOperatingLeaseLiabilityPaymentsDue,LesseeOperatingLeaseLiabilityPaymentsDueAfterYearFive,LesseeOperatingLeaseLiabilityPaymentsDueNextTwelveMonths,LesseeOperatingLeaseLiabilityPaymentsDueYearFive,LesseeOperatingLeaseLiabilityPaymentsDueYearFour,LesseeOperatingLeaseLiabilityPaymentsDueYearThree,LesseeOperatingLeaseLiabilityPaymentsDueYearTwo,LesseeOperatingLeaseLiabilityPaymentsRemainderOfFiscalYear,LesseeOperatingLeaseLiabilityUndiscountedExcessAmount,Liabilities,LiabilitiesAndStockholdersEquity,LiabilitiesAssumed1,LiabilitiesCurrent,LiabilitiesSubjectToCompromise,LiabilitiesSubjectToCompromiseCashDisbursementsAndReclassificationIncreaseDecreaseUnderBankruptcyCourtOrderResolutionsOfContingenciesSubjectToChapter11,LiabilitiesSubjectToCompromiseExpenseIncomeItems,LiabilitiesSubjectToCompromiseExpenseReversalOfExpenseForLiabilities,LiabilitiesSubjectToCompromisePeriodIncreaseDecrease,LineOfCreditFacilityMaximumBorrowingCapacity,LitigationSettlementInterest,LoansPayable,LongTermDebt,LongTermDebtCurrent,LongTermDebtMaturitiesRepaymentsOfPrincipalInNextTwelveMonths,LongTermDebtMaturitiesRepaymentsOfPrincipalInYearThree,LongTermDebtMaturitiesRepaymentsOfPrincipalInYearTwo,LongTermDebtNoncurrent,LongTermDebtPercentageBearingFixedInterestRate,LossContingencyAccrualAtCarryingValue,LossContingencyAccrualCarryingValueCurrent,LossContingencyAccrualCarryingValuePeriodIncreaseDecrease,LossContingencyDamagesSoughtValue,LossContingencyLossInPeriod,MachineryAndEquipmentGross,NetCashProvidedByUsedInFinancingActivities,NetCashProvidedByUsedInInvestingActivities,NetCashProvidedByUsedInOperatingActivities,NetIncomeLoss,NetIncomeLossAttributableToParentDiluted,NonoperatingIncomeExpense,NotesReduction,NumberOfOperatingSegments,NumberOfReportableSegments,NumberOfReportingUnits,OperatingExpenses,OperatingIncomeLoss,OperatingLeaseCost,OperatingLeaseLiability,OperatingLeaseLiabilityCurrent,OperatingLeasePayments,OperatingLeaseRightOfUseAsset,OperatingLeasesFutureMinimumPaymentsDue,OperatingLeasesFutureMinimumPaymentsDueCurrent,OperatingLeasesFutureMinimumPaymentsDueInFiveYears,OperatingLeasesFutureMinimumPaymentsDueInFourYears,OperatingLeasesFutureMinimumPaymentsDueInThreeYears,OperatingLeasesFutureMinimumPaymentsDueInTwoYears,OperatingLeasesFutureMinimumPaymentsDueThereafter,OperatingLeaseWeightedAverageDiscountRatePercent,OperatingLossCarryforwards,OtherAccruedLiabilitiesCurrent,OtherAssetsNoncurrent,OtherComprehensiveIncomeUnrealizedHoldingGainLossOnSecuritiesArisingDuringPeriodNetOfTax,OtherDepreciationAndAmortization,OtherLiabilities,OtherNoncashExpense,OtherNoncashIncomeExpense,PaidInKindInterest,PaymentsForCapitalImprovements,PaymentsForLegalSettlements,PaymentsForProceedsFromOtherInvestingActivities,PaymentsForRepurchaseOfCommonStock,PaymentsForRepurchaseOfCommonStockForEmployeeTaxWithholdingObligations,PaymentsForRestructuring,PaymentsOfDebtIssuanceCosts,PaymentsOfLoanCosts,PaymentsOfStockIssuanceCosts,PaymentsRelatedToTaxWithholdingForShareBasedCompensation,PaymentsToAcquireAvailableForSaleSecurities,PaymentsToAcquirePropertyPlantAndEquipment,PaymentsToAcquireShortTermInvestments,PreferredStockSharesAuthorized,PreferredStockSharesIssued,PreferredStockSharesOutstanding,PrepaidExpenseAndOtherAssetsCurrent,PrepaidExpenseCurrent,ProceedsFromIssuanceOfCommonStock,ProceedsFromIssuanceOfLongTermDebt,ProceedsFromIssuanceOfWarrants,ProceedsFromSaleAndMaturityOfAvailableForSaleSecurities,ProceedsFromSaleOfProductiveAssets,ProceedsFromSaleOfPropertyPlantAndEquipment,ProceedsFromStockOptionsExercised,ProceedsFromWarrantExercises,PropertyPlantAndEquipmentDisposals,PropertyPlantAndEquipmentGross,PropertyPlantAndEquipmentNet,PurchaseCommitmentRemainingMinimumAmountCommitted,RecognitionOfDeferredRevenue,RelatedPartyCosts,RelatedPartyTransactionDueFromToRelatedParty,RelatedPartyTransactionExpensesFromTransactionsWithRelatedParty,ReorganizationItems,RepaymentsOfLongTermDebt,ResearchAndDevelopmentExpense,RestrictedCashAndCashEquivalents,RestrictedCashAndCashEquivalentsAtCarryingValue,RestrictedCashAndCashEquivalentsNoncurrent,RestrictedCashAndInvestmentsCurrent,RestrictedCashCurrent,RestrictedCashNoncurrent,RestructuringCharges,RestructuringCostsAndAssetImpairmentCharges,RestructuringReserve,RetainedEarningsAccumulatedDeficit,RevenueFromContractWithCustomerExcludingAssessedTax,RevenueRemainingPerformanceObligation,Revenues,SellingGeneralAndAdministrativeExpense,SeveranceCosts1,ShareBasedCompensation,ShareBasedCompensationArrangementByShareBasedPaymentAwardNumberOfSharesAuthorized,ShareBasedCompensationArrangementByShareBasedPaymentAwardOptionsExercisableNumber,ShareBasedCompensationArrangementByShareBasedPaymentAwardOptionsExercisableWeightedAverageExercisePrice,ShareBasedCompensationArrangementByShareBasedPaymentAwardOptionsExercisesInPeriodTotalIntrinsicValue,ShareBasedCompensationArrangementByShareBasedPaymentAwardOptionsForfeituresAndExpirationsInPeriod,ShareBasedCompensationArrangementByShareBasedPaymentAwardOptionsGrantsInPeriodGross,ShareBasedCompensationArrangementByShareBasedPaymentAwardOptionsGrantsInPeriodWeightedAverageGrantDateFairValue,ShareBasedCompensationArrangementByShareBasedPaymentAwardOptionsOutstandingIntrinsicValue,ShareBasedCompensationArrangementByShareBasedPaymentAwardOptionsOutstandingNumber,ShareBasedCompensationArrangementByShareBasedPaymentAwardOptionsVestedAndExpectedToVestOutstandingAggregateIntrinsicValue,ShareBasedCompensationArrangementByShareBasedPaymentAwardOptionsVestedAndExpectedToVestOutstandingNumber,ShareBasedCompensationArrangementByShareBasedPaymentAwardOptionsVestedAndExpectedToVestOutstandingWeightedAverageExercisePrice,ShareBasedCompensationArrangementByShareBasedPaymentAwardOptionsVestedInPeriodFairValue,SharebasedCompensationArrangementBySharebasedPaymentAwardOptionsExercisableIntrinsicValue1,ShortTermBorrowings,StockAndWarrantsIssuedDuringPeriodValuePreferredStockAndWarrants,StockholdersEquity,StockIssued1,StockIssuedDuringPeriodSharesStockOptionsExercised,StockIssuedDuringPeriodValueNewIssues,StockIssuedDuringPeriodValueRestrictedStockAwardGross,StockIssuedDuringPeriodValueRestrictedStockAwardNetOfForfeitures,StockIssuedDuringPeriodValueShareBasedCompensation,StockIssuedDuringPeriodValueStockOptionsExercised,StockRedeemedOrCalledDuringPeriodValue,StockRepurchasedDuringPeriodShares,StockRepurchasedDuringPeriodValue,StockRepurchaseProgramAuthorizedAmount1,TaxAdjustmentsSettlementsAndUnusualProvisions,TaxesPayableCurrentAndNoncurrent,UnrecognizedTaxBenefits,UnrecognizedTaxBenefitsDecreasesResultingFromCurrentPeriodTaxPositions,UnrecognizedTaxBenefitsDecreasesResultingFromSettlementsWithTaxingAuthorities,UnrecognizedTaxBenefitsIncomeTaxPenaltiesAndInterestExpense,UnrecognizedTaxBenefitsIncreasesResultingFromCurrentPeriodTaxPositions,UnrecognizedTaxBenefitsReductionsResultingFromLapseOfApplicableStatuteOfLimitations,UnrecognizedTaxBenefitsThatWouldImpactEffectiveTaxRate,ValuationAllowanceDeferredTaxAssetChangeInAmount,WarrantsAndRightsOutstanding,WeightedAverageNumberOfDilutedSharesOutstanding,WeightedAverageNumberOfShareOutstandingBasicAndDiluted,WeightedAverageNumberOfSharesOutstandingBasic,CurrentForeignTaxExpenseBenefit,DeferredForeignIncomeTaxExpenseBenefit,DeferredTaxAssetsInventory,DeferredTaxAssetsTaxDeferredExpenseReservesAndAccruals,IncreaseDecreaseInAccruedIncomeTaxesPayable,SharebasedCompensationArrangementBySharebasedPaymentAwardOptionsVestedInPeriodFairValue1
2005-12-31,2006-03-29,10-K,Siga Technologies INC,SIGA,CIK0001010086,USD,,,,,,,,,,,,,,,,,,,,,,,,,,,,,,,,,,,,1.18,,1000000.0,,,,,,,,,,,,,,,,,,,,,,,,,,,,,,,,,,,,,,,,,,,,,,,,,,,,,,,,,,,,,,,,,,,,,,,,,,,,,,,,,,,,,,,,,,,,,,,,,,,,,,,,,,,,,,,,,,,,,,,,,,,,,,,,,,,,,,,,,,,,,,,,,,,,,,,,,,,,,,,,,,,,,,,,,,,,,,,,,,,,,,,,,,,,,,,,,,,,,,,,,,,,,,,,,,,,,,,,,,,,,,,,,,,,,,,,,,,,,,,,,,,,,,,,,,,,,,,,,,,,,,,,,,,,,,,,,,,,,,,,,,,,,,,,,,,,
2006-12-31,2007-03-16,10-K,Siga Technologies INC,SIGA,CIK0001010086,USD,,,,,,,,,,,,,,,,,,,,,,,,,,,,,,,,,,,,4.99,4.99,1000000.0,,,,,,,,,,,,,,,,,,,,,,,,,,,,,,,,,,,,,,,,,,,,,,,,,,,,,,,,,,,,,,,,,,,,,,,,,,,,,,,,,,,,,,,,,,,,,,,,,,,,,,,,,,,,,,,,,,,,,,,,,,,,,,,,,,,,,,,,,,,,,,,,,,,,,,,,,,,,,,,,,,,,,,,,,,,,,,,,,,,,,,,,,,,,,,,,,,,,,,,,,,,,,,,,,,,,,,,,,,,,,,,,,,,,,,,,,,,,,,,,,,,,,,,,,,,,,,,,,,,,,,,,,,,,,,,,,,,,,,,,,,,,,,,,,,,,
2008-12-31,2009-03-06,10-K,Siga Technologies INC,SIGA,CIK0001010086,USD,,,,,,,,,,,,,,,,,,,,,,,,,,,,,,,2321519.0,,,,,,,,,,,,,,,,,,,,,,,,,,,,,,,,,,,,,,,,,,,,,,,,,,,,,,,,,,,,,,,,,,,,,,,,,,,,,,,,,,,,,,,,,,,,,,,,,,,,,,,,,,,,,,,,,,,,,,,,,,,,,,,,,,,,,,,,,,,,,,,,,,,,,,,,,,,,,,,,,,,,,,,,,,,,,,,,,,,,,,,,,,,,,,,,,,,,,,,,,,,,,,,,,,,,,,,,,,,,,,,,,,,,,,,,,,,,,,,,,,,,,,,,,,,,,,,,,,,,,,,,,,,,1361.0,,,,,,,,,,,,,,,,,,,,,,,,,,,,,,,
2009-12-31,2010-03-10,10-K,Siga Technologies INC,SIGA,CIK0001010086,USD,,,,,,,,,,,,,,,,2141772.0,,,,,,,,,,,,,,,6332053.0,12174794.0,,,,,,,,,,,,,,,,,,,,,,,,,,,-2710000.0,,,,,,,,,,,,,,,,,0.0,,,,,,,,,,,,,,,,,,,,,,,,,,,,,,475091.0,,-0.52,,-0.52,,,,,,,,,,,,,,,,,,,,,,,,,-19400355.0,0.0,,1181777.0,446253.0,,,,0.0,,20895.0,267634.0,192465.0,,,,,,,,,,,,,,,,,,,,,,,,,,,,,,,,,,,,,,,,,,,,,,,,,25985652.0,-5340029.0,-8470829.0,-19400355.0,,1437.0,,,,,25690785.0,-11878927.0,,,,,,,,,,,,,,,,,,,,,,,,,,0.0,,,,,-581358.0,,,340729.0,4999300.0,,,,,,18565420.0,,1715765.0,0.0,,,7420232.0,,,,,,,,,,,,17423453.0,,,,,,,,,,,,,,7533167.0,,2141772.0,,,,,,,,,,,,,,,,,-12912917.0,,,,,,,,,,,,,,,,,,,,,,,37463255.0,,37463255.0,,,,,,
2010-06-30,2010-08-05,10-Q,Siga Technologies INC,SIGA,CIK0001010086,USD,,,,,,,,,,,,,,,,,,,,,,,,,,,,,,,6540003.0,,,,,,,,,,,,,,,,,,,,,,,,,,,,,,,,,,,,,,,,,,,,,,,,,,,,,,,,,,,,,,,,,,,,,,,,,,,,,-0.12,,-0.12,,,,,,,,,,,,,,,,,,,,,,,,,-5250776.0,0.0,,,,,,,,,,,,,,,,,,,,,,,,,,,,,,,,,,,,,,,,,,,,,,,,,,,,,,,,,,,,,,,-5250776.0,,0.0,,,,,7469447.0,-3022694.0,,,,,,,,,,,,,,,,,,,,,,,,,,,,,,,,,,,,,,,,,,,,,,,,,,,,,,,,,,,4929961.0,,,,,,,,,,,,,,2233825.0,,,,,,,,,,,,,,,,,,,,,,,,,,,,,,,,,,,,,,,,,,43620212.0,,43620212.0,,,,,,
2010-09-30,2010-11-02,10-Q,Siga Technologies INC,SIGA,CIK0001010086,USD,,,,,,,,,,,,,,,,,,,,,,,,,,,,,,,5711777.0,,,,,,,,,,,,,,,,,,,,,,,,,,,,,,,,,,,,,,,,,,,,,,,,,,,,,,,,,,,,,,,,,,,,,,,,,,,,,-0.1,,-0.1,,,,,,,,,,,,,,,,,,,,,,,,,-4430306.0,0.0,,,,,,,,,,,,,,,,,,,,,,,,,,,,,,,,,,,,,,,,,,,,,,,,,,,,,,,,,,,,,,,-4430306.0,,0.0,,,,,9043519.0,-2411662.0,,,,,,,,,,,,,,,,,,,,,,,,,,,,,,,,,,,,,,,,,,,,,,,,,,,,,,,,,,,7419749.0,,,,,,,,,,,,,,1389259.0,,,,,,,,,,,,,,,,,,,,,,,,,,,,,,,,,,,,,,,,,,45509375.0,,45509375.0,,,,,,
2010-12-31,2011-03-09,10-K,Siga Technologies INC,SIGA,CIK0001010086,USD,,2884259.0,,,3002144.0,,,1378921.0,,,,4067.0,,134524304.0,,1483955.0,,1500000.0,,,0.0,27031803.0,24702564.0,,,14999350.0,,,,,6332053.0,-8164260.0,,,,,,,,0.0001,100000000.0,49019443.0,49019443.0,4902.0,-50344234.0,,,,,,,,,,,,,,,,,,,,,,,,,,,,,,,175175.0,,,0.0,,,,,,,,,0.0,0.0,,,,,,,,,,,,,,175175.0,,,625343.0,0.0,-1.12,,-1.12,-0.003,0.34,-0.075,,,0.0,-0.01,0.0,,,,,,,,,,,,,898334.0,,,,-50173126.0,175175.0,,-125929.0,596283.0,,0.0,,0.0,0.0,-24103.0,-1379471.0,-1216055.0,0.0,,0.0,,,,,,,,,,,,,,,,,,,,,14963015.0,27031803.0,,4263180.0,,,,,,,,,,,,,,,,,,,,,,13196990.0,-10535866.0,-10825384.0,-50348301.0,-50348301.0,659292.0,,,,,31938225.0,-12722388.0,,,,,,,,,,,,,,,,280648.0,4067.0,,0.0,,,,,,,0.0,,,,,,,,549944.0,41235922.0,,,,,369017.0,0.0,0.0,30555845.0,31250000.0,,,8880990.0,,,,1150257.0,,,,,,,,22658959.0,,,,,,,,,,-122464485.0,,,,8130669.0,,1483955.0,,,,19600000.0,,,,,,,,,1500000.0,,,,-12912917.0,,,,0.0,,,,,,,,,,,,,,,,,,,45151774.0,,45151774.0,,,,,,
2011-03-31,2011-05-05,10-Q,Siga Technologies INC,SIGA,CIK0001010086,USD,,,,,,,,,,,,,153771676.0,,,,,,,,,22627346.0,20423847.0,,2203499.0,,,,,,3835915.0,-2496138.0,,,,,,,,,,,,5038.0,,,,,,,,,,,,,,,,,,,,,,,,,,,,,,,,0.0,,,,,,,,,,,,,,,,,,,,,,,,,,,,,,165182.0,,-0.03,-0.03,-0.03,,,,,,,,,,,,,,,,,,,,,,,,,-4701275.0,-1511563.0,,-954394.0,-1756903.0,,0.0,,-22610.0,0.0,-25876.0,12887.0,5819.0,,,,,,,,,,,,,,,,,,,,,,,,24752771.0,22627346.0,,,,,,,,,,,,,,,,,,,,,,,,1846708.0,-37890.0,-4304956.0,-1512000.0,,-2793.0,,,,,8158161.0,-6461440.0,,,,,,,,,,,,,,,,,,,3474238.0,,,,,,,,,,,,,,,43509.0,14994381.0,,,,,,,,,15000000.0,,,,,,,,,,,,,,,3566000.0,,,,,,,,,,-155902139.0,,,,4250000.0,,1181252.0,,,,,,,,,,,,,,,,,-2125425.0,,,,,,,,,,,,,,,,,,,,,,,,49959345.0,,,,,,,
2011-06-30,2011-08-01,10-Q,Siga Technologies INC,SIGA,CIK0001010086,USD,,1377339.0,,,1808640.0,,,1870688.0,,,,0.0,161772778.0,146267297.0,,,,,,,,51968582.0,17240832.0,,34727750.0,9999850.0,,,,,5000364.0,,,,,,,,,0.0001,100000000.0,51314017.0,51314017.0,5131.0,,,,,,,,,,,,,,,,,,,,,,,,,,,,,,,,,,,,,,,,,,,,,32653550.0,,,,,,,,,,,,,,0.0,,,,-2039851.0,0.54,,0.4,,,,,,,,,,,,,,,,,,,,,898334.0,,,,-9066062.0,-32907988.0,,,,,,,,,,,,3791804.0,,,,,,,,,,,,,,,,,,,,,,,18747015.0,51968582.0,,3248027.0,,,,,,,,,,,,,,,,,,,,,,,,,27345796.0,21802075.0,2006.0,,,,,13598975.0,-11107919.0,,,,,,,,,,,,,,,,281608.0,,,3268952.0,,,,,,,,,,,,,,,,,,,,,431978.0,,,,,,,,,,,894258.0,,,,,,,,3835000.0,,,,,,,,,,-128556342.0,,,,9351000.0,,,,,,,,,,,,,,,,,,,33221567.0,,,,,,,,,,,,,,,,,,,,,,,54671403.0,,50879599.0,,,,,,
2011-09-30,2011-11-08,10-Q,Siga Technologies INC,SIGA,CIK0001010086,USD,,2218881.0,,,1708294.0,,,1476875.0,,,,0.0,164593317.0,149087836.0,,,,,,,,50784094.0,14538719.0,,36245375.0,0.0,,,,,12409958.0,,,,,,,,,0.0001,100000000.0,51418518.0,51418518.0,5142.0,,,,,,,,,,,,,,,,,,,,,,,,,,,,,,,,,,,,,,,,,,,,,34180825.0,,,,,,,,,,,,,,0.0,,,,0.0,0.16,,0.11,,,,,,,,,,,,,,,,,,,,,898334.0,,,,-1316761.0,-1527275.0,,,,,,,,,,,,1180970.0,,,,,,,,,,,,,,,,,,,,,,,6415668.0,50784094.0,,3695756.0,,,,,,,,,,,,,,,,,,,,,,,,,8326309.0,210514.0,329.0,,,,,9621092.0,-6043144.0,,,,,,,,,,,,,,,,371748.0,,,3779449.0,,,,,,,,,,,,,,,,,,,,,420467.0,,,,,,,,,,,794468.0,,,,,,,,5170000.0,,,,,,,,,,-120230033.0,,,,3969000.0,,,,,,,,,,,,,,,,,,,44368426.0,,,,,,,,,,,,,,,,,,,,,,,51987253.0,,50806284.0,,,,,,
2011-12-31,2012-03-01,10-K,Siga Technologies INC,SIGA,CIK0001010086,USD,,2278316.0,,0.0,2637103.0,1067000.0,,4644461.0,339200.0,222706.0,5654707.0,0.0,,166056692.0,,12463772.0,,12500000.0,,,504668.0,90380477.0,52978703.0,,,0.0,,,,,49256930.0,42924877.0,,,,,,,,0.0001,100000000.0,51637352.0,51637352.0,5164.0,29095512.0,,,,,,,,,,,,,,,,0.0,20332.0,20332.0,,,,,,,,,250072.0,,-35493317.0,,-36051978.0,,,41001110.0,,-558661.0,0.0,,40689414.0,35876803.0,,36060176.0,727772.0,35149031.0,32109373.0,900000.0,896251.0,,,,1417093.0,,4629238.0,,-3674469.0,183373.0,-1814271.0,0.0,,-777957.0,568288.0,-24436309.0,0.45999999999999996,,-0.020000000000000004,5.195,0.35,3.876,,,-0.248,-0.014,-0.003,0.0,,,,,332427.0,,,,,,,898334.0,,,,-6932067.0,-36031646.0,,2659597.0,-365041.0,,250072.0,,41001110.0,0.0,4697.0,147586.0,-12119.0,3132159.0,,0.0,,,0.0,0.0,,,,,,,3187415.0,,,,,,,,,,49609618.0,90380477.0,,7048618.0,,,,,,,,,,0.0,,,,0.0,,,2050000.0,,,,2578662.0,2592581.0,14758260.0,25574036.0,24038579.0,4663270.0,13061.0,,,,,44107229.0,-39150437.0,,,,,,,,,,,,,,,965555.0,285345.0,-4067.0,,147586.0,,0.0,,,,,1353656.0,,,,,,1353656.0,,237023.0,25004717.0,,,,356898.0,356898.0,0.0,0.0,9531911.0,40000000.0,,,3946237.0,,25000.0,6473699.0,818992.0,,,,,,,0.0,24162348.0,,,,,,,0.0,,,-125290997.0,,,,30294713.0,,12463772.0,,,,315000.0,,,7.01,,2799793.0,,,,2500000.0,,,,40770859.0,,,,10000000.0,,,,,,,,,,,,,,,,,,,54061650.0,,50929491.0,,,,,,
2012-03-31,2012-05-07,10-Q,Siga Technologies INC,SIGA,CIK0001010086,USD,,3903352.0,,1731670.0,1932610.0,,,3235129.0,,,,,166373488.0,150868007.0,,,,,,0.0,,89027621.0,46636330.0,,42391291.0,,,,,,42588476.0,-6668454.0,,,,,,,,0.0001,100000000.0,51638352.0,51638352.0,5164.0,-4619676.0,,,,,,,,,,,,,,,,,,,,,,,,,,,1506692.0,,,,-1932719.0,,,42727036.0,,,,,,,,,731807.0,37077715.0,,,,,,,,,,,,,,,,,103354.0,,-0.09,-0.09,-0.09,,,,,,,,,,,,,,,,,,,,,898334.0,,,,-6548328.0,-1932719.0,,220502.0,1027177.0,,1256620.0,,1725926.0,923195.0,-7501.0,4798.0,103344.0,,,0.0,,,,923195.0,,,,,,,,,,,,,,,,,52555575.0,89027621.0,,7138481.0,,,,,,,,,,,,,,,,,,,,,,1690.0,-183398.0,-6486746.0,-4616000.0,,162.0,,,,,7014713.0,-5549000.0,,,,,,,,,,,,,,,,277844.0,-4067.0,,50017901.0,,,,,,,,0.0,,,,,,,183398.0,0.0,,,,,460242.0,,,,0.0,,,,,,,899036.0,,,,,,,,4465000.0,,,,,,,,,,-129906606.0,,,,2214000.0,,315106.0,,,,,,,,,,,,,,,,,36472046.0,,,,,,,,,,,,,,,,,,,,,,,,51637770.0,,,,,,,
2012-06-30,2012-08-06,10-Q,Siga Technologies INC,SIGA,CIK0001010086,USD,,10045821.0,,2000983.0,1517947.0,838643.0,,4465450.0,665778.0,310775.0,,,166757855.0,151509784.0,,,,,,,,92640990.0,46578955.0,,46062035.0,,,,,,34932776.0,,,,,,,,,0.0001,100000000.0,51638352.0,51638352.0,5164.0,-3766838.0,,,,,,,,,,,,,,,,,,,,,,,,,,,1937671.0,,,,,,,42992609.0,,,,,,,,39500000.0,726203.0,38744039.0,,,,,,,,,5200000.0,,,,,,,,,0.0,-0.07,-0.07,-0.07,,,,,,,,,,,,,,,,,,,,,898334.0,,,,-5427558.0,-1660720.0,,,,,,,,,,,,0.0,,0.0,,,8859970.0,,,8900000.0,,,,,,,,,,,,,,,59551415.0,92640990.0,,14511271.0,,,,,,,,,,,,,,,,,2422103.0,,,,,,,,-3767000.0,-4346557.0,74.0,,,,,9033527.0,-6332000.0,,,,,,,,,,,,,,,228151.0,1625800.0,0.0,,57661062.0,,,,,,,,,,,,,,,,,,,,,542059.0,,,,,,,,,,,855208.0,,,,,,,,5183000.0,,,,,,,,,,-133673444.0,,,,3475000.0,,,,,,,,,,,,,,,,,,,33089575.0,,,,,,,,,,,,,,,,,,,,,,,51638352.0,51638352.0,51638352.0,,,,,,
2012-09-30,2012-11-05,10-Q,Siga Technologies INC,SIGA,CIK0001010086,USD,,10613539.0,,2614926.0,1095324.0,1212571.0,,5183230.0,926687.0,308780.0,,,167192629.0,151944558.0,,,,,,,,92051992.0,42540233.0,,49511759.0,,,,,,22671928.0,,,,,,,,,0.0001,100000000.0,51642520.0,51642520.0,5164.0,-3058734.0,,,,,,,,,,,,,,,,,,,,,,,,,,,2397811.0,,,,,,,43603902.0,,,,,,,,41900000.0,740439.0,41200149.0,,,,,,,,,4600000.0,,,,,,,,,0.0,-0.06,-0.06,-0.06,,,,,,,,,,,,,,,,,,,,,898334.0,,,,-5529080.0,-2470346.0,,,,,,,,,,,,0.0,,0.0,,,17357337.0,,,17400000.0,,,,,,,,,,,,,,,61586379.0,92051992.0,,15796769.0,,,,,,,,,,,,,,,,,2457042.0,,,,,,,,-3059000.0,-2940391.0,94.0,,,,,7685619.0,-5396000.0,,,,,,,,,,,,,,,278150.0,1625800.0,0.0,,59562651.0,,,,,,,,,,,,,,,,,,,,,675205.0,,,,,,,,,,,774739.0,,,,,,,,4170000.0,,,,,,,,,,-136732180.0,,,,3139000.0,,,,,,,,,,,,,,,,,,,30465613.0,,,,,,,,,,,,,,,,,,,,,,,51639811.0,51639811.0,51639811.0,,,,,,
2012-12-31,2013-03-06,10-K,Siga Technologies INC,SIGA,CIK0001010086,USD,,10189917.0,,3771219.0,970288.0,250000.0,,4283849.0,579609.0,328463.0,4938372.0,,,167588375.0,,1779515.0,700000.0,1800000.0,,,0.0,105836130.0,84946176.0,,,,,,,110000000.0,32017490.0,-17239440.0,,,,2.92,,,815568.0,0.0001,100000000.0,51642520.0,51642520.0,5164.0,-14059539.0,,0.0,,,,,,,,,,,,,,0.0,3649.0,3649.0,0.0525,0.0525,167000.0,90000.0,,5000000.0,,,2841534.0,,-7557163.0,,-7847802.0,,,57052020.0,,-290639.0,4403266.0,,49273789.0,43724605.0,,44945556.0,33515327.0,10209278.0,36764901.0,1200000.0,212483.0,,0.0,,1768990.0,892129.0,4328233.0,,-2950555.0,203682.0,-1572281.0,,,-709184.0,419358.0,0.0,-0.31,-0.04,-0.31,0.359,0.35,-0.005,,,-0.008,-0.005,0.014,0.0,,,,,345287.0,,0.0,,,,,898334.0,,,,-21903692.0,-7844153.0,,7550989.0,2104404.0,,2591462.0,,16050910.0,17641922.0,548419.0,18717.0,444251.0,0.0,,172993.0,,0.0,17641922.0,,,17600000.0,17641922.0,,,,2817123.0,,,,,,,,,,77593128.0,105836130.0,,15762297.0,,,,,0.0,7000000.0,,,5000000.0,954738.0,1000000.0,2000000.0,2000000.0,3955262.0,0.0985,,2491981.0,,,442720.0,2305410.0,4919577.0,-1936191.0,-20222826.0,-16677539.0,-14059539.0,522.0,,,,,31506572.0,-27794737.0,,,,,,4511434.0,866098.0,940836.0,921168.0,901500.0,881832.0,,,103800000.0,633796.0,2181720.0,0.0,,166303.0,0.0,0.0,,,,0.0,0.0,,,772000.0,,,0.0,,588235.0,0.0,10000000.0,,,801149.0,,,4910000.0,,0.0,0.0,,247833.0,,,5926241.0,987869.0,,,,,,0.0,0.0,22609036.0,,,,,,,0.0,,,-139350537.0,,,,13550411.0,,1779515.0,,2084125.0,4.48,3000.0,-50267.0,157350.0,1.77,917283.0,2902708.0,912441.0,2867115.0,4.28,700000.0,805913.0,,,28243002.0,,-4168.0,,0.0,,,,,,,,,,,,,,,,,,,51639622.0,,51639622.0,,,,,,
2013-03-31,2013-05-15,10-Q,Siga Technologies INC,SIGA,CIK0001010086,USD,,8588832.0,,0.0,1026599.0,365545.0,,4569305.0,288157.0,369074.0,5036506.0,,,169720774.0,,,,,,12730.0,,128726504.0,103530458.0,,,,,,,110000000.0,24690394.0,-7327096.0,,,,2.92,,,407784.0,0.0001,100000000.0,52123528.0,52123528.0,5212.0,-4875819.0,,30227538.0,,,,,,,,,,,,,,,,,,,,,,0.0,,,8669379.0,,,,-2278442.0,,,83505866.0,,,,,,,,46000000.0,33657972.0,12345075.0,,,,,,,,,4300000.0,,,,,,,,98134.0,,,-0.09,,,,,,,,,,,,,,,459900.0,,,,,,,898334.0,,,,-7154261.0,-2278442.0,,-1314839.0,26512630.0,,5827845.0,,26453846.0,-4493117.0,-56789.0,0.0,-21999.0,,,373555.0,,,13148805.0,,,,,,,,2839855.0,,,,,,,,,,103226873.0,128726504.0,,15151839.0,,,,,,,,,,1454249.0,,,,3468481.0,,,2526160.0,,,47000.0,2388082.0,1035272.0,-268592.0,-8093776.0,-4876000.0,,103.0,,,,,7134974.0,-5807000.0,,,,,,,,,,,,,,,1020369.0,2124931.0,0.0,,167093.0,,-12730.0,,,,,,178093.0,,,,,178093.0,,268592.0,,10000000.0,,,779150.0,,,,,,,,,,,6194833.0,1158327.0,,,,,,,0.0,3645000.0,,,,,,,0.0,,,-144226355.0,,,,2984000.0,,604985.0,,,,,,,,,,,,,,,,,25499631.0,,,,,,,,,,,,,,,,,,,,,,,,51714146.0,,,,,,,
2013-06-30,2013-08-05,10-Q,Siga Technologies INC,SIGA,CIK0001010086,USD,,16258393.0,,0.0,622789.0,803590.0,,5502750.0,560156.0,363565.0,5141131.0,,,170689389.0,,,,,,,,177014114.0,145613525.0,,,,,,,110000000.0,32962728.0,,,,,2.92,,,407784.0,0.0001,100000000.0,52396497.0,52396497.0,5240.0,-3061080.0,,57597172.0,,,,,,,,,,,,,,,,,,,,,,12000000.0,,,14234754.0,,,,,,,119069235.0,,,,,,,,48000000.0,35047827.0,12921556.0,,,,,,,,,4300000.0,,,,,,,,104625.0,,,-0.06,,,,,,,,,,,,,,,468391.0,,,,,,,898334.0,,,,-5027416.0,-1966336.0,,,,,,,,,,,,,,376323.0,,,18452502.0,,,,,,,,2887415.0,,,,,,,,,,153606919.0,177014114.0,,30963067.0,,,,,,,,,,8958725.0,,,,2976924.0,,,2561374.0,,,49000.0,2388086.0,,,,-3061000.0,,1382.0,,,,,6597431.0,-5633000.0,,,,,,,,,,,,,,,1214065.0,2202294.0,0.0,,348135.0,,,,,,,,,,,,,,,,,10000000.0,,,930507.0,,,,,,,,,,,6284782.0,1143651.0,,,,,,,,3131000.0,,,,,,,0.0,,,-147287434.0,,,,3117000.0,,,,,,,,,,,,,,,,,,,23407195.0,,,,,,,,,,,,,,,,,,,,,,,,52214824.0,,,,,,,
2013-09-30,2013-11-06,10-Q,Siga Technologies INC,SIGA,CIK0001010086,USD,,6826552.0,,0.0,741918.0,1096635.0,,7231697.0,782213.0,337452.0,5257749.0,,,171508253.0,,,,,,,,201569656.0,143853152.0,,,,,,,110000000.0,105190655.0,,,,,2.92,,,407784.0,0.0001,100000000.0,52593318.0,52593318.0,5259.0,-4901976.0,,451185.0,,,,,,,,,,,,,,,,,,,,,,4500000.0,,,21887652.0,,,,,,,162057530.0,,,,,,,,51000000.0,19420266.0,31556712.0,,,,,,,,,4300000.0,,,,,,,,116618.0,,,-0.09,,,,,,,,,,,,,,,488168.0,,,,,,,898334.0,,,,-6592004.0,-1690028.0,,,,,,,,,,,,,,293438.0,,,16988019.0,,,,,,,,3006310.0,,,,,,,,,,182245556.0,201569656.0,,17249699.0,,,,,,,,,,1963738.0,,,,2484086.0,,,2598322.0,,,51000.0,2440045.0,,,,-4902000.0,,5.0,,,,,7855759.0,-5564000.0,,,,,,,,,,,,,,,2417075.0,2137433.0,0.0,,454241.0,,,,,,,,,,,,,,,,,10000000.0,,,1061109.0,,,,,,,,,,,6494122.0,1236373.0,,,,,,0.0,,4261000.0,,,,,,,0.0,,,-152189412.0,,,,3215000.0,,,,,,,,,,,,,,,,,,,19324100.0,,,,,,,,,,,,,1300000.0,,,,,,,,,,,52548997.0,,,,,,,
2013-12-31,2014-03-10,10-K,Siga Technologies INC,SIGA,CIK0001010086,USD,,5064380.0,,0.0,982023.0,0.0,,4842393.0,794275.0,252410.0,5401509.0,,,173498028.0,,2172597.0,1600000.0,2300000.0,,,0.0,193824234.0,123941842.0,,,,,,,110000000.0,91309754.0,59292264.0,,,,,,,,0.0001,100000000.0,53108844.0,53108844.0,5310.0,-17177333.0,,,,,,,,,,,,,,,,1608033.0,1981488.0,373455.0,,,167000.0,,41226.0,4000000.0,,,22583202.0,,-10072499.0,,-9599927.0,,,162222189.0,,472572.0,48685086.0,,65933165.0,53324532.0,,61490236.0,10383908.0,42940624.0,7750690.0,,554777.0,604973.0,1608033.0,,2166125.0,942529.0,4442929.0,,-2278397.0,224908.0,-1342555.0,0.0,,-604973.0,463137.0,0.0,-0.33,-0.08,-0.33,0.307,0.35,-0.006,,,-0.004,-0.003,-0.029,23668.0,,,,,488168.0,,0.0,,,,,898334.0,,,,-24795772.0,-7618439.0,,-4566993.0,-3759484.0,,19741668.0,,105170169.0,2873427.0,-147621.0,281302.0,-188101.0,0.0,,1207332.0,,6152198.0,20515349.0,,,,14363151.0,,,272729.0,3166622.0,,,,,,,,,,176848766.0,193824234.0,,12189024.0,0.0,,,,0.0,,,,3958774.0,1968826.0,2000000.0,,2000000.0,1989948.0,,,2635270.0,,,248207.0,2473428.0,1713103.0,-857341.0,58436502.0,-21515333.0,-17177333.0,1497.0,,,,,29035481.0,-30029181.0,,,,,,8532168.0,1602840.0,734360.0,1661844.0,1642176.0,1622508.0,1268440.0,,23500000.0,1160438.0,2078159.0,0.0,,447605.0,48774.0,0.0,,,,0.0,,,206385.0,,,,178952.0,,857341.0,0.0,10000000.0,,,750808.0,,,7000000.0,751370.0,0.0,0.0,,-2868387.0,,,6783582.0,1382073.0,,,,,,0.0,8000000.0,16604083.0,,,0.0,,,,1025944.0,188329.0,118230.0,-156527870.0,,,,16850029.0,324615.0,2263506.0,,2013960.0,5.09,,69455.0,27000.0,2.34,849950.0,2353630.0,844331.0,2343414.0,4.91,,663128.0,,,16975468.0,,506623.0,,,,,,,,,,,,,,,,,,,,,52368842.0,,52368842.0,,,,,,
2014-03-31,2014-05-01,10-Q,Siga Technologies INC,SIGA,CIK0001010086,USD,,4343762.0,,,610420.0,401250.0,,4660747.0,849207.0,278428.0,3239689.0,,,173841500.0,,,,,,,,214787829.0,133333724.0,220501.0,,,,,,110000000.0,107067070.0,15757316.0,,,,,,,,0.0001,100000000.0,53335296.0,53335296.0,5334.0,,,,,,,,,,,,,,,,,,,,,,,,,,,,29176756.0,,,,-2547479.0,,,187783380.0,,,,,,,,55900000.0,7602201.0,48269810.0,,,,,,,,,4300000.0,,,,,,,,91106.0,,,-0.06,,,,,,,,,,,,,,,495671.0,,,,,,,898334.0,,,,-5623154.0,-2241295.0,,-902264.0,-371603.0,,6593554.0,,25561191.0,-3439804.0,-19513.0,-10570.0,7179.0,,,140829.0,,0.0,17075545.0,,,,17075545.0,,,,3170596.0,,,,,,,,,,200850724.0,214787829.0,,11135819.0,,,,,0.0,,,,,1973990.0,,,,1494490.0,,,2671414.0,,,49000.0,0.0,-821264.0,-14184.0,16592764.0,-3382000.0,,5.0,,,,,6187850.0,-5638000.0,,,,,,,,,,,,,,,460448.0,2024555.0,,,437035.0,9706.0,0.0,,,,0.0,,,113355.0,,,,415938.0,,14184.0,,10000000.0,,,978488.0,,,,,,,,,,,4324339.0,1084650.0,,,,,,0.0,500001.0,2813000.0,,,,,,,,,4875.0,-159909729.0,,,,3039000.0,0.0,698851.0,,,,,,,,,,,,,,,,,13937105.0,,,,,,,,,,,,,,,,,,,,,,,,53252155.0,,,,,,,
2014-06-30,2014-07-31,10-Q,Siga Technologies INC,SIGA,CIK0001010086,USD,,1628237.0,,,742709.0,772500.0,,4777869.0,328630.0,281162.0,3326493.0,,,174421347.0,,,,,,,,209471589.0,129734471.0,,,,,,,110000000.0,99029327.0,,,,,,,,,0.0001,100000000.0,53504296.0,53504296.0,5350.0,,,,,,,,,,,,,,,,,,,,,,,,,,,,30097583.0,,,,,,,188081857.0,,,,,,,,57500000.0,11758810.0,45741228.0,,,,,,,,,4500000.0,,,,,,,,89689.0,,,-0.06,,,,,,,,,,,,,,,486656.0,,,,,,,898334.0,,,,-4723279.0,-1775017.0,,,,,,,,,,,,,,123609.0,,2607187.0,16845607.0,,,,14238420.0,,,,3170597.0,,,,,,,,,,197902884.0,209471589.0,,8396869.0,,,,,,,,,,1979231.0,,,,997693.0,,,2708653.0,,,51000.0,0.0,,,,-2948000.0,,1051.0,,,,,5397121.0,-4747000.0,,,,,,,,,,,,,,,686924.0,1999431.0,,,426465.0,,,,,,,,,,,,,,,,,10000000.0,,,1358018.0,,,,,,,,,,212720.0,4327035.0,1000542.0,,,,,,0.0,,2372000.0,,,,,,,,,4425.0,-162857992.0,,,,2748000.0,,,,,,,,,,,,,,,,,,,11568705.0,,,,,,,,,,,,,,,,,,,,,,,,53414296.0,,,,,,,
2014-09-30,2014-11-04,10-Q,Siga Technologies INC,SIGA,CIK0001010086,USD,,680930.0,,,569061.0,,,1925696.0,544537.0,256956.0,3413726.0,,,174952893.0,,,,,,,,164715384.0,124102788.0,,,,,,,110000000.0,104682642.0,,,,4000000.0,,,,,0.0001,100000000.0,53504296.0,53504296.0,5351.0,,,,,,,,,,,,,,,,,,,,,,,,,,223422.0,70000.0,32809441.0,,,,,,,0.0,,,,,,,,,0.0,0.0,,,,,,,,,54000000.0,,,,,240973.0,,,87233.0,,,-4.49,,,,,,,,,,,-11532.0,,,,486656.0,23771.0,,,,,,898334.0,,,,-182123716.0,57953045.0,,,,,,,,,,,,,,105149.0,,0.0,18126911.0,,,,18126911.0,,,,3170597.0,,,,,,,,,,392691893.0,164715384.0,,4591176.0,386944313.0,,,,,,,,2500000.0,1984550.0,,,,499536.0,,174934726.0,0.0,,233000000.0,175466000.0,0.0,,,,-240077000.0,,5.0,,,,,182827596.0,-181728000.0,,,,,,,,,,,,,,,1124203.0,1991512.0,,,415895.0,,,,,,,,,,,,,,,,,10000000.0,,,724174.0,,,,,,,35000.0,,,11228.0,4327035.0,913309.0,,,,,,301937.0,,2742000.0,,,4000000.0,,,,,,4050.0,-402934753.0,,,,4314000.0,,,,,,,,,,,,,,,,,,,-227976509.0,,,,,,,,,,,,,,,,,,,,,,,,53504296.0,,,,,,,
2014-12-31,2015-03-06,10-K,Siga Technologies INC,SIGA,CIK0001010086,USD,,3384310.0,,,491632.0,17500.0,,2085995.0,534775.0,271000.0,3497251.0,,,175483180.0,,2299098.0,1600000.0,2400000.0,,,,160729407.0,124148743.0,,,,,,,110000000.0,99713929.0,8404175.0,,,4000000.0,,,,,0.0001,100000000.0,53504296.0,53504296.0,5351.0,,1.0,,,,,,,,,,,,,,,-10428.0,-40803.0,-30375.0,,,,,10052.0,2000000.0,1806701.0,76600.0,32860874.0,,53198632.0,,53569071.0,,,81799.0,,370439.0,37910548.0,1106235.0,144245689.0,-244540.0,,11667663.0,5655928.0,0.0,30402940.0,,777804.0,639576.0,1578816.0,,2389811.0,67833412.0,132578026.0,244540.0,-1606547.0,244540.0,-1106235.0,244540.0,0.0,,351561.0,,-4.97,-5.33,-4.97,-0.253,0.35,-0.597,,,0.0,0.0,-0.002,0.0,,,,,488807.0,345658.0,345658.0,,,,,898334.0,,,,-211934870.0,53528268.0,,-4436468.0,-490391.0,,10277672.0,,-162140390.0,-1470872.0,-43186.0,-42280.0,236134.0,,,455810.0,,2355795.0,19044477.0,,,,16688682.0,,,,3170598.0,,,,,,,,,,407231884.0,160729407.0,0.0,7460253.0,399039967.0,,,,399039967.0,,0.0,,1989948.0,1989948.0,2000000.0,,,0.0,,191046416.0,0.0,,233000000.0,201364065.0,0.0,-2313906.0,-3458439.0,14176520.0,-284519138.0,,1065.0,0.0,,,,212806849.0,-227221014.0,,,,,,6929332.0,1622508.0,761064.0,734360.0,1661846.0,1642178.0,507376.0,,87400000.0,1262720.0,1989520.0,,,405325.0,31175.0,577903.0,,,,4000000.0,,,114405.0,0.0,,,415940.0,,28046.0,,10000000.0,,,898705.0,,,0.0,,,569607.0,569607.0,102035.0,,223949.0,4329187.0,831936.0,,,,,,2126536.0,2000001.0,13610354.0,,,4000000.0,4000000.0,,,0.0,0.0,3825.0,-421991008.0,,,,15069653.0,0.0,2435462.0,,1877065.0,5.17,,183398.0,0.0,,19100.0,2115566.0,19100.0,2108393.0,4.9,,19100.0,,,-246502477.0,,54666.0,,,,,,,,,,,,,,,,,,,128100000.0,,53419686.0,53419686.0,53419686.0,,,,,,
2015-03-31,2015-05-06,10-Q,Siga Technologies INC,SIGA,CIK0001010086,USD,,3553191.0,,,14272317.0,405000.0,,3423697.0,544090.0,299904.0,3576029.0,,,175940813.0,,,,,,,,173238862.0,131307728.0,,,,148.0,,,,95545619.0,-4168310.0,,,,,,,,0.0001,100000000.0,53504296.0,53504296.0,5351.0,,,,,,,,,,,,,,,,,,100000.0,,,,,,,,1201792.0,2537.0,38290122.0,,,,5016.0,,,13528961.0,,,,,,,,,6251436.0,,,,,,,,,,,,,,,6500992.0,,,78778.0,,,-0.13,,,,,,,,,,,,,,,488807.0,,,,,,,898334.0,,7100000.0,,-7069488.0,83831.0,,1506583.0,13780685.0,,5429248.0,,13447162.0,-4228642.0,0.0,-15487.0,-442093.0,,,253412.0,,10027800.0,14815835.0,,,,4788035.0,,,,3170598.0,,,,,,,,,,426437025.0,173238862.0,,6976888.0,399040346.0,,,,379.0,,,,,0.0,,,,,,187820361.0,,,,0.0,,-2000000.0,4000000.0,-6168310.0,-7153000.0,,5464.0,,,,,6231807.0,-5040000.0,,,,,,,,,,,,,,,2174703.0,1989520.0,,,389838.0,10052.0,581190.0,,,,-4000000.0,,,,,,,0.0,,0.0,,,,,422521.0,,,,,,,,,,,4329187.0,753158.0,,,,,,1781825.0,2000000.0,2811000.0,,,,0.0,,,,,,-429144327.0,,,,3088000.0,,491724.0,,,,,,,,,,,,,,,,,-253198163.0,,,,,,,,,,,,,,,,,,,,,,,,53504296.0,,,,,,,
2015-06-30,2015-08-04,10-Q,Siga Technologies INC,SIGA,CIK0001010086,USD,,4780691.0,,,769214.0,572500.0,,3243021.0,671646.0,289055.0,3214742.0,,,176322914.0,,,,,,,,182462827.0,133168731.0,,,,,,,,115656150.0,,,,,,,,,0.0001,100000000.0,53843044.0,53843044.0,5384.0,,,,,,,,,,,,,,,,,,100000.0,,,,,,,,1628603.0,3135.0,45959661.0,,,,,,,233739966.0,,,,,,,,,6819749.0,,,,,,,,,,,,,,,7073916.0,,,68076.0,,,-0.12,,,,,,,,,,,,,,,452696.0,,,,,,,898334.0,,6500000.0,,-6485089.0,88348.0,,,,,,,,,,,,,,13315.0,,7670471.0,8770488.0,,,,1100017.0,,,,2538844.0,,,,,,,,,,441852293.0,182462827.0,,8023712.0,192643138.0,,,,,,,,,0.0,,,,,,187820361.0,,,,0.0,,,,,-6573000.0,,10877.0,,,,,5800130.0,-4332000.0,,,,,,,,,,,,,,,1709820.0,1989520.0,,,371561.0,,,,,,,,,,,,,,,,,,,,1153130.0,,,,,,,,,,,3661323.0,446581.0,,,,,,2149981.0,,2959000.0,,,,0.0,,,,,,-435717764.0,,,,2605000.0,,,,,,,,,,,,,,,,,,,-259389466.0,,,,,,,,,,,,,,,,,,,,,,,,53589268.0,,,,,,,
2015-09-30,2015-10-27,10-Q,Siga Technologies INC,SIGA,CIK0001010086,USD,,3174820.0,,,979232.0,802250.0,,3063410.0,579970.0,252055.0,3267032.0,,,176675169.0,,,,,,,,197165006.0,139510700.0,,,,,,,,129289275.0,,,,,,,,,0.0001,100000000.0,54114296.0,54114296.0,5411.0,,,,,,,,,,,,,,,,,,100000.0,,,,,,,,1449543.0,0.0,54308995.0,,,,,,,255094794.0,,,,,,,,,7261764.0,,,,,,,,,,,,,,,7519847.0,,,52290.0,,,-0.1,,,,,,,,,,,0.0,,,,452696.0,,,,,-13553.0,,898334.0,,5600000.0,,-5564610.0,65910.0,,,,,,,,,,,,,,0.0,,0.0,1091948.0,,,,1091948.0,,,,2538844.0,,,,,,,,,,461832710.0,197165006.0,,6238230.0,192627949.0,,,,,,0.0,,,0.0,,,,,,187820361.0,,,,14000.0,,,,,-5631000.0,,12483.0,,,,,4955800.0,-3629000.0,,,,,,,,,,,,,,,1429135.0,1989520.0,,,351890.0,,,,,,,,,,,,,,,,,,,,888481.0,,,,,,,,,,,3724489.0,457457.0,,,,,,1948696.0,,2427000.0,,,,0.0,,,,,,-441348284.0,,,,2321000.0,,,,,,,,,,,,,,,,,,,-264667704.0,,,,,,,,,,,,,,,,,,,,,,,,53919896.0,,,,,,,
2015-12-31,2016-03-04,10-K,Siga Technologies INC,SIGA,CIK0001010086,USD,842922.0,3944476.0,,,3676730.0,580801.0,,3388608.0,597721.0,227863.0,3299417.0,,,177008371.0,,1528582.0,1600000.0,1600000.0,,,,185732936.0,129458829.0,,,,,,,110000000.0,112711028.0,12997099.0,112711028.0,,,,,,,0.0001,600000000.0,79039000.0,78692912.0,5411.0,,,,,,,,,,,,,,,,,439934.0,440880.0,946.0,,,,,,,5719052.0,5672.0,52936428.0,,19006.0,,21103.0,,,255258371.0,,2097.0,59892477.0,887906.0,162677117.0,,,19154448.0,,,22701028.0,,0.0,662011.0,2034283.0,1130413.0,1947019.0,73421980.0,143522669.0,265643.0,-1130413.0,267598.0,,265643.0,229922.0,,247357.0,,-0.73,-1.1099999999999999,-0.73,-0.012,0.35,-0.278,0.0,,0.0,-0.014,0.0,,,,,,452696.0,,0.0,,0.0,,,898334.0,,,,-38989341.0,461983.0,,1862779.0,3185098.0,,20075554.0,,255176572.0,-6597389.0,0.0,-73107.0,-229266.0,,,266726.0,,0.0,12447088.0,,,,12447088.0,,0.0,,2542044.0,,,,,,,,,,470161486.0,185732936.0,0.0,7333084.0,206972170.0,,,,-192067797.0,,0.0,0.0,,0.0,,,,,,205400068.0,0.0,,,28800494.0,,-2003331.0,3891047.0,11109383.0,-59545324.0,,42202.0,0.0,,,,39129144.0,-48905266.0,,,,,,4473137.0,1232952.0,507376.0,761064.0,734360.0,1237385.0,,,64600000.0,1982223.0,1989520.0,,,332218.0,10052.0,,,,,-4000000.0,0.0,,,0.0,,,0.0,,108953.0,,10000000.0,,,623983.0,,,0.0,,,0.0,,12200.0,,,3749242.0,449825.0,,,,,,7811551.0,2000000.0,18064529.0,,0.0,0.0,,0.0,0.0,0.0,,,-461442332.0,,,,13150068.0,,1574038.0,,1724967.0,4.71,,180599.0,0.0,,0.0,1924967.0,0.0,1914633.0,4.51,,0.0,,,-284428550.0,,10000.0,,,,,,,,,,,389443.0,0.0,,,,,,,10900000.0,0.0,53777687.0,53777687.0,53777687.0,,,,,,
2016-03-31,2016-05-04,10-Q,Siga Technologies INC,SIGA,CIK0001010086,USD,2450102.0,8493678.0,,,1003154.0,780894.0,,5045138.0,901877.0,231515.0,3343869.0,,,177204236.0,,,,,,,,184796318.0,128458981.0,,,,,,,,104061350.0,-8649678.0,,,,,,,,0.0001,100000000.0,54114296.0,54114296.0,5411.0,,,,,,,,,,,,,,,,,,11000000000.0,,,,,,,,1677945.0,0.0,53035635.0,,,,215825.0,,,255474196.0,,,,,,,,,,,,,,,,,,,,,,,,277895.0,,,44452.0,,,-0.19,,,,,,,,,,,,,,,452696.0,,,,,,,898334.0,,10400000.0,,-10437273.0,11294.0,,6205732.0,-2673576.0,,99207.0,,12252.0,10394773.0,,-21057.0,-71367.0,,,0.0,,,22841861.0,,,,22841861.0,,,,2542044.0,,,,,,,,,,479477570.0,184796318.0,,13538816.0,209875502.0,,,,2903332.0,,2917000.0,,,,,,,,,208303850.0,,,,2917187.0,,0.0,-8475.0,-8641203.0,-10449000.0,,11311.0,,,,,8329144.0,-7059000.0,,,,,,,,,,,,,,,680750.0,1989520.0,,,311161.0,0.0,,,,,0.0,,,,,,,0.0,,8475.0,,,,,552616.0,,,,,,,,,,,3757717.0,413848.0,,,,,,3389173.0,0.0,2536000.0,,,,,,,,,,-471890899.0,,,,2656000.0,,195865.0,,,,,,,,,,,,,,,,,-294681252.0,,,,,,,,,,,,,0.0,,,,,,,,,,,54114296.0,,,,,,,
2016-06-30,2016-08-08,10-Q,Siga Technologies INC,SIGA,CIK0001010086,USD,43634.0,9916911.0,,,34488734.0,466630.0,,3310723.0,1660121.0,267319.0,3387461.0,,,177376807.0,,,,,,,,201668556.0,143567275.0,,,,,,,,78022356.0,,,,,,,,,0.0001,100000000.0,53843044.0,53843044.0,5411.0,,,,,,,,,,,,,,,,,,0.0,,,,,,,,273436.0,0.0,56188604.0,,,,,,,288293407.0,,,,,,,,,,,,,,,,,,,,,,,,277088.0,,,43592.0,,,-0.18,,,,,,,,,,,,,,,455220.0,,,,,,,898334.0,,9600000.0,,-9564381.0,1470.0,,,,,,,,,,,,,,10214.0,,6268570.0,28931893.0,,,,22663323.0,,,,2542043.0,,,,,,,,,,505743088.0,201668556.0,,216882489.0,0.0,,,,,,4259000.0,,,,,,,,,0.0,203654855.0,,,,,,,,-9566000.0,,58489.0,,,,,11186241.0,-9285000.0,,,,,,,,,,,,,,,873019.0,641564.0,,,290104.0,,,,,,,,,,,,,,,,,,,,2124292.0,,,,,,,,,,,3760240.0,372779.0,,,,,,327729.0,,2948000.0,,,,,,,,,,-481456750.0,,,,3739000.0,,,,,,,,,,,,,,,,,,,-304074532.0,,,,,,,,,,,,,0.0,,,,,,,,,,,54216604.0,,,,,,,
2016-09-30,2016-11-02,10-Q,Siga Technologies INC,SIGA,CIK0001010086,USD,,2925464.0,,,38747077.0,1384184.0,,4793300.0,2069198.0,255553.0,3430121.0,,,177530037.0,,,,,,,,162837339.0,86577814.0,,,,,785000.0,,,20492788.0,,,,,,,,,0.0001,600000000.0,53843044.0,53843044.0,5411.0,,,,,,,,,,,,,,,,,,4000.0,,,,,,,,0.0,0.0,74388990.0,,,,,,,367123574.0,,,,,,,,,,,,,,,,,,,,,,,,281889.0,,,42660.0,,,-0.17,,,,,,,,,,,,,,,455219.0,,,,0.0,0.0,,898334.0,,9200000.0,,-9247714.0,-4072.0,,,,,,,,,,,,,,94776.0,,,17751519.0,,,,17751519.0,,,,2542043.0,,,,,,,,,,476002283.0,162837339.0,,108327773.0,0.0,,,,,,3566000.0,,,,,,,,,,93654855.0,,,,,,,,-9244000.0,,30756.0,,,,,12720519.0,-8062000.0,,,,,,,,,,,,,,,1084365.0,642083.0,,,269047.0,,,,,,,,,,,,,,,,,,,,9586430.0,,,,,,,,,,,3760239.0,330118.0,,,,,,0.0,,6069000.0,,,,,,,,,,-490700392.0,,,,2855000.0,,,,,,,,,,,,,,,,,,,-313164944.0,,,,,,,,,,,,,,,,,,,,,,6954154.0,,54284296.0,,,,,,,
2016-12-31,2017-03-07,10-K,Siga Technologies INC,SIGA,CIK0001010086,USD,,2517072.0,,,3154370.0,2357194.0,,4584752.0,481641.0,262664.0,3468266.0,,,213714154.0,,775541.0,1600000.0,800000.0,,,,160981977.0,69159474.0,,,,,800000.0,,620000000.0,28701824.0,-56536982.0,56174046.0,,,,,,,0.0001,600000000.0,79039000.0,79039000.0,7869.0,,,,,,,,,,,,,0.0,,,,-5093.0,-6539.0,-1446.0,,,,,,,1951381.0,0.0,72649277.0,,21252.0,,20423.0,0.0,,367483905.0,,-829.0,102520433.0,665531.0,182303388.0,,0.0,26838215.0,,,72726440.0,,1337941.0,667008.0,2029190.0,669602.0,1687243.0,0.0,155465173.0,286066.0,,287729.0,,286066.0,982117.0,,174275.0,,-0.69,-0.84,-0.69,0.0,-0.35,0.301,0.0,,,0.002,0.006,,,894785000.0,,6727409000.0,455220.0,,0.0,,0.0,,,898334.0,,,,-39684076.0,13884.0,,-177342.0,-522360.0,,19712849.0,,112225534.0,13762876.0,-80928.0,-84228.0,330443.0,,0.0,2395517.0,,7293880.0,26209964.0,,,,18916084.0,,0.0,,2542044.0,,,,,,,,,,448400246.0,160981977.0,5832624.0,7101824.0,0.0,,,,-160072170.0,,12595900.0,66553053.0,66553053.0,,,,,,,0.0,,,,0.0,,59087357.0,1188664.0,-116813003.0,-50136960.0,-39697960.0,102324.0,46900000.0,,,,46002584.0,-37623956.0,,,,,,3261833.0,1242797.0,,512788.0,766476.0,739772.0,,,204900000.0,1483253.0,642083.0,,,247989.0,1764240.0,,,,,0.0,0.0,,,3775546.0,,,428009.0,,23927.0,,20000000.0,,,954426.0,,,,,,0.0,,0.0,,,3767743.0,299477.0,,,,,,3716902.0,0.0,27868673.0,27500000.0,10138890.0,17333332.0,,10138890.0,17333332.0,,,,-501140292.0,14987628.0,,,18177635.0,,775541.0,,,,,,,,,,,,,,,,,-287418269.0,0.0,,,,,,,,,,,,,0.0,,,,,,,11900000.0,6727409.0,57188503.0,57188503.0,57188503.0,,,,,,
2017-03-31,2017-05-04,10-Q,Siga Technologies INC,SIGA,CIK0001010086,USD,,2259096.0,,,4878631.0,676580.0,,2948349.0,393252.0,312414.0,3496565.0,,,213608687.0,,,,,,,,160820485.0,65172653.0,,,,,,,,30103574.0,1401750.0,55048018.0,-1126028.0,,,,,,0.0001,100000000.0,78780059.0,78780059.0,7878.0,,,,,,,,,,,,,,,,,,115000000000.0,,,,,,,,0.0,,79038559.0,,,,21190.0,,,376203046.0,,,,,,,,,,,,,,,,,,,,,,,,307256.0,,,36175.0,,,-0.11,,,,,,,,,,,,626209000.0,,7353618000.0,455220.0,,,,0.0,,,898334.0,,8500000.0,,-8499876.0,115070.0,,-1894379.0,1724261.0,,6389282.0,,8719141.0,-7090409.0,,-22165.0,-22423.0,,,3608916.0,,5758087.0,19119555.0,,,,13361468.0,,,,2542043.0,,,,,,,,,,456959158.0,160820485.0,,12561063.0,,,,,0.0,,0.0,67661969.0,,,,,,,,,,,,,,-193052.0,0.0,-932976.0,-8615000.0,,4419.0,,,,,9470956.0,-4269000.0,,,,,,,,,,,,,,,1566103.0,642083.0,,,225824.0,1108916.0,,,,,,,,,,,,193052.0,,0.0,,,,,932003.0,,,,,,,,,,,3759867.0,263302.0,,,,,,0.0,,6360000.0,,10138890.0,14805554.0,,10138890.0,14805554.0,,,,-509755238.0,,,5202000.0,2870000.0,,87594.0,,,,,,,,,,,,,,,,,-296138673.0,,,,,,,,,,,,,,,,,,,,,,7353618.0,,78777144.0,,,,,,,
2017-06-30,2017-08-03,10-Q,Siga Technologies INC,SIGA,CIK0001010086,USD,,3475102.0,,,1768981.0,1191940.0,,3097915.0,520923.0,337020.0,3508642.0,,,213838069.0,,,,,,,,156030474.0,58945660.0,,,,,,,,30865937.0,,53279625.0,,,,,,,0.0001,100000000.0,78908929.0,78908929.0,7891.0,,,,,,,,,,,,,,,,,,92825.0,,,,,,,,,,83190032.0,,,,,,,376480126.0,,,,,,,,,,,,,,,,,,,,,,,,307256.0,,,39663.0,,,-0.1,,,,,,,,,,,,,,7059262000.0,455220.0,,,,0.0,,,898334.0,,7400000.0,,-7408612.0,92825.0,,,,,,,,,,,,,,3652496.0,,3862429.0,15416808.0,,,,11554379.0,,0.0,,2542044.0,,,,,,,,,,459441190.0,156030474.0,,13632279.0,,,,,,,0.0,,68783206.0,,,,,,,,,,,,,,,,-7501000.0,,8066.0,,,,,8323099.0,-4059000.0,,,,,,,,,,,,,,,1048032.0,642083.0,,,238323.0,,,,,,,,,,,,,,,,,,,,571646.0,,,,,,,,,,,3771608.0,262966.0,,,,,,0.0,,5068000.0,,10322289.0,12091399.0,,10322289.0,12091399.0,,,,-517256676.0,,,4265000.0,3058000.0,,,,,,,,,,,,,,,,,,,-303410716.0,,,,,,,,,,,,,,,,,,,,,,7059262.0,,78840312.0,,,,,,,
2017-09-30,2017-11-07,10-Q,Siga Technologies INC,SIGA,CIK0001010086,USD,,1362331.0,,,612166.0,1676745.0,,4320994.0,661194.0,333675.0,3319761.0,,,214238249.0,,,,,,,,148726158.0,40894746.0,,,,,,,,25798125.0,,45636951.0,,,,,,,0.0001,100000000.0,78908929.0,78908929.0,7890.0,,,,,,,,,,,,,0.0,,,,,134668.0,,,,,,,,,,96741244.0,,,,,,,377447093.0,,,,,,,,,,,,,,,,,,,,,,,,306449.0,,,29375.0,,-0.12,-0.12,-0.12,,,,,,,,,,,,,7355033000.0,363588.0,,,,-1225000.0,,,898334.0,,9700000.0,,-9681710.0,134668.0,,,,,,,,,,,,,0.0,3737175.0,,957804.0,2983249.0,,,,2025445.0,,0.0,,2420028.0,,,,,,,,,,461553072.0,148726158.0,0.0,13038358.0,,,,,,,0.0,,69916765.0,,,,,,,,,,,,,,,,-9816000.0,-9816378.0,2021.0,,,,,7041039.0,-5651000.0,,,,,,,,,,,,,,,1649380.0,642083.0,,,844407.0,,,,,,,,,,,,,,,,,,,,1092396.0,,,,,,,,,,,3439496.0,119735.0,,,,,,0.0,,2471000.0,,10408810.0,9430016.0,,10408810.0,9430016.0,,,,-527073053.0,1390254.0,,1390000.0,3094000.0,,,,,,,,,,,,,,,,,,,-312826914.0,,,,,,,,,,,,,,,,,,,,,,7355033.0,78908929.0,78908929.0,78908929.0,,,,,,
2017-12-31,2018-03-06,10-K,Siga Technologies INC,SIGA,CIK0001010086,USD,,1328867.0,,,1802107.0,2538340.0,,5481579.0,381980.0,328588.0,3346738.0,,,214229581.0,,1101031.0,,1100000.0,,,,144670379.0,37364493.0,,,,,,,620000000.0,19857833.0,-19072460.0,37101586.0,-19072460.0,,,,,,0.0001,600000000.0,80763350.0,80763350.0,7904.0,,,,,,378896803.0,,,,,,,0.0,,,-223313.0,623060.0,624239.0,1179.0,,,,,,,,,96592334.0,0.0,-2724371.0,,-2718029.0,1255318.0,1255318.0,377641485.0,,6342.0,84130212.0,282213.0,127800813.0,2431963.0,2431963.0,25244156.0,,,38087782.0,,1024082.0,417085.0,2652250.0,205527.0,1001662.0,,102556657.0,,,193458.0,,0.0,1100089.0,,132189.0,,-0.92,-0.5900000000000001,-0.92,0.055,0.35,-0.36,0.051,0.0,,0.018,0.039,,,4738753000.0,,11466162.0,363588.0,,,,-1225421.0,,,898334.0,,,,-38329274.0,-2093790.0,,-2051081.0,-1352263.0,,23943057.0,,11412898.0,-22690715.0,60084.0,-203654.0,1125657.0,,0.0,14758140.0,,957804.0,2983249.0,,,,2025445.0,,536000.0,,2420028.0,,,,,,,,,,467808670.0,144670379.0,0.0,6810446.0,,,,,0.0,,0.0,71050324.0,71050324.0,,,,,,,,,,,0.0,,-585569.0,-100124.0,-18386767.0,-46538484.0,-72470968.0,16788.0,0.0,,,,31118129.0,-23720169.0,,,,,,4021839.0,571705.0,368467.0,349422.0,347259.0,596237.0,1788749.0,,174300000.0,793497.0,702167.0,,,840253.0,0.0,,,,,0.0,84000.0,,,0.0,,,591067.0,,100124.0,,20000000.0,,,2019999.0,,,,,,,,89498.0,,,3485378.0,138640.0,,,,,,0.0,0.0,19460712.0,17200000.0,10701305.0,6542448.0,,10701305.0,6542448.0,,,814622000.0,-537375776.0,12268960.0,,1412000.0,15584050.0,,1101031.0,,,,,,,,,,,,,,,,,-323138291.0,0.0,,,,,,,84000.0,,,,,,0.0,,,,,,,53000000.0,11466162.0,157748988.0,78874494.0,157748988.0,,,,,,
2018-03-31,2018-05-04,10-Q,Siga Technologies INC,SIGA,CIK0001010086,USD,,432207.0,,,1263680.0,454494.0,,3586195.0,405096.0,361755.0,3376528.0,,,214556941.0,,327360.0,,,,,,133135253.0,30932438.0,,,,,,,,13934807.0,,28539883.0,-8561703.0,,,,,,0.0001,100000000.0,79039000.0,79039000.0,7904.0,,,,,,377286022.0,,-1780050.0,,169269.0,,,0.0,,,,,-2352.0,,,,,,,,,,94296804.0,,,,-9758.0,1255318.0,,376030704.0,,,,,,,2441720.0,,,,,,,,,,,,,,,,,,,,29790.0,,-0.15,-0.15,-0.15,0.0002,,,,,,,,,,3303114.0,,14769276.0,363588.0,,,,,,,898334.0,,,,-11584608.0,-2352.0,,-2792043.0,-645730.0,,-184864.0,,169269.0,0.0,0.0,-66122.0,-119433.0,,0.0,3748818.0,,957804.0,2983249.0,,,,2025445.0,,536000.0,,2420028.0,,,,,,,,,,467751753.0,133135253.0,,4018402.0,,,,,,,,,72159240.0,,,,,,,,,,,,,0.0,0.0,-8561703.0,-11582000.0,-11582256.0,2235.0,,,,,6282845.0,-4535000.0,100000.0,,,100000.0,,,,,,,,,,,1109532.0,702167.0,,,774131.0,,,,0.0,,,,,,,,,0.0,,,,,,,1900566.0,,,,,,,,,,,3485378.0,108850.0,,,,,,,,3008000.0,,10850136.0,3754940.0,,10850136.0,3754940.0,,,,-549181345.0,1747934.0,20700000.0,1748000.0,3057000.0,,327360.0,,,,,,,,,,,,,,,,,-334616500.0,0.0,,,,,,,,,,,,,,,,,,,,,14769276.0,79039000.0,79039000.0,79039000.0,,,,,,
2018-06-30,2018-08-07,10-Q,Siga Technologies INC,SIGA,CIK0001010086,USD,,1412595.0,,,2128957.0,893888.0,,3288437.0,372204.0,393214.0,3369283.0,,,214906962.0,,362361.0,,,,,,128340625.0,122376221.0,,,,,,,,10581112.0,,23311779.0,,,,,,,0.0001,100000000.0,79160058.0,79160058.0,7916.0,,,,,,376562998.0,,,,,,,0.0,,,,,2849.0,,,,,,,,,,0.0,94339146.0,,,,,376562998.0,0.0,,,,,,,2441740.0,,,,,,,,,,,,,,,,,,,,4139.0,,-0.09,-0.09,-0.09,-0.0004,,,,,,,,,,,,14408991.0,363588.0,,,,,,,898334.0,-7089725.0,,,-7048415.0,2849.0,,,,,,,,,,,,,2069066.0,3843161.0,,957804.0,2908249.0,,,,1950445.0,,,,2420028.0,,,,,,,,,,469658356.0,128340625.0,,381264030.0,,,,,,,,,73280477.0,,,,,,,,,,,,,,,,-7051000.0,-7411549.0,144152.0,,,,,6370907.0,-3710000.0,100000.0,,,100000.0,,,,,,,,,,,692436.0,789913.0,,,704858.0,,,,,,,,,,,,,12328.0,,,,,,,1389933.0,,,,,,,,,,,3501857.0,132574.0,,,,,,,,3312000.0,,11028824.0,1701843.0,,11028824.0,1701843.0,,,665851000.0,-556232609.0,2661216.0,11500000.0,2661000.0,2880000.0,,,,,,,,,,,,,,,,,,,-341317730.0,,,,,,,0.0,,,,,,,,,,,,,,,14408991.0,81163386.0,79094230.0,79094320.0,,,,,,
2018-09-30,2018-11-06,10-Q,Siga Technologies INC,SIGA,CIK0001010086,USD,,894792.0,,,1539538.0,1284707.0,,4310917.0,411290.0,323651.0,3223870.0,,,220647968.0,,1176558.0,,,,,,143727321.0,113663346.0,,,,,,,,103985265.0,,108080634.0,,,,,,,0.0001,100000000.0,79160058.0,79160058.0,8032.0,,,,,,684232.0,,,,,,,95166000.0,,,,,-25412994.0,,,,,,,,,,0.0,,,,,,684232.0,0.0,,,,,,,27952578.0,,,,,,,,,,,,,,,,,,,,14710.0,,4.85,,4.71,-0.0701,,,,,,,,,,,,10729818.0,363588.0,,,,0.0,,,898334.0,362637418.0,,,362637418.0,-25412995.0,,,,,,,,,,,,,2906432.0,3924124.0,,957804.0,2908249.0,,,,1950445.0,,,,2420028.0,,,,,,,,,,91253516.0,143727321.0,,5205709.0,,,,,,,,,74414036.0,,,,,,,,,,,,,,,,388050000.0,390379087.0,5067.0,,,,,102190175.0,368885000.0,200000.0,,,100000.0,,,,,,,,,,,1607037.0,1095199.0,,,903953.0,,,,,,,,,,,,,1695962.0,,,,,,,1134925.0,,,,,,,,,6000000.0,,3341734.0,117864.0,,,,,,,,3723000.0,,4095369.0,0.0,,4095369.0,0.0,,,589462000.0,-168182195.0,471075324.0,60200000.0,471075000.0,3115000.0,,,,,,,,,,,,,,,,,,,52473805.0,,,,,,,252679.0,,,,,,,,,,,,,,,10729818.0,82929476.0,,80023044.0,,,,,,
2018-12-31,2019-03-06,10-K,Siga Technologies INC,SIGA,CIK0001010086,USD,,1688488.0,,,1959133.0,2600839.0,,9648917.0,242043.0,294794.0,3244861.0,,,218697872.0,4074440.0,2273177.0,,2300000.0,,,,203443741.0,121289845.0,,,,,,,620000000.0,100652809.0,143295324.0,180396910.0,143295324.0,,,,,,0.0001,100000000.0,80763350.0,80763350.0,8076.0,,,,,,4159946.0,-376356437.0,-1780050.0,,3399630.0,,95268974.0,95371974.0,121954384.0,,-223313.0,-1326022.0,-866850.0,459172.0,,,,,,,,,0.0,,-9256661.0,,-9301422.0,4159946.0,4159946.0,0.0,,-44761.0,0.0,171044.0,13264102.0,11733385.0,11733385.0,12212795.0,,,9798319.0,,1028083.0,371804.0,1326228.0,60535.0,508089.0,,1051307.0,,,192146.0,,,287264.0,0.0,69630.0,,5.930000000000001,,5.83,-0.025,0.21,-0.247,0.0,0.003,,-0.003,0.008,,-6922624.0,,,12380939.0,377859.0,,,,0.0,,0.0,898334.0,,,,411639556.0,-10168272.0,,2045191.0,49723.0,,0.0,,3475714.0,-39.0,356713.0,422860.0,2579329.0,,2785177.0,15478203.0,35567.0,957765.0,2908210.0,,,,1950445.0,,0.0,,2420028.0,,,,,,,,,,100529054.0,203443741.0,0.0,11337405.0,,,,,0.0,,0.0,75547597.0,75547597.0,,,,,,,,,,,,,-3812561.0,78236562.0,68871323.0,474198828.0,428730452.0,78940985.0,0.0,,,,121954384.0,349558398.0,700000.0,,0.0,600000.0,,3019928.0,541376.0,352000.0,320774.0,304000.0,304000.0,1197778.0,,40300000.0,869318.0,1058880.0,,,1263113.0,0.0,,4497273.0,102264.0,,,0.0,,,0.0,,,4074440.0,,102264.0,,20000000.0,0.0,0.0,4317615.0,,,,,,,,261879.0,-6007847.0,,3416135.0,171274.0,,,,42935.0,42935.0,0.0,0.0,15989183.0,,11452078.0,68292023.0,,11452078.0,68292023.0,,,509937.0,-115791261.0,477053782.0,36100000.0,1569000.0,16707738.0,,2273177.0,,,,,,,,,,,,,,,0.0,6007847.0,102914687.0,1681426.0,,,,,,261879.0,,,,,,,5738964.0,0.0,0.0,,5738964.0,0.0,,101500000.0,12380939.0,82708472.0,,79923295.0,,,,,,
2019-03-31,2019-05-02,10-Q,Siga Technologies INC,SIGA,CIK0001010086,USD,,2149605.0,,,4099954.0,764059.0,,9957736.0,497276.0,348167.0,3337041.0,,,220222959.0,56590.0,408894.0,,,,,,206439348.0,123538666.0,,,,,,,,102085215.0,,180340748.0,-56162.0,,,,,,0.0001,100000000.0,80941524.0,80763350.0,8094.0,,,,,,,400000.0,,,,,915367.0,915000.0,8267130.0,,,,,,,,,,,,,,,,,,505678.0,,5437774.0,,,,,,,,11227707.0,,,,,,,,,,,,,,,,,,,,137724.0,,0.02,,-0.02,0.237,,,,,,,,,-3136265.0,-3136265.0,,8071873.0,377859.0,,,,,,,898334.0,2100000.0,,,2135930.0,506153.0,,-1181885.0,2140821.0,,0.0,,1277828.0,-891133.0,-65916.0,-244248.0,-508400.0,,1225788.0,3928418.0,1003911.0,68221.0,2017077.0,,,,1948856.0,,,,2420028.0,3787772.0,1387139.0,,402078.0,368467.0,600362.0,591108.0,438618.0,587491.0,100369779.0,206439348.0,,12107341.0,,,,,,,,,76656511.0,,,,,,,,,,,,,-56590.0,-8951.0,9379.0,1629777.0,-1506488.0,736129.0,,,,,8267130.0,2191954.0,100000.0,3200281.0,,100000.0,,,,,,,,,0.0453,,1277984.0,992966.0,,,3534054.0,,,1108916.0,8951.0,,,,,87875.0,,,,56590.0,,,,,,,3875130.0,,,,,,,,,1172801.0,,6324473.0,2987432.0,,,,,50000.0,,,3997281.0,,11461290.0,66794243.0,,11461290.0,66794243.0,9189.0,,431251.0,-114161484.0,10459084.0,,10459000.0,3166566.0,,408894.0,,,,,,,,,,,,,,,,,106069569.0,118500.0,,,,,,0.0,,,,,,,,,,,,,,,8071873.0,82139108.0,,80913320.0,,,,,,
2019-06-30,2019-08-06,10-Q,Siga Technologies INC,SIGA,CIK0001010086,USD,,1070926.0,,,4128216.0,1414720.0,,10052283.0,535944.0,354206.0,3464607.0,,,220770338.0,,547390.0,,,,,,203092260.0,121534950.0,,,,,,,,100263915.0,,175992939.0,,,,,,,0.0001,100000000.0,81046524.0,80763350.0,8105.0,,,,,,,,,,,,0.0,0.0,5612861.0,,,,,,,,,,,,,,,,,,,,5364080.0,,,,,,,,12388524.0,,,,,,,,,,,,,,,,,,,,127566.0,,-0.04,,-0.05,0.262,0.21,,,,,,,,656523.0,,,7415350.0,377859.0,,,,,,0.0,898334.0,-4300000.0,,,-4282181.0,-1119689.0,,,,,,,,,,,,,1128137.0,3971031.0,965133.0,68221.0,2390487.0,,,,2322266.0,,,,2420028.0,3641767.0,1387139.0,,402078.0,368467.0,600362.0,591108.0,292613.0,551116.0,99637793.0,203092260.0,,11123209.0,,,,,,,,,77777748.0,,,,,,,,,,,,,,,,-3162492.0,-3819015.0,737577.0,,,,,5612861.0,-1705250.0,100000.0,3090651.0,405244.0,100000.0,,,,,,,,,0.0453,,752680.0,929963.0,,,3321486.0,,,,,,,,,,,,,,,,,,,,3503932.0,,,,,,,,,,,6324472.0,2859865.0,,,,,50000.0,,,2038323.0,,11248400.0,64480624.0,,11248400.0,64480624.0,,,353396.0,-117323976.0,3907611.0,,3908000.0,3392228.0,,,,,,,,,,,,,,,,,,,103454467.0,,,,,0.0,,,,,,,,,,,,,,,,,7415350.0,82114661.0,,80986524.0,,,,,,
2019-09-30,2019-11-05,10-Q,Siga Technologies INC,SIGA,CIK0001010086,USD,,2251814.0,,,3217701.0,2016001.0,,9544060.0,368218.0,297103.0,3594858.0,,,221388212.0,143220.0,761096.0,,,,,,203011437.0,98621732.0,,,,,,,,78095231.0,,176228005.0,,,,,,,0.0001,100000000.0,81074280.0,81074280.0,8107.0,,,,,,,,,,,,737274.0,737000.0,7450745.0,,,,,,,,,,,,,,,,,,,,4112007.0,,,,,,,,12799060.0,,,,,,,,,,,,,,,,,,,,130251.0,,-0.01,,-0.03,0.232,0.21,,,,,,,,981923.0,,,6433427.0,377859.0,,,,,,0.0,898334.0,-1600000.0,,,-1569569.0,-363742.0,,,,,,,,,,,,,1116931.0,3971952.0,968018.0,960979.0,3931161.0,,,,2970182.0,,,,2420028.0,3446692.0,1387139.0,,402078.0,368467.0,600362.0,591108.0,97538.0,515980.0,100144921.0,203011437.0,,11795874.0,,,,,,,,,78911307.0,,,,,,,,,,,,,,,,-1205827.0,-2187750.0,759881.0,,,,,7450745.0,660579.0,200000.0,2930712.0,412436.0,100000.0,,,,,,,,,0.0453,,852659.0,862979.0,,,3004313.0,,,,,,,,,,,,,143220.0,,,,,,,2324439.0,,,,,,,,,,,6344616.0,2749758.0,,,,,50000.0,,,3343521.0,,11053200.0,87079574.0,,11053200.0,87079574.0,,,246350.0,-118529803.0,8111324.0,,8111000.0,3196370.0,,,,,,,,,,,,,,,,,,,102866516.0,,,0.0,,,,,,,,,,,,,,,,,,,6433427.0,82181858.0,,81064927.0,,,,,,
2019-12-31,2020-03-05,10-K,Siga Technologies INC,SIGA,CIK0001010086,USD,,3054032.0,71541.0,,4167996.0,2966139.0,7093.0,8636911.0,288707.0,256402.0,3726313.0,,,220808037.0,1176579.0,2113994.0,,2100000.0,0.0,,,198566190.0,180041785.0,,,,,,,620000000.0,65249072.0,,160986934.0,-19409976.0,,,,,,0.0001,600000000.0,81269868.0,81269868.0,8127.0,,,,3300000.0,,,,,2298341.0,,,1782838.0,1912838.0,29064228.0,,,-663114.0,-519659.0,143455.0,,,,,,,,,,,-2092585.0,,-2417617.0,,2298341.0,,1000000.0,-325032.0,719304.0,113910.0,15936739.0,14151002.0,14151002.0,14889731.0,,,9353603.0,,1338046.0,0.0,663114.0,0.0,451818.0,,1047008.0,,,201930.0,,,361218.0,175581.0,526997.0,,-0.15,,-0.21,0.289,0.21,0.0,0.0,-0.06,,0.021,0.013,,5091256.0,,,6116882.0,377859.0,,,,0.0,,0.0,898334.0,,,-10178423.0,-10178423.0,-2937276.0,,936839.0,2208863.0,,0.0,,-1861605.0,6744644.0,,,714272.0,,1143769.0,15769768.0,977724.0,959398.0,9652855.0,,0.0,,8693457.0,8693457.0,0.0,,2420028.0,3300386.0,982881.0,542340.0,404258.0,402078.0,368467.0,600362.0,,482097.0,100782434.0,198566190.0,,91735809.0,,,,,,,,0.0,,,,,,,,,,,,,,-1176579.0,-29094.0,-18204303.0,-11744147.0,-12332403.0,2822232.0,,,,,29064228.0,-5792143.0,600000.0,2818289.0,419709.0,600000.0,2944932.0,,,,,,,,0.0453,38200000.0,643570.0,856766.0,,,2929743.0,,,4497271.0,29094.0,,,0.0,,,,,,1176579.0,,29094.0,,20000000.0,0.0,0.0,5234000.0,,,,,,,,0.0,1172801.0,,6344616.0,2618303.0,22500000.0,,,50000.0,200000.0,,0.0,17227149.0,,95737862.0,14151002.0,,95737862.0,0.0,,,,-123032408.0,26742085.0,30000000.0,4264000.0,16749136.0,,2113994.0,,,,76000.0,,,,,,,,,,,80044866.0,1172801.0,97783756.0,118500.0,,,,,0.0,0.0,,,,,,,5649188.0,89776.0,0.0,38000.0,0.0,0.0,5600000.0,,6116882.0,82175023.0,,81031254.0,0.0,0.0,,,0.0,
2020-03-31,2020-05-06,10-Q,Siga Technologies INC,SIGA,CIK0001010086,USD,,4765817.0,,,1685642.0,955494.0,,16658698.0,401073.0,340242.0,3859476.0,,,221057307.0,9746.0,259016.0,,,,,,118574463.0,98022808.0,,,,,,,,77377300.0,,77377300.0,-83609634.0,,,,,,0.0001,600000000.0,81047424.0,81047424.0,8105.0,,,,,,,,,13601728.0,100000.0,,109094.0,,6617820.0,,,,,,,,,,,,,,,,,,-2153695.0,,,,,,,,,,,,,,,,,,,,,,,,,,,,,,133163.0,,-0.11,,-0.11,0.233,0.21,,,,,,,,0.0,16065.0,,6132947.0,,,,,,,-4981461.0,898334.0,11600000.0,,,-11600035.0,-2702506.0,700000.0,-1624681.0,-2482354.0,,,,11303389.0,4086487.0,,,-22259.0,,0.0,3016817.0,,959398.0,16342014.0,,2602672.0,,,12779944.0,,,,3154079.0,982880.0,,404258.0,402078.0,368467.0,600362.0,396034.0,449481.0,30432341.0,118574463.0,,21424515.0,,,,,,,,,,,,,,,,,,,,,,-86916580.0,-15501.0,3322447.0,-8897529.0,-8897529.0,412363.0,,,,,,-3998055.0,100000.0,2704598.0,427064.0,100000.0,2944932.0,,,,,,,,0.0453,,701265.0,847983.0,,,2874879.0,,,887132.0,15501.0,,,993375.0,,,,,,9746.0,,,,,,,2617852.0,,,,,,,,,,,6360117.0,2500641.0,,,,,,,85913459.0,3150105.0,,,16304697.0,,,,,,,-132923290.0,2619765.0,47000000.0,,3176024.0,,259016.0,,,,,,,,,,,,,,,,,88142122.0,,,,,0.0,,,,225094.0,993375.0,50000000.0,19000.0,,,,,,,,,,6132947.0,81240105.0,,81240105.0,,,,,,
2020-06-30,2020-08-06,10-Q,Siga Technologies INC,SIGA,CIK0001010086,USD,,630165.0,,,36611661.0,1747880.0,,14931370.0,447451.0,438599.0,3993982.0,,,221380828.0,0.0,323533.0,,,,,,120416954.0,105066979.0,,,,,,,,53065833.0,,53065833.0,,,,,,,0.0001,600000000.0,78618743.0,78618743.0,7862.0,,,,,2500000.0,,,,10630746.0,,,4796768.0,,11551641.0,,,,,,,,,,,,,,,,,,,,,,,,,,,,,,,,,,,,,,,,,,,,,,,,,,0.26,,0.26,0.232,0.21,,,,,,,,0.0,,,7752534.0,,,,,,,0.0,898334.0,27200000.0,,,27209480.0,6319322.0,700000.0,,,,,,,,,,,,176168.0,0.0,0.0,88398.0,14006986.0,,2602672.0,,,11315916.0,,,,3005333.0,,600362.0,,404258.0,402078.0,368467.0,247288.0,418153.0,26283936.0,120416954.0,,15561535.0,,,,,,,,,,,,,,,,,,,,,,,,,20890158.0,20890158.0,31931.0,,,,,,28797136.0,100000.0,2587180.0,434132.0,100000.0,2944932.0,,,,,,,,0.0453,,933936.0,901906.0,,,2969867.0,,,,,,,,,,,,,,,,,,,,1382499.0,,,,,,,,,,,6360117.0,2366135.0,21300000.0,,,,,,,2709743.0,,0.0,11183600.0,,0.0,,,,,-127255672.0,40348777.0,142800000.0,,3870927.0,,,,,,,,,,,,,,,,,0.0,,94133018.0,,,,,0.0,,,,2500000.0,15222795.0,,,,,,,,,,,,7752534.0,80516863.0,,80340695.0,,,,,,
2020-09-30,2020-11-05,10-Q,Siga Technologies INC,SIGA,CIK0001010086,USD,,1118307.0,517643.0,,40398708.0,2497175.0,3705395.0,15182437.0,352594.0,423205.0,4123449.0,,,221587384.0,174263.0,380823.0,,,,,1205829.0,141422152.0,131100154.0,,,,,,,,78663526.0,,78663526.0,,,,,,,0.0001,600000000.0,77770284.0,77770284.0,7777.0,,,,,2500000.0,,,,6637967.0,,,5559215.0,,11363188.0,,,,,,,,,,,,,,,,,,,,,,,,,,,,,,,,,,,,,,,,,,,,,,,,,,0.31,,0.31,0.236,,,,,,,,,0.0,,,9026690.0,,,,,,,0.0,898334.0,31600000.0,,31648995.0,31648995.0,7461038.0,700000.0,,,,,,,,,,,,87609.0,0.0,0.0,6462005.0,10747532.0,,2628153.0,,,1657374.0,,,,2856960.0,,600362.0,,404258.0,402078.0,368467.0,98915.0,388143.0,28461738.0,141422152.0,,16300744.0,,,,,,,,,,,,,,,,,,,,,,,,,24187957.0,24187957.0,24932.0,,,,,,32898219.0,200000.0,2468817.0,441992.0,100000.0,2944932.0,,,,,,,,0.0453,,373376.0,702885.0,,,3134304.0,,,,,,,,,,,,,,,,,,,,1290388.0,,,,,,,,,,,6360117.0,2236668.0,31300000.0,,,,,,,2073613.0,,0.0,6484111.0,,0.0,,,,,-108634747.0,44261407.0,100900000.0,,3566258.0,,,,,,,,,,,,,,,,,0.0,,112960414.0,,,,,0.0,,0.0,,900000.0,5567121.0,,,,,,,,,,,,9026690.0,78168070.0,,78080461.0,,,,,,
2020-12-31,2021-03-04,10-K,Siga Technologies INC,SIGA,CIK0001010086,USD,,1278217.0,150349.0,,3340263.0,2933738.0,919555.0,8285738.0,251824.0,405176.0,4170954.0,,,224978430.0,184016.0,1350948.0,,1400000.0,0.0,,1124585.0,149831391.0,143608091.0,,,,,,,620000000.0,117890240.0,,117890240.0,-43096694.0,,,,,,0.0001,600000000.0,77195704.0,77195704.0,7720.0,,,,,,,,,3280947.0,100000.0,1300000.0,14797419.0,,40458674.0,,,5111667.0,5559632.0,447965.0,,,,,,,,,,,11375962.0,2544053.0,11606949.0,,,,,230987.0,709480.0,80930.0,4144952.0,2544053.0,,3122817.0,,,1293842.0,,191174.0,,0.0,,398165.0,,1022135.0,,,199172.0,,,298527.0,81065.0,529814.0,,0.71,,0.71,0.234,0.21,0.0,,0.005,,0.002,0.007,,0.0,,,6639211.0,,,,,,,-4981461.0,898334.0,,,73508591.0,73508591.0,17166581.0,,-3116843.0,-827733.0,,,,982606.0,8009992.0,,,-699102.0,,178306.0,3016817.0,0.0,2221941.0,20265519.0,,2628153.0,,,15415425.0,,,,2708588.0,575887.0,550904.0,406994.0,404258.0,402078.0,368467.0,,359467.0,20038122.0,149831391.0,,10483510.0,,,,,,,,,,,,,,,,,,,,,,-114600421.0,-15501.0,71519228.0,56342010.0,56342010.0,532085.0,,1.0,1.0,1.0,,84500630.0,700000.0,,,600000.0,2944932.0,,,,,,,,0.0453,,486158.0,676923.0,,,2915401.0,,,887132.0,15501.0,,,28502946.0,,,,,,184016.0,,,,20000000.0,0.0,0.0,2112069.0,,,,,,,,0.0,3003517.0,,6274944.0,2103990.0,12500000.0,,,,,,85913459.0,10938930.0,,0.0,2544053.0,,0.0,0.0,,,,-95192881.0,124959304.0,63500000.0,,14003184.0,,1350948.0,,,,87000.0,,,,,,,,,,,0.0,,129793269.0,97250.0,,,,0.0,,0.0,,4600000.0,28502946.0,,,,5591587.0,57601.0,0.0,65000.0,0.0,0.0,5600000.0,-24873.0,6639211.0,79437306.0,,79259000.0,0.0,0.0,224656.0,725875.0,912462.0,383000.0
2021-03-31,2021-05-06,10-Q,Siga Technologies INC,SIGA,CIK0001010086,USD,,446795.0,236500.0,,4001259.0,853833.0,697843.0,7064722.0,336197.0,476991.0,4230097.0,,,225211481.0,13361.0,246412.0,,,,,,138766538.0,132889274.0,,,,,,,,106527495.0,,106527495.0,-11362745.0,,,,,,0.0001,600000000.0,76240439.0,76240439.0,7625.0,,,,,3400000.0,,,,3573538.0,0.0,,250848.0,,6803151.0,,,,,,,,,,,,,,,,,2572594.0,-28541.0,,,,,,,,,,,,,,,,,,,,,,,,,,,,,,130826.0,,-0.01,,-0.02,0.223,0.21,,,,,,,,918801.0,918801.0,0.0,5720410.0,,,,,,,0.0,898334.0,1000000.0,,,-1045038.0,-232933.0,,-3330241.0,660996.0,,,,292591.0,144852.0,,,-419395.0,,815577.0,0.0,,2083914.0,20410371.0,,2625928.0,,,15700529.0,,,,2559599.0,,368467.0,,406994.0,404258.0,402078.0,401915.0,332140.0,16081671.0,138766538.0,,7511517.0,,,,,,,,,,,,,,,,,,,,,,-6542709.0,-13724.0,-4806312.0,-812105.0,-1730906.0,25568.0,,,,,,-1989407.0,100000.0,2227459.0,,100000.0,2944932.0,,,,,,,,0.0453,,286476.0,419448.0,,,2849744.0,,,0.0,13724.0,,,6529348.0,,,,,,13361.0,,,,,,,1950149.0,,,,,,,,,,,6216985.0,1986888.0,13200000.0,,,,,,0.0,2302785.0,,,,,,,,,,-102534239.0,4813744.0,73300000.0,,4056184.0,,246412.0,,,,,,,,,,,,,,,,,122684867.0,,,,,0.0,,,,1000000.0,6529348.0,,,,,,,,,,,,5720410.0,77572587.0,,76757010.0,,,,,,
2021-06-30,2021-08-05,10-Q,Siga Technologies INC,SIGA,CIK0001010086,USD,,675403.0,20670.0,,7206135.0,1672113.0,27407.0,7295055.0,630506.0,432621.0,4364104.0,,,225678876.0,,467405.0,,,,,,133686025.0,127066257.0,,,,,,,,98486013.0,,98486013.0,,,,,,,0.0001,600000000.0,75389417.0,75389417.0,7539.0,,,,,6100000.0,,,,3654540.0,,,995990.0,,8652187.0,,,,,,,,,,,,,,,,,2731473.0,,,,,,,,,,,,,,,,,,,,,,,,,,,,,,,,,0.0,,0.0,0.638,0.21,,,,,,,,428128.0,,,5278141.0,,,,,,,0.0,898334.0,500000.0,,,467606.0,298406.0,,,,,,,,,,,,,849413.0,0.0,,1740292.0,19599891.0,,14908.0,,,17844691.0,900000.0,,,3209576.0,,627731.0,,406994.0,678627.0,669048.0,251289.0,373593.0,16965063.0,133686025.0,,7970458.0,,,,,,,,,,,,,,,,,,,,,,,,,169200.0,-258928.0,24235.0,,,,,,1102.0,100000.0,2835983.0,,200000.0,3678647.0,,,,,,,,0.0453,,278788.0,392665.0,,,3716464.0,,,,,,,,,,,,,,,,,,,,1774218.0,,,,,,,,,,,6961400.0,2597296.0,15400000.0,,,,,,,2263971.0,,,,,,,,,,-108965453.0,8653289.0,68000000.0,,5216059.0,,,,,,,,,,,,,,,,,,,116720962.0,,,,,0.0,,,,1000000.0,6600510.0,,,,,,,,,,,,5278141.0,76660054.0,,75810641.0,,,,,,
2021-09-30,2021-11-04,10-Q,Siga Technologies INC,SIGA,CIK0001010086,USD,,9962965.0,462390.0,,3822824.0,2420266.0,48257.0,8979128.0,585019.0,376303.0,4492937.0,,,225761819.0,160556.0,243502.0,,,,,,135563352.0,128937547.0,,,,,,,,92819425.0,,92819425.0,,,,,,,0.0001,600000000.0,74306785.0,74306785.0,7431.0,,,,,2600000.0,,,,3587390.0,,,83276.0,,7790061.0,,,,,,,,,,,,,,,,,2952286.0,,,,,,,,,,,,,,,,,,,,,,,,,,,,,,,,,-0.04,,-0.04,0.219,0.21,,,,,,,,0.0,,,6344663.0,,,,,,,0.0,898334.0,-4000000.0,,-3984159.0,,-870801.0,,,,,,,,,,,,,0.0,0.0,,1647355.0,29673044.0,,14908.0,,,28010781.0,,,,3109061.0,,627731.0,,406994.0,678627.0,669048.0,150774.0,341124.0,29007490.0,135563352.0,,18942093.0,,,,,,,,,,,,,,,,,,,,,,,,,-3113358.0,-3113358.0,26252.0,,,,,,-2943889.0,100000.0,2767937.0,,100000.0,3678647.0,,,,,,,,0.0453,,416966.0,306722.0,,,3720734.0,,,,,,,,,,,,,,,,,,,,2622254.0,,,,,,,,,,,6961400.0,2468463.0,4900000.0,,,,,,,3235145.0,,,,,,,,,,-119213388.0,4846172.0,177200000.0,,4305644.0,,,,,,,,,,,,,,,,,,,106555862.0,,,,,0.0,,,,1100000.0,7134688.0,,,,,,,,,,,,6344663.0,74840846.0,,74840846.0,,,,,,
2021-12-31,2022-03-03,10-K,Siga Technologies INC,SIGA,CIK0001010086,USD,,2028004.0,488081.0,,83650450.0,2811700.0,19207042.0,9252812.0,527026.0,379720.0,4621639.0,,,226070308.0,173918.0,1265809.0,,1300000.0,,,29873.0,214726575.0,208753092.0,,,,,,,620000000.0,103138819.0,,103138819.0,-14751421.0,,,,,,0.0001,600000000.0,73543602.0,73543602.0,7354.0,,,,,,,,,3764696.0,100000.0,2200000.0,16601880.0,,44577655.0,,,19211782.0,19739529.0,513753.0,,,,,,,,,,,89947.0,2422607.0,121446.0,,,,,31499.0,702617.0,50107.0,4090258.0,2422607.0,,3068067.0,,,1293912.0,,267050.0,,,,280396.0,,1022191.0,,,197245.0,,,291926.0,156289.0,522368.0,,0.92,,0.91,0.222,0.21,,,0.005,,0.002,0.005,,117770.0,,,6521441.0,,,,,,,0.0,898334.0,,,89311741.0,,19860975.0,,986865.0,80310187.0,,,,483749.0,-136369.0,,,-48963.0,,1080522.0,0.0,,2034974.0,19510379.0,,22047.0,,,17453358.0,900000.0,,,2908029.0,165916.0,577473.0,409971.0,406994.0,678627.0,669048.0,,309991.0,40412168.0,214726575.0,,30487858.0,,,,,,,,,,,,,,,,,,,,,,-26195437.0,-50620.0,11494636.0,69450766.0,69332996.0,101172.0,,1.0,1.0,1.0,,89092799.0,600000.0,,,600000.0,,,,,,,,,0.0453,,558362.0,286585.0,,,3402869.0,,,0.0,50620.0,,,26021519.0,,,,,,173918.0,,,,20000000.0,0.0,0.0,2453444.0,,,,,,,,,0.0,,6987596.0,2365957.0,20100000.0,,,,,,0.0,9942194.0,0.0,,,,,,,,,-51763255.0,133670454.0,61800000.0,,17323429.0,,1265809.0,,,,,,,,,,,,,,,,,174314407.0,0.0,0.0,,,0.0,,,,,26021519.0,,,,5602587.0,0.0,0.0,95000.0,11000.0,0.0,5600000.0,,6521441.0,76402716.0,,75322194.0,13994.0,0.0,184046.0,741684.0,18287487.0,258000.0
