end,filed,form,Name,Ticker,CIK,Currency,AccountsPayableCurrent,AccountsPayableRelatedPartiesCurrentAndNoncurrent,AccountsPayableTradeCurrent,AccountsReceivableGrossCurrent,AccountsReceivableNetCurrent,AccrualForEnvironmentalLossContingencies,AccrualForTaxesOtherThanIncomeTaxesCurrent,AccruedBonusesCurrent,AccruedEnvironmentalLossContingenciesCurrent,AccruedIncomeTaxes,AccruedIncomeTaxesCurrent,AccruedLiabilitiesCurrent,AccruedProfessionalFeesCurrent,AccruedRoyaltiesCurrent,AccruedSalariesCurrent,AccumulatedCapitalizedInterestCosts,AccumulatedDepreciationDepletionAndAmortizationPropertyPlantAndEquipment,AccumulatedOtherComprehensiveIncomeLossNetOfTax,AdditionalPaidInCapitalCommonStock,AdjustmentsToAdditionalPaidInCapitalWarrantIssued,AdvancesToAffiliate,AllowanceForDoubtfulAccountsReceivableChargeOffs,AllowanceForDoubtfulAccountsReceivableCurrent,AllowanceForDoubtfulAccountsReceivablePeriodIncreaseDecrease,AllowanceForDoubtfulAccountsReceivableWriteOffs,AmortizationOfFinancingCosts,AmortizationOfIntangibleAssets,AntidilutiveSecuritiesExcludedFromComputationOfEarningsPerShareAmount,Assets,AssetsCurrent,BusinessCombinationBargainPurchaseGainRecognizedAmount,CapitalLeaseObligations,CapitalLeaseObligations,CapitalLeaseObligationsCurrent,CapitalLeaseObligationsCurrent,CapitalLeaseObligationsNoncurrent,CapitalLeaseObligationsNoncurrent,CapitalLeasesFutureMinimumPaymentsDue,CapitalLeasesFutureMinimumPaymentsDue,CapitalLeasesFutureMinimumPaymentsDueCurrent,CapitalLeasesFutureMinimumPaymentsDueCurrent,CapitalLeasesFutureMinimumPaymentsDueInThreeYears,CapitalLeasesFutureMinimumPaymentsDueInThreeYears,CapitalLeasesFutureMinimumPaymentsDueInTwoYears,CapitalLeasesFutureMinimumPaymentsDueInTwoYears,CapitalLeasesFutureMinimumPaymentsExecutoryCosts,CapitalLeasesFutureMinimumPaymentsExecutoryCosts,CashAcquiredFromAcquisition,CashAndCashEquivalentsAtCarryingValue,CashAndCashEquivalentsPeriodIncreaseDecrease,CashCashEquivalentsRestrictedCashAndRestrictedCashEquivalents,CashCashEquivalentsRestrictedCashAndRestrictedCashEquivalentsPeriodIncreaseDecreaseIncludingExchangeRateEffect,CashFDICInsuredAmount,CashFlowHedgeGainLossReclassifiedToOtherIncomeNet,CashProvidedByUsedInInvestingActivitiesDiscontinuedOperations,CashProvidedByUsedInOperatingActivitiesDiscontinuedOperations,ClassOfWarrantOrRightExercisePriceOfWarrantsOrRights,ClassOfWarrantOrRightExercisePriceOfWarrantsOrRights1,ClassOfWarrantOrRightNumberOfSecuritiesCalledByWarrantsOrRights,CommonStockParOrStatedValuePerShare,CommonStockSharesAuthorized,CommonStockSharesIssued,CommonStockSharesOutstanding,CommonStockValue,ComprehensiveIncomeNetOfTax,ComprehensiveIncomeNetOfTaxIncludingPortionAttributableToNoncontrollingInterest,CostMethodInvestments,CostOfGoodsAndServicesSold,CostOfGoodsAndServicesSoldAmortization,CostOfGoodsAndServicesSoldDepreciation,CostOfGoodsAndServicesSoldDepreciationAndAmortization,CostOfGoodsSold,CostOfGoodsSoldAmortization,CostOfGoodsSoldDepreciation,CurrentFederalTaxExpenseBenefit,CurrentStateAndLocalTaxExpenseBenefit,DebtInstrumentCarryingAmount,DebtInstrumentCollateralAmount,DebtInstrumentFeeAmount,DebtInstrumentInterestRateStatedPercentage,DeferredCompensationArrangementWithIndividualContributionsByEmployer,DeferredCompensationArrangementWithIndividualEmployerContribution,DeferredCompensationArrangementWithIndividualRecordedLiability,DeferredFederalIncomeTaxExpenseBenefit,DeferredFinanceCostsNet,DeferredFinanceCostsNoncurrentNet,DeferredIncomeTaxExpenseBenefit,DeferredIncomeTaxLiabilities,DeferredIncomeTaxLiabilitiesNet,DeferredRevenueCurrent,DeferredRevenueNoncurrent,DeferredStateAndLocalIncomeTaxExpenseBenefit,DeferredTaxAssetInterestCarryforward,DeferredTaxAssetsCharitableContributionCarryforwards,DeferredTaxAssetsDeferredIncome,DeferredTaxAssetsDerivativeInstruments,DeferredTaxAssetsGoodwillAndIntangibleAssets,DeferredTaxAssetsGross,DeferredTaxAssetsGrossNoncurrent,DeferredTaxAssetsInventory,DeferredTaxAssetsLiabilitiesNet,DeferredTaxAssetsLiabilitiesNetCurrent,DeferredTaxAssetsLiabilitiesNetNoncurrent,DeferredTaxAssetsNet,DeferredTaxAssetsNetCurrent,DeferredTaxAssetsOperatingLossCarryforwards,DeferredTaxAssetsPropertyPlantAndEquipment,DeferredTaxAssetsTaxCreditCarryforwardsForeign,DeferredTaxAssetsTaxCreditCarryforwardsGeneralBusiness,DeferredTaxAssetsTaxDeferredExpenseCompensationAndBenefitsOther,DeferredTaxAssetsTaxDeferredExpenseCompensationAndBenefitsPostretirementBenefits,DeferredTaxAssetsTaxDeferredExpenseCompensationAndBenefitsShareBasedCompensationCost,DeferredTaxAssetsTaxDeferredExpenseReservesAndAccrualsAllowanceForDoubtfulAccounts,DeferredTaxAssetsValuationAllowance,DeferredTaxAssetsValuationAllowanceNoncurrent,DeferredTaxLiabilities,DeferredTaxLiabilitiesGoodwillAndIntangibleAssetsIntangibleAssets,DeferredTaxLiabilitiesGrossNoncurrent,DeferredTaxLiabilitiesInvestmentInNoncontrolledAffiliates,DeferredTaxLiabilitiesNoncurrent,DeferredTaxLiabilitiesOtherFiniteLivedAssets,DeferredTaxLiabilitiesPropertyPlantAndEquipment,DefinedContributionPlanEmployerMatchingContributionPercent,DefinedContributionPlanEmployerMatchingContributionPercentOfMatch,Depreciation,DepreciationDepletionAndAmortization,DepreciationNonproduction,DerivativeAssets,DerivativeAssetsLiabilitiesAtFairValueNet,DerivativeGainLossOnDerivativeNet,DerivativeInstrumentsAndHedges,DerivativeInstrumentsAndHedgesLiabilities,DerivativeInstrumentsGainLossRecognizedInIncomeIneffectivePortionAndAmountExcludedFromEffectivenessTestingNet,DerivativeInstrumentsLossRecognizedInIncomeIneffectivePortionAndAmountExcludedFromEffectivenessTesting,DerivativeLiabilitiesCurrent,DerivativeLiabilitiesNoncurrent,DiscontinuedOperationIncomeLossFromDiscontinuedOperationNetOfTaxPerBasicShare,DiscontinuedOperationIncomeLossFromDiscontinuedOperationNetOfTaxPerDilutedShare,DisposalGroupNotDiscontinuedOperationGainLossOnDisposal,DueToOfficersOrStockholdersCurrent,EarningsPerShareBasic,EarningsPerShareDiluted,EffectiveIncomeTaxRateContinuingOperations,EffectiveIncomeTaxRateReconciliationAtFederalStatutoryIncomeTaxRate,EmployeeRelatedLiabilitiesCurrentAndNoncurrent,EnvironmentalRemediationExpense,EquityMethodInvestmentSummarizedFinancialInformationNetIncomeLoss,EquityMethodInvestments,EscrowDeposit,ExcessOfReplacementOrCurrentCostsOverStatedLIFOValue,FinanceLeaseInterestExpense,FinanceLeaseInterestPaymentOnLiability,FinanceLeaseLiability,FinanceLeaseLiabilityCurrent,FinanceLeaseLiabilityNoncurrent,FinanceLeaseLiabilityPaymentsDue,FinanceLeaseLiabilityPaymentsDueAfterYearFive,FinanceLeaseLiabilityPaymentsDueNextTwelveMonths,FinanceLeaseLiabilityPaymentsDueYearFive,FinanceLeaseLiabilityPaymentsDueYearFour,FinanceLeaseLiabilityPaymentsDueYearThree,FinanceLeaseLiabilityPaymentsDueYearTwo,FinanceLeaseLiabilityUndiscountedExcessAmount,FinanceLeasePrincipalPayments,FinanceLeaseRightOfUseAsset,FinanceLeaseRightOfUseAssetAmortization,FinancingReceivableAllowanceForCreditLosses,FiniteLivedIntangibleAssetsAccumulatedAmortization,FiniteLivedIntangibleAssetsAmortizationExpenseAfterYearFive,FiniteLivedIntangibleAssetsAmortizationExpenseNextTwelveMonths,FiniteLivedIntangibleAssetsAmortizationExpenseRemainderOfFiscalYear,FiniteLivedIntangibleAssetsAmortizationExpenseYearFive,FiniteLivedIntangibleAssetsAmortizationExpenseYearFour,FiniteLivedIntangibleAssetsAmortizationExpenseYearThree,FiniteLivedIntangibleAssetsAmortizationExpenseYearTwo,FiniteLivedIntangibleAssetsGross,FiniteLivedIntangibleAssetsNet,ForeignCurrencyExchangeRateRemeasurement1,ForeignCurrencyExchangeRateTranslation1,GainLossOnDispositionOfAssets1,GainLossOnSaleOfEquityInvestments,GainsLossesOnExtinguishmentOfDebt,GeneralAndAdministrativeExpense,Goodwill,GoodwillAcquiredDuringPeriod,GoodwillAndIntangibleAssetImpairment,GoodwillPurchaseAccountingAdjustments,GrossProfit,GuaranteeObligationsMaximumExposure,GuaranteeObligationsMaximumExposure,ImpairmentOfIntangibleAssetsExcludingGoodwill,IncomeLossFromContinuingOperations,IncomeLossFromContinuingOperationsBeforeIncomeTaxesExtraordinaryItemsNoncontrollingInterest,IncomeLossFromContinuingOperationsBeforeIncomeTaxesMinorityInterestAndIncomeLossFromEquityMethodInvestments,IncomeLossFromContinuingOperationsIncludingPortionAttributableToNoncontrollingInterest,IncomeLossFromContinuingOperationsPerBasicShare,IncomeLossFromContinuingOperationsPerDilutedShare,IncomeLossFromDiscontinuedOperationsNetOfTax,IncomeLossFromDiscontinuedOperationsNetOfTaxAttributableToReportingEntity,IncomeLossFromEquityMethodInvestments,IncomeTaxExpenseBenefit,IncomeTaxesPaidNet,IncomeTaxesReceivable,IncomeTaxReceivable,IncomeTaxReconciliationChangeInDeferredTaxAssetsValuationAllowance,IncomeTaxReconciliationIncomeTaxExpenseBenefitAtFederalStatutoryIncomeTaxRate,IncomeTaxReconciliationOtherAdjustments,IncomeTaxReconciliationPriorYearIncomeTaxes,IncomeTaxReconciliationStateAndLocalIncomeTaxes,IncomeTaxReconciliationTaxCreditsResearch,IncreaseDecreaseInAccountsPayableAndAccruedLiabilities,IncreaseDecreaseInAccountsReceivable,IncreaseDecreaseInAccruedLiabilities,IncreaseDecreaseInDerivativeAssets,IncreaseDecreaseInIncomeTaxesReceivable,IncreaseDecreaseInInsuranceSettlementsReceivable,IncreaseDecreaseInInterestPayableNet,IncreaseDecreaseInInventories,IncreaseDecreaseInNotesReceivableCurrent,IncreaseDecreaseInOtherOperatingAssets,IncreaseDecreaseInOtherOperatingLiabilities,IncreaseDecreaseInPrepaidDeferredExpenseAndOtherAssets,IncreaseDecreaseInPrepaidExpense,IncreaseDecreaseInRestrictedCash,IncrementalCommonSharesAttributableToContingentlyIssuableShares,IncrementalCommonSharesAttributableToShareBasedPaymentArrangements,InsuranceSettlementsReceivableCurrent,IntangibleAssetsGrossExcludingGoodwill,IntangibleAssetsNetExcludingGoodwill,IntangibleAssetsNetIncludingGoodwill,InterestCostsIncurredCapitalized,InterestExpense,InterestIncomeOther,InterestPaid,InterestPaidNet,InterestPayableCurrent,InterestRateDerivativeLiabilitiesAtFairValue,InterestReceivable,InventoryCrudeOilProductsAndMerchandise,InventoryFinishedGoods,InventoryNet,InventoryRawMaterials,InventoryWorkInProcess,InvestmentIncomeInterest,InvestmentIncomeNetAmortizationOfDiscountAndPremium,InvestmentOwnedAtCost,LeaseCost,LesseeFinanceLeaseDiscountRate,LesseeOperatingLeaseDiscountRate,LesseeOperatingLeaseLiabilityPaymentsDue,LesseeOperatingLeaseLiabilityPaymentsDueAfterYearFive,LesseeOperatingLeaseLiabilityPaymentsDueNextTwelveMonths,LesseeOperatingLeaseLiabilityPaymentsDueYearFive,LesseeOperatingLeaseLiabilityPaymentsDueYearFour,LesseeOperatingLeaseLiabilityPaymentsDueYearThree,LesseeOperatingLeaseLiabilityPaymentsDueYearTwo,LesseeOperatingLeaseLiabilityPaymentsRemainderOfFiscalYear,LesseeOperatingLeaseLiabilityUndiscountedExcessAmount,Liabilities,LiabilitiesAndStockholdersEquity,LiabilitiesCurrent,LiabilitiesFairValueDisclosure,LongTermDebt,LongTermDebtCurrent,LongTermDebtMaturitiesRepaymentsOfPrincipalAfterYearFive,LongTermDebtMaturitiesRepaymentsOfPrincipalInNextTwelveMonths,LongTermDebtMaturitiesRepaymentsOfPrincipalInYearFive,LongTermDebtMaturitiesRepaymentsOfPrincipalInYearFour,LongTermDebtMaturitiesRepaymentsOfPrincipalInYearThree,LongTermDebtMaturitiesRepaymentsOfPrincipalInYearTwo,LongTermDebtNoncurrent,LossContingencyAccrualCarryingValueNoncurrent,LossContingencyNumberOfDefendants,LossContingencySettlementAgreementConsideration1,MineralPropertiesNet,MinorityInterest,MinorityInterestOwnershipPercentageByParent,NetCashProvidedByUsedInFinancingActivities,NetCashProvidedByUsedInFinancingActivitiesContinuingOperations,NetCashProvidedByUsedInInvestingActivities,NetCashProvidedByUsedInInvestingActivitiesContinuingOperations,NetCashProvidedByUsedInOperatingActivities,NetCashProvidedByUsedInOperatingActivitiesContinuingOperations,NetIncomeLoss,NetIncomeLossAttributableToNoncontrollingInterest,NetIncomeLossAttributableToParentDiluted,NoncashOrPartNoncashAcquisitionValueOfAssetsAcquired1,NonoperatingIncomeExpense,NotesAndLoansReceivableNetCurrent,NotesPayableCurrent,NumberOfOperatingSegments,NumberOfOperatingSegments,NumberOfOperatingSegments,OperatingIncomeLoss,OperatingLeaseCost,OperatingLeaseLiability,OperatingLeaseLiabilityCurrent,OperatingLeaseLiabilityNoncurrent,OperatingLeasePayments,OperatingLeaseRightOfUseAsset,OperatingLeasesFutureMinimumPaymentsDue,OperatingLeasesFutureMinimumPaymentsDueCurrent,OperatingLeasesFutureMinimumPaymentsDueInFiveYears,OperatingLeasesFutureMinimumPaymentsDueInFourYears,OperatingLeasesFutureMinimumPaymentsDueInThreeYears,OperatingLeasesFutureMinimumPaymentsDueInTwoYears,OperatingLeasesFutureMinimumPaymentsDueThereafter,OperatingLeasesFutureMinimumPaymentsReceivable,OperatingLeasesFutureMinimumPaymentsReceivableCurrent,OperatingLeasesFutureMinimumPaymentsReceivableInFiveYears,OperatingLeasesFutureMinimumPaymentsReceivableInFourYears,OperatingLeasesFutureMinimumPaymentsReceivableInThreeYears,OperatingLeasesFutureMinimumPaymentsReceivableInTwoYears,OperatingLeasesFutureMinimumPaymentsReceivableThereafter,OperatingLeasesRentExpenseNet,OperatingLossCarryforwards,OtherAccruedLiabilitiesCurrent,OtherAssetsNoncurrent,OtherComprehensiveIncomeLossDerivativesQualifyingAsHedgesNetOfTax,OtherComprehensiveIncomeLossNetOfTax,OtherComprehensiveIncomeLossNetOfTaxPeriodIncreaseDecrease,OtherComprehensiveIncomeLossReclassificationAdjustmentFromAOCIOnDerivativesNetOfTax,OtherComprehensiveIncomeLossReclassificationAdjustmentOnDerivativesIncludedInNetIncomeNetOfTax,OtherComprehensiveIncomeReclassificationAdjustmentOnDerivativesIncludedInNetIncomeNetOfTax,OtherComprehensiveIncomeUnrealizedGainLossOnDerivativesArisingDuringPeriodNetOfTax,OtherComprehensiveIncomeUnrealizedGainLossOnDerivativesArisingDuringPeriodTax,OtherGeneralAndAdministrativeExpense,OtherIntangibleAssetsNet,OtherInterestAndDividendIncome,OtherInventoriesSpareParts,OtherInventoryInTransit,OtherLiabilitiesCurrent,OtherLiabilitiesNoncurrent,OtherNonoperatingIncomeExpense,OtherNotesPayableCurrent,OtherPostretirementBenefitExpense,OtherPrepaidExpenseCurrent,PaymentsForAdvanceToAffiliate,PaymentsForProceedsFromBusinessesAndInterestInAffiliates,PaymentsForProceedsFromOtherInvestingActivities,PaymentsForRepurchaseOfCommonStock,PaymentsRelatedToTaxWithholdingForShareBasedCompensation,PaymentsToAcquireBusinessesGross,PaymentsToAcquireBusinessesNetOfCashAcquired,PaymentsToAcquireInterestInJointVenture,PaymentsToAcquireProductiveAssets,PaymentsToAcquirePropertyPlantAndEquipment,PensionAndOtherPostretirementDefinedBenefitPlansCurrentLiabilities,PensionAndOtherPostretirementDefinedBenefitPlansLiabilitiesNoncurrent,PledgedAssetsNotSeparatelyReportedFinanceReceivables,PledgedAssetsSeparatelyReportedFinanceReceivablesPledgedAsCollateralAtFairValue,PledgedAssetsSeparatelyReportedLoansPledgedAsCollateralAtFairValue,PostemploymentBenefitsLiabilityCurrent,PostemploymentBenefitsLiabilityNoncurrent,PrepaidExpenseAndOtherAssetsCurrent,PrepaidExpenseCurrent,PrepaidInsurance,ProceedsFromBankDebt,ProceedsFromContributedCapital,ProceedsFromEquityMethodInvestmentDividendsOrDistributionsReturnOfCapital,ProceedsFromIssuanceOfCommonStock,ProceedsFromIssuanceOfLongTermDebt,ProceedsFromIssuanceOrSaleOfEquity,ProfitLoss,PropertyPlantAndEquipmentAndFinanceLeaseRightOfUseAssetAccumulatedDepreciationAndAmortization,PropertyPlantAndEquipmentAndFinanceLeaseRightOfUseAssetAfterAccumulatedDepreciationAndAmortization,PropertyPlantAndEquipmentAndFinanceLeaseRightOfUseAssetBeforeAccumulatedDepreciationAndAmortization,PropertyPlantAndEquipmentGross,PropertyPlantAndEquipmentNet,ProvisionForDoubtfulAccounts,ReceivableWithImputedInterestDiscount,ReceivableWithImputedInterestEffectiveYieldInterestRate,ReceivableWithImputedInterestFaceAmount,RecognitionOfDeferredRevenue,RelatedPartyTransactionExpensesFromTransactionsWithRelatedParty,RepaymentsOfLongTermDebt,RestructuringCharges,RestructuringReserveCurrent,RetainedEarningsAccumulatedDeficit,RevenueFromContractWithCustomerExcludingAssessedTax,RevenueFromContractWithCustomerIncludingAssessedTax,RightOfUseAssetObtainedInExchangeForFinanceLeaseLiability,RightOfUseAssetObtainedInExchangeForOperatingLeaseLiability,SalesAndExciseTaxPayableCurrent,SalesRevenueGoodsNet,SalesRevenueNet,SalesRevenueServicesGross,SecuredDebt,ShareBasedCompensation,ShareBasedCompensationArrangementByShareBasedPaymentAwardOptionsExercisableNumber,SharebasedCompensationArrangementBySharebasedPaymentAwardAwardVestingRightsPercentage,ShortTermLeaseCost,StockholdersEquity,StockholdersEquityIncludingPortionAttributableToNoncontrollingInterest,StockIssuedDuringPeriodSharesNewIssues,StockIssuedDuringPeriodValueAcquisitions,StockIssuedDuringPeriodValueConversionOfConvertibleSecurities,StockIssuedDuringPeriodValueNewIssues,StockIssuedDuringPeriodValueRestrictedStockAwardGross,StockIssuedDuringPeriodValueShareBasedCompensation,StockIssuedDuringPeriodValueShareBasedCompensationForfeited,StockIssuedDuringPeriodValueStockOptionsExercised,StockRepurchasedDuringPeriodShares,StockRepurchasedDuringPeriodValue,StockRepurchaseProgramAuthorizedAmount1,TaxesPayableCurrent,TreasuryStockCommonShares,TreasuryStockCommonValue,UnamortizedDebtIssuanceExpense,UnrealizedGainLossOnDerivatives,UnrecognizedTaxBenefitsInterestOnIncomeTaxesAccrued,UnrecordedUnconditionalPurchaseObligationBalanceSheetAmount,ValuationAllowanceDeferredTaxAssetChangeInAmount,VariableLeaseCost,WeightedAverageNumberOfDilutedSharesOutstanding,WeightedAverageNumberOfSharesOutstandingBasic,WeightedAverageNumberOfSharesTreasuryStock,DeferredTaxAssetsOther,NoncontrollingInterestDecreaseFromDeconsolidation,ProceedsFromSaleOfPropertyPlantAndEquipment,ProfessionalFees
2008-03-31,2008-05-12,10-Q,TRECORA RESOURCES,TREC,CIK0000007039,USD,,,,,,,,,,,,,,,,,,,,,,,,,,,,,,,,,,,,,,,,,,,,,,,,,,,,,,,,,,,,,,,,,,,,,,,,,,,,,,,,,,,,,,,,,,,,,,,,,,,,,,,,,,,,,,,,,,,,,,,,,,,,,,,,,,,,,,,,,,,,,,,,,,,,,,,,,,,,,,,,,,,,,,,,,,,,,,,,,,,,,,,,,,,,,,,,,,,,,,,,,,,,,,,,,,,,,,,,,,,,,,,,,,,,,,,,,,,,,,,,,,,,,,,,,,,,,,,,,,,,,,,,,,,,,,,,,,,,,,,,,,,,,,,,,,,,,,,,,,,,,,,,,,,,,,,,,,,,,,,,,,,,,,,,,,,,,,,,,,,,,,,,,,,,,,,,,,,,,,,,,,,,,,,,,,,,,,,,,,,,,,,,,,,,10000000.0,,,,,,,,,,,,,,,,,,,,,,,,,,,,,,,,,
2008-12-31,2009-03-16,10-K,TRECORA RESOURCES,TREC,CIK0000007039,USD,,,,,,,,,,,,,,,,,,,,,,,,,,,,,,,,,,,,,,,,,,,,,,,,,2759236.0,,,,,,,,,,,,,,,,,,,,,,,,,,,,,,,,,,,,,,,,,,,,,,,,,,,,,,,,,,,,,,,,,,,,,,,,,,,,,,,,,,,,,,,,,,,,,,,,,,,,,,,,,,,,,,,,,,,,,,,,,,,,,,,,,,,,,,,,,,,,,,,,,,,,,,,,,,,,,,,,,,,,,,,,,,,,,,,,,,,,,,,,,,,,,,,,,,,,,,,,,,,,,,,,,,,,,,,,,,,,,,,,,,,,,,,,,,,,,,,,,,,,,,,,,,,,,,,,,,,,,,,,,,,,,,,,,,,,,,,,,,,,,,,,,,,,,,,,,,,,,,,,,,,,,,,,,,,,,,,,,,,,,,,,,,,,,,,,,,,,,,,,,45279842.0,,,,,,,,,,,,,,,,,,,,,,,,,,,
2009-09-30,2009-11-06,10-Q,TRECORA RESOURCES,TREC,CIK0000007039,USD,,,,,,,,,,,,,,,,,,,,,,,,,,,,,,,,,,,,,,,,,,,,,,,,,2451614.0,,,,,,,,,,,,,,,,,,,,,,,,,,,,,,,,,,,,,,,,,,,,,,,,,,,,,,,,,,,,,,,,,,,,,,,,,,,,,,,,,,,,,,,,,,,,,,,,,,,,,,,,,,,,,,,,,,,,,,,,,,,,,,,,,,,,,,,,,,,,,,,,,,,,,,,,,,,,,,,,,,,,,,,,,,,,,,,,,,,,,,,,,,,,,,,,,,,,,,,,,,,,,,,,,,,,,,,,,,,,,,,,,,,,,,,,,,,,,,,,,,,,,,,,,,,,,,,,,,,,,,,,,,,,,,,,,,,,,,,,,,,,,,,,,,,,,,,,,,,,,,,,,,,,,,,,,,,,,,,,,,,,,,,,,,,,,,,,,,,,,,,,,,,,,,,,,,,,,,,,,,,,,,,,,,,,
2009-12-31,2010-03-15,10-K,TRECORA RESOURCES,TREC,CIK0000007039,USD,,,,,,,,,,,,,,,,,,,,,,,,,,,0.0,,,,,,,,,,,,,,,,,,,,,,2452000.0,-307622.0,,,,,,,,,,,,,,,,0.0,,95688819.0,,,,2246309.0,,,,,,,,,,,,,,,8977317.0,,,,,,,,,,,,,,,,,,,,,,,,,,,,,,,,,,,,,,2689847.0,,443538.0,,,,,,,,,,,,,,0.28,0.28,,,,,,,,,,,,,,,,,,,,,,,,,,,,,,,,,,,,,,,,,9588248.0,,,,,21897860.0,,,,,10971419.0,,,,,,,0.0,4343968.0,278622.0,,,,,,,,,-2146279.0,510083.0,,-3950000.0,4297082.0,,1077.0,2618969.0,-582177.0,,773000.0,-59353.0,,,,,,,,,,1327530.0,,-1334453.0,,,,,,,,,,,,,,,,,,,,,,,,,,,,,,,,,,,,,,,,,,,,-3638248.0,,-3184140.0,,6514766.0,,6627451.0,0.0,,0.0,-1338193.0,,,,,,12309612.0,,,,,,,,,,,,,,,,,,,,,,,,,,,,,,,278775.0,-143612.0,9144710.0,,63669.0,,,,,-74332.0,,23378.0,,,,0.0,,,,0.0,,,3184140.0,,,,,,,,,,,,,,0.0,2530761.0,,6627451.0,,,,,,111154.0,,,,53628.0,,6169009.0,,,,,,,,,109178541.0,117586679.0,3783457.0,,280161.0,,,,,52467000.0,,,,,,,,,,,,,,,,6976232.0,,,,,23800499.0,23733955.0,,,,,
2010-06-30,2010-08-09,10-Q,TRECORA RESOURCES,TREC,CIK0000007039,USD,,,,,,,,,,,,,,,,,,,,,,,,,,,,,,,,,,,,,,,,,,,,,,,,,2772314.0,,,,,,,,,,,,,,,,,,,32824942.0,,,,,,,,,,,,,,,,,,,,,,,,,,,,,,,,,,,,,,,,,,,,,,,,,,,,,,,,,,,109490.0,,,,,,,,,,,,,,0.0,0.0,,,,,,,,,,,,,,,,,,,,,,,,,,,,,,,,,,,,,,,,,3179973.0,,,,,3717402.0,,,,,14043.0,,,,,,,-262500.0,12366.0,,,,,,,,,,,,,,,,,,,,,,,,,,,,,,,258330.0,,,,,,,,,,,,,,,,,,,,,,,,,,,,,,,,,,,,,,,,,,,,,,,,,,,,1677.0,0.0,,,-523386.0,,,,,,537429.0,,,,,,,,,,,,,,,,,,,,,,,,,,,,,,,,,3070483.0,,5103.0,,,,,-7659.0,,,,,,,,,,,,,,,,,,,,,,,,,,,,,,1677.0,,,,,,,,,,,,,,,,,,,,,35380401.0,36542344.0,1161943.0,,,,,,,,,,,,,,,,,,,,,,,,,,,,23750745.0,23750745.0,,,,,
2010-09-30,2010-11-05,10-Q,TRECORA RESOURCES,TREC,CIK0000007039,USD,,,,,,,,,,,,,,,,,,,,,,,,,,,,,,,,,,,,,,,,,,,,,,,,,7609943.0,,,,,,,,,,,,,,,,,,,31632185.0,,,,566054.0,,,,,,,,,,,,,,,,,,,,,,,,,,,,,,,,,,,,,,,,,,,,,,,,,,,,,,,108545.0,,,,,,,,,,,,,,,0.07,,,,,,,,,,,,,,,,,,,,,,,,,,,,,,,,,,,,,,,,,2639311.0,,,,,5417700.0,,,,,2500072.0,,,,,,,0.0,829881.0,,,,,,,,,,,,,,,,,,,,,,,,,,,,,,,275065.0,,,,,,,,,,,,,,,,,,,,,,,,,,,,,,,,,,,,,,,,,,,,,,,,,,,,1670191.0,0.0,,,-278317.0,,,,,,2778389.0,,,,,,,,,,,,,,,,,,,,,,,,,,,,,,,,,2530766.0,,2699.0,,,,,-5951.0,,,,,,,,,,,,,,,,,,,,,,,,,,,,,,1670191.0,,,,,,,,,,,,,,,,,,,,,35572993.0,37049885.0,1277460.0,,,,,,,,,,,,,,,,,,,,,,,,,,,,23750745.0,23750745.0,,,,,
2010-12-31,2011-03-18,10-K,TRECORA RESOURCES,TREC,CIK0000007039,USD,2778161.0,,,,11212290.0,,,,,,,1777642.0,,,,,20839442.0,-736706.0,43162641.0,,0.0,0.0,155000.0,,,,0.0,1076667.0,91917000.0,26575152.0,,,,,,,,,,,,,,,,,,,7610000.0,5158000.0,,,,-468000.0,,,,,,0.1,40000000.0,23682915.0,23682915.0,2368291.0,105000.0,2180000.0,30273000.0,121895000.0,,,,2271408.0,12736.0,2271000.0,,,,,,,,457000.0,,,,,685000.0,,,199939.0,390232.0,,,,,,,,,,,,,,487513.0,,,,,,,,,,,,,,,5480683.0,,,,,2613000.0,,433000.0,,,,177446.0,396527.0,,,,719693.0,,,,,0.09,0.09,,0.34,,449000.0,,,,,,,,,,,,,,,,,,,,,,,,,,,,,,,,,,,,,11363000.0,,,,,17215000.0,,,,,3778000.0,,,,,,,-874000.0,1703000.0,3547000.0,216461.0,,,,,,,,-504000.0,-1062000.0,,0.0,-4510000.0,,-28000.0,852000.0,-389000.0,,0.0,-69000.0,,,,,,,,,,665000.0,,-1161000.0,,120533.0,,,,,5917283.0,,,,,,,,,,,,,,,,,,35687672.0,91917000.0,7580770.0,,,1864770.0,,,,,,,20836098.0,,,,588311.0,289223.0,,-3023000.0,,-3149000.0,,11330000.0,,2075000.0,0.0,,1025000.0,-2074000.0,34427.0,12000.0,,,,5852000.0,,,,,,,,,,,,,,,,,,,,,,,,10938.0,105000.0,,,,-468000.0,,573000.0,-54000.0,10930000.0,,16000.0,,,,,-83000.0,,0.0,,,,0.0,,,,250000.0,0.0,,2899000.0,,,,,,246605.0,680196.0,669367.0,,,,,,0.0,1397000.0,,2075000.0,,,,54703710.0,33864268.0,29000.0,684.0,,,16000.0,,4420000.0,,,11145000.0,,,,,,133579000.0,139110000.0,4677000.0,,808000.0,,,,55940000.0,56230000.0,,775000.0,,,,,,,,,,,,,,177000.0,,,,,23780000.0,23769000.0,300000.0,,,,
2011-03-31,2011-05-09,10-Q,TRECORA RESOURCES,TREC,CIK0000007039,USD,,,,,,,,,,,,,,,,,,,,,,,,,,,63000.0,,,,,,,,,,,,,,,,,,,,,,5867000.0,-1743000.0,,,,-107000.0,,,,,,,,,,,,437000.0,,30464000.0,,,,672000.0,,,,,,,,,,,,,,,129000.0,,,,,,,,,,,,,,,,,,,,,,,,,,,,,,,,,,,,,,784000.0,,112000.0,,,,,,,,,,,,,,,0.01,,,,,,,,,,,,,,,,,,,,,,,,,,,,,,,,,,,,,,,,,2620000.0,,,,,3292000.0,,,,,426000.0,,,,,,,,169000.0,-257000.0,,,,,,,,,2616000.0,4260000.0,,,,,-3000.0,14000.0,-21000.0,,0.0,-43000.0,,,,,,,,,,166000.0,,-271000.0,,,,,,,,,,,,,,,,,,,,,,,,,,,,,,,,,,,,,,,,,,,,-414000.0,,-958000.0,,-371000.0,,257000.0,0.0,,,-246000.0,,,,,,672000.0,,,,,,,,,,,,,,,,,,,,,,,,,,,180000.0,,,107000.0,287000.0,,2508000.0,,1000.0,,,,,26000.0,,3000.0,,,,0.0,,,,,,,958000.0,,,,,,,,,,,,,,17000.0,,,257000.0,,,,,,,,,,1000.0,,431000.0,,,,,,,,,32783000.0,33756000.0,973000.0,,191000.0,,,,,,,,,,,,,,,,,,,,,200000.0,,,,,24716000.0,23988000.0,,,,,
2011-06-30,2011-08-15,10-Q,TRECORA RESOURCES,TREC,CIK0000007039,USD,5579093.0,,,,16932554.0,,,,,,,1909914.0,,,,,,-697788.0,43604073.0,,800000.0,,,,,,,,98116035.0,32065704.0,,,,,,,,,,,,,,,,,,,6748000.0,,,,,-106000.0,,,,,,0.1,40000000.0,23990415.0,23690415.0,2369041.0,,17000.0,30883657.0,39490000.0,,,,,6368.0,699000.0,,,,,,,,,,,,,,,,172112.0,304343.0,,,,,,,,,,,,,,508778.0,,,,,,,,,,,,,,,5543778.0,,,,,,,120000.0,,,,96256.0,375847.0,,,,681408.0,,,,,0.01,0.01,,,,,,,,,,,,,,,,,,,,,,,,,,,,,,,,,,,,,,,,,2708000.0,,,,,3248000.0,,,,,278000.0,,,,,,,0.0,119000.0,,0.0,,,,,,,,,,,,,,,,,,,,,,,,,,,,,157000.0,,,,112433.0,,,,,6162290.0,,,,,,,,,,,,,,,,,,40378670.0,98116035.0,10246633.0,,,1682688.0,,,,,,,22953812.0,,,,588311.0,289223.0,,,,,,,,159000.0,0.0,,,-262000.0,0.0,,,,,540000.0,,,,,,,,,,,,,,,,,,,,,,,,10938.0,-142000.0,,,,106000.0,,-36000.0,,2588000.0,,3000.0,,,,,-2000.0,,,,,,,,,,,,,,,,,,,252453.0,648696.0,567765.0,,,,,,,,,159000.0,,,,,34087451.0,,,,,,,,,,12172816.0,,,,,,41576000.0,42738000.0,1162000.0,,,1392500.0,,,57448142.0,57737365.0,,,,,,,,,,,,,,,,,,,,,24579000.0,23990000.0,,,,,
2011-09-30,2011-11-09,10-Q,TRECORA RESOURCES,TREC,CIK0000007039,USD,4395703.0,,,,22577532.0,,,,,,,4296558.0,,,,,,-745866.0,43823251.0,,50000.0,,,,,,,,103891967.0,36999065.0,,,,,,,,,,,,,,,,,,,4797000.0,,,,,-103000.0,,,,,,0.1,40000000.0,23990415.0,23690415.0,2369041.0,-48000.0,3889000.0,30883657.0,52329000.0,,,,677469.0,3280.0,677000.0,,,,,,,,,,,,,,,,159557.0,773954.0,,,,,,,,,,,,,,755399.0,,,,,,,,,,,,,,,5666682.0,,,,,,,124000.0,,,,0.0,565313.0,,,,775298.0,,,,,0.16,0.16,,,,,,,,,,,,,,,,,,,,,,,,,,,,,,,,,,,,,,,,,3163000.0,,,,,9216000.0,,,,,5749000.0,,,,,,,0.0,1812000.0,,0.0,,,,,,,,,,,,,,,,,,,,,,,,,,,,,191000.0,,,,128434.0,,,,,7998650.0,,,,,,,,,,,,,,,,,,42046984.0,103891967.0,11608609.0,,,1668029.0,,,,,,,22573745.0,,,,588311.0,289223.0,,,,,,,,3937000.0,0.0,,,-304000.0,0.0,,,,,6053000.0,,,,,,,,,,,,,,,,,,,,,,,,10938.0,,,,,-103000.0,,55000.0,,3039000.0,,0.0,,,,,-10000.0,,,,,,,,,,,,,,,,,,,255284.0,648696.0,570281.0,,,,,,,,,3937000.0,,,,,34992627.0,,,,,,,,,,16109334.0,,,,,,60078000.0,61545000.0,1467000.0,,,155667.0,,,61555760.0,61844983.0,,,,,,,,,,,,,,,,,,,,,24542000.0,23990000.0,,,,,
2011-12-31,2012-03-09,10-K,TRECORA RESOURCES,TREC,CIK0000007039,USD,5857000.0,,2800000.0,23408000.0,23198000.0,,,423000.0,350000.0,,315000.0,2944000.0,,,1130000.0,,23672000.0,-748000.0,44138000.0,,120000.0,0.0,210000.0,55000.0,,,250000.0,1347750.0,117833000.0,41822000.0,,,,,,,,,,,,,,,,,,,6674000.0,-936000.0,,,,-414000.0,,,,,,0.1,40000000.0,23700000.0,23700000.0,2373000.0,-12000.0,13872000.0,38105000.0,173600000.0,,,,2744256.0,12736.0,2744000.0,3072000.0,191000.0,,,,,,472000.0,,3237000.0,,,3238000.0,,,937000.0,1071000.0,5000.0,,,,,,,,,,1169000.0,,,1169000.0,,,,,,,,,,,,,,,9394000.0,,,,,3220000.0,,476000.0,,,,393000.0,345000.0,,,345000.0,789000.0,,,,,0.58,0.57,,0.34,43000.0,543000.0,-1018000.0,,,2300000.0,,,,,,,,,,,,,,,,,,,,,,,,,,,,,,,,,12254000.0,,,,,25917000.0,,,,,20389000.0,,,,,,,-1018000.0,6505000.0,-3045000.0,0.0,,12000.0,6933000.0,-567000.0,0.0,127000.0,,4246000.0,12041000.0,,0.0,-216000.0,,-5000.0,3539000.0,-35000.0,,1628000.0,-110000.0,,,,274000.0,,,,,,699000.0,,-1071000.0,,116000.0,,,6056000.0,6056000.0,9456000.0,3400000.0,,,0.0,,,,,,,,,,,,,,46751000.0,117833000.0,12109000.0,,24239000.0,1500000.0,,,,,,,22739000.0,,,255000.0,588000.0,289000.0,,1646000.0,,-6638000.0,,4056000.0,,13884000.0,0.0,,0.0,6726000.0,251000.0,12000.0,,,,13663000.0,,,,,,,,,,,,,,,,,,,,,1000000.0,,538000.0,11000.0,-12000.0,,,,414000.0,,-426000.0,6000.0,11778000.0,,4000.0,,2000000.0,,1071000.0,3000.0,12000.0,11000.0,,,,0.0,,,,0.0,120000.0,,6518000.0,258000.0,649000.0,16800000.0,16800000.0,,258000.0,649000.0,562000.0,0.0,,,,,108000.0,6000000.0,,13884000.0,,,,60624000.0,36952000.0,55000.0,0.0,,,1000.0,,4462000.0,,,25030000.0,,,,,188000.0,194620000.0,199517000.0,4897000.0,,872000.0,,,,70793000.0,71082000.0,,,,,,,,,,,,,,,,215000.0,0.0,,,,24267000.0,23993000.0,300000.0,,,,
2012-03-31,2012-05-08,10-Q,TRECORA RESOURCES,TREC,CIK0000007039,USD,7090000.0,,,,23067000.0,,,,,,,2623000.0,,,,,,-677000.0,44455000.0,,,,,,,,63000.0,,111663000.0,42259000.0,,,,,,,,,,,,,,,,,,,5633000.0,-1041000.0,,,,-94000.0,,,,,,0.1,40000000.0,23800000.0,23800000.0,2378000.0,71000.0,2066000.0,30884000.0,50077000.0,,,,724000.0,3184.0,724000.0,,,,,,,,,,,,,178000.0,,,932000.0,1143000.0,,,,,,,,,,,,,,966000.0,,,,,,,,,,,,,,,6956000.0,,,,,848000.0,,124000.0,,,,925000.0,336000.0,,,,688000.0,,,,,0.08,0.08,,,,,-213000.0,,,,,,,,,,,,,,,,,,,,,,,,,,,,,,,,,,,,3111000.0,,,,,6718000.0,,,,,3062000.0,-213000.0,,,,,,-213000.0,1067000.0,-550000.0,,,,,,,,,899000.0,-131000.0,,,0.0,,0.0,1072000.0,87000.0,,353000.0,115000.0,,,,,,,,,,165000.0,,-255000.0,,116000.0,,,,,10528000.0,,,,0.0,,,,,,,,,,,,,,42823000.0,111663000.0,12998000.0,,,1500000.0,,,,,,,20389000.0,,,,588000.0,289000.0,,-2245000.0,,-1817000.0,,3021000.0,,1995000.0,0.0,1995000.0,,-545000.0,250000.0,,,,,3607000.0,,,,,,,,,,,,,,,,,,,,,,,,11000.0,71000.0,,71000.0,,-94000.0,94000.0,165000.0,37000.0,2987000.0,,0.0,,,,,-73000.0,,3000.0,,,,5000.0,,,,,,,1812000.0,,,,,,261000.0,649000.0,890000.0,,,,,,105000.0,0.0,,1995000.0,,,,,37629000.0,,,,,1000.0,,2350000.0,,,22395000.0,,,,,,55829000.0,56795000.0,966000.0,,217000.0,285415.0,,,68551000.0,68840000.0,,,,,,,,,,,,,,,,604000.0,,,,,24977000.0,24043000.0,,,,,
2012-06-30,2012-08-08,10-Q,TRECORA RESOURCES,TREC,CIK0000007039,USD,5213000.0,,,25593000.0,25383000.0,,,,,,,4140000.0,,,,,25884000.0,-674000.0,44291000.0,,1643000.0,,210000.0,,,,,,115690000.0,46052000.0,,,,,,,,,,,,,,,,,,,5525000.0,,,,,-92000.0,,,,,,0.1,40000000.0,23800000.0,23800000.0,2379000.0,1000.0,3473000.0,30884000.0,53482000.0,,,,,6368.0,749000.0,,,,,,,,,,,,,,,,,,,,,,,,,,,,1838000.0,,,,,,,,,,,,,,,,,,6482000.0,,,,,,,125000.0,,,,0.0,,,,2214000.0,697000.0,,,,,0.14,0.14,,,,,-302000.0,,,600000.0,,,,,,,,,,,,,,,,,,,,,,,,,,,,,,,,,2771000.0,,,,,8367000.0,,,,,5050000.0,,,,,,,-302000.0,1578000.0,,,,,,,,,,,,,,,,,,,,,,,,,,,,,,,150000.0,,,,112000.0,,,5910000.0,,8767000.0,2857000.0,,,0.0,,,,,,,,,,,,,,43236000.0,115690000.0,14468000.0,,,1500000.0,,,,,,,20039000.0,1300000.0,,,588000.0,289000.0,0.37,,,,,,,3472000.0,0.0,3472000.0,,-546000.0,,,,,,5596000.0,,,,,,,,,,,,,,,,,,,,,,,886000.0,11000.0,1000.0,,,,-92000.0,,93000.0,,2646000.0,,0.0,,2500000.0,,901000.0,-2000.0,,,,,,,,,,,,,,263000.0,649000.0,,18100000.0,14000000.0,,,1146000.0,1500000.0,,,,,,,,3472000.0,,,,63809000.0,37925000.0,,,,,,,,,,26169000.0,,,,,,60671000.0,61849000.0,1178000.0,10000000.0,,1093180.0,,,72165000.0,72454000.0,,,,,,,,,,,,,,,,,,,,,24761000.0,24084000.0,,,,,
2012-09-30,2012-11-08,10-Q,TRECORA RESOURCES,TREC,CIK0000007039,USD,6256000.0,,,21974000.0,21764000.0,,,,,,,1514000.0,,,,,27043000.0,-645000.0,44569000.0,,1662000.0,,210000.0,,,,,,111059000.0,40528000.0,,,,,,,,,,,,,,,,,,,3008000.0,,,,,-90000.0,,,,,,0.1,40000000.0,23800000.0,23800000.0,2380000.0,29000.0,3033000.0,30884000.0,45511000.0,,,,,3184.0,762000.0,,,,,,,,,,,,,,,,,,,,,,,,,,,,1257000.0,,,,,,,,,,,,,,,,,,6719000.0,,,,,,,126000.0,,,,0.0,,,,760000.0,662000.0,,,,,0.13,0.12,,,,,-712000.0,,,1800000.0,,,,,,,,,,,,,,,,,,,,,,,,,,,,,,,,,3248000.0,,,,,8767000.0,,,,,4768000.0,,,,,,,-528000.0,1764000.0,,,,,,,,,,,,,,,,,,,,,,,,,,,,,,,120000.0,,,,99000.0,,,6181000.0,,10325000.0,4144000.0,,,184000.0,,,,,,,,,,,,,,34765000.0,111059000.0,11387000.0,,,1500000.0,,,,,,,14689000.0,1300000.0,,,588000.0,289000.0,0.37,,,,,,,3004000.0,0.0,3004000.0,,-751000.0,,,,,,5519000.0,,,,,,,,,,,,,,,,,,,,,,,852000.0,11000.0,,,,,-90000.0,,119000.0,,3122000.0,,2000.0,,2900000.0,,659000.0,-15000.0,,,,,,,,,,,,,,266000.0,649000.0,,15900000.0,14000000.0,,,1762000.0,500000.0,,,,,,,,3004000.0,,,,65924000.0,38881000.0,,,,,,,,,,29701000.0,,,,,,53181000.0,54278000.0,1097000.0,10000000.0,,1073180.0,,,76005000.0,76294000.0,,,,,,,,,,,,,,,,,,,,,24753000.0,24091000.0,,,,,
2012-12-31,2013-03-18,10-K,TRECORA RESOURCES,TREC,CIK0000007039,USD,6306000.0,,3700000.0,16012000.0,15802000.0,,,547000.0,350000.0,,0.0,2687000.0,,,1035000.0,,28062000.0,-580000.0,44791000.0,,2162000.0,0.0,210000.0,0.0,0.0,,0.0,1173180.0,120376000.0,41359000.0,,,,,,,,,,,,,,,,,,,9508000.0,2834000.0,,,250000.0,-359000.0,,,,,,0.1,40000000.0,23800000.0,23800000.0,2381000.0,168000.0,10489000.0,37894000.0,192100000.0,,,,,19268.0,3053000.0,4821000.0,199000.0,,,,,,518000.0,,882000.0,,,889000.0,10096000.0,,880000.0,379000.0,2000.0,,,332000.0,313000.0,,2526000.0,2434000.0,95000.0,-9040000.0,1054000.0,-10094000.0,1056000.0,1054000.0,,376000.0,,,,370000.0,716000.0,201000.0,1470000.0,1470000.0,,124000.0,11058000.0,1712000.0,10094000.0,,8260000.0,0.06,,3573000.0,,520000.0,0.0,,-359000.0,0.0,301000.0,,,,592000.0,,,,0.0,0.51,0.5,0.35,0.35,43000.0,404000.0,-885000.0,,,2200000.0,,,,,,,,,,,,,,,,,,,,250000.0,,,,,100000.0,,,3.75,,,,,13302000.0,,,,,37664000.0,,,,,16225000.0,,,,,,,-211000.0,5904000.0,-6650000.0,1182000.0,,343000.0,5679000.0,-250000.0,0.0,132000.0,,173000.0,-7396000.0,,,1182000.0,,-20000.0,384000.0,56000.0,56000.0,353000.0,693000.0,,,,664.0,,,,,,547000.0,,-912000.0,,96000.0,,,6249000.0,7437000.0,9840000.0,2403000.0,,,674000.0,,,,,,,,,,,,,,38144000.0,120376000.0,12191000.0,,15739000.0,1500000.0,1150000.0,1500000.0,1400000.0,1400000.0,8889000.0,1400000.0,14239000.0,,,,588000.0,289000.0,,-8354000.0,-8354000.0,-10185000.0,-10185000.0,21373000.0,21373000.0,12171000.0,0.0,,0.0,-1231000.0,,12000.0,,,,17456000.0,,,,,,,,,,,,,,,,,,,,,1700000.0,,558000.0,11000.0,168000.0,168000.0,,359000.0,-359000.0,,527000.0,-73000.0,12782000.0,,3000.0,,2900000.0,,,-114000.0,12000.0,8000.0,,,,0.0,,,,0.0,2042000.0,,8143000.0,,,11700000.0,11700000.0,,269000.0,649000.0,1561000.0,,,,,,146000.0,2000000.0,,10321000.0,,,,68482000.0,40420000.0,0.0,,,,3000.0,,10500000.0,,,35351000.0,,,,,197000.0,218512000.0,272794000.0,4346000.0,14000000.0,515000.0,,,,81943000.0,82232000.0,,,,,122000.0,,,489000.0,,,,,,,,-246000.0,0.0,,343000.0,,24745000.0,24081000.0,300000.0,,,,
2013-03-31,2013-05-08,10-Q,TRECORA RESOURCES,TREC,CIK0000007039,USD,6450000.0,,,20218000.0,20008000.0,,,,,,,2131000.0,,,,,29283000.0,-525000.0,45058000.0,30000.0,2162000.0,,210000.0,,,,63000.0,,130788000.0,41101000.0,,,,,,,,,,,,,,,,,,,3651000.0,-5857000.0,,,,-78000.0,,,10.0,,100000.0,0.1,40000000.0,23800000.0,23805000.0,2381000.0,55000.0,4841000.0,48358000.0,46066000.0,,,,,9558.0,825000.0,,,,,,,,,,,,,-214000.0,,,828000.0,660000.0,,,,,,,,,,,,,,1164000.0,,,,,,,,,,,,,,,10020000.0,,,,,954000.0,,129000.0,0.0,,,,287000.0,,,,520000.0,,,,,0.2,0.19,,,,,2627000.0,,,2600000.0,,,,,,,,,,,,,,,,,,,,,,,,,,,,,,,,,3634000.0,,,,,6679000.0,,,,,5797000.0,2964000.0,,,,,,2964000.0,1011000.0,0.0,7000.0,,,,,,,,-427000.0,4206000.0,,,-1176000.0,,7000.0,2457000.0,-10000.0,,500000.0,11000.0,,,,,,,,,,117000.0,,184000.0,,103000.0,,,8448000.0,,12298000.0,3850000.0,,,337000.0,,,,,,,,,,,,,,43448000.0,130788000.0,11710000.0,,,1500000.0,,,,,,,19889000.0,1300000.0,,,588000.0,289000.0,0.37,5650000.0,,-8992000.0,,-2515000.0,,4786000.0,0.0,4786000.0,,2752000.0,,,1.0,,,3045000.0,,,,,,,,,,,,,,,,,,,,,,,,11000.0,55000.0,,,,-78000.0,,133000.0,30000.0,3505000.0,,1000.0,,3200000.0,,,-18000.0,,2000.0,,,,7500000.0,,,,,,,1492000.0,,,,15600000.0,,271000.0,649000.0,1561000.0,,,,,,0.0,6000000.0,,4786000.0,,,,69971000.0,40688000.0,,,,,1000.0,,350000.0,,,40137000.0,,,,,,51620000.0,52745000.0,1125000.0,14000000.0,267000.0,446009.0,,,87051000.0,87340000.0,,,,,,,,,,,,,,,,0.0,,,,,24658000.0,24105000.0,,,,,
2013-06-30,2013-08-07,10-Q,TRECORA RESOURCES,TREC,CIK0000007039,USD,5959000.0,,,21291000.0,21081000.0,288000.0,,,,,,3296000.0,,,,,30521000.0,-453000.0,45383000.0,,443000.0,,210000.0,,,,,,136699000.0,41910000.0,,,,,,,,,,,,,,,,,,,4726000.0,,,,,-80000.0,,,10.0,,100000.0,0.1,40000000.0,23800000.0,23800000.0,2382000.0,72000.0,6381000.0,53091000.0,47408000.0,,,,,3184.0,838000.0,,,,,,,,,,,,,,,,828000.0,391000.0,,,,,,,,,,,,,,1025000.0,,,,,,,,,,,,,,,11283000.0,,,,,,,131000.0,0.0,,-80000.0,,272000.0,,,,424000.0,,,,,0.26,0.26,,,,,399000.0,,,1400000.0,,,,,,,,,,,,,,,,,,,,,,,,,,,,,,,,,3583000.0,,,,,8567000.0,,,,,9444000.0,,,,,,,4732000.0,3135000.0,,0.0,,,,,,,,,,,,,,,,,,,,,,,542000.0,,,,,,123000.0,,,,98000.0,,,8576000.0,,12316000.0,3740000.0,,,337000.0,,,,,,,,,,,,,,42652000.0,136699000.0,12366000.0,,,1500000.0,,,,,,,17539000.0,1300000.0,,,588000.0,289000.0,0.35,,,,,,,6309000.0,0.0,6309000.0,,4460000.0,,,,,,4984000.0,,,,,,,,,,,,,,,,,,,,,,,,11000.0,,,,80000.0,-80000.0,,152000.0,,3452000.0,,0.0,,4600000.0,,,-69000.0,,,,,,,,,,,,,,,,,17200000.0,,273000.0,649000.0,2089000.0,,,,,,,,,6309000.0,,,,71620000.0,41099000.0,,,,,,,,,,46446000.0,,,,,,54762000.0,55975000.0,1213000.0,14000000.0,,449189.0,,,93758000.0,94047000.0,,,,,,,,,,,,,,,,,,,,,24652000.0,24110000.0,,,,,
2013-09-30,2013-11-05,10-Q,TRECORA RESOURCES,TREC,CIK0000007039,USD,5699000.0,,,20530000.0,20320000.0,288000.0,,,,,,3939000.0,,,,,31764000.0,-406000.0,45716000.0,,507000.0,,210000.0,,,,,,142308000.0,45103000.0,,,,,,,,,,,,,,,,,,,7076000.0,,,,,-73000.0,,,10.0,,100000.0,0.1,40000000.0,23800000.0,23800000.0,2383000.0,47000.0,5268000.0,54393000.0,50772000.0,,,,,9558.0,834000.0,,,,,,,,,,,,,,,,1504000.0,1191000.0,,,,,,,,,,,,,,1426000.0,,,,,,,,,,,,,,,11801000.0,,,,,,,129000.0,39000.0,,-73000.0,,296000.0,,,,367000.0,,,,,0.22,0.21,,,,,965000.0,,,2300000.0,,,,,,,,,,,,,,,,,,,,,,,,,,,,,,,,,3540000.0,,,,,10098000.0,,,,,7593000.0,,,,,,,1302000.0,2372000.0,,0.0,,,,,,,,,,,,,,,,,,,,,,,666000.0,,,,,,141000.0,,,,109000.0,,,9173000.0,,13110000.0,3937000.0,,,337000.0,,,,,,,,,,,,,,42660000.0,142308000.0,13463000.0,,,1500000.0,,,,,,,15189000.0,1300000.0,,,588000.0,289000.0,0.35,,,,,,,5221000.0,0.0,5221000.0,,1035000.0,,,,,,6558000.0,,,,,,,,,,,,,,,,,,,,,,,,353000.0,,,,73000.0,-73000.0,,120000.0,,3411000.0,,4000.0,,4400000.0,,,-57000.0,,,,,,,,,,,,,,,,,15700000.0,,276000.0,649000.0,2497000.0,,,,,,,,,5221000.0,,,,73635000.0,41871000.0,,,,,,,,,,51666000.0,,,,,,59354000.0,60870000.0,1516000.0,14000000.0,,,,,99359000.0,99648000.0,,,,,,,,,,,,,,,,,,,,,24782000.0,24116000.0,,,,,
2013-12-31,2014-03-14,10-K,TRECORA RESOURCES,TREC,CIK0000007039,USD,7362000.0,,5200000.0,22279000.0,22069000.0,203000.0,,650000.0,203000.0,,,3162000.0,,,1238000.0,,33203000.0,-366000.0,46064000.0,181000.0,536000.0,0.0,210000.0,0.0,0.0,,0.0,1326360.0,143667000.0,46350000.0,,,,,,,,,,,,,,,,,,,7608000.0,-1900000.0,,,250000.0,-301000.0,,,10.0,,100000.0,0.1,40000000.0,23800000.0,23800000.0,2383000.0,214000.0,19712000.0,54095000.0,201064000.0,,,,,38232.0,3518000.0,6748000.0,233000.0,,4900000.0,,,,554000.0,,1173000.0,,,1495000.0,13307000.0,,1654000.0,1369000.0,-7000.0,,,654000.0,214000.0,,3094000.0,1764000.0,131000.0,-10660000.0,1324000.0,-11984000.0,2647000.0,1324000.0,,376000.0,,,-43000.0,373000.0,1015000.0,260000.0,447000.0,447000.0,,0.0,13301000.0,4757000.0,11984000.0,,8507000.0,0.06,,4039000.0,,521000.0,,,-301000.0,,292000.0,,,292000.0,319000.0,,,,0.0,0.9400000000000001,0.92,0.35,0.35,,386000.0,3356000.0,,,1500000.0,,,,,,,,,,,,,,,,,,,,104000.0,,,,,,,104000.0,,,,,,15193000.0,0.0,,,,44982000.0,,,,,27645000.0,,,,,,,4703000.0,8147000.0,6006000.0,571000.0,,-1023000.0,9675000.0,-644000.0,0.0,139000.0,,1421000.0,6267000.0,,,-611000.0,,6000.0,2223000.0,871000.0,871000.0,3048000.0,90000.0,,,0.0,630000.0,,,,,,520000.0,,802000.0,,102000.0,,-102000.0,9660000.0,9660000.0,12063000.0,2403000.0,0.0,,1347000.0,,,,,,,,,,,,,,40448000.0,143667000.0,14288000.0,-48000.0,13239000.0,1400000.0,,1400000.0,1150000.0,1400000.0,1400000.0,7889000.0,11839000.0,1100000.0,,,588000.0,289000.0,,-2440000.0,-2440000.0,-12702000.0,-12702000.0,13242000.0,13242000.0,22680000.0,0.0,,,7675000.0,,12000.0,,,,19970000.0,,,,,,,,,,,,,,5690000.0,1639000.0,203000.0,606000.0,1369000.0,1742000.0,131000.0,1800000.0,,745000.0,709000.0,214000.0,214000.0,,301000.0,-301000.0,,515000.0,-115000.0,14672000.0,0.0,15000.0,,4400000.0,,,-204000.0,12000.0,5000.0,,,,7500000.0,,,,0.0,-1626000.0,,6828000.0,,,17700000.0,17700000.0,,278000.0,649000.0,2179000.0,,,,,,60000.0,6000000.0,,19498000.0,,,,75128000.0,41925000.0,0.0,,,,15000.0,,8500000.0,,,54849000.0,,,,,224000.0,230643000.0,302864000.0,5584000.0,14000000.0,1215000.0,,,,102930000.0,103219000.0,,,,54000.0,54000.0,,,559000.0,,,,,,,,-57000.0,0.0,,-1023000.0,,24745000.0,24115000.0,300000.0,,,,
2014-03-31,2014-05-09,10-Q,TRECORA RESOURCES,TREC,CIK0000007039,USD,7369000.0,,,24659000.0,24449000.0,171000.0,,,,,,2498000.0,,,,0.0,34616000.0,-322000.0,46577000.0,33000.0,536000.0,,210000.0,,,,0.0,,142991000.0,45781000.0,,,,,,,,,,,,,,,,,,,5693000.0,-1915000.0,,,,-67000.0,,,,,100000.0,0.1,40000000.0,23900000.0,23900000.0,2386000.0,44000.0,2643000.0,53745000.0,55386000.0,,,,,21067.0,865000.0,,,,,,,,,,,,,-262000.0,,,1654000.0,958000.0,,,,,,,,,,,,,,1167000.0,,,,,,,,,,,,,,,11588000.0,,,,,1004000.0,,139000.0,,,-67000.0,,229000.0,,,,266000.0,,,,,0.11,0.11,,,,,-687000.0,,,2000000.0,,,,,,,,,,,,,,,,,,,,,,,,,,,,,,,,,4328000.0,,,,,8714000.0,,,,,3823000.0,,,,,,,-350000.0,1224000.0,1150000.0,292000.0,,,,,,,,-568000.0,2380000.0,,,-280000.0,,-9000.0,-86000.0,-70000.0,0.0,0.0,-572000.0,,,0.0,767000.0,,,,,,110000.0,,183000.0,,93000.0,,,9477000.0,,11977000.0,2500000.0,,,337000.0,,,,,,,,,,,,,,36613000.0,142991000.0,13663000.0,0.0,,1400000.0,,,,,,,9489000.0,1100000.0,,,588000.0,289000.0,0.35,-2255000.0,-2255000.0,-1720000.0,-1720000.0,2060000.0,2060000.0,2599000.0,0.0,2599000.0,,-563000.0,,,,1.0,,4386000.0,,,,,,,,,,,,,,,,,,,,,,,,648000.0,44000.0,44000.0,,67000.0,-67000.0,,111000.0,24000.0,4189000.0,,9000.0,,6500000.0,,,-45000.0,,2000.0,,,,0.0,,,,,,,1720000.0,,,,19800000.0,,280000.0,649000.0,1625000.0,,,,,,95000.0,0.0,,2599000.0,,,,76845000.0,42229000.0,,,,,9000.0,,2350000.0,,,57448000.0,,,,,,62392000.0,64100000.0,1708000.0,14000000.0,425000.0,,,,106089000.0,106378000.0,,,,,,,,,,,,,,,,48000.0,,,,,24918000.0,24151000.0,,,,,
2014-06-30,2014-08-06,10-Q,TRECORA RESOURCES,TREC,CIK0000007039,USD,7006000.0,,,28386000.0,28176000.0,,,,,,,4338000.0,,,,,36031000.0,-303000.0,47125000.0,,0.0,,210000.0,,,,,,147786000.0,49639000.0,,,,,,,,,,,,,,,,,,,6379000.0,,,,,,,,,,100000.0,0.1,40000000.0,23900000.0,23900000.0,2386000.0,19000.0,5019000.0,53751000.0,62853000.0,,,,,21067.0,868000.0,,,,4400000.0,,,,,,,,,,,,1425000.0,775000.0,,,,,,,,,,,,,,1113000.0,,,,,,,,,,,,,,,11141000.0,,,,,,,136000.0,,,-63000.0,,,,,215000.0,251000.0,,,,,0.2,0.2,,,,,,,,2400000.0,,,,,,,,,,,,,,,,,,,,,,,,,,,0.0,,,,,,4290000.0,,,,,11700000.0,,,,,7369000.0,,,,,,,,2369000.0,,0.0,,,,,,,,,,,,,,,,,,,,,,0.0,648000.0,,,,,0.0,-11000.0,,,,80000.0,,,8643000.0,,11702000.0,3059000.0,,,337000.0,,,,,,,,,,,,,,35841000.0,147786000.0,14886000.0,0.0,,1400000.0,,,,,,,8139000.0,,,,588000.0,289000.0,0.35,,,,,,,5000000.0,0.0,5000000.0,,-41000.0,,,,,,7410000.0,,,,,,,,,,,,,,,,,,,,,,,,586000.0,,19000.0,,63000.0,,,82000.0,,4154000.0,,9000.0,,5800000.0,,,-4000.0,,,,,,,,,,,,,,,,,21400000.0,,282000.0,649000.0,2269000.0,,,,,,,,,5000000.0,,,,79253000.0,43222000.0,,,,,,,,,,62448000.0,,,,,,72842000.0,74553000.0,1711000.0,14000000.0,548000.0,,,,111656000.0,111945000.0,,,,,,,,,,,,,,,,,,,,,24813000.0,24165000.0,,,,,
2014-09-30,2014-11-07,10-Q,TRECORA RESOURCES,TREC,CIK0000007039,USD,12605000.0,,,27835000.0,27625000.0,,,,,,,3881000.0,,,,,37426000.0,-248000.0,47673000.0,,0.0,,210000.0,,,,,,157907000.0,56888000.0,,,,,,,,,,,,,,,,,,,13948000.0,,,,,,,,,,100000.0,0.1,40000000.0,23900000.0,23900000.0,2395000.0,55000.0,5829000.0,53408000.0,63873000.0,,,,,21067.0,881000.0,,,,4300000.0,,,,,,,,,,,,1080000.0,706000.0,,,,,,,,,,,,,,839000.0,,,,,,,,,,,,,,,10580000.0,,,,,,,131000.0,,,-60000.0,,,,,198000.0,183000.0,,,,,0.24,0.23,,,,,,,,1700000.0,,,,,,,,,,,,,,,,,,,,,,,,,,,0.0,,,,,,4217000.0,,,,,13044000.0,,,,,8364000.0,,,,,,,,2590000.0,,0.0,,,,,,,,,,,,,,,,,,,,,,0.0,705000.0,,,,,0.0,70000.0,,,,81000.0,,,8154000.0,,11956000.0,3802000.0,,,337000.0,,,,,,,,,,,,,,39576000.0,157907000.0,19669000.0,0.0,,1400000.0,,,,,,,7789000.0,,,,588000.0,289000.0,0.35,,,,,,,5774000.0,0.0,5774000.0,,-463000.0,,,,,,8827000.0,,,,,,,,,,,,,,,,,,,,,,,,772000.0,,55000.0,,60000.0,,,115000.0,,4086000.0,,8000.0,,5600000.0,,,2000.0,,,,,,,,,,,,,,,,,22100000.0,,284000.0,649000.0,2520000.0,,,,,,,,,5774000.0,,,,83677000.0,46251000.0,,,,,,,,,,68222000.0,,,,,,75283000.0,76917000.0,1634000.0,14000000.0,556000.0,,,,118042000.0,118331000.0,,,,,,,,,,,,,,,,,,,,,24880000.0,24175000.0,,,,,
2014-12-31,2015-03-13,10-K,TRECORA RESOURCES,TREC,CIK0000007039,USD,9535000.0,,1000000.0,28481000.0,28271000.0,,,1600000.0,0.0,,,5020000.0,,,1708000.0,,39319000.0,0.0,48282000.0,79000.0,0.0,,210000.0,0.0,0.0,68000.0,471000.0,1598191.0,232074000.0,54935000.0,0.0,,,,,,,,,,,,,,,,,107000.0,8506000.0,898000.0,,,250000.0,,,,,10.0,100000.0,0.1,40000000.0,24000000.0,24000000.0,2397000.0,,15937000.0,53023000.0,246140000.0,,,,,84000.0,5116000.0,8756000.0,296000.0,,,,,,641000.0,,-1893000.0,,,-1903000.0,12734000.0,,2183000.0,1039000.0,-12000.0,,,164000.0,196000.0,229000.0,4291000.0,3269000.0,1018000.0,-8819000.0,1652000.0,-10471000.0,3915000.0,1652000.0,,376000.0,,,0.0,327000.0,1705000.0,276000.0,376000.0,376000.0,8819000.0,0.0,13364000.0,4382000.0,10471000.0,,8352000.0,0.06,,5205000.0,5205000.0,560000.0,,,-378000.0,,,378000.0,,362000.0,196000.0,,,,,0.73,0.72,0.35,0.35,,414000.0,,,,0.0,,,,,,,,,,,,,,,,,,471000.0,,1884000.0,,1860000.0,1861000.0,1860000.0,1878000.0,24548000.0,24077000.0,,3.75,,,,17461000.0,21750000.0,21750000.0,,,55788000.0,259800000.0,69300000.0,,,22718000.0,,,,,,,-1072000.0,7147000.0,8959000.0,434000.0,,-71000.0,7952000.0,-915000.0,,181000.0,,1836000.0,3380000.0,,,-137000.0,,,-2587000.0,,1092000.0,90000.0,337000.0,,,0.0,708000.0,,26706000.0,26235000.0,47985000.0,,1042000.0,,995000.0,,,,-36000.0,,9940000.0,12815000.0,2826000.0,49000.0,,1347000.0,,,,,,,,,,,,,,110686000.0,232074000.0,24881000.0,180000.0,80450000.0,7000000.0,,7000000.0,48538000.0,8304000.0,8304000.0,8304000.0,73450000.0,,,,588000.0,289000.0,,,66635000.0,,-88942000.0,,23205000.0,17769000.0,0.0,,,-2764000.0,,,,2.0,,25482000.0,,,,,,,,,,,,,,6882000.0,1728000.0,369000.0,527000.0,1275000.0,2005000.0,978000.0,2500000.0,,1359000.0,1732000.0,366000.0,366000.0,,378000.0,,,744000.0,,19701000.0,26235000.0,,,3500000.0,,,-272000.0,,8000.0,,,,0.0,,,0.0,74712000.0,-536000.0,14766000.0,14766000.0,,,,,,286000.0,649000.0,3257000.0,,,,,,91000.0,87200000.0,,15571000.0,,,,113130000.0,73811000.0,0.0,,0.04,,,,20656000.0,,,70420000.0,,,,,317000.0,280866000.0,363716000.0,8777000.0,,2141000.0,,0.5,,121099000.0,121388000.0,,,,170000.0,170000.0,,,1555000.0,,,,,,,,-376000.0,0.0,,-71000.0,,24896000.0,24188000.0,300000.0,,,,
2015-03-31,2015-05-08,10-Q,TRECORA RESOURCES,TREC,CIK0000007039,USD,9099000.0,,,25718000.0,25508000.0,,,,,,,5365000.0,,,,27000.0,41277000.0,,49098000.0,,,,210000.0,,,,471000.0,,235526000.0,54587000.0,,,,,,,,,,,,,,,,,,,8991000.0,485000.0,,,,,,,,,100000.0,0.1,40000000.0,24000000.0,24000000.0,2405000.0,,5784000.0,53081000.0,40020000.0,,,,,21067.0,2026000.0,,,,,,,,,,,,,-95000.0,,,1150000.0,959000.0,,,,,,,,,,,,,,1784000.0,,,,,,,,,,,,,,,10509000.0,,,,,1770000.0,2241000.0,215000.0,,,0.0,,,10000.0,53000.0,166000.0,150000.0,,,,,0.24,0.23,,0.35,,135000.0,,,,0.0,,,,,,,,,,,,,,,,,,942000.0,,1413000.0,,1856000.0,1861000.0,1861000.0,1878000.0,24548000.0,23606000.0,,,,,,5390000.0,21750000.0,,,,15123000.0,,,,,9211000.0,,,,,,,59000.0,3427000.0,1850000.0,0.0,,,,,,,,-89000.0,-2763000.0,,,-434000.0,,,1624000.0,,68000.0,-699000.0,-738000.0,,,118000.0,717000.0,,26706000.0,25764000.0,47514000.0,27000.0,613000.0,,643000.0,,,,,,11356000.0,14439000.0,2986000.0,97000.0,,337000.0,,,,,,,,,,,,,,107530000.0,235526000.0,23563000.0,0.0,,7000000.0,,,,,,,71700000.0,,,,588000.0,289000.0,,,-1627000.0,,-7743000.0,,9855000.0,5784000.0,0.0,5784000.0,,-522000.0,,,,2.0,,9733000.0,,,,,,,,,,,,,,,,,,,,,,,,387000.0,,0.0,,0.0,,,0.0,,5175000.0,25764000.0,6000.0,,3500000.0,,,26000.0,,2000.0,,,,,,,,,,7743000.0,7743000.0,,,,,,288000.0,649000.0,3865000.0,,,,,,123000.0,,,5784000.0,,,,120646000.0,79369000.0,,,,,,,1750000.0,,,76204000.0,,,,,,50541000.0,55143000.0,4602000.0,,701000.0,,,,127707000.0,127996000.0,,,,304000.0,72000.0,,,348000.0,,,,,,,,242000.0,,,,,25144000.0,24309000.0,,,,,
2015-06-30,2015-08-07,10-Q,TRECORA RESOURCES,TREC,CIK0000007039,USD,8180000.0,,,22332000.0,22122000.0,,,,,,,3407000.0,,,,,43138000.0,,49607000.0,,,,210000.0,,,,,,238944000.0,50715000.0,0.0,,,,,,,,,,,,,,,,,,8654000.0,,,,,,,,,,100000.0,0.1,40000000.0,24100000.0,24100000.0,2407000.0,,6374000.0,52712000.0,44756000.0,,,,,21067.0,1939000.0,,,,,,,,,,,,,,,,2691000.0,901000.0,,,,,,,,,,,,,,1481000.0,,,,,,,,,,,,,,,10231000.0,,,,,,2109000.0,170000.0,,,0.0,,,1000.0,49000.0,152000.0,117000.0,,,,,0.26,0.25,,,,192000.0,,,,0.0,,,,,,,,,,,,,,,,,,1413000.0,,,942000.0,1856000.0,1861000.0,1861000.0,1878000.0,24548000.0,23135000.0,,,,,,4933000.0,21798000.0,,,,14594000.0,,,,,8519000.0,,,,,,,-369000.0,2145000.0,,0.0,,,,,,,,,,,,,,,,,,,,,,148000.0,653000.0,,26706000.0,25293000.0,47091000.0,56000.0,570000.0,,,,,,,,12052000.0,15058000.0,2930000.0,76000.0,,337000.0,,,,,,,,,,,,,,104063000.0,238944000.0,22478000.0,0.0,,7263000.0,,,,,,,69687000.0,,,,588000.0,289000.0,,,,,,,,6374000.0,0.0,6374000.0,,-972000.0,,,,,,9491000.0,,,,,,,,,,,,,,,,,,,,,,,,1186000.0,,0.0,,0.0,,,0.0,,5523000.0,25293000.0,7000.0,,2800000.0,,,-33000.0,,,,,,,,,,,,9107000.0,9107000.0,,,,,,290000.0,649000.0,3400000.0,,,,,,,,,6374000.0,,,,129790000.0,86652000.0,,,,,,,,,,82578000.0,,,,,,56665000.0,59350000.0,2685000.0,,588000.0,,,,134592000.0,134881000.0,,,,,,,,,,,,,,,,,,,,,25155000.0,24354000.0,,,,,
2015-09-30,2015-11-09,10-Q,TRECORA RESOURCES,TREC,CIK0000007039,USD,8340000.0,,,23040000.0,22830000.0,,,,,,,5872000.0,,,,,44924000.0,,50112000.0,,,,210000.0,,,,,,246771000.0,56285000.0,0.0,,,,,,,,,,,,,,,,,,14877000.0,,,,,,,,,,100000.0,0.1,40000000.0,24100000.0,24100000.0,2407000.0,,5318000.0,50658000.0,50903000.0,,,,,21000.0,2118000.0,,,,,,,,,,,,,,,,1608000.0,2555000.0,,,,,,,,,,,,,,2241000.0,,,,,,,,,,,,,,,10829000.0,,,,,,2312000.0,194000.0,,,0.0,,,3000.0,46000.0,138000.0,89000.0,,,,,0.21,0.21,,,,144000.0,,,,0.0,,,,,,,,,,,,,,,,,,1884000.0,,,471000.0,1856000.0,1861000.0,1861000.0,1878000.0,24548000.0,22664000.0,,3.75,,,,4778000.0,21798000.0,,,,16035000.0,,,,,8481000.0,,,,,,,-2054000.0,3163000.0,,0.0,,,,,,,,,,,,,,,,,,,,,,148000.0,711000.0,,26903000.0,25109000.0,46817000.0,27000.0,535000.0,,,,,,,,10192000.0,12513000.0,2281000.0,40000.0,,337000.0,,,,,,,,,,,,,,106067000.0,246771000.0,24745000.0,0.0,,8000000.0,,,,,,,67200000.0,,,,588000.0,289000.0,,,,,,,,5318000.0,0.0,5318000.0,,-2582000.0,,,,,,11063000.0,,,,,,,,,,,,,,,,,,,,,,,,1053000.0,,0.0,,0.0,,,0.0,,5368000.0,25019000.0,5000.0,,1600000.0,,,7000.0,,,,,,,,,,,,6623000.0,,,,,,,292000.0,649000.0,3824000.0,,,,,,,,,5318000.0,,,,136294000.0,91370000.0,,,,,,,,,,87896000.0,,,,,,63190000.0,66938000.0,3748000.0,,506000.0,,,,140415000.0,140704000.0,,,,,,,,,,,,,,,,,,,,,25228000.0,24369000.0,,,,,
2015-12-31,2016-03-11,10-K,TRECORA RESOURCES,TREC,CIK0000007039,USD,8090000.0,,2500000.0,19684000.0,19474000.0,,,1254000.0,,,,4062000.0,,,1293000.0,,46564000.0,,50662000.0,,,,210000.0,0.0,0.0,272000.0,1883000.0,1376437.0,257791000.0,66081000.0,0.0,,,,,,,,,,,,,,,,,107000.0,18623000.0,10117000.0,,,250000.0,,,,,,,0.1,40000000.0,24200000.0,24200000.0,2416000.0,,18598000.0,47697000.0,184967000.0,,,,,84000.0,8335000.0,4062000.0,285000.0,,,1020000.0,0.0242,1116000.0,1116000.0,,5367000.0,,1200000.0,5567000.0,17816000.0,,2050000.0,2351000.0,50000.0,,,0.0,62000.0,0.0,3805000.0,4637000.0,1785000.0,,2116000.0,-16503000.0,3429000.0,2116000.0,,376000.0,,,-14000.0,330000.0,969000.0,283000.0,376000.0,376000.0,14387000.0,284000.0,20764000.0,2522000.0,16503000.0,14000.0,14996000.0,0.06,,7177000.0,9060000.0,725000.0,,,0.0,,,378000.0,,118000.0,59000.0,,,,,0.81,0.79,,0.35,,604000.0,,,,0.0,,,,,,,,,,,,,,,,,,2354000.0,,1874000.0,,1842000.0,1853000.0,1860000.0,1861000.0,24548000.0,22194000.0,,3.75,,0.0,,20243000.0,21798000.0,,,48000.0,68266000.0,310000000.0,82700000.0,,,28362000.0,,,,,,,-5325000.0,9764000.0,11428000.0,7672000.0,,0.0,9927000.0,-393000.0,,230000.0,,-2399000.0,-8797000.0,-495000.0,,7238000.0,,,2989000.0,,-2000.0,2151000.0,-937000.0,,,141000.0,670000.0,,26903000.0,24549000.0,46347000.0,141000.0,2217000.0,,2103000.0,2103000.0,34000.0,,-34000.0,,12843000.0,15804000.0,2905000.0,56000.0,,,,,,,,,,,,,,,,115406000.0,257791000.0,22675000.0,,82250000.0,8061000.0,,8333000.0,,57250000.0,8334000.0,8333000.0,73169000.0,,,,588000.0,289000.0,,1846000.0,1846000.0,-31294000.0,-31294000.0,39565000.0,39565000.0,19720000.0,0.0,,,-7679000.0,,,,2.0,,36041000.0,,,,,,,,,,,,,,13846000.0,2540000.0,1829000.0,1976000.0,2127000.0,3309000.0,2065000.0,4200000.0,,1156000.0,171000.0,0.0,0.0,,0.0,,,0.0,,22603000.0,24549000.0,,,2700000.0,,,-137000.0,,7000.0,755000.0,,,0.0,,0.0,0.0,47000.0,0.0,31247000.0,31247000.0,,,,,,294000.0,649000.0,2392000.0,,1182000.0,,,,46000.0,15000000.0,,18598000.0,,,,143471000.0,96907000.0,0.0,,0.04,,,,13200000.0,,,89018000.0,,,,,325000.0,227937000.0,302521000.0,14039000.0,,2353000.0,,0.5,,142096000.0,142385000.0,,,,124000.0,587000.0,,,1274000.0,,,,,300000.0,0.0,,381000.0,0.0,,,,25181000.0,24370000.0,300000.0,,,,
2016-03-31,2016-05-06,10-Q,TRECORA RESOURCES,TREC,CIK0000007039,USD,7053000.0,,,19079000.0,18779000.0,,,,,,,3678000.0,,,,,48687000.0,,51316000.0,,,,300000.0,,,68000.0,469000.0,1368437.0,262729000.0,60651000.0,,,,,,,,,,,,,,,,,,,14152000.0,-4471000.0,,,,,,,,,,0.1,40000000.0,24200000.0,24200000.0,2420000.0,,,53075000.0,40429000.0,,,,,21000.0,2219000.0,,,,,,,,,,,,1000000.0,1407000.0,,,760000.0,2201000.0,,,,,,,,,,,,,,2671000.0,,,,,,,,,,,,,,,18464000.0,,,,,1926000.0,2396000.0,177000.0,,,,,,-6000.0,37000.0,107000.0,40000.0,,,,,0.3,0.29,,0.35,,144000.0,,,,0.0,,,,,,,,,,,,,,,,,,2824000.0,12893000.0,,1413000.0,1842000.0,1855000.0,1860000.0,1861000.0,24548000.0,21724000.0,,,,,,5449000.0,21798000.0,,,,11771000.0,,,,,10871000.0,,,,,,,5367000.0,3647000.0,0.0,5495000.0,,,,,,,,-1430000.0,-695000.0,,,-2177000.0,,,1521000.0,,,-1244000.0,-180000.0,,,282000.0,319000.0,,26903000.0,24079000.0,45877000.0,31000.0,628000.0,,583000.0,,,,,,15049000.0,17325000.0,2213000.0,63000.0,4000.0,,,,,,,,,,,,,,,112462000.0,262729000.0,19955000.0,,,8061000.0,,,,,,,71153000.0,,,,588000.0,289000.0,,,-2072000.0,,-7602000.0,,5203000.0,7224000.0,0.0,7224000.0,,4726000.0,,,,2.0,,6145000.0,,,,,,,,,,,,,,,,,,,,,,,,151000.0,,,,,,,,,5449000.0,24079000.0,4000.0,,1600000.0,,,-17000.0,,2000.0,,,,,,,,,,7602000.0,7602000.0,,,,,,296000.0,649000.0,2229000.0,,,,,,11000.0,0.0,,7224000.0,,,,151074000.0,102387000.0,,,,,,,2083000.0,,,96242000.0,,,,,,47181000.0,52200000.0,5019000.0,,647000.0,,,,149978000.0,150267000.0,,,,11000.0,143000.0,,,308000.0,,,,,,,,30000.0,,,,,25085000.0,24484000.0,300000.0,,,,
2016-06-30,2016-08-05,10-Q,TRECORA RESOURCES,TREC,CIK0000007039,USD,6284000.0,,,17881000.0,17581000.0,,,,,,,4758000.0,,,,,50744000.0,,52213000.0,,,,300000.0,,,,,,276834000.0,56119000.0,11500000.0,,,,,,,,,,,,,,,,,,9346000.0,,,,,,,,,,,0.1,40000000.0,24200000.0,24200000.0,2451000.0,,,52047000.0,37280000.0,,,,,25000.0,2028000.0,,,,,,0.0271,,,,,,900000.0,,,,904000.0,2513000.0,,,,,,,,,,,,,,2007000.0,,,,,,,,,,,,,,,22870000.0,,,,,,2215000.0,187000.0,,,,,,-8000.0,33000.0,97000.0,25000.0,,,,,0.42,0.41,,,,154000.0,,,,0.0,,,,,,,,,,,,,,,,,,3298000.0,12893000.0,,939000.0,1842000.0,1855000.0,1860000.0,1861000.0,24548000.0,21250000.0,,,,,,5491000.0,21798000.0,,,,11574000.0,,,,,15944000.0,,,,,,,-1017000.0,5692000.0,,4921000.0,,,,,,,,,,,,,,,,,,,,,,304000.0,377000.0,,26903000.0,23605000.0,45403000.0,41000.0,607000.0,,,,,,,,17089000.0,20064000.0,2957000.0,18000.0,,,,,,,,,,,,,,,,115687000.0,276834000.0,20492000.0,,,8061000.0,,,,,,,69138000.0,,,,588000.0,289000.0,,,,,,,,10252000.0,0.0,10252000.0,,10048000.0,,,,,,5896000.0,,,,,,,,,,,,,,,,,,,,,,,,130000.0,,,,,,,,,,23605000.0,,,2200000.0,,,123000.0,,,,,,,,,,,,10792000.0,,,,,,,388000.0,649000.0,2200000.0,,,,,,,,,10252000.0,,,,173291000.0,122547000.0,,,,,,,,,,106494000.0,,,,,,44366000.0,48854000.0,4488000.0,,627000.0,,,,160858000.0,161147000.0,,,,,,,,,,,,,300000.0,300000.0,,,,,,,24885000.0,24204000.0,,,,,
2016-09-30,2016-11-04,10-Q,TRECORA RESOURCES,TREC,CIK0000007039,USD,9229000.0,,,20129000.0,19829000.0,,,,,,,4228000.0,,,,,52986000.0,,52804000.0,,,,300000.0,,,,,,283506000.0,55012000.0,0.0,,,,,,,,,,,,,,,,,,7587000.0,,,,,,,,,,,0.1,40000000.0,24200000.0,24200000.0,2451000.0,,,53127000.0,48237000.0,,,,,25000.0,2373000.0,,,,,,0.0277,,,,,,800000.0,,,,771000.0,2383000.0,,,,,,,,,,,,,,1703000.0,,,,,,,,,,,,,,,22941000.0,,,,,,2565000.0,192000.0,,,,,,5000.0,30000.0,80000.0,8000.0,,,,,0.12,0.11,,,,136000.0,,,,0.0,,,,,,,,,,,,,,,,,,3769000.0,12895000.0,,466000.0,1842000.0,1854000.0,1861000.0,1861000.0,24548000.0,20779000.0,,,,3200000.0,,4585000.0,21798000.0,,,,8905000.0,,,,,4567000.0,,,,,,,-2089000.0,1768000.0,,3578000.0,,,,,,,,,,,,,,,,,,,,,,304000.0,394000.0,,26903000.0,23134000.0,44932000.0,52000.0,568000.0,,,,,,,,16230000.0,18376000.0,2074000.0,72000.0,,,,,,,,,,,,,,,,118953000.0,283506000.0,22849000.0,,,8061000.0,,,,,,,70123000.0,,,,588000.0,289000.0,,,,,,,,2799000.0,0.0,2799000.0,,439000.0,,,,,,4128000.0,,,,,,,,,,,,,,,,,,,,,,,,109000.0,,,,,,,,,,23134000.0,,,2800000.0,,,-72000.0,,,,,,,,,,,,9477000.0,,,,,,,480000.0,649000.0,3939000.0,,,,,,,,,2799000.0,,,,182724000.0,129738000.0,,,,,,,,,,109293000.0,,,,,,52115000.0,57142000.0,5027000.0,,608000.0,,,,164264000.0,164553000.0,,,,,,,,,,,,,300000.0,284000.0,,,,,,,24921000.0,24223000.0,,,,,
2016-12-31,2017-03-16,10-K,TRECORA RESOURCES,TREC,CIK0000007039,USD,13306000.0,,3700000.0,22493000.0,22193000.0,,,0.0,,,,2017000.0,,,1097000.0,,54477000.0,,53474000.0,,,,300000.0,90000.0,93000.0,272000.0,1880000.0,1348437.0,290484000.0,55947000.0,11549000.0,,,,,,,,,,,,,,,,,,8389000.0,-10234000.0,8389000.0,,250000.0,,,,,,,0.1,40000000.0,24500000.0,24200000.0,2451000.0,,19428000.0,49386000.0,172497000.0,98000.0,9016000.0,,,98000.0,9016000.0,1691000.0,18000.0,,,748000.0,0.0327,1195000.0,1195000.0,,8645000.0,,700000.0,8697000.0,26503000.0,,870000.0,2309000.0,150000.0,,,0.0,20000.0,0.0,3796000.0,6124000.0,1283000.0,,1615000.0,,3420000.0,1615000.0,,376000.0,,,,423000.0,1372000.0,322000.0,376000.0,376000.0,23083000.0,786000.0,30446000.0,3109000.0,23083000.0,10000.0,22598000.0,0.06,,7896000.0,9777000.0,761000.0,,0.0,0.0,,,,,58000.0,0.0,,,,,0.77,0.75,,0.35,,622000.0,,,,0.0,,,,,,,,,,,,,,,,,,4234000.0,11053000.0,1861000.0,,1842000.0,1842000.0,1855000.0,1861000.0,24548000.0,20314000.0,,3.75,,3168000.0,0.0,20434000.0,21798000.0,,,,47554000.0,,,,,29932000.0,,,,,,,-1479000.0,10504000.0,-1630000.0,3983000.0,,0.0,10476000.0,-257000.0,,285000.0,0.0,3168000.0,2809000.0,0.0,,-3689000.0,,,2067000.0,,0.0,-174000.0,1022000.0,,,310000.0,388000.0,,26903000.0,22669000.0,44467000.0,450000.0,1985000.0,,2545000.0,2545000.0,33000.0,,,,14232000.0,17871000.0,3627000.0,12000.0,,,,,,,,,,,,,,,,126108000.0,290484000.0,26712000.0,,84000000.0,10145000.0,,10417000.0,,,65250000.0,8333000.0,73107000.0,,,,588000.0,289000.0,,1761000.0,1761000.0,-40509000.0,-40509000.0,28514000.0,28514000.0,18581000.0,0.0,,,11225000.0,,,,2.0,,18707000.0,,,,,,,,,,,,,,21374000.0,3595000.0,3120000.0,3250000.0,3341000.0,3393000.0,4675000.0,4200000.0,,806000.0,87000.0,0.0,0.0,,0.0,,,0.0,,,22669000.0,,0.0,2100000.0,,,-28000.0,,271000.0,608000.0,,14000.0,,,0.0,2011000.0,0.0,14000.0,40495000.0,38484000.0,,,,,,316000.0,897000.0,3511000.0,,797000.0,,,,11000.0,8000000.0,0.0,19428000.0,,,,194486000.0,140009000.0,90000.0,,0.04,,,,6250000.0,0.0,,108446000.0,212399000.0,,,,81000.0,193581000.0,266602000.0,18818000.0,,2552000.0,,0.5,,164087000.0,164376000.0,,,,11000.0,783000.0,,,1234000.0,,,,81000.0,300000.0,284000.0,,119000.0,0.0,,,,24982000.0,24284000.0,284011.0,,,,
2017-03-31,2017-05-09,10-Q,TRECORA RESOURCES,TREC,CIK0000007039,USD,13062000.0,,,24548000.0,24248000.0,,,,,,,3247000.0,,,,,56617000.0,,54077000.0,,,,300000.0,,,68000.0,465000.0,1334087.0,295553000.0,50874000.0,,,,,,,,,,,,,,,,,,,4045000.0,-4344000.0,,,,,,,,,,0.1,40000000.0,24500000.0,24300000.0,2451000.0,,,48420000.0,44924000.0,,,,,25000.0,2383000.0,,,,,,0.0348,,,,,,700000.0,1178000.0,,,1112000.0,1977000.0,,,,,,,,,,,,,,,,,,,,,,,,,,,,,24261000.0,,,,,2123000.0,2588000.0,205000.0,,,,,,3000.0,21000.0,34000.0,,,,,,0.06,0.06,,0.35,,165000.0,,,,,,,,,,,,,,,,,,,,,,4699000.0,11053000.0,,1397000.0,1842000.0,1842000.0,1854000.0,1861000.0,24548000.0,19849000.0,,,,,,6221000.0,21798000.0,,,,10618000.0,,,,,2548000.0,,,,,,,-966000.0,1061000.0,0.0,4143000.0,,,,,,,,989000.0,2056000.0,,,160000.0,0.0,,-2914000.0,,,70000.0,-79000.0,,,321000.0,493000.0,,26903000.0,22204000.0,44002000.0,374000.0,636000.0,2000.0,936000.0,936000.0,,,,,11458000.0,14957000.0,3225000.0,27000.0,2000.0,,,,,,,,,,,,,,,129057000.0,295553000.0,25830000.0,,,8061000.0,,,,,,,76092000.0,,,,588000.0,289000.0,,833000.0,833000.0,-13907000.0,-13907000.0,8730000.0,8730000.0,1487000.0,0.0,1487000.0,,-1644000.0,,,,2.0,,4192000.0,,,,,,,,,,,,,,,,,,,,,800000.0,,,63000.0,,,,,,,,,,22204000.0,,247000.0,2400000.0,,,-44000.0,,-2000.0,872000.0,,,,,0.0,,,26000.0,13881000.0,13881000.0,,,,,,314000.0,897000.0,3481000.0,,566000.0,,,,0.0,5000000.0,,1487000.0,,,,208223000.0,151606000.0,0.0,,,,,,4167000.0,,,109933000.0,55542000.0,,,,,50899000.0,55542000.0,4643000.0,,633000.0,,,,166207000.0,166496000.0,,,,0.0,213000.0,,,308000.0,,,,,,254000.0,,24000.0,,,,,25054000.0,24240000.0,,,,,
2017-06-30,2017-08-08,10-Q,TRECORA RESOURCES,TREC,CIK0000007039,USD,10839000.0,,,25332000.0,25032000.0,,,,,,,4596000.0,,,,,58994000.0,,54653000.0,,,,300000.0,,,,466000.0,,301142000.0,48672000.0,0.0,,,,,,,,,,,,,,,,,,1748000.0,,,,,,,,,,,0.1,40000000.0,24500000.0,24300000.0,2451000.0,,,45122000.0,51008000.0,0.0,,2363000.0,,0.0,2363000.0,,,,,,0.0348,,,,,,700000.0,,,,2044000.0,1829000.0,,,,,,,,,,,,,,,,,,,,,,,,,,,,,23589000.0,,,,,,2568000.0,205000.0,,,,,,-2000.0,18000.0,19000.0,,,,,,0.03,0.03,,,,160000.0,,,,,,,,,,,,,,,,,,,,,,5165000.0,11053000.0,,931000.0,1842000.0,1842000.0,1854000.0,1861000.0,24548000.0,19383000.0,,,,,,5740000.0,21798000.0,,,,11107000.0,,,,,1164000.0,,,,,,,-3298000.0,332000.0,,3200000.0,,,,,,,,,,,,,,,,,,,,,,379000.0,399000.0,,26903000.0,21738000.0,43536000.0,287000.0,678000.0,0.0,,,,,,,12186000.0,15118000.0,2526000.0,10000.0,,,,,,,,,,,,,,,,133187000.0,301142000.0,25870000.0,,,8061000.0,,,,,,,81002000.0,,,,588000.0,289000.0,,,,,,,,832000.0,0.0,832000.0,,-3998000.0,,,,,,5162000.0,,,,,,,,,,,,,,,,,,,,,800000.0,,,42000.0,,,,,,,,,,21738000.0,,396000.0,3400000.0,,,-22000.0,,,925000.0,,,,,,,,,13952000.0,,,,,,,311000.0,897000.0,3574000.0,,637000.0,,,,,,,832000.0,,,,222176000.0,163182000.0,,,,,,,,,,110765000.0,62115000.0,62115000.0,,,,57016000.0,62115000.0,5099000.0,,656000.0,,,,167666000.0,167955000.0,,,,,,,,,,,,,,203000.0,,,,,,,25034000.0,24256000.0,,,,,
2017-09-30,2017-11-08,10-Q,TRECORA RESOURCES,TREC,CIK0000007039,USD,12381000.0,,,23038000.0,22738000.0,,,900000.0,,,,6304000.0,,,1563000.0,,61394000.0,,55344000.0,,,,300000.0,,,,466000.0,,306799000.0,46846000.0,0.0,,,,,,,,,,,,,,,,,,4219000.0,,,,,,,,,,,0.1,40000000.0,24500000.0,24300000.0,2451000.0,,,44225000.0,51638000.0,0.0,,2565000.0,,0.0,2565000.0,,,,,,0.0374,,,,,,600000.0,,,,1131000.0,1681000.0,,,,,,,,,,,,,,,,,,,,,,,,,,,,,24654000.0,,,,,,2810000.0,245000.0,,,,,,-1000.0,14000.0,7000.0,,,,,,0.07,0.07,,,,119000.0,,,,,,,,,,,,,,,,,,,,,,5630000.0,11053000.0,,466000.0,1842000.0,1842000.0,1854000.0,1861000.0,24548000.0,18918000.0,,,,,0.0,5660000.0,21798000.0,,,,9870000.0,,,,,2295000.0,,,,,,,-897000.0,577000.0,,3764000.0,,,,,,,,,,,,,,,,,,,,,,379000.0,474000.0,,26903000.0,21273000.0,43071000.0,218000.0,795000.0,0.0,,,,,,,9960000.0,12849000.0,2390000.0,66000.0,,,,,,,,,,,,,,,,136435000.0,306799000.0,28192000.0,,,8061000.0,,,,,,,81011000.0,,,,588000.0,289000.0,,,,,,,,1718000.0,0.0,1718000.0,,-1670000.0,,,,,,3965000.0,,,,,,,,,,,,,,,,,,,,,1000000.0,,1067000.0,21000.0,,,,,,,,,,,,433000.0,2700000.0,,,22000.0,,,1047000.0,,,,,,,,,11417000.0,,,,,,,308000.0,897000.0,3276000.0,,255000.0,,,,,,,1718000.0,,,,233442000.0,172048000.0,,,,,,,,,,112483000.0,61508000.0,61508000.0,,,,58030000.0,61508000.0,3478000.0,,716000.0,,,,170075000.0,170364000.0,,,,,,,,,,,,2188000.0,,203000.0,,,,,,,25157000.0,24304000.0,,,,,
2017-12-31,2018-03-12,10-K,TRECORA RESOURCES,TREC,CIK0000007039,USD,18347000.0,,8500000.0,26079000.0,25779000.0,,0.0,500000.0,,,,3961000.0,,,1407000.0,,63240000.0,,56012000.0,,,,300000.0,0.0,0.0,247000.0,1861000.0,1323587.0,327326000.0,56486000.0,0.0,,,,,,,,,,,,,,,,,,3028000.0,-5361000.0,3028000.0,-5361000.0,250000.0,,-107000.0,-130000.0,,,,0.1,40000000.0,24500000.0,24300000.0,2451000.0,,,45125000.0,203582000.0,25000.0,10089000.0,,,25000.0,10089000.0,-1202000.0,282000.0,99583000.0,,501000.0,0.0407,1412000.0,,,-5389000.0,501000.0,,-4946000.0,18819000.0,17242000.0,870000.0,1611000.0,81000.0,,,,0.0,,1803000.0,,156000.0,,,,1577000.0,,0.0,226000.0,0.0,,,252000.0,971000.0,198000.0,226000.0,,17242000.0,778000.0,,1023000.0,17242000.0,4000.0,17014000.0,0.06,,9100000.0,10961000.0,872000.0,,0.0,,,,,,0.0,,-0.14,-0.14,0.0,,1.3199999999999998,1.28,,0.35,,593000.0,,,,0.0,,,,,,,,,,,,,,,,,0.0,6095000.0,9231000.0,1861000.0,,1822000.0,1842000.0,1842000.0,1855000.0,24548000.0,18453000.0,,3.75,,0.0,0.0,22414000.0,21798000.0,,0.0,,51527000.0,,,,21512000.0,15284000.0,,21512000.0,0.89,0.86,-3503000.0,-3503000.0,-4261000.0,-6228000.0,92000.0,5584000.0,,,4816000.0,-11000.0,,235000.0,0.0,6976000.0,3586000.0,0.0,,1601000.0,0.0,,579000.0,,,142000.0,806000.0,,,367000.0,468000.0,0.0,26903000.0,20808000.0,42606000.0,937000.0,2931000.0,,,3540000.0,30000.0,0.0,,,14720000.0,18450000.0,3703000.0,27000.0,,,45125000.0,,,,,,,,,,,,,142315000.0,327326000.0,31544000.0,,99082000.0,8061000.0,,8333000.0,,,,91250000.0,91021000.0,,,,588000.0,289000.0,,15502000.0,,-51691000.0,-51584000.0,30828000.0,30958000.0,31981000.0,0.0,,,-2991000.0,,,,2.0,,18275000.0,,,,,,,,,,,,,,17779000.0,3393000.0,1498000.0,3120000.0,3250000.0,3341000.0,3177000.0,4400000.0,,1752000.0,0.0,,,,,,,,,,,,,3700000.0,870000.0,1611000.0,-60000.0,,-11000.0,772000.0,,107000.0,,,106000.0,0.0,0.0,107000.0,14053000.0,51584000.0,,,,,,305000.0,897000.0,3645000.0,,0.0,,,,25000.0,26000000.0,0.0,18009000.0,,,,245761000.0,182521000.0,0.0,,0.04,,,,10417000.0,0.0,0.0,126455000.0,311121000.0,,,,,227334000.0,311121000.0,17809000.0,,2707000.0,,,,184722000.0,185011000.0,,,,-36000.0,1136000.0,,,1171000.0,,,,272000.0,200000.0,196000.0,,58000.0,0.0,,,,25129000.0,24294000.0,,,,,
2018-03-31,2018-05-04,10-Q,TRECORA RESOURCES,TREC,CIK0000007039,USD,14888000.0,,,27849000.0,27421000.0,,703000.0,300000.0,,,,4229000.0,,,983000.0,,65871000.0,,56422000.0,,,,428000.0,,,93000.0,465000.0,1242160.0,335126000.0,57034000.0,,,,,,,,,,,,,,,,,,,2568000.0,-460000.0,2568000.0,-460000.0,,,,,,,,0.1,40000000.0,24500000.0,24300000.0,2451000.0,,,45224000.0,61601000.0,0.0,,2830000.0,,0.0,2830000.0,,,107500000.0,,,0.0438,,,,,408000.0,,428000.0,,,889000.0,1374000.0,,,,,,,,,,,,,,,,,,,,,,,,,,,,,17670000.0,,,,,2561000.0,3026000.0,196000.0,,,,,,,,,,0.01,0.01,,,0.1,0.09,,0.21,,149000000.0,,,,,,,,,,,,,,,,,,,,,,6560000.0,7413000.0,1856000.0,1396000.0,1822000.0,1822000.0,1837000.0,1842000.0,24548000.0,17988000.0,,,,,,6335000.0,21798000.0,,,,10140000.0,,,,2185000.0,2942000.0,,,0.09,0.09,,167000.0,230000.0,590000.0,0.0,5481000.0,4400000.0,,,,,,,-3190000.0,1770000.0,,,-102000.0,742000.0,,-2759000.0,,,-7000.0,803000.0,,,403000.0,485000.0,742000.0,26903000.0,20343000.0,42141000.0,304000.0,878000.0,7000.0,,1124000.0,31000.0,0.0,,,13028000.0,15691000.0,2612000.0,51000.0,,,,,,,,,,,,,,,,147341000.0,335126000.0,28369000.0,,,8061000.0,,,,,,,99031000.0,,,,588000.0,289000.0,,7877000.0,,-11072000.0,,2735000.0,,2352000.0,0.0,2352000.0,,-667000.0,,,,2.0,,3609000.0,,,,,,,,,,,,,,,,,,,,,1100000.0,,1880000.0,,,,,,,,,,,,,,4000000.0,,,-26000.0,,-3000.0,1297000.0,44000.0,,,,40000.0,,,0.0,11028000.0,11028000.0,,,,,,302000.0,897000.0,5131000.0,,92000.0,,,0.0,,10000000.0,,2352000.0,,,,256010000.0,190139000.0,128000.0,,,,,,2083000.0,,,128807000.0,71741000.0,71741000.0,,,,66699000.0,71741000.0,5042000.0,,592000.0,,,,187496000.0,187785000.0,,,,5000.0,349000.0,,,154000.0,,,,332000.0,,184000.0,,0.0,,,,,25231000.0,24343000.0,,,,,
2018-06-30,2018-08-06,10-Q,TRECORA RESOURCES,TREC,CIK0000007039,USD,11927000.0,,,26895000.0,26467000.0,,900000.0,600000.0,,,,5638000.0,,,910000.0,,68332000.0,,56365000.0,,,,428000.0,,,,500000.0,,333628000.0,53829000.0,,,,,,,,,,,,,,,,,,,3387000.0,,3387000.0,,,,,,,,,0.1,40000000.0,24500000.0,24300000.0,2451000.0,,,45452000.0,59964000.0,0.0,,2837000.0,,,,,,105416000.0,,,0.0438,,,,,340000.0,,,,18315000.0,916000.0,1297000.0,,,,,,,,,,,,,,,,,,,,,,,,,,,,,,,,,,,3028000.0,191000.0,,,,,,,,,,0.01,0.01,,,0.09,0.09,,,,200000.0,,,,,,,,,,,,,,,,,,,,,,7026000.0,7412000.0,1856000.0,931000.0,1822000.0,1822000.0,1837000.0,1842000.0,24548000.0,17522000.0,,,,,,4554000.0,21798000.0,,,,8142000.0,,,,2035000.0,2811000.0,,,0.08,0.08,,180000.0,228000.0,596000.0,,1291000.0,,,,,,,,,,,,,,,,,,,,,,349000.0,295000.0,493000.0,26903000.0,19877000.0,41675000.0,400000.0,815000.0,14000.0,,,31000.0,0.0,,,13856000.0,17003000.0,3147000.0,0.0,,,,,,,,,,,,,,,,143562000.0,333628000.0,26570000.0,,,8061000.0,,,,,,,97015000.0,,,,588000.0,289000.0,,,,,,,,2215000.0,0.0,2215000.0,,-586000.0,,,,,,3397000.0,,,,,,,,,,,,,,,,,,,,,1000000.0,,2902000.0,,,,,,,,,,,,,,3900000.0,,,-13000.0,,,1123000.0,,,,,,,,,4406000.0,,,,,,,28000.0,365000.0,5188000.0,,115000.0,,,,,,,2215000.0,,,,260416000.0,192084000.0,,,,,,,,,,131022000.0,68106000.0,68106000.0,,,,,,,,-200000.0,,,,189777000.0,190066000.0,,,,281000.0,385000.0,,680000.0,,,,,295000.0,,61000.0,,,,,,,25014000.0,24370000.0,,,,,
2018-09-30,2018-11-06,10-Q,TRECORA RESOURCES,TREC,CIK0000007039,USD,13311000.0,,,30239000.0,29787000.0,,1350000.0,600000.0,,,,6018000.0,,,1099000.0,,71216000.0,,57147000.0,0.0,,,452000.0,,,,500000.0,,334749000.0,56318000.0,,,,,,,,,,,,,,,,,,,1292000.0,,1292000.0,,,,,,,,,0.1,40000000.0,24500000.0,24300000.0,2451000.0,,,,66574000.0,0.0,,3813000.0,,,,,,106406000.0,,,0.0424,,,,,875000.0,,,,18218000.0,,,,,,,,,,,,,,,,,,,,,,,,,,,,,,,,,,,,,4018000.0,205000.0,,,,,,,,,,-0.04,-0.04,,,-0.07,-0.06,,,,100000.0,,,,,,,,,,,,,,,,,,,,,,7491000.0,7413000.0,1856000.0,465000.0,1822000.0,1822000.0,1837000.0,1842000.0,24548000.0,17057000.0,,,,,-315000.0,6327000.0,21798000.0,,,,6842000.0,,,,-716000.0,-952000.0,,,-0.03,-0.03,,-893000.0,-1130000.0,-236000.0,,1554000.0,,,,,,,,,,,,,,,,,,,,,,398000.0,294000.0,391000.0,26903000.0,19412000.0,41210000.0,0.0,924000.0,5000.0,,,31000.0,0.0,,,14529000.0,17828000.0,3135000.0,164000.0,,,44322000.0,,,,,,,,,,,,,145468000.0,334749000.0,24382000.0,,,4194000.0,,,,,,,101337000.0,,,,588000.0,289000.0,,,,,,,,-1609000.0,0.0,-1609000.0,,-1262000.0,,,,,,310000.0,,,,,,,,,,,,,,,,,,,,,1000000.0,,2781000.0,,,,,,,,,,,,,,4500000.0,835000.0,1170000.0,-28000.0,,,1046000.0,,,,,,,,,3656000.0,,,,,,,24000.0,361000.0,5466000.0,,26000.0,,,,,,,-1609000.0,,,,263527000.0,192311000.0,,,,,,,,,,129413000.0,73416000.0,73416000.0,,,,,,,,600000.0,,,,188992000.0,189281000.0,,,0.0,-1000.0,550000.0,0.0,0.0,,,,,157000.0,,19000.0,,,,,,,25175000.0,24483000.0,,,,,
2018-12-31,2019-03-15,10-K,TRECORA RESOURCES,TREC,CIK0000007039,USD,19106000.0,,4700000.0,27564000.0,27112000.0,,0.0,0.0,,,,5439000.0,0.0,,936000.0,,73762000.0,,58294000.0,,,,452000.0,152000.0,0.0,261000.0,1861000.0,700000.0,329968000.0,93978000.0,0.0,,553017.0,,193206.0,,359811.0,,648610.0,,250526.0,,147558.0,,250526.0,,95593.0,,6735000.0,3707000.0,6735000.0,3707000.0,250000.0,,5414000.0,146000.0,,,,0.1,40000000.0,24600000.0,24500000.0,2463000.0,,,38746000.0,260114000.0,100000.0,13618000.0,,,,,-74000.0,31000.0,103312000.0,,,,1502000.0,,,-813000.0,830000.0,,-1377000.0,26955000.0,15676000.0,,,210000.0,,0.0,,,0.0,11505000.0,,133000.0,,,,11279000.0,,9073000.0,226000.0,802000.0,0.0,,79000.0,954000.0,238000.0,226000.0,,15676000.0,1075000.0,,671000.0,15676000.0,40000.0,25169000.0,0.06,1.0,12497000.0,14358000.0,740000.0,,,,,,,,,,-0.02,-0.02,0.0,,-0.32,-0.32,,0.21,,700000.0,,38746000.0,,,0.0,0.0,,,,,,,,,,,,0.0,,0.0,0.0,7956000.0,7413000.0,1856000.0,,1822000.0,1822000.0,1837000.0,1842000.0,24548000.0,16592000.0,,3.75,,0.0,-315000.0,22532000.0,21798000.0,,0.0,,30512000.0,,,,-6960000.0,-2374000.0,,-1728000.0,-0.28,-0.28,-604000.0,-662000.0,-901000.0,-646000.0,-4182000.0,182000.0,,,-661000.0,44000.0,,234000.0,263000.0,2202000.0,1485000.0,,,-5401000.0,0.0,,-1911000.0,,,33000.0,1222000.0,,,0.0,0.0,,26903000.0,18947000.0,40745000.0,700000.0,4100000.0,,,4560000.0,31000.0,,,,11624000.0,16539000.0,4742000.0,173000.0,,,38746000.0,0.0,,,,,,,,,,,,144807000.0,329968000.0,29491000.0,,102482000.0,4194000.0,,4375000.0,85812000.0,4375000.0,4375000.0,4375000.0,98288000.0,,,,588000.0,289000.0,,3683000.0,,-19871000.0,-25285000.0,19895000.0,19749000.0,-7622000.0,,,,-4573000.0,,,,2.0,,2199000.0,0.0,,0.0,0.0,0.0,0.0,18131000.0,3670000.0,2288000.0,3107000.0,3418000.0,3583000.0,2065000.0,,,,,,,,4400000.0,43200000.0,2239000.0,,,,,,,,,,,,,,4100000.0,733000.0,994000.0,-158000.0,,-825000.0,648000.0,,-67000.0,,,,0.0,,,25285000.0,25285000.0,,,,,,19000.0,358000.0,4664000.0,,0.0,0.0,,,0.0,18177000.0,5347000.0,-2332000.0,,,,268419000.0,194657000.0,152000.0,,0.04,0.0,,100000.0,15354000.0,2347000.0,1221000.0,124123000.0,362601000.0,,0.0,0.0,,,,,,1753000.0,,,0.0,184872000.0,185161000.0,,,,284000.0,1939000.0,,680000.0,154000.0,,,,210000.0,100000.0,8000.0,,0.0,0.0,3900000.0,,,24438000.0,24438000.0,,,,,
2019-03-31,2019-05-09,10-Q,TRECORA RESOURCES,TREC,CIK0000007039,USD,11551000.0,,,26189000.0,25737000.0,,837000.0,300000.0,,,,5053000.0,,,1006000.0,,77589000.0,,58565000.0,,,,452000.0,,,45000.0,465000.0,552000.0,341396000.0,54209000.0,,,,,,,,,,,,,,,,,,,6833000.0,,6833000.0,98000.0,,,440000.0,-13000.0,,,,0.1,40000000.0,24700000.0,24700000.0,2469000.0,,,,55082000.0,0.0,,4229000.0,,,,,,,,,,,,,,785000.0,,374000.0,,16037000.0,,,,,,,,,,,,,,,,,,,,,,,,,,,,,,,,,,,,3977000.0,4442000.0,213000.0,,,,,,,,,,0.0,0.0,,,0.07,0.07,,,,100000.0,,,,,0.0,0.0,,0.0,0.0,,,,,,,,,0.0,0.0,0.0,,8421000.0,5744000.0,1842000.0,1391000.0,1669000.0,1822000.0,1822000.0,1837000.0,24548000.0,16127000.0,,,0.0,,,6034000.0,21798000.0,,,,10073000.0,,,,1797000.0,2304000.0,,,0.07,0.07,,-46000.0,-59000.0,494000.0,0.0,182000.0,,,,,,,,-6773000.0,-1375000.0,,,0.0,0.0,,383000.0,,,-34000.0,227000.0,,,374000.0,0.0,,26903000.0,18482000.0,40280000.0,0.0,1499000.0,5000.0,,1210000.0,32000.0,,,,12401000.0,16922000.0,4384000.0,137000.0,,,37357000.0,1173000.0,0.0,0.045,17990000.0,1787000.0,,1885000.0,3006000.0,3486000.0,3624000.0,4202000.0,1856000.0,154207000.0,341396000.0,25256000.0,,,4194000.0,,,,,,,99240000.0,,,,558000.0,289000.0,,691000.0,,-1417000.0,-1857000.0,824000.0,837000.0,1751000.0,0.0,1751000.0,,-1522000.0,,,,,2.0,3826000.0,1173000.0,16134000.0,3568000.0,12566000.0,1133000.0,16137000.0,,,,,,,,,,,,,,,,,2689000.0,,,,,,,,,,,,,,4100000.0,890000.0,1108000.0,-28000.0,,-5000.0,1100000.0,0.0,,,,,,,,1887000.0,1887000.0,,,,,,,,4535000.0,,,,,440000.0,,2000000.0,,1751000.0,,,,270444000.0,192855000.0,0.0,,,,,,1094000.0,,,125874000.0,65155000.0,65155000.0,0.0,113000.0,,,,,,213000.0,,,100000.0,186900000.0,187189000.0,,,,6000.0,249000.0,,,,,,,189000.0,,8000.0,,,,,,0.0,25027000.0,24653000.0,,,,,
2019-06-30,2019-08-08,10-Q,TRECORA RESOURCES,TREC,CIK0000007039,USD,11159000.0,,,30958000.0,30518000.0,,1720000.0,650000.0,,,,5415000.0,,,981000.0,,81328000.0,,58920000.0,,,,440000.0,,,,500000.0,,338633000.0,54271000.0,,,,,,,,,,,,,,,,,,,4325000.0,,4325000.0,,,,,,,,,0.1,40000000.0,24700000.0,24700000.0,2472000.0,,,,58806000.0,200000.0,,4128000.0,,,,,,,,,,,,,,740000.0,,,,16623000.0,,,,,,,,,,,,,,,,,,,,,,,,,,,,,,,,,,,,,4336000.0,208000.0,,,,,,,,,,0.0,0.0,,,0.1,0.1,,,,200000.0,,,,,0.0,0.0,,0.0,0.0,,,,,,,,,0.0,0.0,0.0,,8887000.0,5743000.0,1842000.0,926000.0,1669000.0,1822000.0,1822000.0,1837000.0,24548000.0,15661000.0,,,,,,6042000.0,21798000.0,,,,10565000.0,,,,2476000.0,3198000.0,,,0.1,0.1,,-72000.0,-91000.0,691000.0,,182000.0,,,,,,,,,,,,,,,,,,,,,,395000.0,0.0,,26903000.0,18016000.0,39814000.0,0.0,1401000.0,0.0,,,32000.0,,,,11088000.0,15295000.0,3963000.0,244000.0,,,37265000.0,1190000.0,0.0,0.045,16881000.0,1549000.0,,1460000.0,2806000.0,3480000.0,3576000.0,4010000.0,1684000.0,148676000.0,338633000.0,25030000.0,,,4194000.0,,,,,,,94191000.0,,,,558000.0,289000.0,,,,,,,,2404000.0,0.0,2404000.0,,-1117000.0,,,,,,4315000.0,1190000.0,15197000.0,3412000.0,11785000.0,1122000.0,15197000.0,,,,,,,,,,,,,,,,,1733000.0,,,,,,,,,,,,,,3200000.0,850000.0,1047000.0,284000.0,,,672000.0,,,,,,,,,1887000.0,,,,,,,,,3951000.0,,,,,,,,,2404000.0,,,,272856000.0,191528000.0,,,,,,,,,37000.0,128278000.0,69371000.0,69371000.0,0.0,0.0,,,,,,300000.0,,,100000.0,189668000.0,189957000.0,,,,2000.0,209000.0,,,,,,,262000.0,,2000.0,,,,,,0.0,25091000.0,24696000.0,,,,,
2019-09-30,2019-11-08,10-Q,TRECORA RESOURCES,TREC,CIK0000007039,USD,10203000.0,,,25930000.0,25497000.0,,2572000.0,1251000.0,,,,7270000.0,,,812000.0,,84927000.0,,59202000.0,,,,433000.0,,,,500000.0,,330557000.0,85937000.0,,,,,,,,,,,,,,,,,,,9157000.0,,9157000.0,,,,,,,,,0.1,40000000.0,24700000.0,24700000.0,2472000.0,,,,53148000.0,200000.0,,3254000.0,,,,,,,,,,,,,,694000.0,,,,16646000.0,,,,,,,,,,,,,,,,,,,,,,,,,,,,,,,,,,,,,3462000.0,208000.0,,,,,,,,,,-0.04,-0.04,,,0.02,0.02,,,,200000.0,,,,,0.0,0.0,,0.0,0.0,,,,,,,,,0.0,0.0,0.0,,9352000.0,5744000.0,1842000.0,460000.0,1669000.0,1822000.0,1822000.0,1837000.0,24548000.0,15196000.0,,,,,0.0,6401000.0,21798000.0,,,,9567000.0,,,,1583000.0,1821000.0,,,0.06,0.06,,-1002000.0,,238000.0,,182000.0,,,,,,,,,,,,,,,,,,,,,,336000.0,0.0,,26903000.0,17551000.0,39349000.0,,1211000.0,0.0,,,32000.0,,,,9850000.0,13285000.0,3278000.0,157000.0,,,34090000.0,1148000.0,0.0,0.045,15904000.0,1329000.0,,1243000.0,2571000.0,3391000.0,3559000.0,3811000.0,1540000.0,139737000.0,330557000.0,25925000.0,,,4194000.0,,,,,,,85143000.0,,,,562000.0,289000.0,,,,,,,,581000.0,,,,-1137000.0,,,,,,2958000.0,1148000.0,14364000.0,3247000.0,11117000.0,1127000.0,14364000.0,,,,,,,,,,,,,,,,,2317000.0,,,,,,,,,,,,,,3100000.0,1011000.0,906000.0,74000.0,,,499000.0,,,,,,,,,2524000.0,,,,,,,,,3726000.0,,,,,,,,,581000.0,,,,275272000.0,190345000.0,,,,,,,,,37000.0,128859000.0,62715000.0,62715000.0,0.0,25000.0,,,,,,300000.0,,,100000.0,190531000.0,190820000.0,,,,0.0,186000.0,,,,,,,249000.0,,2000.0,,,,,,0.0,25053000.0,24717000.0,,,,,
2019-12-31,2020-03-13,10-K,TRECORA RESOURCES,TREC,CIK0000007039,USD,14603000.0,0.0,4500000.0,26749000.0,26320000.0,,0.0,1687000.0,,,,5742000.0,1000000.0,273000.0,1250000.0,,85887000.0,,59530000.0,,,,429000.0,152000.0,0.0,181000.0,1856000.0,500000.0,301819000.0,84090000.0,,6216303.0,,2318301.0,,3898002.0,,7169370.0,,2894906.0,,1482543.0,,2791921.0,,953067.0,,,6145000.0,,6145000.0,-590000.0,250000.0,,4021000.0,-468000.0,,,,0.1,40000000.0,24600000.0,24500000.0,2475000.0,,,,220444000.0,1300000.0,15361000.0,,,,,0.0,91000.0,83938000.0,,,,1300000.0,,,-3564000.0,649000.0,,-2993000.0,32097000.0,11375000.0,,,-93000.0,211000.0,45000.0,,,3699000.0,20948000.0,,111000.0,,,,20722000.0,,11685000.0,226000.0,891000.0,140000.0,,71000.0,1093000.0,240000.0,226000.0,,11375000.0,0.0,,302000.0,,32000.0,29227000.0,0.06,1.0,14345000.0,16201000.0,840000.0,,,,,,,,,,-0.12,-0.12,-680000.0,,-1.4,-1.4,,,,900000.0,,32872000.0,0.0,,0.0,0.0,,0.0,0.0,,,,,,,,,0.0,0.0,0.0,,9812000.0,5744000.0,1842000.0,,1669000.0,1822000.0,1822000.0,1837000.0,24548000.0,14736000.0,,3.75,,,0.0,24386000.0,0.0,,24152000.0,,46825000.0,,,2400000.0,-31624000.0,-16450000.0,,-12884000.0,-1.28,-1.28,-2090000.0,-3060000.0,,-3566000.0,53000.0,182000.0,,,-3455000.0,-164000.0,,256000.0,203000.0,-4944000.0,-816000.0,,,0.0,1148000.0,,-2914000.0,,,543000.0,304000.0,,,0.0,0.0,1148000.0,24548000.0,14736000.0,14736000.0,0.0,5139000.0,,,4731000.0,33000.0,,,,11382000.0,13624000.0,2100000.0,142000.0,,,32872000.0,4498000.0,0.0,0.045,14898000.0,1082000.0,3703000.0,1026000.0,2329000.0,3218000.0,3540000.0,,1386000.0,130376000.0,301819000.0,28635000.0,,83289000.0,4194000.0,,4375000.0,,70813000.0,4375000.0,4375000.0,79095000.0,,,,562000.0,289000.0,,-19680000.0,,-6031000.0,-10052000.0,25121000.0,25589000.0,-34684000.0,,,,-5587000.0,,,,2.0,,-10863000.0,4498000.0,13512000.0,3174000.0,10338000.0,4389000.0,13512000.0,,,,,,,,,,,,,,,,56600000.0,1532000.0,,,,,,,,,,,,,,2900000.0,922000.0,595000.0,232000.0,,-38000.0,733000.0,,,,0.0,,,,,10079000.0,10079000.0,,,,,,2000.0,338000.0,4947000.0,,0.0,0.0,,,0.0,2000000.0,,-14974000.0,85887000.0,188919000.0,274806000.0,274806000.0,188919000.0,-23000.0,,,0.0,,100000.0,21375000.0,0.0,16000.0,109149000.0,320677000.0,,0.0,81000.0,,,,,,1250000.0,,,0.0,171154000.0,171443000.0,,,,11000.0,883000.0,,,0.0,,,,0.0,0.0,0.0,600000.0,0.0,0.0,12400000.0,,0.0,24698000.0,24698000.0,,,,0.0,0.0
2020-03-31,2020-05-08,10-Q,TRECORA RESOURCES,TREC,CIK0000007039,USD,10171000.0,,,28825000.0,28396000.0,,940000.0,344000.0,,,,6720000.0,,409000.0,1718000.0,,89587000.0,,59880000.0,,,,429000.0,,,45000.0,461000.0,500000.0,338401000.0,123642000.0,,,,,,,,,,,,,,,,,,,37450000.0,,37450000.0,31305000.0,,,10163000.0,-53000.0,,,,0.1,40000000.0,24800000.0,24800000.0,2478000.0,,,,53989000.0,200000.0,,3952000.0,,,,,,,,,,,,,,604000.0,,10385000.0,,22512000.0,,,,,,,,,,,,,,,,,,,,,,,,,,,,,,,,,,,,3492000.0,3952000.0,216000.0,,,,,,,,,,0.2,0.19,,,0.44,0.42,,,,200000.0,,,,,,,,,,,,,,,,,,,0.0,,,10273000.0,4534000.0,1837000.0,1382000.0,1209000.0,1669000.0,1822000.0,1822000.0,24548000.0,14275000.0,,,-18000.0,,,6674000.0,,,,,8078000.0,,,,5863000.0,210000.0,,,0.24,0.23,,4857000.0,,-5653000.0,0.0,16107000.0,,,,,,,,-3739000.0,2077000.0,,,16144000.0,-274000.0,,-5263000.0,,,-72000.0,-185000.0,,,511000.0,,,,14275000.0,,,916000.0,0.0,,870000.0,,,,,6925000.0,8362000.0,1298000.0,139000.0,,,28869000.0,968000.0,,0.045,13951000.0,1082000.0,,1026000.0,2329000.0,3218000.0,3540000.0,2756000.0,1240000.0,155885000.0,338401000.0,25259000.0,,,4194000.0,,,,,,,98046000.0,,,,562000.0,289000.0,,18906000.0,,8098000.0,-2065000.0,4301000.0,4354000.0,10720000.0,,,,-978000.0,,,,,2.0,1188000.0,968000.0,12711000.0,3153000.0,9558000.0,947000.0,12711000.0,,,,,,,,,,,,,,,,,1529000.0,,,,,,,,,,,,,,1600000.0,1021000.0,178000.0,-62000.0,,10000.0,611000.0,,,,0.0,,,,,1917000.0,2065000.0,,,,,,,332000.0,4458000.0,,874000.0,,,,,20000000.0,,10720000.0,,,,276798000.0,187211000.0,,,,,,100000.0,1094000.0,,,119869000.0,62067000.0,62067000.0,,0.0,,,,,,390000.0,,,100000.0,182227000.0,182516000.0,,,,0.0,259000.0,,,,,,,,,,,,,2700000.0,,0.0,25276000.0,24765000.0,,,,,
2020-06-30,2020-08-06,10-Q,TRECORA RESOURCES,TREC,CIK0000007039,USD,11027000.0,,,20668000.0,20240000.0,,1811000.0,674000.0,,,,7801000.0,,544000.0,1789000.0,,93294000.0,,60386000.0,,,,428000.0,,,,500000.0,,321877000.0,106349000.0,,,,,,,,,,,,,,,,,,,29877000.0,,29877000.0,,,,,,,,,0.1,40000000.0,24800000.0,24800000.0,2482000.0,,,,34507000.0,200000.0,,3750000.0,,,,,,,,,,,,,,558000.0,,,,23860000.0,,,,,,,,,,,,,,,,,,,,,,,,,,,,,,,,,,,,,3962000.0,212000.0,,,,,,,,,,0.0,0.0,,,-0.07,-0.07,,,,300000.0,,,,,,,,,,,,,,,,,,,,,,10734000.0,4534000.0,1837000.0,921000.0,1209000.0,1669000.0,1822000.0,1822000.0,24548000.0,13814000.0,,,,,,6289000.0,,,,,6167000.0,,,,-1859000.0,-1001000.0,,,-0.07,-0.07,,-2000.0,,858000.0,,16229000.0,,,,,,,,,,,,,,,,,,,,,,0.0,,,,13814000.0,,,735000.0,0.0,,,,,,,6613000.0,7595000.0,738000.0,244000.0,,,29175000.0,1021000.0,,0.045,13019000.0,,3540000.0,,1026000.0,2329000.0,3218000.0,1824000.0,1104000.0,140712000.0,321877000.0,27119000.0,,,4194000.0,,,,,,,73998000.0,,,,562000.0,289000.0,,,,,,,,-1861000.0,,,,-667000.0,,,,,,-334000.0,,11915000.0,3142000.0,8773000.0,933000.0,11915000.0,,,,,,,,,,,,,,,,,1205000.0,,,,,,,,,,,,,,1400000.0,955000.0,512000.0,68000.0,,,378000.0,,,,,,,,,5667000.0,,,,,,,,327000.0,3233000.0,,0.0,,,,,,,-1861000.0,,,,282531000.0,189237000.0,,,,,,100000.0,,,,118008000.0,40674000.0,40674000.0,,0.0,,,,,,500000.0,,,100000.0,180876000.0,181165000.0,,,,0.0,409000.0,,,,,,,,,,,,,2700000.0,,0.0,24802000.0,24802000.0,,,,,
2020-09-30,2020-11-04,10-Q,TRECORA RESOURCES,TREC,CIK0000007039,USD,12815000.0,,,23084000.0,22656000.0,,2526000.0,891000.0,,1100000.0,,13192000.0,,133000.0,2923000.0,,97082000.0,,60875000.0,,,,428000.0,,,,500000.0,,322320000.0,109502000.0,,4501998.0,,2479480.0,,2022518.0,,4998191.0,,723727.0,,1482543.0,,2791921.0,,496193.0,,,51862000.0,,51862000.0,,,,,,,,,0.1,40000000.0,24800000.0,24800000.0,2482000.0,,,,39290000.0,200000.0,,3887000.0,,,,,,,,,,,,,,513000.0,,,,26132000.0,,,,,,,,,,,,,,,,,,,,,,,,,,,,,,,,,,,,,4096000.0,209000.0,,,,,,,,,,0.86,0.84,,,0.9,0.88,,,,200000.0,,,1877000.0,,,,,,,,,,,,,,,,,,,11194000.0,4535000.0,1837000.0,460000.0,1209000.0,1669000.0,1822000.0,1822000.0,24548000.0,13354000.0,,,,,0.0,5766000.0,,,,,8457000.0,,,,1108000.0,1961000.0,,,0.04,0.04,1500000.0,21324000.0,,853000.0,,16858000.0,,,,,,,,,,,,,,,,,,,,,,577000.0,,0.0,,13354000.0,,,508000.0,0.0,,,,,,,8445000.0,11110000.0,2543000.0,122000.0,,,0.0,1149000.0,,0.045,12133000.0,,3553000.0,,1026000.0,2339000.0,3231000.0,902000.0,979000.0,118234000.0,322320000.0,33796000.0,,,4194000.0,,,,,,,42949000.0,,,,412000.0,289000.0,,,,,,,,22432000.0,,,,-521000.0,,,,,,2482000.0,,11154000.0,3148000.0,8006000.0,925000.0,11154000.0,,,,,,,,,,,,,,,,,834000.0,,,,,,,,,,,,,,2800000.0,447000.0,907000.0,-13000.0,,,437000.0,,,,,,,,,2725000.0,,,,,,,,321000.0,7016000.0,,1767000.0,,,,,,,22432000.0,,,,284980000.0,187898000.0,,,,,,100000.0,,,,140440000.0,47747000.0,47747000.0,,37000.0,,,,,,500000.0,,,200000.0,203797000.0,204086000.0,,,,0.0,376000.0,,,,,,,2237000.0,,,,,,5000000.0,,0.0,25394000.0,24817000.0,,,,,
2020-12-31,2021-03-09,10-K,TRECORA RESOURCES,TREC,CIK0000007039,USD,14447000.0,100000.0,,25601000.0,25301000.0,,0.0,1053000.0,,,,6857000.0,559000.0,260000.0,2282000.0,,100800000.0,,61311000.0,,,,300000.0,-129000.0,129000.0,181000.0,1842000.0,500000.0,316833000.0,105896000.0,,,,,,,,,,,,,,,,,,,55664000.0,,55664000.0,49519000.0,250000.0,,68530000.0,-4008000.0,,,,0.1,40000000.0,24800000.0,24800000.0,2483000.0,,,,179948000.0,1200000.0,15300000.0,,,,,-19190000.0,86000.0,,,,,1300000.0,,,15140000.0,468000.0,,14553000.0,33361000.0,26517000.0,,,1000.0,0.0,0.0,,,3396000.0,7070000.0,,146000.0,,,,6844000.0,,0.0,226000.0,,0.0,,70000.0,956000.0,65000.0,226000.0,,26517000.0,,,,,31000.0,31119000.0,0.06,1.0,14306000.0,16149000.0,848000.0,,,,,,,,,,1.06,1.03,-39000.0,,1.25,1.22,,,,900000.0,,,1877000.0,,0.0,0.0,0.0,0.0,0.0,0.0,0.0,0.0,0.0,0.0,0.0,0.0,0.0,0.0,0.0,0.0,,11655000.0,4534000.0,1837000.0,,1209000.0,1669000.0,1822000.0,1822000.0,24548000.0,12893000.0,,3.75,,,0.0,24334000.0,,,0.0,,34654000.0,,,,4820000.0,1003000.0,,4966000.0,0.19,0.19,26209000.0,26239000.0,,-3963000.0,-11069000.0,2788000.0,,,211000.0,928000.0,,71000.0,518000.0,831000.0,-1018000.0,,,2606000.0,,,-680000.0,,,-5746000.0,2403000.0,,,554000.0,0.0,0.0,,12893000.0,,0.0,2491000.0,,,2266000.0,,,,,10227000.0,12945000.0,2580000.0,138000.0,,,0.0,4225000.0,0.0,0.045,11404000.0,117000.0,3590000.0,991000.0,1062000.0,2376000.0,3268000.0,,876000.0,112426000.0,316833000.0,29584000.0,,46095000.0,4194000.0,,,,,,,41901000.0,,,,412000.0,289000.0,,-31375000.0,,55329000.0,-13201000.0,25565000.0,29573000.0,31059000.0,,,,-1935000.0,,,,2.0,,2938000.0,4225000.0,10528000.0,3195000.0,7333000.0,3713000.0,10528000.0,,,,,,,,,,,,,,,,1300000.0,1524000.0,,,,,,,,,,,,,,3600000.0,891000.0,968000.0,595000.0,,-7000.0,301000.0,,,,0.0,,,,,13351000.0,13351000.0,,,,,,,320000.0,9198000.0,,4241000.0,6123000.0,,,,20000000.0,,31175000.0,100800000.0,187104000.0,287904000.0,287904000.0,187104000.0,0.0,,,,,100000.0,57375000.0,0.0,,140324000.0,266764000.0,,0.0,206000.0,,,,,,1912000.0,,,500000.0,204118000.0,204407000.0,,,,0.0,420000.0,,,,,,,125000.0,0.0,0.0,500000.0,,0.0,9200000.0,,0.0,25356000.0,24802000.0,,135000.0,,0.0,558000.0
2021-03-31,2021-05-06,10-Q,TRECORA RESOURCES,TREC,CIK0000007039,USD,16584000.0,100000.0,,26229000.0,25929000.0,,906000.0,368000.0,,1100000.0,,6002000.0,,391000.0,2104000.0,,104678000.0,,61692000.0,,,,300000.0,,,45000.0,461000.0,500000.0,310399000.0,99874000.0,,,,,,,,,,,,,,,,,,,53026000.0,,53026000.0,-2638000.0,,,0.0,0.0,,,,0.1,40000000.0,25000000.0,24900000.0,2490000.0,,,,52240000.0,300000.0,,4055000.0,,,,,,,,,,,,,,423000.0,,-924000.0,,25593000.0,,,,,,,,,,,,,,,,,,,,,,,,,,,,,,,,,,,,3820000.0,4281000.0,226000.0,,,,,,,,,,0.0,0.0,,,-0.18,-0.18,,,,300000.0,,,823000.0,,,,,,,,,,,,,,,,,,,12115000.0,3325000.0,1822000.0,1377000.0,1209000.0,1209000.0,1669000.0,1822000.0,24548000.0,12433000.0,,,254000.0,,,7332000.0,,,,,2345000.0,,,,-4404000.0,-5405000.0,,,-0.18,-0.18,,0.0,,-1001000.0,,2788000.0,,,,,,,,1282000.0,628000.0,,,0.0,0.0,,-1206000.0,,,-141000.0,-2803000.0,,,0.0,,,,12433000.0,,,302000.0,,,257000.0,,,,,9976000.0,11739000.0,1592000.0,171000.0,,,,1083000.0,,0.045,10523000.0,,3273000.0,,995000.0,1066000.0,2380000.0,2691000.0,766000.0,110700000.0,310399000.0,30638000.0,,,4194000.0,,,,,,,40852000.0,,,,412000.0,289000.0,,-1969000.0,,-4500000.0,-4500000.0,3831000.0,3831000.0,-4404000.0,,,,-192000.0,,,,,2.0,-5213000.0,,9757000.0,3219000.0,6538000.0,903000.0,9757000.0,,,,,,,,,,,,,,,,,2188000.0,,,,,,,,,,,,,,2500000.0,639000.0,637000.0,110000.0,,-6000.0,656000.0,,,,692000.0,,,,,4781000.0,4781000.0,,,,,,,319000.0,6392000.0,,2767000.0,,,,,0.0,,-4404000.0,,,,292601000.0,187923000.0,,,,,,100000.0,1094000.0,,,135920000.0,,54585000.0,,19000.0,,,,,,571000.0,,,200000.0,199410000.0,199699000.0,,,,0.0,275000.0,,,,87758.0,692000.0,20000000.0,,100000.0,692000.0,,,,14200000.0,,0.0,24861000.0,24861000.0,,,,,
2021-06-30,2021-08-05,10-Q,TRECORA RESOURCES,TREC,CIK0000007039,USD,11488000.0,100000.0,,34510000.0,34210000.0,,1772000.0,766000.0,,,,7388000.0,,526000.0,1615000.0,,108461000.0,,62138000.0,,,,300000.0,,,,500000.0,,303810000.0,94355000.0,,,,,,,,,,,,,,,,,,,39125000.0,,39125000.0,,,,,,,,,0.1,40000000.0,24400000.0,23800000.0,2497000.0,,,,57828000.0,200000.0,,4082000.0,,,,,,,,,,,,,,377000.0,,,,26241000.0,,,,,,,,,,,,,,,,,,,,,,,,,,,,,,,,,,,,,4308000.0,226000.0,,,,,,,,,,0.0,0.0,,,0.09,0.09,,,,300000.0,,,823000.0,,,,,,,,,,,,,,,,,,,12576000.0,3325000.0,1822000.0,916000.0,1209000.0,1209000.0,1669000.0,1822000.0,24548000.0,11972000.0,,,,,,7673000.0,,,,,11021000.0,,,,2255000.0,2958000.0,,,0.09,0.09,,0.0,,703000.0,,286000.0,,,,,,,,,,,,,,,,,,,,,,612000.0,,,,11972000.0,,,297000.0,,,,,,,,12746000.0,15640000.0,2713000.0,181000.0,,,,1093000.0,,0.045,9624000.0,,3273000.0,,995000.0,1066000.0,2380000.0,1791000.0,662000.0,105711000.0,303810000.0,33006000.0,,,4194000.0,,,,,,,39804000.0,,,,412000.0,289000.0,,,,,,,,2255000.0,,,,-164000.0,,,,,,3122000.0,,8962000.0,3244000.0,5718000.0,900000.0,8962000.0,,,,,,,,,,,,,,,,,2602000.0,,,,,,,,,,,,,,3800000.0,569000.0,626000.0,133000.0,,,550000.0,,,,,,,,,3883000.0,,,,,,,,316000.0,5094000.0,,1355000.0,,,,,,,2255000.0,,,,296570000.0,188109000.0,,,,,,100000.0,,,,138175000.0,,68849000.0,,0.0,,,,,,600000.0,,,200000.0,197810000.0,198099000.0,,,,0.0,394000.0,,,,545515.0,4308000.0,,,600000.0,5000000.0,,,,17000000.0,,,25097000.0,24485000.0,,,,,
2021-09-30,2021-11-04,10-Q,TRECORA RESOURCES,TREC,CIK0000007039,USD,12686000.0,100000.0,,32258000.0,31958000.0,,2347000.0,1134000.0,,,,11044000.0,,143000.0,2653000.0,,112365000.0,,62710000.0,,,,300000.0,,,,500000.0,,307805000.0,99568000.0,,,,,,,,,,,,,,,,,,,44403000.0,,44403000.0,,,,,,,,,0.1,40000000.0,25000000.0,24400000.0,2497000.0,,,,65663000.0,,,4180000.0,,,,,,,,,,,,,,332000.0,,,,26420000.0,,,,,,,,,,,,,,,,,,,,,,,,,,,,,,,,,,,,,4397000.0,218000.0,,,,,,,,,,0.0,0.0,,,0.08,0.08,,,,300000.0,,,0.0,,,,,,,,,,,,,,,,,,,13036000.0,3325000.0,1822000.0,456000.0,1209000.0,1209000.0,1669000.0,1822000.0,24548000.0,11512000.0,,,,,2188000.0,8923000.0,,,,,8974000.0,,,,1883000.0,1672000.0,,,0.08,0.08,,0.0,,-211000.0,,945000.0,,,,,,,,,,,,,,,,,,,,,,611000.0,,,,11512000.0,,,319000.0,,,,,,,,13504000.0,15619000.0,1928000.0,187000.0,,,,1157000.0,,0.045,9365000.0,,3439000.0,,1094000.0,1233000.0,2547000.0,934000.0,619000.0,107251000.0,307805000.0,35703000.0,,,4194000.0,,,,,,,38755000.0,,,,412000.0,289000.0,,,,,,,,1883000.0,,,,1839000.0,,,,,,-167000.0,,8746000.0,3302000.0,5444000.0,924000.0,8746000.0,,,,,,,,,,,,,,,,,3276000.0,,,,,,,,,,,,,,4000000.0,542000.0,617000.0,-30000.0,,,1676000.0,,,,,,,,,3631000.0,,,,,,,,312000.0,6643000.0,,2748000.0,,,,,,,1883000.0,,,,299932000.0,187567000.0,,,,,,100000.0,,,,140058000.0,,74637000.0,,610000.0,,,,,,600000.0,,,200000.0,200265000.0,200554000.0,,,,0.0,133000.0,,,,0.0,0.0,,,600000.0,5000000.0,,,,18000000.0,,,24952000.0,24341000.0,,,,,
2021-12-31,2022-03-10,10-K,TRECORA RESOURCES,TREC,CIK0000007039,USD,12075000.0,100000.0,,33111000.0,32811000.0,,,989000.0,,,,5873000.0,287000.0,294000.0,3123000.0,,,,63260000.0,,,,300000.0,0.0,0.0,181000.0,1837000.0,500000.0,293540000.0,88793000.0,,,,,,,,,,,,,,,,,,,30535000.0,,30535000.0,-25129000.0,250000.0,,0.0,0.0,,,,0.1,40000000.0,25000000.0,23600000.0,2499000.0,,,,244114000.0,,16415000.0,,,,,-552000.0,173000.0,,,,,1300000.0,,,-1910000.0,287000.0,,-1992000.0,32867000.0,24525000.0,,,-75000.0,253000.0,,,,3079000.0,8342000.0,,263000.0,,,,8342000.0,,1836000.0,0.0,,,,,1070000.0,,0.0,,24525000.0,,,,,29000.0,31126000.0,0.06,1.0,15459000.0,17296000.0,882000.0,,,,,,,,,,0.0,0.0,279000.0,,0.2,0.2,,,,1100000.0,,,0.0,,0.0,0.0,0.0,0.0,0.0,0.0,,0.0,0.0,0.0,0.0,0.0,0.0,0.0,0.0,0.0,,13492000.0,3325000.0,1822000.0,,1209000.0,1209000.0,1669000.0,1822000.0,24548000.0,11056000.0,,,,,6123000.0,26123000.0,,,0.0,,28576000.0,,,,4963000.0,2599000.0,,4963000.0,0.2,0.2,0.0,0.0,,-2364000.0,-3029000.0,0.0,,,546000.0,-1686000.0,,62000.0,0.0,-3293000.0,7510000.0,,,-2788000.0,,,8189000.0,,,-599000.0,-4885000.0,,,622000.0,0.0,,,11056000.0,,,1205000.0,,,986000.0,,,,,18574000.0,21134000.0,2348000.0,212000.0,,,,4501000.0,0.0,0.045,8700000.0,,3511000.0,149000.0,1123000.0,1298000.0,2619000.0,,550000.0,93567000.0,293540000.0,25995000.0,,41901000.0,4194000.0,,,,,,,37707000.0,,,,0.0,0.0,,-16206000.0,,-13298000.0,-13298000.0,4375000.0,4375000.0,4963000.0,,,,5683000.0,,,,,2.0,-3084000.0,4501000.0,8150000.0,3227000.0,4923000.0,3678000.0,8170000.0,,,,,,,,,,,,,,,,,988000.0,,,,,,,,,,,,,,4900000.0,626000.0,417000.0,486000.0,,,554000.0,,,,11486000.0,,,,,14152000.0,14152000.0,,,,,,,,4313000.0,,1145000.0,0.0,,,,0.0,,4963000.0,115703000.0,185521000.0,,301224000.0,,0.0,,,,,100000.0,4375000.0,,,145700000.0,272690000.0,,0.0,915000.0,,,,,,2247000.0,,,800000.0,199973000.0,199973000.0,,,,0.0,1529000.0,,,,,11486000.0,,192000.0,1400000.0,11486000.0,300000.0,,,19700000.0,,0.0,25081000.0,24459000.0,,129000.0,-124000.0,319000.0,4655000.0
