end,filed,form,Name,Ticker,CIK,Currency,AccountsPayableCurrent,AccountsReceivableGrossCurrent,AccountsReceivableNetCurrent,AccruedIncomeTaxesCurrent,AccruedLiabilitiesCurrent,AccumulatedDepreciationDepletionAndAmortizationPropertyPlantAndEquipment,AccumulatedOtherComprehensiveIncomeLossDefinedBenefitPensionAndOtherPostretirementPlansNetOfTax,AccumulatedOtherComprehensiveIncomeLossNetOfTax,AdditionalPaidInCapital,AdditionalPaidInCapitalCommonStock,AdjustmentsToAdditionalPaidInCapitalTaxEffectFromShareBasedCompensation,AdvertisingExpense,AllocatedShareBasedCompensationExpense,AllocatedShareBasedCompensationExpenseNetOfTax,AllowanceForDoubtfulAccountsReceivableCurrent,AntidilutiveSecuritiesExcludedFromComputationOfEarningsPerShareAmount,Assets,AssetsCurrent,AvailableForSaleDebtSecuritiesAccumulatedGrossUnrealizedGainBeforeTax,AvailableForSaleDebtSecuritiesAccumulatedGrossUnrealizedLossBeforeTax,AvailableForSaleDebtSecuritiesAmortizedCostBasis,AvailableForSaleSecurities,AvailableForSaleSecuritiesAccumulatedGrossUnrealizedGainBeforeTax,AvailableForSaleSecuritiesAccumulatedGrossUnrealizedGainLossBeforeTax,AvailableForSaleSecuritiesAccumulatedGrossUnrealizedLossBeforeTax,AvailableForSaleSecuritiesAmortizedCost,AvailableForSaleSecuritiesDebtSecurities,AvailableForSaleSecuritiesDebtSecuritiesCurrent,AvailableForSaleSecuritiesDebtSecuritiesNoncurrent,AvailableForSaleSecuritiesFairValueDisclosure,AvailableForSaleSecuritiesGrossUnrealizedGainLoss,AvailableForSaleSecuritiesGrossUnrealizedGains,AvailableForSaleSecuritiesGrossUnrealizedLoss,AvailableForSaleSecuritiesGrossUnrealizedLosses1,AvailableforsaleSecuritiesGrossRealizedGainLossExcludingOtherThanTemporaryImpairments,AvailableforsaleSecuritiesGrossUnrealizedGain,AvailableforsaleSecuritiesGrossUnrealizedGainLoss1,CapitalLeasesFutureMinimumPaymentsDue,CapitalLeasesFutureMinimumPaymentsDueCurrent,CapitalLeasesFutureMinimumPaymentsDueInFiveYears,CapitalLeasesFutureMinimumPaymentsDueInFourYears,CapitalLeasesFutureMinimumPaymentsDueInThreeYears,CapitalLeasesFutureMinimumPaymentsDueInTwoYears,CapitalLeasesFutureMinimumPaymentsDueThereafter,CashAndCashEquivalentsAtCarryingValue,CashAndCashEquivalentsPeriodIncreaseDecrease,CashCashEquivalentsRestrictedCashAndRestrictedCashEquivalentsPeriodIncreaseDecreaseExcludingExchangeRateEffect,CommonStockDividendsPerShareCashPaid,CommonStockParOrStatedValuePerShare,CommonStockSharesAuthorized,CommonStockSharesIssued,CommonStockSharesOutstanding,CommonStockValue,CommonStockValueOutstanding,ComprehensiveIncomeNetOfTax,ContractWithCustomerLiabilityCurrent,CostOfGoodsAndServicesSold,CostOfGoodsSold,CumulativeEffectOfNewAccountingPrincipleInPeriodOfAdoption,CurrentFederalTaxExpenseBenefit,CurrentStateAndLocalTaxExpenseBenefit,DebtSecuritiesAvailableForSaleAccumulatedGrossUnrealizedGainLossBeforeTax,DebtSecuritiesAvailableForSaleRealizedGainLoss,DeferredFederalIncomeTaxExpenseBenefit,DeferredIncomeTaxAssetsNet,DeferredIncomeTaxExpenseBenefit,DeferredRevenue,DeferredRevenueCurrent,DeferredStateAndLocalIncomeTaxExpenseBenefit,DeferredTaxAssetsLiabilitiesNet,DeferredTaxAssetsNet,DeferredTaxAssetsNetCurrent,DeferredTaxAssetsNetNoncurrent,DeferredTaxAssetsOperatingLossCarryforwardsStateAndLocal,DeferredTaxAssetsOther,DeferredTaxAssetsStateTaxes,DeferredTaxAssetsTaxDeferredExpenseCompensationAndBenefitsPensions,DeferredTaxAssetsTaxDeferredExpenseCompensationAndBenefitsShareBasedCompensationCost,DeferredTaxAssetsValuationAllowance,DeferredTaxLiabilities,DeferredTaxLiabilitiesInvestmentInNoncontrolledAffiliates,DeferredTaxLiabilitiesNoncurrent,DeferredTaxLiabilitiesPropertyPlantAndEquipment,DefinedBenefitPensionPlanLiabilitiesNoncurrent,DefinedBenefitPlanAmountToBeAmortizedFromAccumulatedOtherComprehensiveIncomeLossNextFiscalYear,DefinedBenefitPlanContributionsByEmployer,DefinedBenefitPlanExpectedAmortizationNextFiscalYear,DefinedBenefitPlanExpectedAmortizationOfGainLossNextFiscalYear,DefinedBenefitPlanExpectedAmortizationOfPriorServiceCostCreditNextFiscalYear,DefinedBenefitPlanExpectedAmortizationOfTransitionAssetObligationNextFiscalYear,DefinedBenefitPlanFundedStatusOfPlan,DefinedBenefitPlanFutureAmortizationOfGainLoss,DefinedBenefitPlanNetPeriodicBenefitCost,DefinedBenefitPlanRecognizedNetGainLossDueToSettlements1,DefinedBenefitPlanTargetPlanAssetAllocations,DefinedBenefitPlanWeightedAverageAssetAllocations,DefinedContributionPlanEmployerDiscretionaryContributionAmount,DefinedContributionPlanEmployerMatchingContributionPercent,DefinedContributionPlanMaximumAnnualContributionsPerEmployeePercent,Depreciation,DepreciationAndAmortization,DepreciationDepletionAndAmortization,DistributedEarnings,DividendsCommonStock,DividendsCommonStockCash,EarningsPerShareBasic,EarningsPerShareBasicDistributed,EarningsPerShareBasicUndistributed,EarningsPerShareDiluted,EarningsPerShareDilutedDistributed,EarningsPerShareDilutedUndistributed,EffectiveIncomeTaxRateContinuingOperations,EffectiveIncomeTaxRateReconciliationAtFederalStatutoryIncomeTaxRate,EffectiveIncomeTaxRateReconciliationChangeInDeferredTaxAssetsValuationAllowance,EffectiveIncomeTaxRateReconciliationChangeInEnactedTaxRate,EffectiveIncomeTaxRateReconciliationDeductions,EffectiveIncomeTaxRateReconciliationNondeductibleExpense,EffectiveIncomeTaxRateReconciliationOtherAdjustments,EffectiveIncomeTaxRateReconciliationStateAndLocalIncomeTaxes,EffectiveIncomeTaxRateReconciliationTaxContingencies,EffectiveIncomeTaxRateReconciliationTaxCredits,EffectiveIncomeTaxRateReconciliationTaxCreditsResearch,EffectiveIncomeTaxRateReconciliationTaxExemptIncome,EmployeeRelatedLiabilitiesCurrent,ExcessTaxBenefitFromShareBasedCompensationFinancingActivities,ExcessTaxBenefitFromShareBasedCompensationOperatingActivities,FairValueAssetsLevel1ToLevel2TransfersAmount,FairValueAssetsLevel2ToLevel1TransfersAmount,FairValueMeasurementWithUnobservableInputsReconciliationRecurringBasisAssetTransfersIntoLevel3,FairValueMeasurementWithUnobservableInputsReconciliationRecurringBasisAssetTransfersOutOfLevel3,GainLossOnDispositionOfAssets1,GainLossOnSaleOfPropertyPlantEquipment,Goodwill,GoodwillAndIntangibleAssetImpairment,GrossProfit,IncomeLossFromContinuingOperationsBeforeIncomeTaxesExtraordinaryItemsNoncontrollingInterest,IncomeLossFromContinuingOperationsBeforeIncomeTaxesMinorityInterestAndIncomeLossFromEquityMethodInvestments,IncomeTaxExpenseBenefit,IncomeTaxExpenseBenefitContinuingOperationsAdjustmentOfDeferredTaxAssetLiability,IncomeTaxesPaidNet,IncomeTaxesReceivable,IncomeTaxReconciliationTaxCredits,IncreaseDecreaseInAccountsPayable,IncreaseDecreaseInAccountsReceivable,IncreaseDecreaseInAccruedIncomeTaxesPayable,IncreaseDecreaseInAccruedLiabilitiesAndOtherOperatingLiabilities,IncreaseDecreaseInIncomeTaxesReceivable,IncreaseDecreaseInInventories,IncreaseDecreaseInOtherAccruedLiabilities,IncreaseDecreaseInOtherNoncurrentAssets,IncreaseDecreaseInOtherNoncurrentLiabilities,IncreaseDecreaseInPrepaidDeferredExpenseAndOtherAssets,IncrementalCommonSharesAttributableToNonvestedSharesWithForfeitableDividends,IncrementalCommonSharesAttributableToParticipatingNonvestedSharesWithNonForfeitableDividendRights,IncrementalCommonSharesAttributableToShareBasedPaymentArrangements,IntangibleAssetsNetExcludingGoodwill,InventoryFinishedGoodsNetOfReserves,InventoryNet,InventoryRawMaterialsAndSuppliesNetOfReserves,InventoryWorkInProcessNetOfReserves,InvestmentIncomeInterest,LesseeOperatingLeaseLiabilityPaymentsDueInRollingYearThree,LesseeOperatingLeaseLiabilityPaymentsDueInRollingYearTwo,LesseeOperatingLeaseLiabilityPaymentsDueNextRollingTwelveMonths,LessorOperatingLeasePaymentsToBeReceived,LessorOperatingLeasePaymentsToBeReceivedNextTwelveMonths,LessorOperatingLeasePaymentsToBeReceivedRemainderOfFiscalYear,LessorOperatingLeasePaymentsToBeReceivedThreeYears,LessorOperatingLeasePaymentsToBeReceivedTwoYears,Liabilities,LiabilitiesAndStockholdersEquity,LiabilitiesCurrent,MarketableSecuritiesRealizedGainLoss,NetCashProvidedByUsedInFinancingActivities,NetCashProvidedByUsedInFinancingActivitiesContinuingOperations,NetCashProvidedByUsedInInvestingActivities,NetCashProvidedByUsedInInvestingActivitiesContinuingOperations,NetCashProvidedByUsedInOperatingActivities,NetCashProvidedByUsedInOperatingActivitiesContinuingOperations,NetIncomeLoss,NetIncomeLossAvailableToCommonStockholdersBasic,NumberOfReportableSegments,NumberOfReportableSegments,NumberOfReportableSegments,OperatingIncomeLoss,OperatingLeaseLeaseIncome,OperatingLeasesFutureMinimumPaymentsDue,OperatingLeasesFutureMinimumPaymentsDueCurrent,OperatingLeasesFutureMinimumPaymentsDueInFiveYears,OperatingLeasesFutureMinimumPaymentsDueInFourYears,OperatingLeasesFutureMinimumPaymentsDueInThreeYears,OperatingLeasesFutureMinimumPaymentsDueInTwoYears,OperatingLeasesFutureMinimumPaymentsDueThereafter,OperatingLeasesRentExpenseNet,OtherAccruedLiabilitiesCurrent,OtherAssetsNoncurrent,OtherComprehensiveIncomeAvailableforsaleSecuritiesAdjustmentNetOfTaxPortionAttributableToParent,OtherComprehensiveIncomeDefinedBenefitPlansAdjustmentNetOfTaxPortionAttributableToParent,OtherComprehensiveIncomeLossAmortizationAdjustmentFromAOCIPensionAndOtherPostretirementBenefitPlansForNetPriorServiceCostCreditNetOfTax,OtherComprehensiveIncomeLossAvailableForSaleSecuritiesAdjustmentNetOfTax,OtherComprehensiveIncomeLossBeforeTax,OtherComprehensiveIncomeLossFinalizationOfPensionAndNonPensionPostretirementPlanValuationNetOfTax,OtherComprehensiveIncomeLossNetOfTax,OtherComprehensiveIncomeLossPensionAndOtherPostretirementBenefitPlansAdjustmentBeforeTax,OtherComprehensiveIncomeLossPensionAndOtherPostretirementBenefitPlansAdjustmentNetOfTax,OtherComprehensiveIncomeLossPensionAndOtherPostretirementBenefitPlansTax,OtherComprehensiveIncomeLossReclassificationAdjustmentForSaleOfSecuritiesIncludedInNetIncomeNetOfTax,OtherComprehensiveIncomeLossReclassificationAdjustmentForSaleOfSecuritiesIncludedInNetIncomeTax,OtherComprehensiveIncomeLossReclassificationAdjustmentFromAOCIForSaleOfSecuritiesBeforeTax,OtherComprehensiveIncomeLossReclassificationAdjustmentFromAOCIForSaleOfSecuritiesNetOfTax,OtherComprehensiveIncomeLossTax,OtherComprehensiveIncomeMinimumPensionLiabilityNetAdjustmentNetOfTax,OtherComprehensiveIncomeUnrealizedHoldingGainLossOnSecuritiesArisingDuringPeriodBeforeTax,OtherComprehensiveIncomeUnrealizedHoldingGainLossOnSecuritiesArisingDuringPeriodNetOfTax,OtherComprehensiveIncomeUnrealizedHoldingGainLossOnSecuritiesArisingDuringPeriodTax,OtherLiabilitiesNoncurrent,OtherNoncashIncome,OtherNonoperatingIncome,OtherNonoperatingIncomeExpense,OtherReceivablesGrossCurrent,OtherReceivablesNetCurrent,PaymentsForProceedsFromInvestments,PaymentsForProceedsFromOtherInvestingActivities,PaymentsForRepurchaseOfCommonStock,PaymentsOfDividends,PaymentsToAcquireAvailableForSaleSecuritiesDebt,PaymentsToAcquireInterestInJointVenture,PaymentsToAcquireMarketableSecurities,PaymentsToAcquirePropertyPlantAndEquipment,PreferredStockParOrStatedValuePerShare,PreferredStockSharesAuthorized,PreferredStockSharesIssued,PreferredStockValue,PrepaidExpenseAndOtherAssetsCurrent,PrepaidExpenseCurrentAndNoncurrent,ProceedsFromSaleAndMaturityOfAvailableForSaleSecurities,ProceedsFromSaleAndMaturityOfMarketableSecurities,ProceedsFromSaleOfAvailableForSaleSecuritiesDebt,ProceedsFromSaleOfProductiveAssets,ProceedsFromSaleOfPropertyPlantAndEquipment,ProceedsFromStockOptionsExercised,ProductWarrantyAccrual,ProductWarrantyAccrualClassifiedCurrent,ProductWarrantyAccrualPayments,ProductWarrantyAccrualPreexistingIncreaseDecrease,ProductWarrantyAccrualWarrantiesIssued,ProfitLoss,PropertyPlantAndEquipmentGross,PropertyPlantAndEquipmentNet,PurchaseObligation,RepaymentsOfLongTermCapitalLeaseObligations,ResearchAndDevelopmentExpense,RetainedEarningsAccumulatedDeficit,RevenueFromContractWithCustomerIncludingAssessedTax,SalesRevenueNet,SellingGeneralAndAdministrativeExpense,ShareBasedCompensation,ShareBasedCompensationArrangementByShareBasedPaymentAwardNumberOfSharesAuthorized,ShareBasedCompensationArrangementByShareBasedPaymentAwardNumberOfSharesAvailableForGrant,ShareBasedCompensationArrangementByShareBasedPaymentAwardSharesPurchasedForAward,SharesIssuedPricePerShare,StockholdersEquity,StockIssuedDuringPeriodValueEmployeeStockPurchasePlan,StockIssuedDuringPeriodValueShareBasedCompensation,StockRepurchasedAndRetiredDuringPeriodValue,TaxCutsAndJobsActOf2017ReclassificationFromAociToRetainedEarningsTaxEffect,UndistributedEarnings,UnrecognizedTaxBenefits,UnrecognizedTaxBenefitsIncreasesResultingFromCurrentPeriodTaxPositions,UnrecognizedTaxBenefitsIncreasesResultingFromPriorPeriodTaxPositions,WeightedAverageNumberOfDilutedSharesOutstanding,WeightedAverageNumberOfShareOutstandingBasicAndDiluted,WeightedAverageNumberOfSharesIssuedBasic,WeightedAverageNumberOfSharesOutstandingBasic,WeightedAverageNumberOfSharesRestrictedStock,CashCashEquivalentsRestrictedCashAndRestrictedCashEquivalents,DeferredFinanceCostsNet,OtherComprehensiveIncomeLossFinalizationOfPensionAndNonPensionPostretirementPlanValuationBeforeTax
2008-12-31,2009-03-05,10-K,MARINE PRODUCTS CORPORATION,MPX,CIK0001129155,USD,,,,,,,,,,,,,,,,,,,,,,,,,,,,,,,,,,,,,,,,,,,,,4622000.0,,,,,,,,,,,,,,,,,,,,,,,,,,,,,,,,,,,,,,,,,,,,,,,,,,,,,,,,,,,,,,,,,,,,,,,,,,,,,,,,,,,,,,,,,,,,,,,,,,,,,,,,,,,,,,,,,,,,,,,,,,,,,,,,,,,,,,,,,,,,,,,,,,,,,,,,,,,,,,,,,,,,,,,,,,,,,,,,,,,,,,,,,,,,,,,,,,,,,,,,,,,,,,,,,,,,,,,,,90789000.0,,,,,,,,,,,,,,,,
2009-12-31,2010-03-10,10-K,MARINE PRODUCTS CORPORATION,MPX,CIK0001129155,USD,,,,,,,,,,,453000.0,,,,36000.0,,,,,,,,,,,,,,,,,,,,,,,,,,,,,,2573000.0,-2049000.0,,0.01,,,,,,,,,,45996000.0,,,,,,,,-854000.0,,,,,,,,,,,,,3459000.0,,,,,,,,,,,,,,,,,,,,,1354000.0,,,,,369000.0,-0.3,,,-0.3,,,,,,,,,,,,,,,,453000.0,453000.0,,,,,,15000.0,,,-6557000.0,,-17500000.0,-6807000.0,,,,,535000.0,-4310000.0,,,3325000.0,-2966000.0,-3570000.0,733000.0,899000.0,1102000.0,,,,,,,,,1663000.0,,,,,,,,,,,,,-429000.0,,7416000.0,,-9036000.0,,-10693000.0,,,,,-19163000.0,,,,,,,,,,,,,,,,,,,,,,,,,,,-408000.0,,115000.0,,,,,,,,,,537000.0,369000.0,,,14858000.0,85000.0,,,,,,,,22344000.0,,,15000.0,24000.0,,,,,,,,,,,,,,39439000.0,12606000.0,1645000.0,,,,,81512000.0,1504000.0,,,,,,,,,,,,,,,
2010-06-30,2010-08-06,10-Q,MARINE PRODUCTS CORPORATION,MPX,CIK0001129155,USD,,,,,,,,,,,,,,,,,,,,,,,,,,,,,,,,,,,,,,,,,,,,,8961000.0,,,,,,,,,,,,,25080000.0,,,,,,,,,,,,,,,,,,,,,,,,,,,,,,,,,,,,,,,,,,,,,,,,0.07,,,0.07,,,,,,,,,,,,,,,,,,,,,,,,,,6597000.0,,2822000.0,357000.0,,,,,,,,,,,,,,,,,,,,,,,290000.0,,,,,,,,,,,,,,,,,,,2465000.0,,,,,2532000.0,,,,,,,,,,,,,,,,,,,,,,,,,,,,,,,,,,,,,,,,,,,,,,,,,,,,,,,,,,,,,,,,,,,,,,31677000.0,4065000.0,,,,,,,,,,,,,,,36703000.0,,,36182000.0,,,,
2010-09-30,2010-11-04,10-Q,MARINE PRODUCTS CORPORATION,MPX,CIK0001129155,USD,,,,,,,,,,,,,,,,,,,,,,,,,,,,,,,,,,,,,,,,,,,,,9053000.0,,,,,,,,,,,,,19951000.0,,,,,,,,,,,,,,,,,,,,,,,,,,,,,,,,,,,,,,,,,,,,,,,,0.03,,,0.03,,,,,,,,,,,,,,,,,,,,,,,,,,4076000.0,,1455000.0,455000.0,,,,,,,,,,,,,,,,,,,,,,,278000.0,,,,,,,,,,,,,,,,,,,1000000.0,,,,,1177000.0,,,,,,,,,,,,,,,,,,,,,,,,,,,,,,,,,,,,,,,,,,,,,,,,,,,,,,,,,,,,,,,,,,,,,,24027000.0,2899000.0,,,,,,,,,,,,,,,36586000.0,,,36190000.0,,,,
2010-12-31,2011-03-04,10-K,MARINE PRODUCTS CORPORATION,MPX,CIK0001129155,USD,1884000.0,,1178000.0,,,,-1162000.0,-996000.0,371000.0,,,1030000.0,,,31000.0,,102809000.0,48273000.0,,,,,,,,,,12826000.0,30007000.0,,,,,,,,,,,,,,,,9535000.0,6962000.0,,,0.1,74000000.0,37075096.0,37075096.0,3708000.0,,3723000.0,,,83298000.0,,989000.0,182000.0,,,165000.0,,-132000.0,,,-297000.0,,,920000.0,3243000.0,,,,,,3677000.0,,,,,5581000.0,,,,,,,,,,,,,,,,1081000.0,1081000.0,,,,,0.11,,,0.11,,,0.212,0.34,0.045,,-0.032,,0.016,0.014,,-0.105,,-0.066,,,,,,,,,37000.0,3308000.0,,17713000.0,4892000.0,4892000.0,1039000.0,,-4743000.0,481000.0,,-88000.0,-87000.0,68000.0,,-5823000.0,2395000.0,-163000.0,20000.0,-72000.0,-1332000.0,,,,465000.0,,21882000.0,,,1172000.0,,,,,,,,,16504000.0,102809000.0,10500000.0,28000.0,-199000.0,-199000.0,-3718000.0,-3718000.0,10879000.0,10879000.0,3853000.0,,,,,3720000.0,,,,,,,,,113000.0,,5097000.0,-116000.0,14000.0,,,,,,,,,28000.0,,,,,14000.0,,-116000.0,,423000.0,,,,,,,,244000.0,,,,29147000.0,191000.0,0.1,1000000.0,,,1451000.0,,,25579000.0,,41000.0,41000.0,45000.0,2550000.0,,,,,,,12416000.0,,,489000.0,83222000.0,,101011000.0,13993000.0,1542000.0,,,,,86305000.0,1314000.0,1314000.0,-244000.0,,3853000.0,,,,36668000.0,,,36179000.0,,,,
2011-03-31,2011-05-05,10-Q,MARINE PRODUCTS CORPORATION,MPX,CIK0001129155,USD,,,,,,,,,,,,,,,,,,,,,,,,,,,,,,,,,,,,,,,,,,,,,6047000.0,-3488000.0,,,,,,,,,693000.0,,,22688000.0,,,,,,,,33000.0,,,,,,,,,,,,,,,,,,,,,,,,,,,,,,,,,,,,249000.0,,,,0.02,,,0.02,,,,,,,,,,,,,,,,77000.0,77000.0,,,,,,,,,4460000.0,840000.0,,174000.0,,12000.0,,,2867000.0,1633000.0,17000.0,745000.0,-129000.0,-416000.0,,49000.0,-98000.0,-246000.0,,,,,,,,,236000.0,,,,,,,,,,,,,,-368000.0,,-6977000.0,,3857000.0,666000.0,,,,,604000.0,,,,,,,,,,,,21000.0,-6000.0,,,,,,,,,,,,,,,,,,,,,,,,,,447000.0,,,,10419000.0,33000.0,,,,,,,,,,,,2000.0,,,,,,,,,,,,,,27148000.0,3856000.0,346000.0,,,,,,,,,,,,,,36857.0,,,36287.0,,,,
2011-06-30,2011-08-01,10-Q,MARINE PRODUCTS CORPORATION,MPX,CIK0001129155,USD,3371000.0,,2930000.0,,,,,-901000.0,604000.0,,,,372000.0,240000.0,,,106897000.0,42923000.0,,,,,,,,,,13170000.0,39950000.0,,,,,,,,,,,,,,,,3450000.0,,,,,,,,3741000.0,,1297000.0,,,24191000.0,,,,,,,,,,,,,,984000.0,3146000.0,,,,,,,,,,,5504000.0,,,,,,,,,,,,,,,,,,,,,,0.03,,0.03,0.03,,0.03,0.176,,,,,,,,,,,,,,,,,,,,,3308000.0,,4907000.0,1491000.0,1491000.0,262000.0,,,17000.0,,,,,,,,,,,,1008000.0,,387000.0,465000.0,,21034000.0,,,272000.0,,,,,,,,,18336000.0,106897000.0,12410000.0,,,,,,,,1229000.0,,,,,1219000.0,,,,,,,,,,,5116000.0,62000.0,-6000.0,,,,,,,,,25000.0,,,,,,,,,422000.0,,,,,,,,,,,,,,,,,,1338000.0,,,,,,,,2852000.0,,,,,,,11989000.0,,,,85117000.0,,29098000.0,3688000.0,,,,,,88561000.0,,,,,1229000.0,,,,36781000.0,,35386000.0,36394000.0,1008000.0,,,
2011-09-30,2011-11-03,10-Q,MARINE PRODUCTS CORPORATION,MPX,CIK0001129155,USD,7046000.0,,2090000.0,,,,,-932000.0,979000.0,,,,372000.0,240000.0,,,112144000.0,47631000.0,,,,,,,,,,14751000.0,40792000.0,,,,,,,,,,,,,,,,5453000.0,,,,,,,,3738000.0,,1169000.0,,,17620000.0,,,,,,,,,,,,,,874000.0,3143000.0,,,,,,,,,,,5368000.0,,,,,,,,,,,,,,,,,,,,,,0.03,,0.03,0.03,,0.03,0.305,,,,,,,,,,,,,,,,,,,,,3308000.0,,4634000.0,1727000.0,1727000.0,527000.0,,,,,,,,,,,,,,,995000.0,,170000.0,465000.0,,23140000.0,,,233000.0,,,,,,,,,22042000.0,112144000.0,16245000.0,,,,,,,,1200000.0,,,,,1494000.0,,,,,,,,,,,4943000.0,-38000.0,-7000.0,,,,,,,,,25000.0,,,,,,,,,429000.0,,,,,,,,,,,,,,,,,,1323000.0,,,,,,,,2406000.0,,,,,,,11862000.0,,,,86317000.0,,22254000.0,3140000.0,,,,,,90102000.0,,,,,1200000.0,,,,36574000.0,,35409000.0,36404000.0,995000.0,,,
2011-12-31,2012-02-29,10-K,MARINE PRODUCTS CORPORATION,MPX,CIK0001129155,USD,2992000.0,2236000.0,2209000.0,,,23477000.0,1666000.0,-1458000.0,1185000.0,1185000.0,77000.0,1353000.0,,,27000.0,,110837000.0,42955000.0,,,,,,,,53776000.0,,12402000.0,41699000.0,54101000.0,325000.0,,,-29000.0,,354000.0,,,,,,,,,956000.0,-8579000.0,,,0.1,74000000.0,37375469.0,37375469.0,3738000.0,3738000.0,6269000.0,,86931000.0,86931000.0,,1757000.0,-14000.0,,,-90000.0,,-76000.0,899000.0,,14000.0,4358000.0,5031000.0,1021000.0,3337000.0,4099000.0,267000.0,,2242000.0,755000.0,3783000.0,673000.0,,57000.0,,6315000.0,,,,,,,978000.0,,,,,1.0,,,,889000.0,889000.0,,,,,0.19,,,0.18,,,0.199,0.34,,,-0.02,,-0.015,0.008,,,-0.002,-0.03,1134000.0,77000.0,77000.0,,,,,,,3308000.0,,19506000.0,8398000.0,8398000.0,1667000.0,,880000.0,,,1108000.0,1031000.0,327000.0,,-558000.0,3025000.0,-1281000.0,67000.0,-21000.0,10000.0,,,,465000.0,3324000.0,24907000.0,15892000.0,5691000.0,997000.0,,,,,,,,,17419000.0,110837000.0,10654000.0,64000.0,-316000.0,-316000.0,-11559000.0,-11559000.0,3296000.0,3296000.0,6731000.0,,,,,5376000.0,,,,,,,,,121000.0,995000.0,7189000.0,42000.0,504000.0,,,-653000.0,,-41000.0,-782000.0,504000.0,278000.0,64000.0,-41000.0,,64000.0,232000.0,504000.0,129000.0,42000.0,-46000.0,450000.0,2025000.0,2025000.0,2025000.0,,143000.0,3671000.0,-3671000.0,447000.0,,,,36106000.0,357000.0,0.1,1000000.0,,,1460000.0,155000.0,,24904000.0,,,,54000.0,1973000.0,1973000.0,-1608000.0,-1030000.0,2061000.0,,35361000.0,11884000.0,,,789000.0,89953000.0,,106437000.0,14130000.0,1296000.0,,,,,93418000.0,1340000.0,1340000.0,573000.0,,6731000.0,23000.0,,,36735000.0,,,36372000.0,,,,
2012-03-31,2012-05-02,10-Q,MARINE PRODUCTS CORPORATION,MPX,CIK0001129155,USD,6112000.0,,3312000.0,,,,-1656000.0,-1399000.0,1188000.0,,130000.0,,376000.0,243000.0,,,116651000.0,50326000.0,,,,,,,,,,11868000.0,41250000.0,,,,,,,,,,,,,,,,6782000.0,5826000.0,,0.02,,,,,,3783000.0,1691000.0,,,30853000.0,,,,,,,,341000.0,,,,,,1008000.0,2873000.0,,,,,,,,,,,5904000.0,,,,,,,,,,,,,,,,,,196000.0,,755000.0,-755000.0,0.04,,,0.04,,,0.288,,,,,,,,,,,,,130000.0,130000.0,,,,,,,3308000.0,,6996000.0,2292000.0,,660000.0,,898000.0,368000.0,,3120000.0,1103000.0,-202000.0,2451000.0,368000.0,882000.0,,-530000.0,-394000.0,-261000.0,1097000.0,,190000.0,465000.0,,25789000.0,,,239000.0,,,,,,,,,22249000.0,116651000.0,15893000.0,,,-979000.0,,977000.0,,5828000.0,1632000.0,,,,,2053000.0,,,,,,,,,,,6659000.0,49000.0,-10000.0,,,37000.0,,59000.0,,10000.0,,38000.0,,,,-13000.0,,37000.0,49000.0,-13000.0,452000.0,,,,,,,,451000.0,755000.0,,,5513000.0,82000.0,,,,,1199000.0,,,,,,,97000.0,2151000.0,,-419000.0,31000.0,566000.0,,,11770000.0,,,,90830000.0,,37849000.0,4943000.0,376000.0,,,,,94402000.0,1090000.0,,-1172000.0,,877000.0,,,,36819000.0,,35532000.0,36629000.0,1097000.0,,,
2012-06-30,2012-08-02,10-Q,MARINE PRODUCTS CORPORATION,MPX,CIK0001129155,USD,5906000.0,,3166000.0,,,,-1646000.0,-1391000.0,1276000.0,,,,379000.0,244000.0,,,118380000.0,43810000.0,,,,,,,,55302000.0,,6180000.0,49520000.0,55700000.0,397000.0,,,-11000.0,,408000.0,,,,,,,,,3010000.0,,,0.02,,,,,,3778000.0,2181000.0,,,31159000.0,,,,,,,,,,,,,,1066000.0,3017000.0,,,,,,,,,,,5814000.0,,,,,,,,,,,,,,,,,,,,755000.0,,0.06,0.02,0.04,0.06,0.02,0.04,0.279,,,,,,,,,,,,,,,,,,,,,3308000.0,,7295000.0,3013000.0,,840000.0,,,,,,,,,,,,,,,1138000.0,,42000.0,465000.0,4225000.0,29026000.0,19185000.0,5616000.0,253000.0,,,,,,,,,22469000.0,118380000.0,16196000.0,,,,,,,,2173000.0,,,,,2760000.0,,,,,,,,,,,6583000.0,-2000.0,-10000.0,,,,,,,-10000.0,,74000.0,,,74000.0,,,,-2000.0,,459000.0,,,,,,,,,,,,,,,,,,1362000.0,,,,,,,,2327000.0,,,,,,,11677000.0,,,,92248000.0,,38454000.0,4535000.0,,,,,,95911000.0,,,,,1418000.0,,,,36710000.0,,35530000.0,36668000.0,1138000.0,,,
2012-09-30,2012-11-01,10-Q,MARINE PRODUCTS CORPORATION,MPX,CIK0001129155,USD,7045000.0,,3196000.0,,,,1636000.0,-1319000.0,1711000.0,,,,380000.0,245000.0,,42000.0,121819000.0,48105000.0,,,,,,,,55371000.0,,7315000.0,48549000.0,55864000.0,493000.0,,,-1000.0,,494000.0,,,,,,,,,6575000.0,,,0.02,,,,,,3778000.0,2182000.0,,,31120000.0,,,,,,,,,,,,,,1071000.0,3139000.0,,,,,,,,,,,5959000.0,,,,,,,,,,,,,,,,,,,,754000.0,,0.06,0.02,0.04,0.06,0.02,0.04,0.289,,,,,,,,,,,,,,,,,,,,,3308000.0,,7374000.0,2969000.0,,859000.0,,,,,,,,,,,,,,,1134000.0,,110000.0,465000.0,2616000.0,28396000.0,19097000.0,6683000.0,196000.0,,,,,,,,,24045000.0,121819000.0,17628000.0,,,,,,,,2110000.0,,,,,2773000.0,,,,,,,,,,,6678000.0,62000.0,-10000.0,,,,,,,-10000.0,,36000.0,,,36000.0,,,,62000.0,,458000.0,,,,,,,,,,,,,,,,,,1552000.0,,,,,,,,2477000.0,,,,,,,11575000.0,,,,93604000.0,,38494000.0,4601000.0,,,,,,97774000.0,,,,,1356000.0,,,,36758000.0,,35514000.0,36648000.0,1134000.0,,,
2012-12-31,2013-03-01,10-K,MARINE PRODUCTS CORPORATION,MPX,CIK0001129155,USD,4246000.0,1816000.0,1794000.0,,,24245000.0,1771000.0,-1572000.0,,2417000.0,379000.0,2000000.0,,,22000.0,,97315000.0,36035000.0,,,,36923000.0,,,,36612000.0,,1150000.0,35773000.0,36923000.0,312000.0,332000.0,20000.0,-20000.0,,332000.0,312000.0,916000.0,157000.0,144000.0,161000.0,158000.0,162000.0,134000.0,1648000.0,692000.0,,0.63,0.1,74000000.0,37820521.0,37820521.0,3782000.0,3782000.0,6865000.0,,121746000.0,121746000.0,,3146000.0,94000.0,,,-493000.0,,-498000.0,1389000.0,,-5000.0,4814000.0,5513000.0,1283000.0,3531000.0,4450000.0,331000.0,,2212000.0,838000.0,4155000.0,699000.0,,48000.0,,6232000.0,,,,,,,-413000.0,,,,1.0,1.0,164000.0,,,768000.0,768000.0,,,,23812000.0,0.19,,,0.19,,,0.282,0.34,,,-0.03,,-0.004,0.005,,,,-0.023,1122000.0,379000.0,379000.0,,,,,,,3308000.0,,27204000.0,9721000.0,,2742000.0,,3655000.0,394000.0,,1254000.0,-415000.0,-14000.0,,394000.0,3252000.0,1731000.0,-456000.0,-232000.0,147000.0,,,,465000.0,4357000.0,28159000.0,17205000.0,6597000.0,960000.0,,,,,,,,,19568000.0,97315000.0,13246000.0,290000.0,,-24301000.0,,16811000.0,,8182000.0,6979000.0,,,1.0,,8761000.0,,,,,,,,,106000.0,641000.0,6733000.0,-9000.0,105000.0,,,-464000.0,,-114000.0,-163000.0,105000.0,58000.0,290000.0,-187000.0,,290000.0,165000.0,,277000.0,-9000.0,-99000.0,90000.0,,,,,209000.0,,,960000.0,23812000.0,,,34082000.0,354000.0,0.1,1000000.0,,,1607000.0,264000.0,,51247000.0,,,,467000.0,2522000.0,2522000.0,1696000.0,40000.0,2205000.0,,35715000.0,11470000.0,10700000.0,375000.0,768000.0,73120000.0,,148950000.0,18443000.0,1495000.0,,,,,77747000.0,,2680000.0,1783000.0,,-16833000.0,14000.0,,,36804.0,,,36656.0,,,,
2013-03-31,2013-05-01,10-Q,MARINE PRODUCTS CORPORATION,MPX,CIK0001129155,USD,7194000.0,,3138000.0,,,,-1760000.0,-1548000.0,,2283000.0,82000.0,,415000.0,268000.0,,,101871000.0,40771000.0,,,,,,,,36969000.0,,1455000.0,35844000.0,37299000.0,330000.0,,,-8000.0,23000.0,338000.0,,,,,,,,,6345000.0,4697000.0,,0.03,,,,,,3811000.0,1473000.0,,37171000.0,37171000.0,,,,,,,,193000.0,,,,,,1298000.0,3242000.0,,,,,,,,,,,6406000.0,,,,,,,,,,,,,,,,,,186000.0,,1141000.0,1141000.0,0.04,,,0.04,,,0.106,,,,,,,,,,,,,82000.0,82000.0,,,,,,,3308000.0,,7112000.0,1621000.0,,172000.0,,451000.0,966000.0,244000.0,2948000.0,1344000.0,104000.0,1189000.0,572000.0,-1642000.0,,152000.0,187000.0,-555000.0,1246000.0,,208000.0,465000.0,3854000.0,26517000.0,15952000.0,6711000.0,149000.0,,,,,,,,,23897000.0,101871000.0,17405000.0,,,-1593000.0,,-428000.0,,6718000.0,1449000.0,,1.0,,,1472000.0,,,,,,,,,,,6885000.0,13000.0,-11000.0,,,-3000.0,,24000.0,,-11000.0,,23000.0,,23000.0,15000.0,1000.0,,-3000.0,13000.0,1000.0,86000.0,,,,,,,,534000.0,1141000.0,,,2955000.0,72000.0,,,,,1052000.0,,,,,,,,2775000.0,,496000.0,87000.0,662000.0,,,11356000.0,11700000.0,,,73428000.0,,44283000.0,5640000.0,415000.0,,,,,77974000.0,,346000.0,533000.0,,308000.0,,,,37003000.0,,35549000.0,36795000.0,1246000.0,,,
2013-06-30,2013-07-31,10-Q,MARINE PRODUCTS CORPORATION,MPX,CIK0001129155,USD,8647000.0,,4389000.0,,,,-1750000.0,-1731000.0,,2684000.0,,,429000.0,277000.0,,,103234000.0,45424000.0,,,,36247000.0,,,,36217000.0,,3813000.0,32434000.0,,,,,,,,,,,,,,,,4627000.0,,,0.03,,,,,,3810000.0,1752000.0,,34920000.0,34920000.0,,,,,,,,,,,,,,1398000.0,3477000.0,,,,,,,,,,,6233000.0,,,,,,,,,,,,,,,,,,,,1142000.0,,0.05,,,0.05,,,0.273,,,,,,,,,,,,,,,,,,,,,3308000.0,,7315000.0,2660000.0,,725000.0,,,379000.0,,,,,,,,,,,,1271000.0,,194000.0,465000.0,3656000.0,29310000.0,18848000.0,6806000.0,178000.0,,,,,,,,,24250000.0,103234000.0,17930000.0,,,,,,,,1935000.0,,,,,2482000.0,,,,,,,,,,,6838000.0,-193000.0,-10000.0,,,,,,,-10000.0,,,,57000.0,57000.0,,,,-193000.0,,87000.0,,,,,,,,,,,,,,,,,,1508000.0,,,,,,,,3136000.0,,,,,,,11288000.0,11200000.0,,,74221000.0,,42235000.0,4833000.0,,,,,,78984000.0,,,,,793000.0,,,,37023000.0,,35558000.0,36829000.0,1271000.0,,,
2013-09-30,2013-11-01,10-Q,MARINE PRODUCTS CORPORATION,MPX,CIK0001129155,USD,7286000.0,,3972000.0,,,,1738000.0,-1642000.0,,3127000.0,,,429000.0,276000.0,,42000.0,103989000.0,45687000.0,,,,38007000.0,,,,37856000.0,,5281000.0,32726000.0,,,,,,,,,,,,,,,,5854000.0,,,0.03,,,,,,3809000.0,2091000.0,,34258000.0,34258000.0,,,,,,,,,,,,,,1426000.0,3630000.0,,,,,,,,,,,6421000.0,,,,,,,,,,,,,,,,,,,,1140000.0,,0.05,,,0.05,,,0.305,,,,,,,,,,,,,,,,,,,,,3308000.0,,7731000.0,2879000.0,,877000.0,,,,,,,,,,,,,,,1271000.0,,353000.0,465000.0,4091000.0,27587000.0,17425000.0,6071000.0,83000.0,,,,,,,,,23612000.0,103989000.0,17104000.0,,,,,,,,2002000.0,,,,,2796000.0,,,,,,,,,,,7004000.0,,,,,,,,,-12000.0,,,,-24000.0,-24000.0,,,,77000.0,,87000.0,,,,,,,,,,,,,,,,,,1567000.0,,,,,,,,3415000.0,,,,,,,11169000.0,12000000.0,,,75083000.0,,41989000.0,4935000.0,,,,,,80377000.0,,,,,862000.0,,,,37180000.0,,35556000.0,36827000.0,1271000.0,,,
2013-12-31,2014-03-06,10-K,MARINE PRODUCTS CORPORATION,MPX,CIK0001129155,USD,5569000.0,2046000.0,2021000.0,,,24610000.0,,-853000.0,,3583000.0,136000.0,,,,25000.0,,102553000.0,45260000.0,,,,36588000.0,,,,36375000.0,,5639000.0,30949000.0,,,,,,,,213000.0,,,,,,,,5114000.0,3466000.0,,0.15,0.1,74000000.0,38095322.0,38095322.0,3810000.0,3810000.0,8247000.0,,138480000.0,,,2325000.0,99000.0,,,57000.0,,78000.0,836000.0,,21000.0,4273000.0,5153000.0,1096000.0,3177000.0,4634000.0,268000.0,,1919000.0,938000.0,4359000.0,880000.0,,45000.0,,6420000.0,,,,,,,,-32000.0,32000.0,,,,203000.0,0.5,0.25,726000.0,726000.0,,,,5705000.0,0.2,,,0.2,,,0.249,0.34,0.002,,-0.027,,0.002,0.007,,,-0.049,-0.014,1393000.0,136000.0,136000.0,,,,,,15000.0,3308000.0,,29813000.0,10030000.0,,2502000.0,,2600000.0,692000.0,,1323000.0,227000.0,134000.0,,164000.0,700000.0,-5000.0,184000.0,186000.0,232000.0,,,,465000.0,5523000.0,28859000.0,15901000.0,7435000.0,524000.0,,,,,,,,,21070000.0,102553000.0,14562000.0,61000.0,,-6145000.0,,-1326000.0,,10937000.0,7528000.0,,,1.0,,9506000.0,,757000.0,161000.0,134000.0,144000.0,161000.0,157000.0,,140000.0,329000.0,8129000.0,,,,,-190000.0,,719000.0,,-781000.0,,,,,61000.0,67000.0,,,-62000.0,,88000.0,,,,,378000.0,,,576000.0,5705000.0,,,15396000.0,521000.0,0.1,1000000.0,,,1839000.0,264000.0,,14576000.0,,15000.0,,,3410000.0,3410000.0,1558000.0,-65000.0,2511000.0,,35875000.0,11265000.0,13300000.0,,1069000.0,74943000.0,,168293000.0,20307000.0,1702000.0,,,,,81483000.0,,1634000.0,576000.0,,1823000.0,11000.0,,,37144000.0,,,36820000.0,,,,
2014-03-31,2014-04-29,10-Q,MARINE PRODUCTS CORPORATION,MPX,CIK0001129155,USD,8409000.0,,3000000.0,,,,,-843000.0,,3455000.0,284000.0,,444000.0,287000.0,,,107755000.0,49421000.0,,,,40603000.0,,,,40381000.0,,8439000.0,32164000.0,,,,,,2000.0,,,,,,,,,,8663000.0,3549000.0,,0.03,,,,,3821000.0,,1988000.0,,38864000.0,,,,,,,,,223000.0,,,,,,1162000.0,2882000.0,,,,,,,,,,,6288000.0,,,,,,,,,,,,,,,,,,181000.0,,1145000.0,1145000.0,0.05,,,0.05,,,0.316,,,,,,,,,,,,,284000.0,284000.0,,,,,,12000.0,3308000.0,,8838000.0,2890000.0,,912000.0,,100000.0,416000.0,,2840000.0,979000.0,312000.0,1741000.0,-276000.0,-2311000.0,,213000.0,-133000.0,-646000.0,1212000.0,,297000.0,465000.0,5004000.0,26548000.0,14576000.0,6968000.0,122000.0,,,,,,,,,25546000.0,107755000.0,19171000.0,,,-1706000.0,,-4076000.0,,9331000.0,1978000.0,,1.0,,,2768000.0,,,,,,,,,,,8351000.0,,,,,7000.0,,10000.0,,-6000.0,,,,2000.0,1000.0,-4000.0,,,4000.0,,87000.0,,,,,,,,845000.0,1145000.0,,,6867000.0,102000.0,,,,,1193000.0,,,,,34000.0,,,3902000.0,,309000.0,70000.0,731000.0,,,11164000.0,14300000.0,,,75776000.0,,47702000.0,6070000.0,444000.0,,,,,82209000.0,,444000.0,845000.0,,833000.0,,,,37255000.0,,35746000.0,36958000.0,1212000.0,,,
2014-06-30,2014-07-31,10-Q,MARINE PRODUCTS CORPORATION,MPX,CIK0001129155,USD,4476000.0,,4370000.0,,,24890000.0,,-843000.0,,3157000.0,,,459000.0,296000.0,,,105869000.0,43028000.0,,,,44430000.0,,,,44154000.0,,8125000.0,36305000.0,,,,,,,,,,,,,,,,2453000.0,,,0.03,,,,,,3817000.0,3055000.0,,38543000.0,,,,,,,,,,,,,,,1293000.0,3122000.0,,,,,,,,,,,6488000.0,,,,,,,,,,,,,,,,,,,,1147000.0,,0.08,,,0.08,,,0.29,,,,,,,,,,,,,,,,,,,,,3308000.0,,9432000.0,4246000.0,,1233000.0,,,,,,,,,,,,,,,1248000.0,,191000.0,465000.0,2404000.0,25177000.0,17170000.0,5603000.0,121000.0,,,,,,,,,22053000.0,105869000.0,15482000.0,,,,,,,,3013000.0,,,,,4125000.0,,,,,,,,,,,8499000.0,,-6000.0,,,,,,,-6000.0,,,,,,,,,36000.0,,83000.0,,,,,,,,,,,,,,,,,,1610000.0,,,,,,,,4338000.0,,,,,,,11142000.0,13200000.0,,,77643000.0,,47975000.0,5307000.0,,,,,,83816000.0,,,,,1866000.0,,,,37180000.0,,35741000.0,36989000.0,1248000.0,,,
2014-09-30,2014-11-03,10-Q,MARINE PRODUCTS CORPORATION,MPX,CIK0001129155,USD,5939000.0,,3515000.0,,,25067000.0,,-828000.0,,3638000.0,,,468000.0,303000.0,,,107917000.0,48758000.0,,,,44516000.0,,,,44290000.0,,12024000.0,32492000.0,,,,,,,,,,,,,,,,5296000.0,,,0.03,,,,,,3817000.0,1855000.0,,30965000.0,,,,,,,,,,,,,,,1374000.0,3347000.0,,,,,,,,,,,6518000.0,,,,,,,,,,,,,,,,,,,,1144000.0,,0.05,,,0.05,,,0.301,,,,,,,,,,,,,,,,,,,,,3308000.0,,6967000.0,2692000.0,,810000.0,,,332000.0,,,,,,,,,,,,1262000.0,,286000.0,465000.0,3456000.0,24573000.0,15479000.0,5638000.0,116000.0,,,,,,,,,22909000.0,107917000.0,16308000.0,,,,,,,,1882000.0,,,,,2576000.0,,,,,,,,,,,8495000.0,,,,,,,,,-5000.0,,,,3000.0,,,,,-32000.0,,83000.0,,,,,,,,,,,,,,,,,,1644000.0,,,,,,,,4223000.0,,,,,,,11052000.0,12700000.0,,,78381000.0,,37932000.0,4391000.0,,,,,,85008000.0,,,,,738000.0,,,,37190000.0,,35642000.0,36904000.0,1262000.0,,,
2014-12-31,2015-02-27,10-K,MARINE PRODUCTS CORPORATION,MPX,CIK0001129155,USD,3577000.0,2394000.0,2369000.0,,,24180000.0,,-1969000.0,,3895000.0,342000.0,,,,25000.0,,103823000.0,43222000.0,,,,37484000.0,,85000.0,,37399000.0,,3653000.0,33831000.0,,,,,,,,85000.0,,,,,,,,4072000.0,-1042000.0,,0.16,0.1,74000000.0,38130862.0,38130862.0,3813000.0,3813000.0,7798000.0,,138379000.0,,,4275000.0,143000.0,,,-762000.0,,-805000.0,706000.0,706000.0,-43000.0,5694000.0,6086000.0,2480000.0,3214000.0,4674000.0,444000.0,,2499000.0,996000.0,4401000.0,392000.0,,44000.0,,7039000.0,,,,,,,-341000.0,-77000.0,77000.0,,,,194000.0,0.5,0.25,712000.0,712000.0,,283000.0,,6102000.0,0.24,,,0.24,,,0.288,0.35,,,0.033,,0.001,0.007,,,0.021,-0.011,1935000.0,342000.0,342000.0,,,,,,-31000.0,3308000.0,,32671000.0,12527000.0,,3613000.0,,3509000.0,123000.0,,-1992000.0,348000.0,342000.0,,-911000.0,-40000.0,638000.0,-790000.0,-990000.0,-133000.0,,-1246000.0,291000.0,465000.0,5221000.0,28819000.0,16996000.0,6602000.0,521000.0,,,,,,,,,20329000.0,103823000.0,13208000.0,57000.0,,-7541000.0,,-4157000.0,,10656000.0,8914000.0,8631000.0,,1.0,,12006000.0,,596000.0,157000.0,,134000.0,144000.0,161000.0,,118000.0,483000.0,9893000.0,,,,-82000.0,-213000.0,,-1116000.0,,1034000.0,,,,57000.0,57000.0,74000.0,,,-82000.0,,82000.0,,,,653000.0,653000.0,,,1781000.0,6102000.0,,2554000.0,22320000.0,451000.0,0.1,1000000.0,0.0,,1706000.0,303000.0,,20085000.0,,1083000.0,,,3836000.0,3836000.0,1551000.0,114000.0,1863000.0,,34070000.0,9890000.0,12700000.0,,743000.0,77755000.0,,171050000.0,20665000.0,1754000.0,,,,,83494000.0,,1754000.0,1781000.0,,2812000.0,14000.0,,,35982000.0,,,35691000.0,,,,
2015-03-31,2015-05-01,10-Q,MARINE PRODUCTS CORPORATION,MPX,CIK0001129155,USD,8503000.0,,5406000.0,,,24324000.0,,-1943000.0,,3670000.0,185000.0,,487000.0,314000.0,,,110757000.0,55031000.0,,,,34859000.0,,,,34752000.0,,6165000.0,28694000.0,,,,,,,,,,,,,,,,9175000.0,5103000.0,,0.04,,,,,,3833000.0,2955000.0,,40439000.0,,,,,,,,,586000.0,,,,,,2323000.0,2761000.0,,,,,,,,,,,6675000.0,,,,,,,,,,,,,,,,,,174000.0,95000.0,1532000.0,1532000.0,0.08,,,0.08,,,0.33,,,,,,,,,,,,,185000.0,185000.0,,,,,,12000.0,3308000.0,,10205000.0,4371000.0,,1442000.0,,875000.0,366000.0,,4926000.0,3037000.0,222000.0,1120000.0,243000.0,1593000.0,,80000.0,-348000.0,-522000.0,1244000.0,-1244000.0,236000.0,465000.0,5554000.0,30412000.0,17117000.0,7741000.0,117000.0,,,,,,,,,26045000.0,110757000.0,19291000.0,,,-2215000.0,,1592000.0,,5726000.0,2929000.0,2834000.0,1.0,,,4254000.0,,,,,,,,,,,9973000.0,14000.0,-12000.0,,,-10000.0,,26000.0,,-12000.0,,,,21000.0,21000.0,3000.0,,,14000.0,,79000.0,,,,,,,,868000.0,1532000.0,,,2296000.0,804000.0,,,,,1184000.0,,,,,7000.0,,,3848000.0,,374000.0,443000.0,829000.0,,,10525000.0,14700000.0,,,79152000.0,,50644000.0,5951000.0,487000.0,,,,,84712000.0,,478000.0,868000.0,,1397000.0,,,,36020000.0,,35784000.0,35784000.0,1244000.0,,,
2015-06-30,2015-07-31,10-Q,MARINE PRODUCTS CORPORATION,MPX,CIK0001129155,USD,9209000.0,,4582000.0,,,24525000.0,,-1975000.0,,3075000.0,,,497000.0,320000.0,,,113860000.0,56594000.0,,,,36441000.0,,,,36402000.0,,8288000.0,28153000.0,,,,,,,,,,,,,,,,9312000.0,,,0.04,,,,,,3816000.0,4397000.0,,46894000.0,,,,,,,,,,,,,,,2412000.0,2855000.0,,,,,,,,,,,6724000.0,,,,,,,,,,,,,,,,,,,143000.0,1532000.0,,0.12,,,0.12,,,0.322,,,,,,,,,,,,,,,,,,,,,3308000.0,,12604000.0,6528000.0,,2099000.0,,,,,,,,,,,,,,,1255000.0,-1255000.0,94000.0,465000.0,4476000.0,30136000.0,18091000.0,7569000.0,105000.0,,,,,,,,,26894000.0,113860000.0,20092000.0,11000.0,,,,,,,4429000.0,4286000.0,,,,6423000.0,,,,,,,,,,,10009000.0,-44000.0,,,,,,,,-12000.0,,,,11000.0,11000.0,,,,-44000.0,,78000.0,,,,,,,,,,,,,,,,,,1864000.0,,,,,,,,4060000.0,,,,,,,12476000.0,13600000.0,,,82050000.0,,59498000.0,6181000.0,,,,,,86966000.0,,,,,2897000.0,,,,35865000.0,,35771000.0,35771000.0,1255000.0,,,
2015-09-30,2015-10-30,10-Q,MARINE PRODUCTS CORPORATION,MPX,CIK0001129155,USD,9083000.0,,3961000.0,,,24841000.0,,-1919000.0,,3479000.0,,,497000.0,321000.0,,,114613000.0,59296000.0,,,,35113000.0,,,,35007000.0,,9007000.0,26106000.0,,,,,,,,,,,,,,,,9111000.0,,,0.04,,,,,,3814000.0,3159000.0,,37164000.0,,,,,,,,,,,,,,,2372000.0,2831000.0,,,,,,,,,,,6465000.0,,,,,,,,,,,,,,,,,,,101000.0,1525000.0,,0.08,,,0.08,,,0.319,,,,,,,,,,,,,,,,,,,,,3308000.0,,9874000.0,4557000.0,,1454000.0,,,713000.0,,,,,,,,,,,,1255000.0,-1255000.0,91000.0,465000.0,5438000.0,32306000.0,19781000.0,7087000.0,103000.0,,,,,,,,,25611000.0,114613000.0,19069000.0,12000.0,,,,,,,3103000.0,3002000.0,,,,4454000.0,,,,,,,,,,,9798000.0,44000.0,,,,,,,,-12000.0,,,,12000.0,12000.0,,,,44000.0,,77000.0,,,,,,,,,,,,,,,,,,1826000.0,,,,,,,,3758000.0,,,,,,,12809000.0,12700000.0,,,83628000.0,,47038000.0,5420000.0,,,,,,89002000.0,,,,,1578000.0,,,,35725000.0,,35634000.0,35634000.0,1255000.0,,,
2015-12-31,2016-02-29,10-K,MARINE PRODUCTS CORPORATION,MPX,CIK0001129155,USD,3681000.0,1281000.0,1256000.0,,,25163000.0,,-1901000.0,,3879000.0,256000.0,,,,25000.0,,110677000.0,52644000.0,,,,34954000.0,26000.0,-3000.0,29000.0,34957000.0,,7825000.0,27129000.0,,,,,,,,,,,,,,,,7986000.0,3914000.0,,0.2,0.1,74000000.0,38111625.0,38111625.0,3811000.0,3811000.0,14374000.0,,163261000.0,,,5056000.0,300000.0,,,1256000.0,,1309000.0,,721000.0,53000.0,4338000.0,5904000.0,,4338000.0,4967000.0,418000.0,,2300000.0,1061000.0,4694000.0,1062000.0,,43000.0,,6590000.0,,,,,,,,-76000.0,76000.0,,,,250000.0,0.5,0.25,1013000.0,,,464000.0,,7638000.0,0.39,,,0.39,,,0.317,0.35,0.0,0.0,0.025,,0.0,0.008,,,0.011,-0.004,2060000.0,256000.0,256000.0,,,,,,12000.0,3308000.0,,43800000.0,20971000.0,,6665000.0,,5797000.0,820000.0,,104000.0,-1113000.0,,,441000.0,3819000.0,486000.0,139000.0,-259000.0,413000.0,,-1252000.0,192000.0,465000.0,8018000.0,32638000.0,17058000.0,7562000.0,420000.0,,,,,,,,,20465000.0,110677000.0,13798000.0,45000.0,,-9641000.0,,-2489000.0,,16044000.0,14306000.0,13842000.0,,1.0,,20551000.0,,1294000.0,375000.0,1000.0,213000.0,348000.0,357000.0,,135000.0,622000.0,10032000.0,,,,-57000.0,76000.0,,68000.0,,-125000.0,,,,45000.0,-29000.0,-27000.0,,,-57000.0,,77000.0,,,,724000.0,,,,2259000.0,7638000.0,,,16276000.0,3878000.0,0.1,1000000.0,0.0,,2119000.0,282000.0,,17659000.0,,6000.0,,,3405000.0,3405000.0,1653000.0,-852000.0,2074000.0,,37924000.0,12761000.0,15200000.0,,663000.0,84423000.0,,207061000.0,23249000.0,1993000.0,,,,,90212000.0,,1985000.0,2259000.0,,6668000.0,15000000.0,,,35895000.0,,,35703000.0,,,,
2016-03-31,2016-05-03,10-Q,MARINE PRODUCTS CORPORATION,MPX,CIK0001129155,USD,10419000.0,,6215000.0,,,24948000.0,,-1837000.0,,4428000.0,151000.0,,1168000.0,753000.0,,,119571000.0,58392000.0,,,,40877000.0,,,,40803000.0,,10004000.0,30873000.0,,,,,,,,,,,,,,,,8240000.0,254000.0,,0.06,,,,,,3837000.0,3985000.0,,50977000.0,,,,,,,,,897000.0,,,,,,,3323000.0,,,,,,,,,,,5179000.0,,,,,,,,,,,,,,,,,,331000.0,129000.0,,2301000.0,0.1,,,0.1,,,0.317,,,,,,,,,,,,,151000.0,151000.0,,,,,,48000.0,3308000.0,,12688000.0,5737000.0,,1816000.0,,844000.0,927000.0,,6738000.0,4959000.0,181000.0,1464000.0,107000.0,-981000.0,,424000.0,-1395000.0,-770000.0,,1291000.0,,465000.0,6032000.0,31657000.0,17802000.0,7823000.0,92000.0,,,,,,,,,27100000.0,119571000.0,21849000.0,,,-2812000.0,,-6394000.0,,9460000.0,3921000.0,3792000.0,1.0,,,5645000.0,,,,,,,,,,,10456000.0,50000.0,,,,77000.0,,64000.0,,-14000.0,,,,,,27000.0,,,,,72000.0,,,,,,,,662000.0,2301000.0,,,7106000.0,324000.0,,,,,1349000.0,,,,,48000.0,,,3173000.0,,774000.0,-137000.0,679000.0,,,12754000.0,16700000.0,,,86043000.0,,63665000.0,7043000.0,1168000.0,,,,,92471000.0,,1086000.0,662000.0,,,,,,37007000.0,37007000.0,,37007000.0,,,,
2016-06-30,2016-08-01,10-Q,MARINE PRODUCTS CORPORATION,MPX,CIK0001129155,USD,6345000.0,,4817000.0,,,24262000.0,,-1759000.0,,4774000.0,,,487000.0,314000.0,,,119588000.0,55839000.0,,,,47445000.0,179000.0,176000.0,3000.0,47269000.0,,14343000.0,33102000.0,,,,,,,,,,,,,,,,296000.0,,,0.06,,,,,,3836000.0,4896000.0,,51258000.0,,,,,,,,,,,,,,,,3575000.0,,,,,,,,,,,5307000.0,,,,,,,,,,,,,,,,,,,152000.0,,,0.13,,,0.13,,,0.298,,,,,,,,,,,,,,,,,,,,,3308000.0,,13808000.0,6863000.0,,2045000.0,,,,,,,,,,,,,,,,1252000.0,,465000.0,4700000.0,34592000.0,22499000.0,7393000.0,151000.0,,,,,,,,,24168000.0,119588000.0,18791000.0,14000.0,,,,,,,4818000.0,4666000.0,,,,6712000.0,,,,,,,,,,,10546000.0,65000.0,,,,,,,,-13000.0,,,,,-14000.0,,,,,,70000.0,,,,,,,,,,,,,,,,,,1791000.0,,,,,,,,3353000.0,,,,,,,12753000.0,16100000.0,,,88569000.0,,65066000.0,7096000.0,,,,,,95420000.0,,,,,,,,,37111000.0,37111000.0,,37111000.0,,,,
2016-09-30,2016-10-31,10-Q,MARINE PRODUCTS CORPORATION,MPX,CIK0001129155,USD,9128000.0,,6040000.0,,,23749000.0,,-1821000.0,,5107000.0,,,487000.0,314000.0,,,123573000.0,62690000.0,,,,41699000.0,93000.0,57000.0,36000.0,41642000.0,,11516000.0,30183000.0,,,,,,,,,,,,,,,,5182000.0,,,0.06,0.1,,,,,3836000.0,4222000.0,,43593000.0,,,,,,,,,,,,,,,,4570000.0,,,,,,,,,,,5497000.0,,,,,,,,,,,,,,,,,,,134000.0,,,0.11,,,0.11,,,0.233,,,,,,,,,,,,,,,,,,,,,3308000.0,,11768000.0,5582000.0,,1298000.0,,,520000.0,,,,,,,,,,,,,1201000.0,,465000.0,5105000.0,37698000.0,24389000.0,8204000.0,121000.0,,,,,,,,,25905000.0,123573000.0,20340000.0,16000.0,,,,,,,4284000.0,4150000.0,,,,5461000.0,,,,,,,,,,,9128000.0,-76000.0,,,,,,,,-14000.0,,,,,-16000.0,,,,,,68000.0,,,,,,,,,,,,,,,,,,1734000.0,,,,,,,,3877000.0,,,,,,,13229000.0,15300000.0,,,90546000.0,,55361000.0,6307000.0,,,,,9.0,97668000.0,,,,,,,,,37154000.0,37154000.0,,37154000.0,,,,
2016-12-31,2017-02-28,10-K,MARINE PRODUCTS CORPORATION,MPX,CIK0001129155,USD,5163000.0,1112000.0,1087000.0,,,23470000.0,,-2182000.0,,0.0,160000.0,,,,25000.0,,88527000.0,52155000.0,,,,9330000.0,4000.0,-49000.0,53000.0,9379000.0,,4109000.0,5221000.0,,,,,,,,,,,,,,,,2619000.0,-5367000.0,,0.24,0.1,74000000.0,34855082.0,34855082.0,3486000.0,3486000.0,16464000.0,,190863000.0,,552000.0,7263000.0,261000.0,,,-507000.0,,-862000.0,,416000.0,-355000.0,5278000.0,6767000.0,,5278000.0,5129000.0,489000.0,,1993000.0,1015000.0,4525000.0,1103000.0,,43000.0,,5614000.0,91000.0,,,,,,-51000.0,-91000.0,,,,,270000.0,0.5,0.25,1382000.0,,,535000.0,,9202000.0,0.44,,,0.44,,,0.285,0.35,-0.014,0.0,0.03,,-0.001,0.007,,,0.01,-0.004,2381000.0,160000.0,160000.0,,,,,,103000.0,3308000.0,,50467000.0,23407000.0,,6662000.0,,6546000.0,29000.0,,1482000.0,-169000.0,,,-791000.0,9850000.0,2282000.0,-1266000.0,-1377000.0,-296000.0,,1224000.0,0.0,465000.0,7375000.0,42488000.0,26106000.0,9007000.0,355000.0,,,,,,,,,23082000.0,88527000.0,17402000.0,-39000.0,-43779000.0,-43779000.0,22575000.0,22575000.0,15837000.0,15837000.0,16745000.0,16210000.0,,1.0,,23052000.0,,919000.0,357000.0,,1000.0,213000.0,348000.0,,181000.0,658000.0,8766000.0,,,,-29000.0,-557000.0,,-281000.0,,252000.0,,,,-39000.0,25000.0,197000.0,,,,,66000.0,,,,368000.0,,,,34737000.0,9202000.0,,,28092000.0,1940000.0,0.1,1000000.0,0.0,,1823000.0,271000.0,,52519000.0,,88000.0,,,4629000.0,4629000.0,2856000.0,553000.0,3527000.0,,36804000.0,13334000.0,16700000.0,,858000.0,64141000.0,241330000.0,241330000.0,27415000.0,2624000.0,,,,,65445000.0,,2548000.0,34737000.0,,,15000.0,0.0,0.0,36633000.0,,,36633000.0,,,,
2017-03-31,2017-04-28,10-Q,MARINE PRODUCTS CORPORATION,MPX,CIK0001129155,USD,10308000.0,,8516000.0,,,23383000.0,,-2145000.0,,,,,508000.0,328000.0,25000.0,,98095000.0,59105000.0,,,,11174000.0,10000.0,-14000.0,24000.0,11188000.0,,3108000.0,8066000.0,,,,,,,,,,,,,,,,6827000.0,4208000.0,,0.07,,,,,,3496000.0,5298000.0,,56134000.0,,,,,,,,,276000.0,,,,,,,4981000.0,,,,,,,,,,,5662000.0,,,,,,,,,,,,,,,,,,359000.0,163000.0,,2436000.0,0.15,,,0.15,,,0.243,,,,,,,,,,,,,,,,,,,,8000.0,3308000.0,,14906000.0,6949000.0,,1688000.0,,2362000.0,952000.0,,5145000.0,7429000.0,,2232000.0,923000.0,-3920000.0,,111000.0,67000.0,-689000.0,,1145000.0,,465000.0,6595000.0,38568000.0,22898000.0,9075000.0,51000.0,,,,,,,,,30503000.0,98095000.0,24779000.0,10000.0,,-3659000.0,,-2183000.0,,10050000.0,5261000.0,5098000.0,,1.0,,6898000.0,,,,,,,,,,,8877000.0,22000.0,,,22000.0,45000.0,,37000.0,,-15000.0,,,,7000.0,-10000.0,16000.0,,,,,62000.0,,,,,,,,1223000.0,2436000.0,,,4262000.0,318000.0,,,,,1134000.0,,,,,8000.0,,,4944000.0,,608000.0,51000.0,872000.0,,,13293000.0,17600000.0,,,66241000.0,71040000.0,71040000.0,8008000.0,508000.0,,,,,67592000.0,,507000.0,1222000.0,,,,,,,33786000.0,,,,,,
2017-06-30,2017-07-31,10-Q,MARINE PRODUCTS CORPORATION,MPX,CIK0001129155,USD,10352000.0,,5207000.0,,,23754000.0,,-2117000.0,,,,,853000.0,550000.0,25000.0,,102487000.0,58016000.0,,,,17787000.0,20000.0,5000.0,15000.0,17782000.0,,4846000.0,12941000.0,,,,,,,,,,,,,,,,3834000.0,,,0.07,,,,,,3488000.0,6147000.0,,55197000.0,,,,,,2000.0,,,,,,,,,,5169000.0,,,,,,,,,,,6605000.0,,,,,,,,,,,,,,,,,,,203000.0,,,0.18,,,0.18,,,0.303,,,,,,,,,,,,,,,,,,,,,3308000.0,,16287000.0,8779000.0,,2660000.0,,,1279000.0,,,,,,,,,,,,,1116000.0,,465000.0,5460000.0,41221000.0,27520000.0,8241000.0,57000.0,,,,,,,,,31374000.0,102487000.0,24710000.0,2000.0,,,,,,,6119000.0,5916000.0,,,,8722000.0,,,,,,,,,,,9070000.0,14000.0,,,14000.0,,,,,-14000.0,,,,,-2000.0,,,,,,59000.0,,,,,,,,,,,,,,,,,,1629000.0,,,,,,,,5140000.0,,,,,,,13518000.0,16600000.0,,,69742000.0,71484000.0,71484000.0,7565000.0,,,,,,71113000.0,,,,,,,,,,33820000.0,,,,,,
2017-09-30,2017-10-31,10-Q,MARINE PRODUCTS CORPORATION,MPX,CIK0001129155,USD,8278000.0,,7438000.0,,,23996000.0,,-2093000.0,,0.0,,,874000.0,563000.0,25000.0,,101092000.0,58722000.0,,,,13506000.0,24000.0,21000.0,3000.0,13485000.0,,3329000.0,10177000.0,,,,,,,,,,,,,,,,4052000.0,,,0.07,,,,,,3478000.0,4588000.0,,45740000.0,,,,,,26000.0,,,,,,,,,,5481000.0,,,,,,,,,,,6466000.0,,,,,,,,,,,,,,,,,,,136000.0,,,0.13,,,0.13,,,0.324,,,,,,,,,,,,,,,,,,,,,3308000.0,,13461000.0,6750000.0,,2186000.0,,,995000.0,,,,,,,,,,,,,1056000.0,,465000.0,9484000.0,41442000.0,24008000.0,7950000.0,81000.0,,,,,,,,,28426000.0,101092000.0,21903000.0,26000.0,,,,,,,4564000.0,4428000.0,,,,6669000.0,,,,,,,,,,,9197000.0,9000.0,,,9000.0,,,,,-15000.0,,,,,-26000.0,,,,,,57000.0,,,,,,,,,,,,,,,,,,1466000.0,,,,,,,,5237000.0,,,,,,,13742000.0,17000000.0,,,71281000.0,59201000.0,59201000.0,6792000.0,,,,,,72666000.0,,,,,,,,,,33773000.0,,,,,,
2017-12-31,2018-02-28,10-K,MARINE PRODUCTS CORPORATION,MPX,CIK0001129155,USD,5362000.0,3076000.0,3051000.0,,,24395000.0,,-1980000.0,,0.0,,,,,25000.0,,95900000.0,54187000.0,0.0,70000.0,13101000.0,13031000.0,0.0,-70000.0,70000.0,13101000.0,13031000.0,2636000.0,10395000.0,,,,,,,,,,,,,,,,7684000.0,5065000.0,5065000.0,0.33,0.1,74000000.0,34572157.0,34572157.0,3457000.0,,19502000.0,,208296000.0,,,8623000.0,546000.0,,,1511000.0,,1519000.0,,864000.0,8000.0,3649000.0,4750000.0,,3649000.0,6124000.0,479000.0,,1406000.0,611000.0,5447000.0,781000.0,,191000.0,,6732000.0,,,81000.0,-81000.0,0.0,0.0,0.0,,,,,,317000.0,0.5,0.25,1526000.0,,,595000.0,,11504000.0,0.55,,,0.55,,,0.356,0.35,-0.001,0.056,0.03,-0.035,0.001,0.011,0.005,,0.008,-0.002,3116000.0,,,,,,,,8000.0,3308000.0,0.0,59020000.0,29988000.0,,10688000.0,1700000.0,9733000.0,714000.0,,199000.0,1964000.0,,,685000.0,-4482000.0,1760000.0,912000.0,1588000.0,273000.0,,1091000.0,0.0,465000.0,9590000.0,38006000.0,20116000.0,8300000.0,229000.0,,,,,,,,,26296000.0,95900000.0,19361000.0,30000.0,-18025000.0,-18025000.0,-6549000.0,-6549000.0,29639000.0,29639000.0,19300000.0,18705000.0,,,,29759000.0,,562000.0,347000.0,0.0,0.0,2000.0,213000.0,0.0,183000.0,677000.0,9678000.0,,,,-13000.0,250000.0,,202000.0,,-215000.0,,,,30000.0,-19000.0,-88000.0,,,,,203000.0,,,,1699000.0,,,,6521000.0,11504000.0,,,22214000.0,2410000.0,0.1,1000000.0,0.0,,2096000.0,342000.0,,18067000.0,,8000.0,,,5373000.0,5373000.0,2599000.0,-93000.0,3436000.0,19300000.0,38613000.0,14218000.0,18800000.0,,960000.0,68127000.0,267316000.0,267316000.0,29261000.0,2682000.0,,,,,69604000.0,,2682000.0,6521000.0,,,243000.0,12000.0,216000.0,33752000.0,,,33752000.0,,,,
2018-03-31,2018-04-30,10-Q,MARINE PRODUCTS CORPORATION,MPX,CIK0001129155,USD,12998000.0,,7812000.0,,,24813000.0,,-1954000.0,,0.0,,,516000.0,402000.0,25000.0,,106793000.0,67490000.0,,,,11512000.0,0.0,-58000.0,58000.0,11570000.0,,3277000.0,8235000.0,,,,,,,,,,,,,,,,9929000.0,2245000.0,,0.1,,,,,3457000.0,,7635000.0,,59885000.0,,,,,,-19000.0,,,129000.0,,,,,,,3505000.0,,,,,,,,,,,6616000.0,,,,,,,,,,,,,,,,,,417000.0,212000.0,,3465000.0,0.22,,,0.22,,,0.161,,,,,,,,,,,,,,,,,,,,,3308000.0,,17651000.0,9066000.0,,1457000.0,,1556000.0,1120000.0,,7636000.0,4761000.0,,1562000.0,406000.0,6034000.0,,2000.0,-27000.0,-784000.0,,986000.0,,465000.0,10668000.0,44040000.0,22922000.0,10450000.0,33000.0,,,,,,,,,35438000.0,106793000.0,28559000.0,-19000.0,-6400000.0,-6400000.0,1135000.0,1135000.0,7510000.0,7510000.0,7609000.0,7397000.0,,1.0,,9033000.0,,,,,,,,,,,9680000.0,,,,7000.0,-10000.0,,26000.0,,-19000.0,,,,-15000.0,-19000.0,-2000.0,,,,,263000.0,,,,,,,,2935000.0,3465000.0,,,3581000.0,309000.0,,,,,1312000.0,,,,,,,,5703000.0,,689000.0,38000.0,981000.0,,,14110000.0,20400000.0,,,69852000.0,77536000.0,77536000.0,8618000.0,516000.0,,,,,71355000.0,,516000.0,2935000.0,,,,,,,33621000.0,,,,,,
2018-06-30,2018-07-31,10-Q,MARINE PRODUCTS CORPORATION,MPX,CIK0001129155,USD,14606000.0,,8522000.0,,,25244000.0,,-1930000.0,,0.0,,,528000.0,411000.0,25000.0,,114933000.0,70664000.0,5000.0,50000.0,18397000.0,,,,,,18352000.0,5996000.0,12356000.0,,,,,,,,,,,,,,,,9505000.0,,,0.1,,,,,3455000.0,,9014000.0,,67534000.0,,,,,,-1000.0,,,,,,,,,,3376000.0,,,,,,,,,,,7084000.0,,,,,,,,,,,,,,,,,,,246000.0,,3455000.0,0.26,,,0.26,,,0.2,,,,,,,,,,,,,,,,,,,,,3308000.0,,19472000.0,11236000.0,,2246000.0,,,217000.0,,,,,,,,,,,,,953000.0,,465000.0,6512000.0,44931000.0,27620000.0,10799000.0,85000.0,,,,,,,,,37762000.0,114933000.0,30335000.0,,,,,,,,8990000.0,8744000.0,,,,11151000.0,,,,,,,,,,,10674000.0,,,,9000.0,,,,,-15000.0,,,,,-1000.0,,,,,,343000.0,,,,,,,,,,,,,,,,,,1493000.0,,,,,,,,5573000.0,,,,,,,14090000.0,19200000.0,,,75646000.0,87006000.0,,8321000.0,,,,,,77171000.0,,528000.0,271000.0,,,,,,,33608000.0,,,,,,
2018-09-30,2018-10-31,10-Q,MARINE PRODUCTS CORPORATION,MPX,CIK0001129155,USD,12237000.0,,7404000.0,,,25723000.0,,-1913000.0,,0.0,,,528000.0,412000.0,25000.0,,114120000.0,69622000.0,1000.0,49000.0,16215000.0,,,,,,16167000.0,4603000.0,11564000.0,,,,,,,,,,,,,,,,6146000.0,,,0.1,,,,,3450000.0,,7178000.0,,55829000.0,,,,,,-16000.0,,,,,,,,,,3391000.0,,,,,,,,,,,7545000.0,,,,,,,,,,,,,,,,,,,194000.0,,3452000.0,0.21,,,0.21,,,0.229,,,,,,,,,,,,,,,,,,,,,3308000.0,,16183000.0,9289000.0,,2128000.0,,,71000.0,,,,,,,,,,,,,950000.0,,465000.0,6294000.0,49871000.0,33845000.0,9732000.0,102000.0,,,,,,,,,33625000.0,114120000.0,25627000.0,,,,,,,,7161000.0,6967000.0,,,,9187000.0,,,,,,,,,,,10970000.0,,,,,,,,,-17000.0,,,,,-16000.0,,,,,,453000.0,,,,,,,,,,,,,,,,,,1527000.0,,,,,,,,5439000.0,,,,,,,14800000.0,20100000.0,,,78958000.0,72012000.0,,6996000.0,,,,,,80495000.0,,528000.0,930000.0,,,,,,,33589000.0,,,,,,
2018-12-31,2019-02-28,10-K,MARINE PRODUCTS CORPORATION,MPX,CIK0001129155,USD,4673000.0,3897000.0,3872000.0,,13494000.0,26213000.0,,-2175000.0,,0.0,,,,,25000.0,,100880000.0,64600000.0,3000.0,9000.0,7674000.0,7665000.0,3000.0,-9000.0,12000.0,7674000.0,7665000.0,2966000.0,4699000.0,,,,,,,,,,,,,,,,8745000.0,1061000.0,1061000.0,0.5,0.1,74000000.0,34328486.0,34328486.0,3433000.0,,28293000.0,496000.0,232293000.0,,,6173000.0,616000.0,-9000.0,,384000.0,3325000.0,378000.0,,496000.0,-6000.0,3325000.0,4701000.0,,3325000.0,588000.0,559000.0,2794000.0,1337000.0,667000.0,2794000.0,393000.0,367000.0,393000.0,1009000.0,7045000.0,,,94000.0,-94000.0,0.0,0.0,0.0,,,,,,319000.0,0.5,0.25,1820000.0,,,762000.0,,17252000.0,0.83,,,0.83,,,0.201,0.21,-0.001,-0.003,0.0,0.004,-0.003,0.015,0.004,,0.008,-0.001,3257000.0,,,,,,,,,3308000.0,0.0,66323000.0,35655000.0,,7167000.0,100000.0,6290000.0,452000.0,,-689000.0,821000.0,,,-262000.0,8764000.0,-505000.0,563000.0,566000.0,-301000.0,,959000.0,,465000.0,9225000.0,46770000.0,26874000.0,10671000.0,268000.0,,,,,,,,,25668000.0,100880000.0,18167000.0,-81000.0,-24774000.0,,3060000.0,,22775000.0,,28488000.0,27726000.0,,,,35387000.0,,223000.0,55000.0,10000.0,52000.0,52000.0,54000.0,0.0,191000.0,587000.0,9931000.0,,,,47000.0,-410000.0,,-195000.0,,242000.0,,,,-81000.0,63000.0,89000.0,,,,,456000.0,,,,1500000.0,,,,7522000.0,17252000.0,,,16209000.0,2154000.0,0.1,1000000.0,0.0,,1795000.0,243000.0,,21423000.0,,,,,5607000.0,5607000.0,3944000.0,277000.0,3901000.0,28488000.0,40765000.0,14552000.0,20700000.0,,822000.0,73954000.0,298616000.0,,30936000.0,2089000.0,,,,,75212000.0,,2089000.0,7522000.0,,,393000.0,81000.0,69000.0,33570000.0,,,,,8745000.0,,
2019-03-31,2019-05-02,10-Q,MARINE PRODUCTS CORPORATION,MPX,CIK0001129155,USD,12417000.0,,9894000.0,,,26702000.0,,-2565000.0,,,,,538000.0,420000.0,20000.0,,110794000.0,77644000.0,0.0,0.0,,,,,,,,,,,,,,,,,,,,,,,,,18347000.0,9602000.0,9602000.0,0.12,,,,,3413000.0,,7493000.0,,64354000.0,,414000.0,,,,4000.0,,,-109000.0,,,,,,,3427000.0,,,,,,,,,,,8073000.0,,,,,,,,,,,,,,,,,,505000.0,183000.0,,4117000.0,0.22,,,0.22,,,0.163,,,,,,,,,,,,,,,,,,,,,3308000.0,,18699000.0,8925000.0,,1456000.0,,1446000.0,452000.0,,7744000.0,6022000.0,,1956000.0,,1054000.0,,651000.0,1005000.0,-668000.0,,872000.0,,465000.0,9498000.0,47824000.0,27686000.0,10640000.0,57000.0,,,,,,,,,36564000.0,110794000.0,27913000.0,,-9013000.0,,6571000.0,,12044000.0,,7469000.0,7286000.0,,1.0,,8868000.0,,,,,,,,,,,10795000.0,,,,7000.0,13000.0,,-390000.0,,-17000.0,,,,3000.0,4000.0,3000.0,,,,,578000.0,,,,,,,,4896000.0,4117000.0,,,299000.0,1108000.0,,,,,1127000.0,,,7530000.0,,,,,5766000.0,,950000.0,65000.0,1044000.0,7469000.0,,15155000.0,19500000.0,,,73382000.0,83053000.0,,9831000.0,538000.0,,,,,74230000.0,,538000.0,4896000.0,,,,,,,33371000.0,,,,,,
2019-06-30,2019-07-31,10-Q,MARINE PRODUCTS CORPORATION,MPX,CIK0001129155,USD,9265000.0,,14752000.0,,,27224000.0,,-2548000.0,,,,,544000.0,424000.0,20000.0,,113854000.0,80134000.0,0.0,0.0,,,,,,,,,,,,,,,,,,,,,,,,,12967000.0,,,0.12,,,,,3404000.0,,9390000.0,,68272000.0,,414000.0,,,,0.0,,,,,,,,3688000.0,,,,,,,,,,,,,8770000.0,,,,,,,,,,,,,,,,,,,225000.0,,4092000.0,0.27,,,0.27,,,0.183,,,,,,,,,,,,,,,,,,,,,3308000.0,,20424000.0,11474000.0,,2101000.0,,,122000.0,,,,,,,,,,,,,832000.0,,465000.0,8061000.0,50904000.0,33940000.0,8903000.0,95000.0,,,,648000.0,235500.0,118000.0,59000.0,235500.0,34778000.0,113854000.0,25464000.0,,,,,,,,9373000.0,9148000.0,,,,11379000.0,29000.0,,,,,,,,,,11015000.0,,,,,,,,,-17000.0,,,,,0.0,,,,,,544000.0,,,,,,,,,,,,,,,,,,1389000.0,,,,,,,,5889000.0,,,,,,,15244000.0,22100000.0,,,78220000.0,88696000.0,,9045000.0,,,1741200.0,,,79076000.0,,544000.0,996000.0,,,,,,,33258000.0,,,,,,
2019-09-30,2019-10-31,10-Q,MARINE PRODUCTS CORPORATION,MPX,CIK0001129155,USD,9624000.0,,15164000.0,446000.0,17043000.0,27724000.0,,-2532000.0,,,,,544000.0,424000.0,20000.0,,119031000.0,84748000.0,0.0,0.0,,,,,,,,,,,,,,,,,,,,,,,,,23030000.0,,,0.12,,,,,3396000.0,,7871000.0,,56463000.0,,414000.0,,,,0.0,,,,,,,,4381000.0,,,,,,,,,,,,,9244000.0,,,,,,,,,,,,,,,,,,,187000.0,,4083000.0,0.23,,,0.23,,,0.198,,,,,,,,,,,,,,,,,,,,,3308000.0,,15749000.0,9793000.0,,1938000.0,,,,,,,,,,,,,,,,817000.0,,465000.0,7522000.0,45013000.0,29623000.0,7868000.0,83000.0,,,,588750.0,235500.0,58875.0,58875.0,235500.0,36894000.0,119031000.0,27113000.0,,,,,,,,7855000.0,7668000.0,,,,9710000.0,59000.0,,,,,,,,,,11120000.0,,,,,,,,,-16000.0,,,,,0.0,,,,,,537000.0,,,,,,,,,,,,,,,,,,1541000.0,,,,,,,,5701000.0,,,,,,,15009000.0,20300000.0,,,81273000.0,72212000.0,,6039000.0,,,1741200.0,,,82137000.0,,544000.0,1271000.0,,,,,,,33184000.0,,,,,,
2019-12-31,2020-02-28,10-K,MARINE PRODUCTS CORPORATION,MPX,CIK0001129155,USD,3886000.0,6627000.0,6607000.0,,,28258000.0,,-2748000.0,,0.0,,,,,20000.0,,104764000.0,70927000.0,,,,,0.0,,0.0,,0.0,,,,,,,,,,,,,,,,,,19804000.0,,11059000.0,0.58,0.1,74000000.0,33869817.0,33869817.0,3387000.0,,28080000.0,295000.0,226742000.0,,,6637000.0,202000.0,,,-715000.0,3990000.0,-620000.0,,,95000.0,3990000.0,5336000.0,,,484000.0,560000.0,1818000.0,2002000.0,696000.0,1818000.0,358000.0,399000.0,,947000.0,9980000.0,,,98000.0,-98000.0,0.0,0.0,0.0,,,,,,796000.0,1.0,0.25,2090000.0,,,669000.0,,19756000.0,0.83,,,0.83,,,0.18,0.21,,0.0,,-0.007,-0.005,0.01,-0.001,,0.012,,3021000.0,,,0.0,0.0,0.0,0.0,,,3308000.0,0.0,65394000.0,34458000.0,,6219000.0,,7330000.0,907000.0,,-787000.0,2735000.0,,,455000.0,-5217000.0,-386000.0,1355000.0,2852000.0,261000.0,,831000.0,,465000.0,8829000.0,41553000.0,24993000.0,7731000.0,323000.0,,,,529875.0,235500.0,235500.0,,58875.0,27552000.0,104764000.0,17041000.0,4000.0,-28203000.0,,5345000.0,,33917000.0,,28239000.0,27570000.0,,,1.0,34135000.0,147000.0,,,,,,,,,713000.0,11278000.0,,,,7000.0,-287000.0,,-573000.0,,166000.0,,,,4000.0,-3000.0,63000.0,,,,,531000.0,,,,4308000.0,,,,8447000.0,19756000.0,,,299000.0,2334000.0,0.1,1000000.0,0.0,0.0,2056000.0,269000.0,,7978000.0,,,,,5410000.0,5410000.0,4004000.0,19000.0,3788000.0,28239000.0,43054000.0,14796000.0,20800000.0,,,76573000.0,292136000.0,,31259000.0,2123000.0,,,,,77212000.0,,2123000.0,8447000.0,-414000.0,,358000.0,,,33230000.0,33230000.0,,,,19804000.0,,
2020-03-31,2020-05-01,10-Q,MARINE PRODUCTS CORPORATION,MPX,CIK0001129155,USD,9803000.0,,9170000.0,,,28795000.0,,-2629000.0,,,,,576000.0,449000.0,20000.0,,109825000.0,77355000.0,,,,,,,,,,,,,,,,,,,,,,,,,,,20064000.0,,260000.0,0.12,,,,,3397000.0,,4327000.0,,47012000.0,,,,,,,,3429000.0,528000.0,,,,,,,,,,,,,,,,,,8805000.0,,,,,,,,,,,,,,,,,,536000.0,93000.0,,4074000.0,0.12,,,0.12,,,0.144,,,,,,,,,,,,,,,,,,,,,3308000.0,,12107000.0,4915000.0,,707000.0,,,733000.0,,5917000.0,2563000.0,,553000.0,-174000.0,4393000.0,,-1087000.0,-1183000.0,-614000.0,,775000.0,,465000.0,9672000.0,45946000.0,28276000.0,7998000.0,61000.0,58875.0,235500.0,176625.0,471000.0,,,,,32839000.0,109825000.0,23511000.0,,-5129000.0,,-665000.0,,6054000.0,,4208000.0,4115000.0,,,1.0,4854000.0,59000.0,,,,,,,,,,10343000.0,,,,,128000.0,,119000.0,,-119000.0,,,,,,28000.0,,,,,523000.0,,,,,,,,1055000.0,4074000.0,,,,665000.0,,,,,1442000.0,,,,,,,,5414000.0,,767000.0,50000.0,721000.0,4208000.0,,14925000.0,20000000.0,,,76218000.0,59119000.0,,7253000.0,576000.0,,1567400.0,,,76986000.0,,576000.0,1055000.0,,,,,,,33165000.0,,,,,,
2020-06-30,2020-07-31,10-Q,MARINE PRODUCTS CORPORATION,MPX,CIK0001129155,USD,8710000.0,,9568000.0,,,29332000.0,,-2610000.0,,,,,581000.0,453000.0,20000.0,,110880000.0,77168000.0,,,,,,,,,,,,,,,,,,,,,,,,,,,22614000.0,,,0.08,,,,,3397000.0,,1726000.0,,32987000.0,,,,,,,,3810000.0,,,,,,,,,,,,,,,,,,,10577000.0,,,,,,,,,,,,,,,,,,,58000.0,,2696000.0,0.05,,,0.05,,,0.183,,,,,,,,,,,,,,,,,,,,,3308000.0,,7831000.0,2089000.0,,382000.0,,,154000.0,,,,,,,,,,,,,759.0,,465000.0,6060000.0,43190000.0,27441000.0,9689000.0,15000.0,,,,,,,,,34312000.0,110880000.0,23220000.0,,,,,,,,1707000.0,1649000.0,,,,2074000.0,,,,,,,,,,,11375000.0,,,,,,,,,-19000.0,,,,,,,,,,,515000.0,,,,,,,,,,,,,,,,,,1642000.0,,,,,,,,5343000.0,,,,,,,14754000.0,13900000.0,,,75781000.0,40818000.0,,5757000.0,,,1567400.0,,,76568000.0,,581000.0,29000.0,,,,,,,33211.0,,,,,,
2020-09-30,2020-10-30,10-Q,MARINE PRODUCTS CORPORATION,MPX,CIK0001129155,USD,9592000.0,,8517000.0,,,29629000.0,,-2591000.0,,,,,1500000.0,1170000.0,20000.0,,117471000.0,82510000.0,,,,,,,,,,,,,,,,,,,,,,,,,,,29014000.0,,,0.08,,,,,3387000.0,,6554000.0,,52542000.0,,,,,,,,4181000.0,,,,,,,,,,,,,,,,,,,11289000.0,,,,,,,,,,,,,,,,,,,139000.0,,2716000.0,0.19,,,0.19,,,0.218,,,,,,,,,,,,,,,,,,,,,3308000.0,,16236000.0,8360000.0,,1825000.0,,,206000.0,,,,,,,,,,,,,715.0,,465000.0,6678000.0,42890000.0,25478000.0,10734000.0,10000.0,,,,,,,,,36996000.0,117471000.0,25199000.0,,,,,,,,6535000.0,6396000.0,,,,8350000.0,,,,,,,,,,,12266000.0,,,,,,,,,-19000.0,,,,,,,,,,,508000.0,,,,,,,,,,,,,,,,,,1883000.0,,,,,,,,5577000.0,,,,,,,14741000.0,14100000.0,,,79679000.0,68778000.0,,7886000.0,,,1569700.0,,,80475000.0,,1500000.0,1431000.0,,,,,,33213.0,33213.0,,,,,,
2020-12-31,2021-02-26,10-K,MARINE PRODUCTS CORPORATION,MPX,CIK0001129155,USD,6079000.0,4722000.0,4706000.0,,,30066000.0,,-1947000.0,,0.0,,,,,16000.0,,119422000.0,80536000.0,,,,,,,,,0.0,,,,,,,,,,,,,,,,,,31573000.0,,11769000.0,0.4,0.1,74000000.0,33868624.0,33868624.0,3387000.0,,20245000.0,1245000.0,186220000.0,,,4741000.0,582000.0,,,-410000.0,4075000.0,-311000.0,,,99000.0,4075000.0,5525000.0,,,423000.0,635000.0,1818000.0,2365000.0,717000.0,1818000.0,401000.0,485000.0,,965000.0,12524000.0,,,,,,,0.0,,,-647000.0,,,603000.0,,,1954000.0,,,416000.0,,13550000.0,0.57,,,0.57,,,0.205,0.21,,,,0.001,0.009,0.014,0.001,,0.015,,4458000.0,,,0.0,0.0,0.0,0.0,,31000.0,3308000.0,0.0,53605000.0,24456000.0,,5012000.0,,4099000.0,,,2193000.0,-1901000.0,,,-907000.0,757000.0,2426000.0,4428000.0,2718000.0,-109000.0,,734000.0,,465000.0,9178000.0,42310000.0,21754000.0,11378000.0,95000.0,,,,294375.0,,,58875.0,235500.0,34903000.0,119422000.0,21662000.0,,-16040000.0,,-2065000.0,,29874000.0,,19444000.0,19028000.0,,,1.0,24361000.0,236000.0,,,,,,,,,1558000.0,16100000.0,,,,,250000.0,505000.0,801000.0,,-801000.0,,,,,,-30000.0,,,,,717000.0,,,,1469000.0,,,,2490000.0,13550000.0,,,,2099000.0,0.1,1000000.0,0.0,0.0,1947000.0,194000.0,,,,34000.0,,,5030000.0,5030000.0,3225000.0,-250000.0,3095000.0,19444000.0,45004000.0,14938000.0,13200000.0,,,83079000.0,239825000.0,,29244000.0,3102000.0,,,,,84519000.0,,3102000.0,2490000.0,,,401000.0,,,33192000.0,33192000.0,,,,31573000.0,,-600000.0
2021-03-31,2021-04-30,10-Q,MARINE PRODUCTS CORPORATION,MPX,CIK0001129155,USD,10847000.0,,7727000.0,,,30514000.0,,-1933000.0,,,,,553000.0,431000.0,12000.0,,130165000.0,91384000.0,,,,,,,,,,,,,,,,,,,,,,,,,,,35016000.0,,3443000.0,0.1,,,,,3399000.0,,8111000.0,,59913000.0,,,,,,,,3917000.0,154000.0,,,,,,,,,,,,,,,,,,13209000.0,,,,,,,,,,,,,,,,,,447000.0,158000.0,,3398000.0,0.24,,,0.24,,,0.193,,,,,,,,,,,,,,,0.0,0.0,0.0,0.0,,,3308000.0,,18462000.0,10033000.0,,1936000.0,,2534000.0,551000.0,,4768000.0,3021000.0,,999000.0,551000.0,3620000.0,,232000.0,747000.0,214000.0,,671000.0,,465000.0,10929000.0,45929000.0,22651000.0,12349000.0,8000.0,,,,,,,,,41430000.0,130165000.0,27430000.0,,-4448000.0,,-236000.0,,8127000.0,,8097000.0,7939000.0,,,1.0,10025000.0,,,,,,,,,,,16364000.0,,,,,,,14000.0,,-14000.0,,,,,,,,,,,791000.0,,,,,,,,1050000.0,3398000.0,,,,236000.0,,,,,2161000.0,,,,,,,,5153000.0,,923000.0,124000.0,922000.0,8097000.0,,14727000.0,9600000.0,,,87269000.0,78375000.0,,8437000.0,553000.0,,1379950.0,,,88735000.0,,553000.0,1050000.0,,,,,,,33287000.0,,,,,,
2021-06-30,2021-07-30,10-Q,MARINE PRODUCTS CORPORATION,MPX,CIK0001129155,USD,12796000.0,,7941000.0,,,30963000.0,,-1919000.0,,,,,571000.0,446000.0,12000.0,,136257000.0,96417000.0,,,,,,,,,,,,,,,,,,,,,,,,,,,28609000.0,,,0.12,,,,,3399000.0,,5808000.0,,52651000.0,,,,,,,,4192000.0,,,,,,,,,,,,,,,,,,,14443000.0,,,,,,,,,,,,,,,,,,,112000.0,,4077000.0,0.17,,,0.17,,,0.214,,,,,,,,,,,,,,,,,,,,,3308000.0,,14608000.0,7373000.0,,1579000.0,,,303000.0,,,,,,,,,,,,,673.0,,465000.0,13235000.0,57109000.0,29523000.0,14351000.0,10000.0,,,,,,,,,45221000.0,136257000.0,30064000.0,,,,,,,,5794000.0,5682000.0,,,,7363000.0,,,,,,,,,,,17293000.0,,,,,,,,,-14000.0,,,,,,,,,,,714000.0,,,,,,,,,,,,,,,,,,2455000.0,,,,,,,,4931000.0,,,,,,,14582000.0,6700000.0,,,89556000.0,67259000.0,,7245000.0,,,1379950.0,,,91036000.0,,571000.0,1000.0,,,,,,,33321.0,,,,,,
2021-09-30,2021-10-29,10-Q,MARINE PRODUCTS CORPORATION,MPX,CIK0001129155,USD,14168000.0,,10229000.0,,,31408000.0,,-1905000.0,,,,,572000.0,446000.0,12000.0,,139792000.0,99582000.0,,,,,,,,,,,,,,,,,,,,,,,,,,,9630000.0,,,0.12,,,,,3399000.0,,6701000.0,,59799000.0,,,,,,,,4430000.0,,,,,,,,,,,,,,,,,,,15070000.0,,,,,,,,,,,,,,,,,,,131000.0,,4076000.0,0.2,,,0.2,,,0.199,,,,,,,,,,,,,,,,,,,,,3308000.0,,16044000.0,8347000.0,,1660000.0,,,482000.0,,,,,,,,,,,,,672.0,,465000.0,16541000.0,76747000.0,43335000.0,16871000.0,4000.0,,,,,,,,,45559000.0,139792000.0,29815000.0,,,,,,,,6687000.0,6556000.0,,,,8343000.0,,,,,,,,,,,17694000.0,,,,,,,,,-14000.0,,,,,,,,,,,674000.0,,,,,,,,,,,,,,,,,,2494000.0,,,,,,,,5064000.0,,,,,,,14313000.0,6500000.0,,,92739000.0,75843000.0,,7701000.0,,,1381750.0,,,94233000.0,,572000.0,,,,,,,33321.0,33321.0,,,,,,
2021-12-31,2022-02-28,10-K,MARINE PRODUCTS CORPORATION,MPX,CIK0001129155,USD,6771000.0,3274000.0,3262000.0,,,31878000.0,,-2576000.0,,,,,,,12000.0,,132841000.0,93109000.0,,,,,,,,,0.0,,,,,,,,,,,,,,,,,,,,-17471000.0,0.46,0.1,74000000.0,33992054.0,33992054.0,3399000.0,,28397000.0,1313000.0,229742000.0,,,7176000.0,346000.0,,,-248000.0,4392000.0,-140000.0,,,108000.0,4392000.0,5869000.0,,,283000.0,506000.0,,3196000.0,780000.0,,539000.0,444000.0,,1033000.0,15564000.0,,,,,,,0.0,,,,,,976000.0,,,1816000.0,,,566000.0,,15629000.0,0.85,,,0.85,,,0.203,0.21,,,,-0.008,0.007,0.009,0.004,,0.009,,3119000.0,,,0.0,0.0,0.0,0.0,,,3308000.0,0.0,68272000.0,36408000.0,,7382000.0,,7493000.0,10000.0,,692000.0,-1444000.0,,,10000.0,30951000.0,-4287000.0,1889000.0,2994000.0,527000.0,,672000.0,,465000.0,16640000.0,73261000.0,42231000.0,14390000.0,16000.0,,,,58875.0,,,,,34316000.0,132841000.0,18069000.0,,-16680000.0,,-1248000.0,,457000.0,,29026000.0,28460000.0,,,1.0,36392000.0,236000.0,,,,,,,,,1011000.0,17197000.0,,,,,,,,,629000.0,,,,,,,,,,,683000.0,,,,820000.0,,,,1051000.0,15629000.0,,,,1248000.0,0.1,1000000.0,0.0,,2474000.0,132000.0,,,,,,,4641000.0,4641000.0,4091000.0,-115000.0,3817000.0,29026000.0,46248000.0,14370000.0,6500000.0,,,97702000.0,298014000.0,,31880000.0,2289000.0,,,,,98525000.0,,2289000.0,1051000.0,,,539000.0,,,,33312000.0,,,,14102000.0,195000.0,
