end,filed,form,Name,Ticker,CIK,Currency,AccruedLiabilitiesAndOtherLiabilities,AccumulatedOtherComprehensiveIncomeLossNetOfTax,AdditionalPaidInCapital,AdditionalPaidInCapitalCommonStock,AdjustmentsToAdditionalPaidInCapitalShareBasedCompensationRestrictedStockUnitsRequisiteServicePeriodRecognition,AdjustmentsToAdditionalPaidInCapitalSharebasedCompensationRequisiteServicePeriodRecognitionValue,AllocatedShareBasedCompensationExpense,AmortizationOfAboveAndBelowMarketLeases,AmortizationOfAcquiredIntangibleAssets,AmortizationOfDebtDiscountPremium,AmortizationOfFinancingCosts,AmortizationOfIntangibleAssets,AssetImpairmentCharges,Assets,AssetsOfDisposalGroupIncludingDiscontinuedOperation,BusinessAcquisitionCostOfAcquiredEntityPurchasePrice,BusinessAcquisitionProFormaEarningsPerShareDiluted,BusinessAcquisitionPurchasePriceAllocationAssetsAcquired,BusinessAcquisitionPurchasePriceAllocationAssetsAcquiredLiabilitiesAssumedNet,BusinessAcquisitionPurchasePriceAllocationLand,BusinessAcquisitionPurchasePriceAllocationLiabilitiesAssumed,BusinessAcquisitionPurchasePriceAllocationNotesPayableAndLongTermDebt,BusinessAcquisitionPurchasePriceAllocationOtherAssets,BusinessAcquisitionPurchasePriceAllocationTangibleAssets,BusinessAcquisitionsProFormaNetIncomeLoss,BusinessAcquisitionsProFormaRevenue,BusinessCombinationBargainPurchaseGainRecognizedAmount,BusinessCombinationConsiderationTransferred1,BusinessCombinationProFormaInformationEarningsOrLossOfAcquireeSinceAcquisitionDateActual,BusinessCombinationProFormaInformationRevenueOfAcquireeSinceAcquisitionDateActual,BusinessCombinationRecognizedIdentifiableAssetsAcquiredAndLiabilitiesAssumedAssets,BusinessCombinationRecognizedIdentifiableAssetsAcquiredAndLiabilitiesAssumedBuildings,BusinessCombinationRecognizedIdentifiableAssetsAcquiredAndLiabilitiesAssumedIntangibles,BusinessCombinationRecognizedIdentifiableAssetsAcquiredAndLiabilitiesAssumedLand,BusinessCombinationRecognizedIdentifiableAssetsAcquiredAndLiabilitiesAssumedLiabilities,BusinessCombinationRecognizedIdentifiableAssetsAcquiredAndLiabilitiesAssumedNet,BusinessCombinationRecognizedIdentifiableAssetsAcquiredAndLiabilitiesAssumedNoncurrentLiabilitiesLongTermDebt,BusinessCombinationRecognizedIdentifiableAssetsAcquiredAndLiabilitiesAssumedPropertyPlantAndEquipment,BusinessCombinationSeparatelyRecognizedTransactionsExpensesAndLossesRecognized,BusinessCombinationSeparatelyRecognizedTransactionsRevenuesAndGainsRecognized,BusinessCombinationStepAcquisitionEquityInterestInAcquireeRemeasurementGain,CashAndCashEquivalentsAtCarryingValue,CashAndCashEquivalentsPeriodIncreaseDecrease,CashCashEquivalentsRestrictedCashAndRestrictedCashEquivalents,CashCashEquivalentsRestrictedCashAndRestrictedCashEquivalentsIncludingDisposalGroupAndDiscontinuedOperations,CashCashEquivalentsRestrictedCashAndRestrictedCashEquivalentsPeriodIncreaseDecreaseExcludingExchangeRateEffect,CashCashEquivalentsRestrictedCashAndRestrictedCashEquivalentsPeriodIncreaseDecreaseIncludingExchangeRateEffect,CommonStockDividendsPerShareCashPaid,CommonStockDividendsPerShareDeclared,CommonStockParOrStatedValuePerShare,CommonStockSharesAuthorized,CommonStockSharesIssued,CommonStockSharesOutstanding,CommonStockValue,CompensatingBalanceAmount,ComprehensiveIncomeNetOfTax,ComprehensiveIncomeNetOfTaxIncludingPortionAttributableToNoncontrollingInterest,ConstructionInProgressExpendituresIncurredButNotYetPaid,CostsAndExpenses,CumulativeDividends,DebtInstrumentInterestRateEffectivePercentage,DebtInstrumentUnamortizedDiscountPremiumNet,DebtInstrumentUnamortizedPremium,DeferredCostsAndOtherAssets,DeferredRentReceivablesNet,Depreciation,DepreciationAndAmortization,DepreciationDepletionAndAmortization,Dividends,DividendsCash,DividendsPayableCurrentAndNoncurrent,EarningsPerShareBasic,EarningsPerShareBasicAndDiluted,EarningsPerShareDiluted,EquityMethodInvestmentRealizedGainLossOnDisposal,EquityMethodInvestmentSummarizedFinancialInformationAssets,EquityMethodInvestmentSummarizedFinancialInformationEquity,EquityMethodInvestmentSummarizedFinancialInformationLiabilities,EquityMethodInvestmentSummarizedFinancialInformationLiabilitiesAndEquity,EquityMethodInvestmentSummarizedFinancialInformationNetIncomeLoss,EquityMethodInvestmentSummarizedFinancialInformationRevenue,EquityMethodInvestments,FiniteLivedIntangibleAssetsAccumulatedAmortization,FiniteLivedIntangibleAssetsAmortizationExpenseNextTwelveMonths,FiniteLivedIntangibleAssetsAmortizationExpenseYearFive,FiniteLivedIntangibleAssetsAmortizationExpenseYearFour,FiniteLivedIntangibleAssetsAmortizationExpenseYearThree,FiniteLivedIntangibleAssetsAmortizationExpenseYearTwo,FiniteLivedIntangibleAssetsNet,GainLossOnDispositionOfAssets,GainLossOnSaleOfEquityInvestments,GainLossOnSaleOfPropertyPlantEquipment,GainOnBusinessInterruptionInsuranceRecovery,GainOnPurchaseOfBusiness,GainsLossesOnSalesOfInvestmentRealEstate,IncomeLossBeforeGainOrLossOnSaleOfPropertiesExtraordinaryItemsAndCumulativeEffectsOfAccountingChanges,IncomeLossFromEquityMethodInvestments,IncomeLossFromEquityMethodInvestmentsNetOfDividendsOrDistributions,IncreaseDecreaseInAccruedInterestReceivableNet,IncreaseDecreaseInAccruedLiabilitiesAndOtherOperatingLiabilities,IncreaseDecreaseInDeferredRentReceivables,IncreaseDecreaseInLeasingReceivables,IncreaseDecreaseInOtherOperatingCapitalNet,InsuranceRecoveries,InsuranceSettlementsReceivable,IntangibleAssetsNetExcludingGoodwill,InterestAndDebtExpense,InterestExpense,InterestIncomeExpenseNet,InterestIncomeOther,InterestPaidNet,InterestPayableCurrentAndNoncurrent,InventoryRealEstateConstructionInProcess,InvestmentBuildingAndBuildingImprovements,InvestmentIncomeInterest,InvestmentsInAndAdvancesToAffiliatesAtFairValue,Land,LeaseCost,LesseeOperatingLeaseLiabilityPaymentsDue,LesseeOperatingLeaseLiabilityPaymentsDueAfterYearFive,LesseeOperatingLeaseLiabilityPaymentsDueNextTwelveMonths,LesseeOperatingLeaseLiabilityPaymentsDueYearFive,LesseeOperatingLeaseLiabilityPaymentsDueYearFour,LesseeOperatingLeaseLiabilityPaymentsDueYearThree,LesseeOperatingLeaseLiabilityPaymentsDueYearTwo,LesseeOperatingLeaseLiabilityPaymentsRemainderOfFiscalYear,LesseeOperatingLeaseLiabilityUndiscountedExcessAmount,LessorOperatingLeasePaymentsToBeReceived,LessorOperatingLeasePaymentsToBeReceivedFiveYears,LessorOperatingLeasePaymentsToBeReceivedFourYears,LessorOperatingLeasePaymentsToBeReceivedNextTwelveMonths,LessorOperatingLeasePaymentsToBeReceivedThereafter,LessorOperatingLeasePaymentsToBeReceivedThreeYears,LessorOperatingLeasePaymentsToBeReceivedTwoYears,LettersOfCreditOutstandingAmount,Liabilities,LiabilitiesAndStockholdersEquity,LiabilitiesOfDisposalGroupIncludingDiscontinuedOperation,LineOfCredit,LineOfCreditFacilityAmountOutstanding,LineOfCreditFacilityAverageOutstandingAmount,LineOfCreditFacilityIncreaseAdditionalBorrowings,LineOfCreditFacilityMaximumBorrowingCapacity,LineOfCreditFacilityRemainingBorrowingCapacity,LineOfCreditFacilityUnusedCapacityCommitmentFeePercentage,LinesOfCreditFairValueDisclosure,LoansPayable,LongTermDebt,LongTermDebtFairValue,LongTermDebtMaturitiesRepaymentsOfPrincipalAfterYearFive,LongTermDebtMaturitiesRepaymentsOfPrincipalInNextTwelveMonths,LongTermDebtMaturitiesRepaymentsOfPrincipalInYearFive,LongTermDebtMaturitiesRepaymentsOfPrincipalInYearFour,LongTermDebtMaturitiesRepaymentsOfPrincipalInYearThree,LongTermDebtMaturitiesRepaymentsOfPrincipalInYearTwo,MinorityInterest,MinorityInterestIncreaseFromStockIssuance,MinorityInterestOwnershipPercentageByNoncontrollingOwners,MinorityInterestOwnershipPercentageByParent,NetCashProvidedByUsedInFinancingActivities,NetCashProvidedByUsedInFinancingActivitiesContinuingOperations,NetCashProvidedByUsedInInvestingActivities,NetCashProvidedByUsedInInvestingActivitiesContinuingOperations,NetCashProvidedByUsedInOperatingActivities,NetCashProvidedByUsedInOperatingActivitiesContinuingOperations,NetIncomeLoss,NetRentableArea,NoncashOrPartNoncashAcquisitionDebtAssumed1,NoncashOrPartNoncashAcquisitionValueOfAssetsAcquired1,NoncontrollingInterestDecreaseFromDeconsolidation,NonRecourseDebt,NumberOfBusinessesAcquired,NumberOfPropertiesSubjectToGroundLeases,NumberOfRealEstateProperties,NumberOfReportableSegments,NumberOfStatesInWhichEntityOperates,NumberOfStatesInWhichEntityOperates,OperatingExpenses,OperatingIncomeLoss,OperatingLeaseCost,OperatingLeaseExpense,OperatingLeaseLiability,OperatingLeasePayments,OperatingLeaseRightOfUseAsset,OperatingLeasesFutureMinimumPaymentsDue,OperatingLeasesFutureMinimumPaymentsDueCurrent,OperatingLeasesFutureMinimumPaymentsDueInFiveYears,OperatingLeasesFutureMinimumPaymentsDueInFourYears,OperatingLeasesFutureMinimumPaymentsDueInThreeYears,OperatingLeasesFutureMinimumPaymentsDueInTwoYears,OperatingLeasesFutureMinimumPaymentsDueThereafter,OperatingLeasesFutureMinimumPaymentsReceivable,OperatingLeasesFutureMinimumPaymentsReceivableCurrent,OperatingLeasesFutureMinimumPaymentsReceivableInFiveYears,OperatingLeasesFutureMinimumPaymentsReceivableInFourYears,OperatingLeasesFutureMinimumPaymentsReceivableInThreeYears,OperatingLeasesFutureMinimumPaymentsReceivableInTwoYears,OperatingLeasesFutureMinimumPaymentsReceivableRemainderOfFiscalYear,OperatingLeasesFutureMinimumPaymentsReceivableThereafter,OperatingLeasesIncomeStatementMinimumLeaseRevenue,OperatingLeaseWeightedAverageDiscountRatePercent,OtherComprehensiveIncomeLossCashFlowHedgeGainLossAfterReclassificationAndTax,OtherComprehensiveIncomeLossNetOfTaxPortionAttributableToParent,OtherComprehensiveIncomeLossReclassificationAdjustmentFromAOCIOnDerivativesNetOfTax,OtherComprehensiveIncomeUnrealizedGainLossOnDerivativesArisingDuringPeriodNetOfTax,OtherComprehensiveIncomeUnrealizedGainLossOnDerivativesArisingDuringPeriodTax,OtherCostAndExpenseOperating,OtherNonrecurringExpense,OtherRealEstateValuationAdjustments,OwnedPropertyManagementCosts,PaymentsForAdvanceToAffiliate,PaymentsForDepositsOnRealEstateAcquisitions,PaymentsForProceedsFromDepositsOnRealEstateAcquisitions,PaymentsForRepurchaseOfCommonStock,PaymentsOfDividends,PaymentsOfFinancingCosts,PaymentsToAcquireAdditionalInterestInSubsidiaries,PaymentsToAcquireBuildings,PaymentsToAcquireBusinessesGross,PaymentsToAcquireBusinessesNetOfCashAcquired,PaymentsToAcquireInvestments,PaymentsToAcquirePropertyPlantAndEquipment,PaymentsToAcquireRealEstate,PaymentsToFundLongtermLoansToRelatedParties,PercentageRent,PreferredStockParOrStatedValuePerShare,PreferredStockSharesAuthorized,PreferredStockSharesIssued,PreferredStockSharesOutstanding,PreferredStockValue,ProceedsFromCollectionOfAdvanceToAffiliate,ProceedsFromCollectionOfLongtermLoansToRelatedParties,ProceedsFromDivestitureOfBusinessesNetOfCashDivested,ProceedsFromInsuranceSettlementInvestingActivities,ProceedsFromIssuanceOfSecuredDebt,ProceedsFromIssuanceOrSaleOfEquity,ProceedsFromLinesOfCredit,ProceedsFromLongTermLinesOfCredit,ProceedsFromMinorityShareholders,ProceedsFromRepaymentsOfLinesOfCredit,ProceedsFromRepaymentsOfNotesPayable,ProceedsFromSaleOfOtherPropertyPlantAndEquipment,ProceedsFromSaleOfPropertyPlantAndEquipment,ProceedsFromSaleOfRealEstateHeldforinvestment,ProfitLoss,RealEstateAccumulatedDepreciation,RealEstateAccumulatedDepreciationDepreciationExpense,RealEstateAccumulatedDepreciationOtherDeductions,RealEstateAccumulatedDepreciationRealEstateSold,RealEstateAcquisitionsThroughForeclosures,RealEstateAndAccumulatedDepreciationAmountOfEncumbrances,RealEstateAndAccumulatedDepreciationCarryingAmountOfBuildingsAndImprovements,RealEstateAndAccumulatedDepreciationCarryingAmountOfLand,RealEstateAndAccumulatedDepreciationInitialCostOfBuildingsAndImprovements,RealEstateAndAccumulatedDepreciationInitialCostOfLand,RealEstateCostOfRealEstateSold,RealEstateFederalIncomeTaxBasis,RealEstateGrossAtCarryingValue,RealEstateInvestmentPropertyAccumulatedDepreciation,RealEstateInvestmentPropertyAtCost,RealEstateInvestmentPropertyNet,RealEstateInvestments,RealEstateInvestmentsUnconsolidatedRealEstateAndOtherJointVentures,RealEstateOtherAcquisitions,RealEstatePeriodIncreaseDecrease,RepaymentsOfLinesOfCredit,RepaymentsOfLongTermLinesOfCredit,RepaymentsOfNotesPayable,RepaymentsOfSecuredDebt,RestrictedCashAndCashEquivalents,RetainedEarningsAccumulatedDeficit,RevenueFromContractWithCustomerExcludingAssessedTax,Revenues,RightOfUseAssetObtainedInExchangeForOperatingLeaseLiability,SalesOfRealEstate,SECScheduleIIIRealEstateAccumulatedDepreciationDepreciationExpense,SECScheduleIIIRealEstateWritedownOrReserveAmount,SecuredDebt,ShareBasedCompensation,ShareBasedCompensationArrangementByShareBasedPaymentAwardOptionsExercisableNumber,ShareBasedCompensationArrangementByShareBasedPaymentAwardOptionsExercisableWeightedAverageExercisePrice,ShareBasedCompensationArrangementByShareBasedPaymentAwardOptionsOutstandingIntrinsicValue,ShareBasedCompensationArrangementByShareBasedPaymentAwardOptionsOutstandingNumber,ShareBasedCompensationArrangementByShareBasedPaymentAwardOptionsOutstandingWeightedAverageExercisePrice,ShareBasedCompensationArrangementsByShareBasedPaymentAwardOptionsExercisesInPeriodWeightedAverageExercisePrice,SharebasedCompensationArrangementBySharebasedPaymentAwardOptionsExercisableIntrinsicValue1,SharebasedCompensationArrangementBySharebasedPaymentAwardOptionsNonvestedNumberOfShares,SharebasedCompensationSharesAuthorizedUnderStockOptionPlansExercisePriceRangeExercisableOptionsWeightedAverageExercisePrice1,SharebasedCompensationSharesAuthorizedUnderStockOptionPlansExercisePriceRangeOutstandingOptionsWeightedAverageExercisePriceBeginningBalance1,StockholdersEquity,StockholdersEquityIncludingPortionAttributableToNoncontrollingInterest,StockIssuedDuringPeriodSharesStockOptionsExercised,StockIssuedDuringPeriodValueNewIssues,StockIssuedDuringPeriodValueStockOptionsExercised,StockRepurchasedDuringPeriodValue,TaxBasisOfInvestmentsCostForIncomeTaxPurposes,UnusualOrInfrequentItemInsuranceProceeds,UnusualOrInfrequentItemLossGross,WeightedAverageNumberDilutedSharesOutstandingAdjustment,WeightedAverageNumberOfDilutedSharesOutstanding,WeightedAverageNumberOfShareOutstandingBasicAndDiluted,WeightedAverageNumberOfSharesOutstandingBasic,Investments,NotesReceivableGross,RealEstateAccumulatedDepreciationPeriodIncreaseDecrease
2008-12-31,2009-03-12,10-K,UNIVERSAL HEALTH REALTY INCOME TRUST,UHT,CIK0000798783,USD,,,,,,,,,,,,,4600000.0,,,,,,,,,,,,,,,,,,,,,,,,,,,,,618000.0,,,,,,,,,,,,,,,,,,,,,,,,,,,,,,,,,,,,,,,,,,,,,,,,,,,,,,,,,,,,,,,,,,,,,,,,,,,,,,,,,,,,,,,,,,,,,,,,,,,,,,,,,,,,,,,,,,,,,,,,,,,,,,,,,,,,,,,,,,,,,,,,,,,,,,,,,,,,,,,,,,,,,,,,,,,,,,,,,,,,,,,,,,,,,,,,,,,,,,,,,,,,,,,,,,,,,,,,,,,,,,,,,,,,,,,,,,,,,,,,,,,,,,,,,145095000.0,,,,,,,,,,,,,,
2009-12-31,2010-03-09,10-K,UNIVERSAL HEALTH REALTY INCOME TRUST,UHT,CIK0000798783,USD,,,,,178000.0,108000.0,,,,,,,0.0,,,,,,,,,,,,,,,,,,,,,,,,,,,,0.0,3038000.0,2420000.0,,,,,,,,,,,,,,,,13982000.0,,,,,,,,6399000.0,,28406000.0,,,1.56,,1.56,0.0,,,,,,,,,,,,,,,,0.0,,,,,,3092000.0,,48000.0,-84000.0,92000.0,,151000.0,,,,,2448000.0,,,2299000.0,,,,,,,,,,,,,,,,,,,,,,,,,,,,,,,,,,,,,,,,,,,,,,51000.0,,,-10202000.0,,-12362000.0,,24984000.0,,18576000.0,,,,,,,,,,,,,17932000.0,,,,,,,,,,,,,,,,,,,,,14413000.0,,,,,,,5977000.0,,,1606000.0,2142000.0,0.0,,,28406000.0,0.0,0.0,0.0,,,10988000.0,,,,4199000.0,,,,,,781000.0,0.0,,,,5927000.0,,9800000.0,51000.0,,3878000.0,0.0,,,18580000.0,72405000.0,,,,,,,,,,,,226945000.0,,,,,,,-6902000.0,,0.0,,1103000.0,,,,31914000.0,,,,,,286000.0,,,,51000.0,33.89,,,,,,,141184000.0,,5927000.0,,,,,,6000.0,11897000.0,,11891000.0,,,
2010-06-30,2010-08-06,10-Q,UNIVERSAL HEALTH REALTY INCOME TRUST,UHT,CIK0000798783,USD,,,,,,,,,,,,,,,,,,,,,,,,,,,,,,,,,,,,,,,,,,1246000.0,,,,,,,,,,,,,,,,,3510000.0,,,,,,,,1610000.0,,,,,0.35,,0.35,,,,,,,,,,,,,,,,,,,,,,,833000.0,,,,,,,,,,,522000.0,,,,,,,,,,,,,,,,,,,,,,,,,,,,,,,,,,,,,,,,,,,,,,,,,,,,,,,,,,4274000.0,,,,,,,,,,,,,3963000.0,,,,,,,,,,,,,,,,,,,,,3292000.0,,,,,,,1434000.0,,,466000.0,,,,,,,,,,,,,,,1023000.0,,,,,,,,,,,,,,,,,,,,,,,,,,,,,,,,,,,,,,,,,,,,,,,,7473000.0,,,,,,,,,,,,,,,,,,,,,,,,,,2000.0,12113000.0,,12111000.0,,,
2010-09-30,2010-11-05,10-Q,UNIVERSAL HEALTH REALTY INCOME TRUST,UHT,CIK0000798783,USD,,,,,,,,,,,,,,,,,,,,,,,,,,,,,,,,,,,,,,,,,,1061000.0,,,,,,,,,,,,,,,,,3561000.0,,,,,,,,1599000.0,,,,,0.27,,0.27,,,,,,,,,,,,,,,,,,,,,,,335000.0,,,,,,,,,,,558000.0,,,,,,,,,,,,,,,,,,,,,,,,,,,,,,,,,,,,,,,,,,,,,,,,,,,,,,,,,,3387000.0,,,,,,,,,,,,,3610000.0,,,,,,,,,,,,,,,,,,,,,3298000.0,,,,,,,1488000.0,,,474000.0,,,,,,,,,,,,,,,1024000.0,,,,,,,,,,,,,,,,,,,,,,,,,,,,,,,,,,,,,,,,,,,,,,,,7171000.0,,,,,,,,,,,,,,,,,,,,,,,,,,2000.0,12325000.0,,12323000.0,,,
2010-12-31,2011-03-11,10-K,UNIVERSAL HEALTH REALTY INCOME TRUST,UHT,CIK0000798783,USD,,,213209000.0,,265000.0,78000.0,78000.0,,133000.0,0.0,,,0.0,216135000.0,,,,,,,,,,,,,,,,,,,,,,,,,,,0.0,987000.0,-2051000.0,,,,,2.415,,0.01,95000000.0,12653169.0,12653169.0,127000.0,,,,,13577000.0,,0.011,,,,1964000.0,,6286000.0,6286000.0,29865000.0,,,1.33,,1.33,0.0,,,,,1639000.0,55770000.0,,386000.0,,,,,,1080000.0,,0.0,,,,,,2948000.0,,-49000.0,419000.0,-58000.0,,260000.0,,,,,1939000.0,,2300000.0,1895000.0,113000.0,,180750000.0,,80442000.0,19190000.0,,,,,,,,,,,,,,,,,,,70625000.0,216135000.0,,52600000.0,,52900000.0,,,,,,6564000.0,,,,,,,,,97000.0,,,,-7798000.0,,-17302000.0,,23049000.0,,16310000.0,,,,110000.0,,,,,,,,,15301000.0,,,,,,,,,,,,,,,,,,,,,13142000.0,,,,,,,5439000.0,,,1852000.0,9547000.0,0.0,0.0,,29865000.0,398000.0,0.0,0.0,,,15578000.0,,,,4097000.0,0.01,5000000.0,0.0,0.0,0.0,604000.0,0.0,,,,17797000.0,,3800000.0,0.0,,5250000.0,0.0,,,16295000.0,74683000.0,6025000.0,,3747000.0,594000.0,,,,,,27599000.0,,199940000.0,74683000.0,,106067000.0,125257000.0,,,-969000.0,,0.0,,4248000.0,,373604000.0,,28878000.0,,,,,14963000.0,343000.0,,,,51000.0,33.89,,,,,,145413000.0,145510000.0,0.0,17797000.0,,,,,,3000.0,12262000.0,,12259000.0,,,
2011-03-31,2011-05-06,10-Q,UNIVERSAL HEALTH REALTY INCOME TRUST,UHT,CIK0000798783,USD,,,,,,,,,,,,,,,,,,,,,,,,,,,,,,,,,,,,,,,,,,964000.0,-23000.0,,,,,,,,,,,,,,,,2945000.0,,,,,,,,1503000.0,,,,,0.33,,0.33,0.0,,,,,,,,,,,,,,,,,,,,,4128000.0,775000.0,,19000.0,-378000.0,218000.0,,-56000.0,,,,,378000.0,,,398000.0,,,,,,,,,,,,,,,,,,,,,,,,,,,,,,,,,,,,,,,,,,,,,,,,,1737000.0,,-6926000.0,,5166000.0,,4128000.0,,,,,,,,,,,,,3731000.0,,,,,,,,,,,,,,,,,,,,,3261000.0,,,,,,,971000.0,,,471000.0,7282000.0,0.0,,,7655000.0,,,0.0,,,2057000.0,,,,1112000.0,,,,,,715000.0,,,,,58000.0,,9400000.0,,,,0.0,,,,,,,,,,,,,,,,,,,,,,,172000.0,,,,66000.0,,,,6676000.0,,,,,,75000.0,,,,,,,,,,,,,,,,,,,,4000.0,12642000.0,,12638000.0,,,
2011-06-30,2011-08-08,10-Q,UNIVERSAL HEALTH REALTY INCOME TRUST,UHT,CIK0000798783,USD,,,213457000.0,,,,,,,,,,,227741000.0,,,0.19,,,,,,,,2400000.0,13200000.0,,,,,,,,,,,,,,,,740000.0,,,,,,0.605,,0.01,95000000.0,12663299.0,12663299.0,127000.0,,,,,3433000.0,,,,,,2100000.0,,1539000.0,,,7700000.0,,0.29,,0.29,0.0,,,,,314000.0,14828000.0,,,,,,,,,,,,,,,3692000.0,727000.0,,,,,,,,,,,368000.0,,,,99000.0,,181121000.0,655000.0,82677000.0,19190000.0,,,,,,,,,,,,,,,,,,,89493000.0,227741000.0,,71700000.0,,,,,,,,6504000.0,,,,,,,,,82000.0,,,,,,,,,,3692000.0,,,,,,,,,,,,,3333000.0,,,,,,,,,,,,,,,,,,,,,3261000.0,,,,,,,1414000.0,,,480000.0,,,,,,,,,,,,,,,1092000.0,0.01,5000000.0,0.0,0.0,0.0,,,,,,,,,,,,,,,,,,,,,,,,,,,,,77585000.0,,103536000.0,134949000.0,,,,,,,,,381424000.0,,6766000.0,,,,,8319000.0,,,,,,,,,,,,138166000.0,138248000.0,,,,,,,,9000.0,12651000.0,,12642000.0,,,
2011-09-30,2011-11-07,10-Q,UNIVERSAL HEALTH REALTY INCOME TRUST,UHT,CIK0000798783,USD,,,213597000.0,,,,,,,,,,,242839000.0,,,0.18,,,,,,,,2200000.0,13400000.0,,,,,,,,,,,,,,,,787000.0,,,,,,0.605,,0.01,95000000.0,12665269.0,12665269.0,127000.0,,,,,4203000.0,,,,,,2021000.0,,1799000.0,,,7700000.0,,0.26,,0.26,0.0,,,,,457000.0,15222000.0,,,,,,,,,,,,,,,3348000.0,875000.0,,,,,,,,,,,718000.0,,,,90000.0,,202257000.0,,82615000.0,21200000.0,,,,,,,,,,,,,,,,,,,108768000.0,242839000.0,,90400000.0,,,,,,,,6470000.0,,,,,,,,,79000.0,,,,,,,,,,3348000.0,,,,,,,,,,,,6882000.0,3191000.0,,,,,,,,,,,,,,,,,,,,,3266000.0,,,,,,,1424000.0,,,525000.0,,,,,,,,,,,,,,,1013000.0,0.01,5000000.0,0.0,0.0,0.0,,,,,,,,,,,,,,,,,,,,,,,,,,,,,79162000.0,,123095000.0,144295000.0,,,,,,,,,384772000.0,,7394000.0,,,,,8279000.0,,,,,,,,,,,,133992000.0,134071000.0,,,,,,,,3.0,12651.0,,12648.0,,,
2011-12-31,2012-03-13,10-K,UNIVERSAL HEALTH REALTY INCOME TRUST,UHT,CIK0000798783,USD,4984000.0,,213566000.0,,269000.0,12000.0,12000.0,,836000.0,-96000.0,,836000.0,10754000.0,370929000.0,,47806000.0,0.32,,39578000.0,3892000.0,,6999000.0,31000.0,40900000.0,4100000.0,54000000.0,28600000.0,,474000.0,1800000.0,,,,,,,,,,,28576000.0,11649000.0,10662000.0,,,,,2.425,,0.01,95000000.0,12666824.0,12666824.0,127000.0,,,,,20767000.0,472230000.0,0.018,,1100000.0,5471000.0,1982000.0,6300000.0,7306000.0,7306000.0,30703000.0,,,10.79,,10.780000000000001,71670000.0,140474000.0,20994000.0,4949000.0,140474000.0,1733000.0,57932000.0,33057000.0,1200000.0,,,,,,28081000.0,,28877000.0,,,57152000.0,,18306000.0,3058000.0,,-39000.0,221000.0,455000.0,,-101000.0,,,28081000.0,,2402000.0,,2600000.0,2216000.0,473000.0,,338648000.0,,33057000.0,24850000.0,,,,,,,,,,,,,,,,,,,181984000.0,370929000.0,,77150000.0,,67800000.0,,,,,,,,,,,,,,,84000.0,,,,-7426000.0,,-3284000.0,,21372000.0,,136420000.0,,,,,,,,,,,,,8727000.0,,,,,,,,,,,,,,,,,,,,,13150000.0,,,,,,,5581000.0,,,2008000.0,11541000.0,634000.0,634000.0,,30703000.0,0.0,4408000.0,39578000.0,,,3788000.0,,,,4191000.0,0.01,5000000.0,0.0,0.0,0.0,8718000.0,3967000.0,33800000.0,,,244000.0,,24550000.0,0.0,,0.0,33836000.0,,,73781000.0,74865000.0,6339000.0,6157000.0,,1157000.0,,,,,,,,363498000.0,74865000.0,11500000.0,263783000.0,288633000.0,,133080000.0,-776000.0,,1064000.0,,291000.0,,447398000.0,,29494000.0,,,6339000.0,,97686000.0,281000.0,,,,51000.0,33.89,,,,,,188861000.0,188945000.0,0.0,238000.0,,,,,,5000.0,12649000.0,,12644000.0,,,
2012-03-31,2012-05-08,10-Q,UNIVERSAL HEALTH REALTY INCOME TRUST,UHT,CIK0000798783,USD,,,213754000.0,,,,,,,-114000.0,,,,395453000.0,,30410000.0,,,7324000.0,1900000.0,,22441000.0,,,,,,,,,,,,,,,,,,,,3789000.0,-7860000.0,,,,,0.61,,0.01,95000000.0,12670434.0,12670434.0,127000.0,,,,,9743000.0,,,,,,2124000.0,,5220000.0,5220000.0,,7700000.0,,0.75,,0.75,7375000.0,,,,,549000.0,5638000.0,,3300000.0,,,,,,29570000.0,,,,,,,2139000.0,554000.0,,-13000.0,-457000.0,527000.0,,-41000.0,,,,,2023000.0,,383000.0,2055000.0,486000.0,,364197000.0,,38848000.0,27658000.0,,,,,,,,,,,,,,,,,,,204537000.0,395453000.0,,80200000.0,,,,,,,,,,,,,,,,,81000.0,,,,-7747000.0,,-7120000.0,,7007000.0,,9514000.0,,,,,,,,,,,,,3608000.0,,,,,,,,,,,,,,,,,,,,,3756000.0,,,,,,,3470000.0,,,533000.0,8000000.0,-100000.0,-100000.0,,7728000.0,0.0,,7324000.0,,,284000.0,,,,1116000.0,0.01,5000000.0,0.0,0.0,0.0,436000.0,,,,,118000.0,,3050000.0,,,0.0,8077000.0,,,,,,,,,,,,,,,,,77938000.0,,286259000.0,313917000.0,,,-931000.0,,,,3187000.0,,456912000.0,,13351000.0,,,,,116828000.0,70000.0,,,,,,,,,,,190835000.0,190916000.0,,,,,,,,5000.0,12657000.0,,12652000.0,,,
2012-06-30,2012-08-08,10-Q,UNIVERSAL HEALTH REALTY INCOME TRUST,UHT,CIK0000798783,USD,4824000.0,,213912000.0,,,,,,,,,,,390778000.0,,,,,,,,,,,,,,,,,,,,,,,,,,,,3211000.0,,,,,,0.615,,0.01,95000000.0,12683428.0,12683428.0,127000.0,,,,,9847000.0,487757000.0,,,867000.0,5386000.0,2046000.0,,5001000.0,,,7800000.0,,0.19,,0.19,0.0,119636000.0,18096000.0,5865000.0,119636000.0,542000.0,5347000.0,38257000.0,5200000.0,,,,,,,,,,,,,2467000.0,604000.0,,,,,,,,,27717000.0,,1956000.0,,434000.0,,578000.0,,365667000.0,434000.0,38257000.0,27058000.0,,,,,,,,,,,,,,,,,,12000000.0,205039000.0,390778000.0,,81150000.0,81200000.0,,,,56800000.0,,,,,117600000.0,,,,,,,78000.0,,,,,,,,,,2467000.0,,,,,115406000.0,,,,,,,,3819000.0,,,,,,,,,,,,,,,,,,,,,3732000.0,,,,,,,4196000.0,,,521000.0,,,,,,,,,,,,,,,1038000.0,0.01,5000000.0,,,,,,,,,,,,,,,,,,,,,,,,,,,,,,,,81043000.0,,284624000.0,311682000.0,,,,,,,,,459379000.0,,13666000.0,,,,,116273000.0,,,,,,,,,,,,185661000.0,185739000.0,,,,,,,,6000.0,12664000.0,,12658000.0,,,
2012-09-30,2012-11-08,10-Q,UNIVERSAL HEALTH REALTY INCOME TRUST,UHT,CIK0000798783,USD,4954000.0,,214092000.0,,,,,,,,,,,388006000.0,,,,26810000.0,7324000.0,,111000.0,23240000.0,4399000.0,,,,,,,,,,,,,,,,,,,3151000.0,,,,,,0.615,,0.01,95000000.0,12685403.0,12685403.0,127000.0,,,,,9395000.0,495558000.0,,,1400000.0,6143000.0,1963000.0,,5263000.0,,,7800000.0,,0.24,,0.24,0.0,121566000.0,18755000.0,6149000.0,121566000.0,580000.0,5514000.0,38895000.0,6600000.0,,,,,,,,,,,,,2986000.0,645000.0,,,,,,,,,25645000.0,,1874000.0,,438000.0,,541000.0,,366321000.0,,38895000.0,27058000.0,,,,,,,,,,,,,,,,,,13600000.0,206904000.0,388006000.0,,83000000.0,83000000.0,,,,53400000.0,,,,76025000.0,117600000.0,15648000.0,,316000.0,35231000.0,13854000.0,6766000.0,76000.0,,,,,,,,,,2986000.0,,,,,114760000.0,,,,,,,2327000.0,4215000.0,,,,,,,,,,,,,,,,,,,,,4068000.0,,,,,,,3578000.0,,,540000.0,,,,,,,,,,,,,,,955000.0,0.01,5000000.0,0.0,0.0,0.0,,,,,,,,,,,,,,,,,,,,,,,,,,,,,84186000.0,,282135000.0,309193000.0,,,,,,,,,462365000.0,,13610000.0,,,,,116175000.0,,,,,,,,,,,,181026000.0,181102000.0,,,,,,,,10000.0,12676000.0,,12666000.0,,,
2012-12-31,2013-03-13,10-K,UNIVERSAL HEALTH REALTY INCOME TRUST,UHT,CIK0000798783,USD,4920000.0,0.0,214094000.0,,329000.0,,0.0,,7800000.0,-657000.0,,7800000.0,0.0,383038000.0,,40000000.0,0.92,,16891000.0,1900000.0,,23240000.0,799000.0,34000000.0,11600000.0,55400000.0,,,,,,,,,,,,,,,0.0,3048000.0,-8601000.0,,,,,2.46,,0.01,95000000.0,12688998.0,12688998.0,127000.0,,19477000.0,,,37590000.0,503425000.0,0.024,,1300000.0,5851000.0,2041000.0,12200000.0,20216000.0,20216000.0,31195000.0,,,1.9,,1.9,9665000.0,116000000.0,20463000.0,5368000.0,116000000.0,2278000.0,21448000.0,28636000.0,8200000.0,5800000.0,2800000.0,3200000.0,3900000.0,4700000.0,26300000.0,,0.0,0.0,,,,14322000.0,2365000.0,,-66000.0,278000.0,,,-249000.0,,,26293000.0,,7768000.0,,1500000.0,7994000.0,539000.0,,374416000.0,,28636000.0,27058000.0,,,,,,,,,,,,,,,,,,13300000.0,205293000.0,383038000.0,,81750000.0,81800000.0,75400000.0,,,54900000.0,,81800000.0,,196668000.0,117900000.0,19333000.0,20412000.0,43586000.0,12771000.0,88979000.0,11587000.0,74000.0,,0.9,,-30819000.0,-30819000.0,-8565000.0,-8565000.0,30783000.0,30783000.0,23987000.0,,,,,114918000.0,,,54.0,,,15.0,,16360000.0,,,,,,202625000.0,40464000.0,16151000.0,31036000.0,33558000.0,37337000.0,44079000.0,,,,,,,,,15438000.0,,,0.0,0.0,0.0,,14575000.0,,51021000.0,2119000.0,8000000.0,,-100000.0,,31195000.0,384000.0,0.0,16891000.0,,,2973000.0,,,,4142000.0,0.01,5000000.0,,,0.0,8551000.0,0.0,,,,350000.0,,4600000.0,,,14000000.0,12175000.0,0.0,,19467000.0,87088000.0,12223000.0,,,3985000.0,114918000.0,374416000.0,27058000.0,325211000.0,25242000.0,,,401474000.0,87088000.0,,287328000.0,314386000.0,12100000.0,,-3985000.0,0.0,0.0,,18084000.0,,466875000.0,,53950000.0,,,12223000.0,,116186000.0,329000.0,43000.0,35.22,661750.0,43000.0,35.22,26.76,661750.0,,35.22,35.22,177671000.0,177745000.0,8000.0,305000.0,148930.0,,,,,8000.0,12669000.0,,12661000.0,,,
2013-03-31,2013-05-07,10-Q,UNIVERSAL HEALTH REALTY INCOME TRUST,UHT,CIK0000798783,USD,4424000.0,,214253000.0,,,,,,,-109000.0,,,,379505000.0,,,,,,,,,,,,,,,,,,,,,,,,,,,0.0,3321000.0,273000.0,,,,,0.62,,0.01,95000000.0,12690264.0,12690264.0,127000.0,,3427000.0,,,9132000.0,511292000.0,,1200000.0,1200000.0,5882000.0,2106000.0,,4814000.0,4837000.0,,7900000.0,,0.27,,0.27,0.0,117220000.0,19955000.0,5026000.0,117220000.0,760000.0,5039000.0,28907000.0,9800000.0,,,,,,,,0.0,,,,,,569000.0,,52000.0,-501000.0,,,-55000.0,,,24667000.0,,1895000.0,,257000000.0,1953000.0,487000.0,,374800000.0,,28907000.0,27058000.0,,,,,,,,,,,,,,,,,,12400000.0,206045000.0,379505000.0,,84150000.0,84200000.0,,,,53400000.0,,,,,116000000.0,,,,,,,70000.0,,,,-6644000.0,,-705000.0,,7622000.0,,3427000.0,,,,,113784000.0,,,,1.0,,,,4753000.0,,,,,,,,,,,,,,,,,,,,,3790000.0,,,0.0,0.0,0.0,,3665000.0,,,571000.0,519000.0,,0.0,,7867000.0,95000.0,0.0,0.0,,,541000.0,,,,1098000.0,0.01,5000000.0,,,,26000.0,,,,,52000.0,,2400000.0,,,11150000.0,0.0,,,,,,,,,,,,,,,,,90223000.0,,284577000.0,311635000.0,,,-434000.0,,,,12284000.0,,470302000.0,,13885000.0,,,,,114943000.0,91000.0,,,,,,,,,,,173390000.0,173460000.0,,,,,,,,16000.0,12687000.0,,12671000.0,,,
2013-06-30,2013-08-08,10-Q,UNIVERSAL HEALTH REALTY INCOME TRUST,UHT,CIK0000798783,USD,5119000.0,,214404000.0,,,,,,,,,,,380649000.0,,,,,,,,,,,,,,,,,,,,,,,,,,,,3097000.0,,,,,,0.625,,0.01,95000000.0,12700612.0,12700612.0,127000.0,,2941000.0,,,9100000.0,519229000.0,,1000000.0,1000000.0,5770000.0,2049000.0,,4722000.0,,,7900000.0,,0.23,,0.23,0.0,117634000.0,20437000.0,5128000.0,117634000.0,104000.0,5206000.0,33180000.0,11300000.0,,,,,,,,,,,,,,461000.0,,,,,,,,,23136000.0,,1922000.0,,620000000.0,,516000.0,,376530000.0,,33180000.0,27154000.0,,,,,,,,,,,,,,,,,,10300000.0,212050000.0,380649000.0,,90350000.0,90400000.0,,,,49300000.0,,,,,114200000.0,,,,,,,54000.0,,,,,,,,,,2941000.0,,,,,113053000.0,,,,,,,,4402000.0,,,,,,,,,,,,,,,,,,,,,3804000.0,,,0.0,0.0,0.0,,3744000.0,,,585000.0,,,,,7900000.0,,,,,,,,,,1041000.0,0.01,5000000.0,,,0.0,,,,,,,,,,,,,,,,,,,,,,,,,,,,,93374000.0,,283156000.0,310310000.0,,,,,,,,,473243000.0,,13502000.0,,,,,114103000.0,,,,,,,,,,,,168545000.0,168599000.0,,,,,,,,13000.0,12688000.0,,12675000.0,,,
2013-09-30,2013-11-07,10-Q,UNIVERSAL HEALTH REALTY INCOME TRUST,UHT,CIK0000798783,USD,4686000.0,-48000.0,214572000.0,,,,,,,,,,,375317000.0,,,,,,,,,,,,,,,,,,,,,,,,,,,0.0,2936000.0,,,,,,0.625,,0.01,95000000.0,12702192.0,12702192.0,127000.0,,3303000.0,,,8855000.0,527167000.0,,942000.0,942000.0,5961000.0,2083000.0,,4577000.0,,,7900000.0,,0.26,,0.26,0.0,130155000.0,21261000.0,5870000.0,130155000.0,520000.0,5320000.0,39209000.0,12600000.0,,,,,,,,,,,,,,515000.0,,,,,,,,,22177000.0,,1805000.0,,511000.0,,470000.0,,367101000.0,,39209000.0,27559000.0,,,,,,,,,,,,,,,,,,9500000.0,211287000.0,375317000.0,,97100000.0,97100000.0,,,,43400000.0,,,,,107200000.0,,,,,,,0.0,,,,,,,,,,3303000.0,,,,,106160000.0,,,,,,,,4593000.0,,,,,,,,,,,,,,,,,,,,,3587000.0,,,0.0,0.0,0.0,,3636000.0,,,603000.0,,,,,7900000.0,,,,,,,,,,1075000.0,0.01,5000000.0,,,0.0,,,,,,,,,,,,,,,,,,,,,,,,,,,,,94798000.0,,272303000.0,299862000.0,,,,,,,,,476546000.0,,13448000.0,,,,,107102000.0,,,,,,,,,,,,164030000.0,164030000.0,,,,,,,,13000.0,12694000.0,,12681000.0,,,
2013-12-31,2014-03-07,10-K,UNIVERSAL HEALTH REALTY INCOME TRUST,UHT,CIK0000798783,USD,5156000.0,-57000.0,220691000.0,,375000.0,,0.0,,,-433000.0,,6000000.0,0.0,373145000.0,,,,,,,,,,,,,,,,,,,,,,,,,,,0.0,3337000.0,430000.0,,,,,2.495,,0.01,95000000.0,12858643.0,12858643.0,128000.0,,13112000.0,13112000.0,,35734000.0,535176000.0,0.022,834000.0,834000.0,6714000.0,2053000.0,12500000.0,18753000.0,18843000.0,31751000.0,,,1.31,,1.31,0.0,129026000.0,20667000.0,5336000.0,129026000.0,1904000.0,21001000.0,39201000.0,13700000.0,4600000.0,1700000.0,2900000.0,3400000.0,3900000.0,20800000.0,,0.0,0.0,,,,,2095000.0,,22000.0,523000.0,,,431000.0,,,20782000.0,,7472000.0,,1900000.0,7517000.0,491000.0,0.0,368295000.0,,39201000.0,27374000.0,,,,,,,,,,,,,,,,,,8700000.0,207515000.0,373145000.0,,93700000.0,93700000.0,86300000.0,,,47600000.0,,93700000.0,,199153000.0,106400000.0,18330000.0,11894000.0,10672000.0,43914000.0,13098000.0,101245000.0,0.0,,0.9,,-17491000.0,-17491000.0,-13514000.0,-13373000.0,31294000.0,31294000.0,16667000.0,,,,74000.0,105453000.0,,,58.0,1.0,16.0,,,18546000.0,,,,,,206060000.0,42692000.0,18860000.0,21519000.0,36769000.0,39631000.0,46589000.0,,,,,,,,,14773000.0,,,-57000.0,0.0,-57000.0,57000.0,14409000.0,,52565000.0,2369000.0,4580000.0,,150000.0,,31751000.0,95000.0,0.0,4675000.0,,,3013000.0,4675000.0,,,4260000.0,0.01,5000000.0,,,0.0,114000.0,0.0,,,,5757000.0,,11950000.0,,11950000.0,11150000.0,0.0,0.0,,13169000.0,97921000.0,,,1588000.0,3415000.0,105453000.0,368295000.0,27374000.0,317546000.0,25558000.0,13185000.0,,395669000.0,97921000.0,,270374000.0,297748000.0,16300000.0,,-3415000.0,0.0,0.0,,14401000.0,,480044000.0,,54280000.0,,100000.0,12464000.0,,106287000.0,375000.0,,,176240.0,40000.0,35.65,29.44,,0.0,,,165630000.0,165630000.0,3000.0,6324000.0,46290.0,,,,,12000.0,12701000.0,,12689000.0,,,
2014-03-31,2014-05-07,10-Q,UNIVERSAL HEALTH REALTY INCOME TRUST,UHT,CIK0000798783,USD,4221000.0,-39000.0,223233000.0,,,,,,,-104000.0,,,,388014000.0,,,,,,,,,,,,,,,,,,,2800000.0,,,,10700000.0,19500000.0,,,316000.0,3844000.0,250000.0,,,,,0.625,,0.01,95000000.0,12918287.0,12918287.0,129000.0,,3792000.0,,,9431000.0,543226000.0,,691000.0,691000.0,6582000.0,2157000.0,,4826000.0,4849000.0,,,,0.29,,0.29,,105215000.0,16646000.0,4275000.0,105215000.0,724000.0,4909000.0,27842000.0,15100000.0,,,,,,,,316000.0,,,,,3458000.0,593000.0,0.0,-2000.0,-1129000.0,,,114000.0,,,23198000.0,,1992000.0,,352000.0,1980000.0,526000.0,,392898000.0,,27842000.0,29083000.0,,,,,,,,,,,,,,,,,,8200000.0,224099000.0,388014000.0,,101250000.0,101300000.0,,,,40500000.0,,,,,116300000.0,,,,,,,,,,,1181000.0,1181000.0,-7897000.0,-7897000.0,6966000.0,6966000.0,3774000.0,,,,,115422000.0,,,,1.0,,,,4857000.0,,,,,,,,,,,,,,,,,,,,,3914000.0,,,18000.0,-15000.0,3000.0,,3933000.0,,,610000.0,0.0,,,,8050000.0,0.0,170000.0,7050000.0,,,442000.0,7050000.0,,,1150000.0,0.01,5000000.0,,,,0.0,,,,,2477000.0,,7550000.0,,,0.0,,,,,,,,,,,,,,,,,,101269000.0,,291629000.0,320712000.0,,,-641000.0,,,,796000.0,,483818000.0,,14288000.0,,,,,116113000.0,96000.0,,,,,,,,,,,163915000.0,,,,,,,,,6000.0,12854000.0,,12848000.0,,,
2014-06-30,2014-08-08,10-Q,UNIVERSAL HEALTH REALTY INCOME TRUST,UHT,CIK0000798783,USD,4141000.0,-111000.0,223356000.0,,,,,,,,,,,383712000.0,,,,,,,,,,,,,,,,,,,2800000.0,,,,10700000.0,19500000.0,,,,3860000.0,,,,,,0.63,,0.01,95000000.0,12929400.0,12929400.0,129000.0,,3336000.0,,,9577000.0,551371000.0,,604000.0,604000.0,5688000.0,2230000.0,,4782000.0,,,,,0.26,,0.26,,104968000.0,16598000.0,4328000.0,104968000.0,610000.0,5014000.0,27952000.0,16400000.0,,,,,,,,,,,,,3408000.0,679000.0,,,,,,,,,21855000.0,,2011000.0,,360000.0,,511000.0,,393804000.0,,27952000.0,29084000.0,,,,,,,,,,,,,,,,,,8100000.0,224483000.0,383712000.0,,102350000.0,102400000.0,,,,39600000.0,,,,,116200000.0,,,,,,,,,,,,,,,,,3408000.0,,,,,114635000.0,,,,,,,,4740000.0,,,,,,,,,,,,,,,,,,,,,3916000.0,,,-72000.0,-23000.0,-95000.0,,4134000.0,,,620000.0,,,,,8100000.0,,,,,,,,,,1222000.0,0.01,5000000.0,,,,,,,,,,,,,,,,,,,,,,,,,,,,,,,,104655000.0,,289149000.0,318233000.0,,,,,,,,,487226000.0,,14317000.0,,,,,115239000.0,,,,,,,,,,,,159229000.0,,,,,,,,,6000.0,12908000.0,,12902000.0,,,
2014-09-30,2014-11-07,10-Q,UNIVERSAL HEALTH REALTY INCOME TRUST,UHT,CIK0000798783,USD,9478000.0,-70000.0,223519000.0,,,,,,,,,,,436862000.0,,,,,,,,,,,,,,,,,,,,,,,,,,,25093000.0,3739000.0,,,,,,0.63,,0.01,95000000.0,12931065.0,12931065.0,129000.0,,28182000.0,,,10560000.0,559517000.0,,,584000.0,5971000.0,2165000.0,,5247000.0,,,,,2.18,,2.18,,67932000.0,13613000.0,2490000.0,67932000.0,726000.0,3905000.0,8531000.0,17900000.0,,,,,,,,,,,,,3048000.0,499000.0,,,,,,,,,25116000.0,,2149000.0,,122000.0,,576000.0,,459773000.0,,8531000.0,35734000.0,,,,,,,,,,,,,,,,,,6300000.0,257433000.0,436862000.0,,120450000.0,,,,,23300000.0,,,,,125000000.0,,,,,,,,,,,,,,,,,28141000.0,,,,,123737000.0,,,,,,,,4698000.0,,,,,,,,,,,,,,,,,,,,,3864000.0,,,41000.0,-23000.0,18000.0,,4462000.0,,,653000.0,,,,,8100000.0,,,,,,,,,,1157000.0,0.01,5000000.0,,,,,,,,,,,,,,,,,,,,,,,,,,,,,,,,108374000.0,,351399000.0,387133000.0,,,,,,,,,515368000.0,,15258000.0,,,,,124321000.0,,,,,,,,,,,,179429000.0,,,,,,,,,7000.0,12918000.0,,12911000.0,,,
2014-12-31,2015-03-06,10-K,UNIVERSAL HEALTH REALTY INCOME TRUST,UHT,CIK0000798783,USD,8522000.0,-88000.0,240835000.0,240835000.0,399000.0,,,,,-312000.0,,6100000.0,,428866000.0,,,,,,,,,,,,,25400000.0,,,,,,6500000.0,,2300000.0,7000000.0,29800000.0,84000000.0,,,25409000.0,3861000.0,-1057000.0,,,,,2.52,,0.01,95000000.0,13301204.0,13301204.0,133000.0,,51520000.0,51520000.0,,40739000.0,567894000.0,0.024,,523000.0,6863000.0,2086000.0,14400000.0,20885000.0,20975000.0,32718000.0,,,5.23,,5.23,0.0,69817000.0,13741000.0,3348000.0,69817000.0,3294000.0,17292000.0,8605000.0,19700000.0,5600000.0,1900000.0,2500000.0,3900000.0,4500000.0,23100000.0,,,26086000.0,,,26086000.0,16284000.0,2428000.0,,62000.0,-509000.0,,,-851000.0,,,23123000.0,,8376000.0,-8376000.0,834000.0,8268000.0,545000.0,1192000.0,451005000.0,,8605000.0,35584000.0,,,,,,,,,,,,,,,,,,6300000.0,224285000.0,428866000.0,,89750000.0,,104600000.0,,150000000.0,54000000.0,,89800000.0,,212632000.0,124700000.0,14866000.0,107646000.0,3463000.0,22658000.0,50399000.0,13600000.0,,,,1.0,,-29815000.0,,-4038000.0,,32796000.0,67779000.0,,,,,122900000.0,,,61.0,1.0,,18.0,,19047000.0,,,,,,230430000.0,49207000.0,21127000.0,25799000.0,30330000.0,46051000.0,57916000.0,,,,,,,,,15601000.0,,,-31000.0,-84000.0,-31000.0,31000.0,16882000.0,,49730000.0,2545000.0,0.0,,100000.0,,32718000.0,0.0,4744000.0,15600000.0,,,1337000.0,15600000.0,,,4607000.0,0.01,5000000.0,0.0,0.0,,0.0,,,,,19274000.0,,0.0,,-3950000.0,0.0,0.0,17300000.0,,51551000.0,106480000.0,,5859000.0,,3298000.0,122882000.0,449813000.0,35584000.0,401899000.0,33768000.0,,,486589000.0,106480000.0,,344525000.0,380109000.0,,84064000.0,-2866000.0,3950000.0,,,12327000.0,,531595000.0,,75709000.0,,10116000.0,14413000.0,,123405000.0,399000.0,36000.0,35.94,,36000.0,35.94,33.07,438430.0,0.0,,,204581000.0,204581000.0,4000.0,19844000.0,44160.0,,,,,7000.0,12934000.0,,12927000.0,,,
2015-03-31,2015-05-08,10-Q,UNIVERSAL HEALTH REALTY INCOME TRUST,UHT,CIK0000798783,USD,5352000.0,-126000.0,240993000.0,,,,,,,-57000.0,,,,441606000.0,,,,,,,,,,,,,,,,,,,,,,,,,,,0.0,3951000.0,90000.0,,,,,0.635,,0.01,95000000.0,13302241.0,13302241.0,133000.0,,3658000.0,,,10968000.0,576340000.0,,,468000.0,6719000.0,2149000.0,,5523000.0,5545000.0,,,,0.28,,0.28,,67843000.0,13007000.0,2453000.0,67843000.0,1049000.0,3585000.0,7945000.0,21000000.0,,,,,,,,,,,,,3696000.0,592000.0,64000.0,48000.0,-658000.0,,,228000.0,,,22263000.0,,2130000.0,,0.0,2115000.0,497000.0,,465973000.0,,7945000.0,38774000.0,,,,,,,,,,,,,,,,,,5900000.0,241655000.0,441606000.0,,116000000.0,,,,,63100000.0,,,,,119000000.0,,,,,,,,,,,,12320000.0,,-20459000.0,,8229000.0,3696000.0,,,,,117139000.0,,,,1.0,,,,5234000.0,,,,,,,,,,,,,,,,,,,,,3906000.0,,,-38000.0,-23000.0,-61000.0,,4722000.0,,,666000.0,,,,,8446000.0,913000.0,2250000.0,,,,321000.0,16765000.0,,,1218000.0,0.01,5000000.0,,,,,,,,,1172000.0,,26250000.0,,,,,0.0,,,,,,,,,,,,,,,,110518000.0,,355455000.0,394229000.0,,,-2168000.0,,,,5743000.0,,535291000.0,,16202000.0,,,,,117607000.0,101000.0,,,,,,,,,,,199951000.0,,,,,,,,,11000.0,13294000.0,,13283000.0,,,
2015-06-30,2015-08-07,10-Q,UNIVERSAL HEALTH REALTY INCOME TRUST,UHT,CIK0000798783,USD,5843000.0,-121000.0,,241136000.0,,,,,,,,,,444352000.0,,,,,,,,,,,,,,,,,,,,,,,,,,,,4350000.0,,,,,,0.64,,0.01,95000000.0,13312792.0,13312792.0,133000.0,,12009000.0,,,11448000.0,584860000.0,,,412000.0,6455000.0,2080000.0,,5870000.0,,,,,0.9,,0.9,,67778000.0,13234000.0,2508000.0,67778000.0,974000.0,3576000.0,8150000.0,22700000.0,,,,,,,,,8742000.0,,,,3262000.0,673000.0,,,,,,,,,22173000.0,,2012000.0,-2012000.0,0.0,,482000.0,,468334000.0,,8150000.0,41724000.0,,,,,,,,,,,,,,,,,,5100000.0,240769000.0,444352000.0,,115275000.0,,,,,64600000.0,,,,,119000000.0,,,,,,,,,,,,,,,,,12004000.0,,,,,116323000.0,,,,,,,,4601000.0,,,,,,,,,,,,,,,,,,,,,3991000.0,,,5000.0,-23000.0,-18000.0,,4738000.0,,,693000.0,,,,,8500000.0,,,,,,,,,,1150000.0,0.01,5000000.0,,,,,,,,,,,,,,,,,,,,,,,,,,,,,,,,113087000.0,,355247000.0,396971000.0,,,,,,,,,547295000.0,,16049000.0,,,,,116735000.0,,,,,,,,,,,,203583000.0,,,,,,,,,10000.0,13296000.0,,13286000.0,,,
2015-09-30,2015-11-06,10-Q,UNIVERSAL HEALTH REALTY INCOME TRUST,UHT,CIK0000798783,USD,5806000.0,-113000.0,,241675000.0,,,,,,,,,,438652000.0,,,0.25,,,,,,,,3400000.0,16400000.0,,,,,,,,,,,,,,,,3651000.0,,,,,,0.64,,0.01,95000000.0,13325658.0,13325658.0,133000.0,,3647000.0,,,10593000.0,593388000.0,,,354000.0,6660000.0,2015000.0,,5424000.0,,,,,0.27,,0.27,,67233000.0,12840000.0,2686000.0,67233000.0,887000.0,3638000.0,7811000.0,24000000.0,,,,,,,,,,,,,3639000.0,561000.0,,,,,,,,,20865000.0,,2015000.0,-2015000.0,0.0,,470000.0,,468566000.0,,,41724000.0,,,,,,,,,,,,,,,,,,5200000.0,239411000.0,438652000.0,,114350000.0,,,,,65500000.0,,,,,118000000.0,,,,,,,,,,,,,,,,,3639000.0,,,,,115499000.0,,,,,,,,5093000.0,,,,,,,,,,,,,,,,,,,,,4019000.0,,,8000.0,-23000.0,-15000.0,,4461000.0,,,708000.0,,,,,8500000.0,,,,,,,,,,1085000.0,0.01,5000000.0,0.0,0.0,,,,,,,,,,,,,,,,,,,,,,,,,,,,,,117054000.0,,351512000.0,393236000.0,,,,,,,,,550934000.0,,15686000.0,,,,,115853000.0,,,,,,,,,,,,199241000.0,,,,,,,,,4000.0,13302000.0,,13298000.0,,,
2015-12-31,2016-03-04,10-K,UNIVERSAL HEALTH REALTY INCOME TRUST,UHT,CIK0000798783,USD,6807000.0,-94000.0,,241700000.0,427000.0,,,,,-225000.0,,5500000.0,,458503000.0,,,1.68,,,,,,,,22400000.0,67800000.0,25400000.0,,,,,,,,,,,,,,,3894000.0,33000.0,,3894000.0,,,2.56,,0.01,95000000.0,13327020.0,13327020.0,133000.0,,23685000.0,23685000.0,,43313000.0,601983000.0,0.021,,298000.0,6351000.0,2116000.0,16200000.0,22108000.0,22198000.0,34089000.0,,,2.11,,2.11,,66932000.0,13010000.0,2538000.0,66932000.0,3766000.0,14347000.0,30492000.0,25100000.0,4600000.0,1800000.0,2000000.0,2700000.0,4000000.0,19800000.0,,,8742000.0,,,,19301000.0,2536000.0,,41000.0,-184000.0,,,-119000.0,,,19757000.0,,8224000.0,-8224000.0,200000.0,8025000.0,504000.0,1043000.0,469933000.0,,31597000.0,41724000.0,,,,,,,,,,,,,,,,,,3500000.0,263461000.0,458503000.0,,142150000.0,,114300000.0,,,39300000.0,,142200000.0,,252406000.0,112000000.0,18385000.0,13714000.0,1141000.0,145757000.0,22837000.0,50572000.0,,,,,,6164000.0,,-44309000.0,,38178000.0,28043000.0,,,9886000.0,,110300000.0,,,62.0,1.0,,18.0,,20637000.0,,448000.0,,,,,,,,,,,208820000.0,49973000.0,19653000.0,24341000.0,29594000.0,34345000.0,,50914000.0,15955000.0,,,-6000.0,-91000.0,-6000.0,6000.0,18152000.0,,61905000.0,2810000.0,22795000.0,,150000.0,,34089000.0,1114000.0,2250000.0,,,,667000.0,16765000.0,,,4565000.0,0.01,5000000.0,0.0,0.0,,306000.0,,,,,1668000.0,52400000.0,,,52400000.0,5200000.0,,2000000.0,0.0,23691000.0,121161000.0,,1568000.0,,4972000.0,110256000.0,468890000.0,41724000.0,409825000.0,38884000.0,,325000000.0,511657000.0,121161000.0,469933000.0,348772000.0,390496000.0,,,-5257000.0,,,,17826000.0,,555286000.0,,79963000.0,,4472000.0,16249000.0,,110156000.0,427000.0,23000.0,36.53,,23000.0,36.53,34.9,310040.0,0.0,,,195042000.0,195042000.0,13000.0,513000.0,154500.0,,489000000.0,,,8000.0,13301000.0,,13293000.0,,,
2016-03-31,2016-05-06,10-Q,UNIVERSAL HEALTH REALTY INCOME TRUST,UHT,CIK0000798783,USD,6107000.0,-73000.0,,241867000.0,,,,,,-56000.0,,,,471107000.0,,,,,,,,,,,,,,,,,,,,,,,,,,,,4316000.0,422000.0,,,,,0.645,,0.01,95000000.0,13328033.0,13328033.0,133000.0,,4449000.0,,,10685000.0,610579000.0,,,242000000.0,6130000.0,2350000.0,,5436000.0,5458000.0,,,,0.33,,0.33,,67253000.0,13553000.0,2657000.0,67253000.0,1113000.0,3736000.0,35524000.0,23300000.0,,,,,,,,,,,,,,1059000.0,,-34000.0,-1014000.0,,,-192000.0,,,19736000.0,,2172000.0,-2172000.0,,2072000.0,538000.0,,478405000.0,,36835000.0,44053000.0,,,,,,,,,,,,,,,,,,3000000.0,280045000.0,471107000.0,,159650000.0,,,,,22300000.0,,,,,112000000.0,,,,,,,,,,,,8109000.0,,-16781000.0,,9094000.0,4428000.0,,,,,109466000.0,,,,1.0,,,,5541000.0,,,,,,,,,,,,,,,,,,,,,4081000.0,,,21000.0,-23000.0,21000.0,,4400000.0,,,767000.0,,,,,8596000.0,35000.0,,,,,5386000.0,9910000.0,,,1246000.0,0.01,5000000.0,0.0,0.0,,209000.0,,,,,30000.0,,17500000.0,,17500000.0,,,0.0,,,,,,,,,,,,,,,,125287000.0,,353118000.0,397171000.0,,,-1841000.0,,,,790000.0,,559714000.0,,16226000.0,,,,,109332000.0,111000.0,,,,,,,,,,,191062000.0,,,,,,,,,7000.0,13314000.0,,13307000.0,,,
2016-06-30,2016-08-05,10-Q,UNIVERSAL HEALTH REALTY INCOME TRUST,UHT,CIK0000798783,USD,6787000.0,-116000.0,,255305000.0,,,,,,,,,,487424000.0,,,,,,,,,,,,,,,,,,20542000.0,3746000.0,4624000.0,,27943000.0,,,,,,4707000.0,,,,,,0.65,,0.01,95000000.0,13588951.0,13588951.0,136000.0,,4480000.0,,,10928000.0,619376000.0,,,188000000.0,7273000.0,2314000.0,,5543000.0,,,,,0.34,,0.34,,67387000.0,13718000.0,2971000.0,67387000.0,1296000.0,3925000.0,35423000.0,24600000.0,,,,,,,,,,,,,,1227000.0,,,,,,,,,20971000.0,,,-2237000.0,,,514000.0,,,,36871000.0,46000000.0,,,,,,,,,,,,,,,,,,3000000.0,287238000.0,487424000.0,,167000000.0,,,,,80000000.0,,,,,111000000.0,,,,,,,,,,,,,,,,,4523000.0,,,,,108660000.0,,,,,,,,5533000.0,,,,,,,,,,,,,,,,,,,,,4079000.0,,,-43000.0,-23000.0,-43000.0,,4540000.0,,,781000.0,,,,,8800000.0,,,,,,,,,,1193000.0,0.01,5000000.0,0.0,0.0,,,,,,,,,,,,,,,,,,,,,,,,,,,,,,129482000.0,494276000.0,364794000.0,410794000.0,,,,,,,,,564237000.0,,16461000.0,,,,,108500000.0,,,,,,,,,,,,200186000.0,,,,,,,,,7000.0,13404000.0,,13397000.0,,,
2016-09-30,2016-11-08,10-Q,UNIVERSAL HEALTH REALTY INCOME TRUST,UHT,CIK0000798783,USD,10037000.0,-100000.0,,255466000.0,,,,,,,,,,510389000.0,,,,,,,,,,,,17200000.0,,,,,,39647000.0,7094000.0,6891000.0,,52193000.0,,,47000.0,723000.0,,3982000.0,,,,,,0.65,,0.01,95000000.0,13598082.0,13598082.0,136000.0,,3834000.0,,,11719000.0,628214000.0,,,132000000.0,7311000.0,2256000.0,,5893000.0,,,,,0.28,,0.28,,66660000.0,13476000.0,2832000.0,66660000.0,1165000.0,3776000.0,34994000.0,25800000.0,,,,,,,,,,,,,,1110000.0,,,,,,,,,23014000.0,,,-2374000.0,,,551000.0,,,,36765000.0,48615000.0,,,,,,,,,,,,,,,,,,2700000.0,315046000.0,510389000.0,,192250000.0,,,,,55000000.0,,,,,110000000.0,,,,,,,,,,,,,,,,,3818000.0,,,,,107849000.0,,,,,,,,5082000.0,,,,,,,,,,,,,,,,,,,,,4066000.0,,,16000.0,-23000.0,16000.0,,4663000.0,,,832000.0,,,,,8800000.0,,,,,,,,,,1118000.0,0.01,5000000.0,0.0,0.0,,,,,,,,,,,,,,,,,,,,,,,,,,,,,,133929000.0,517726000.0,383797000.0,432412000.0,,,,,,,,,568055000.0,,16801000.0,,,,,107660000.0,,,,,,,,,,,,195343000.0,,,,,,,,,,13575000.0,,13575000.0,,,
2016-12-31,2017-02-28,10-K,UNIVERSAL HEALTH REALTY INCOME TRUST,UHT,CIK0000798783,USD,11809000.0,105000.0,,255656000.0,481000.0,,,,,-225000.0,,5100000.0,,524750000.0,,,1.24,,,,,,,,16700000.0,70200000.0,,,,,,,,,,,,,134000.0,2400000.0,,3930000.0,36000.0,3930000.0,3930000.0,,36000.0,2.6,,0.01,95000000.0,13599055.0,13599055.0,136000.0,,17414000.0,17414000.0,,44967000.0,637121000.0,0.023,,436000.0,6560000.0,2321000.0,17400000.0,22956000.0,23008000.0,35138000.0,,,1.61,,1.61,,65568000.0,12229000.0,3334000.0,65568000.0,4694000.0,15252000.0,33731000.0,27100000.0,4900000.0,2300000.0,2700000.0,2900000.0,3600000.0,23800000.0,,,,,,,,4456000.0,,-122000.0,3000.0,,,-583000.0,,,23815000.0,,,-9355000.0,1200000.0,8895000.0,626000.0,10471000.0,,,35593000.0,51638000.0,,,,,,,,,,,,,,,,,,2700000.0,333473000.0,524750000.0,,201500000.0,,164200000.0,,,45800000.0,,201500000.0,,315662000.0,115700000.0,23605000.0,61115000.0,1356000.0,1292000.0,205251000.0,23043000.0,,,,,34137000.0,34137000.0,-74834000.0,-74834000.0,40733000.0,40733000.0,21661000.0,,7499000.0,,,114200000.0,,,,1.0,,,,22114000.0,,450000.0,,,,,,,,,,,289965000.0,54922000.0,35837000.0,39742000.0,44647000.0,49885000.0,,64932000.0,16299000.0,,,199000.0,,199000.0,-199000.0,18220000.0,,66617000.0,3263000.0,,,,,35138000.0,307000.0,,,60400000.0,,5454000.0,60389000.0,,,4723000.0,0.01,5000000.0,0.0,0.0,,851000.0,,,,,13492000.0,59350000.0,,,,,,0.0,0.0,17215000.0,138588000.0,,9000.0,,14186000.0,114162000.0,523719000.0,51638000.0,459942000.0,48798000.0,,385000000.0,585828000.0,138588000.0,534190000.0,395602000.0,447240000.0,,,-11204000.0,,,,3230000.0,,572501000.0,,84674000.0,,46000.0,17436000.0,46000.0,114217000.0,481000.0,,,,0.0,,36.53,,,,,191277000.0,191277000.0,23000.0,13508000.0,520420.0,,561000000.0,,,4.0,13468.0,,13464.0,,,
2017-03-31,2017-05-08,10-Q,UNIVERSAL HEALTH REALTY INCOME TRUST,UHT,CIK0000798783,USD,9423000.0,87000.0,,255846000.0,,,,,,-68000.0,,,,502379000.0,,,,,,,,,,,,,,,,,,,,,,,,,,,27196000.0,4067000.0,137000.0,15320000.0,,11390000.0,,0.655,,0.01,95000000.0,13600036.0,13600036.0,136000.0,,31544000.0,,,11786000.0,646028000.0,,,368000.0,6877000.0,2558000.0,,6145000.0,6167000.0,,,,2.32,,2.32,,37501000.0,6553000.0,2726000.0,37501000.0,1128000.0,3583000.0,3246000.0,27400000.0,,,,,,,,,,,,,4366000.0,1077000.0,,63000.0,-230000.0,,,158000.0,,,22732000.0,,,-2675000.0,,2673000.0,563000.0,,,,4722000.0,51645000.0,,,,,,,,,,,,,,,,,,2700000.0,288275000.0,502379000.0,,169900000.0,,,,,77400000.0,,,,,105000000.0,,,,,,,,,,,,-51655000.0,,53551000.0,,9494000.0,31562000.0,,,,,102989000.0,0.0,,,1.0,,,,5964000.0,,,,,,,,,,,,,,,,,,,,,4080000.0,,,-18000.0,,-18000.0,,4705000.0,,,866000.0,,,,,8907000.0,35000.0,7890000.0,,,,371000.0,,,,1288000.0,0.01,5000000.0,0.0,0.0,,216000.0,,,,,61000.0,,,,-31600000.0,,,,53967000.0,,,,,,,,,,,,,,,143346000.0,536356000.0,393010000.0,444655000.0,,,-4181000.0,31600000.0,,,11174000.0,11253000.0,604063000.0,,17750000.0,,,,,103004000.0,127000.0,,,,,,,,,,,214104000.0,,,,,,,,,,13580000.0,13580000.0,13580000.0,,,
2017-06-30,2017-08-08,10-Q,UNIVERSAL HEALTH REALTY INCOME TRUST,UHT,CIK0000798783,USD,10283000.0,12000.0,,255811000.0,,,,,,,,,,499825000.0,,,,,,,,,,,,,,,,,,,,,,,,,,,,4109000.0,,15362000.0,15362000.0,,,0.66,,0.01,95000000.0,13606889.0,13606889.0,136000.0,,3958000.0,,,12148000.0,655008000.0,,,336000.0,5863000.0,,,6295000.0,,,,,0.3,,0.3,,37220000.0,6467000.0,2671000.0,37220000.0,713000.0,2410000.0,3231000.0,28400000.0,,,,,,,,,,,,,4033000.0,498000.0,,,,,,,,,21460000.0,,,-2462000.0,,,564000.0,,,,4718000.0,51645000.0,,,,,,,,,,,,,,,,,,2100000.0,290778000.0,499825000.0,,182850000.0,,,,,65100000.0,,,,,92100000.0,,,,,,,,,,,,,,,,,4033000.0,,,,,90890000.0,,,,,,,,5997000.0,,,,,,,,,,,,,,,,,,,,,4303000.0,,,-75000.0,,-75000.0,,4923000.0,,,874000.0,,,,,9000000.0,,,,,,,,,,1242000.0,0.01,5000000.0,0.0,0.0,,,,,,,,,,,,,,,,,,,,,,,,,,,,,,148279000.0,539729000.0,391450000.0,443095000.0,,,,,,,,11253000.0,608096000.0,,18145000.0,,,,,90649000.0,,,,,,,,,,,,209047000.0,,,,,,,,,,13583000.0,13583000.0,13583000.0,,,
2017-09-30,2017-11-08,10-Q,UNIVERSAL HEALTH REALTY INCOME TRUST,UHT,CIK0000798783,USD,14817000.0,24000.0,,265132000.0,,,,,,,,,,498978000.0,,,,,,,,,,,,,,,,,,,,,,,,,,,,3948000.0,,,3948000.0,,,0.66,,0.01,95000000.0,13734606.0,13734606.0,137000.0,,3972000.0,,,12087000.0,664042000.0,,,310000.0,6535000.0,,,6321000.0,,,,,0.29,,0.29,,36795000.0,6130000.0,2686000.0,36795000.0,668000.0,2426000.0,2905000.0,29600000.0,,,,,,,,,,,,,3960000.0,384000.0,,,,,,,3398000.0,1898000.0,21669000.0,,,-2531000.0,,,620000.0,,,,4695000.0,53037000.0,,,,,,,,,,,,,,,,,,1500000.0,285671000.0,498978000.0,,176700000.0,,,,,71800000.0,,,,,85000000.0,,,,,,,,,,,,,,,,,3960000.0,,,,,83707000.0,,,,,,,,6107000.0,,,,,,,,,,,,,,,,,,,,,4242000.0,,,12000.0,,12000.0,,4877000.0,3398000.0,,908000.0,,,,,9000000.0,,,,,,,,,,1126000.0,0.01,5000000.0,0.0,0.0,,,,,,,,,,,,,,,,,,,,,,,,,,,,,,149909000.0,547358000.0,397449000.0,450486000.0,,,,,,,,,612056000.0,,18194000.0,,,,,83464000.0,,,,,,,,,,,,213307000.0,,,,,,,,3398000.0,,13621000.0,13621000.0,13621000.0,,,
2017-12-31,2018-02-28,10-K,UNIVERSAL HEALTH REALTY INCOME TRUST,UHT,CIK0000798783,USD,12188000.0,144000.0,,265335000.0,538000.0,,,,,-139000.0,,4900000.0,,490008000.0,,,,,,,,,,,,,,9000000.0,,,,,,,,,,,,,27196000.0,3387000.0,-543000.0,3387000.0,3387000.0,,-543000.0,2.64,,0.01,95000000.0,13735369.0,13735369.0,137000.0,,45658000.0,45658000.0,546000.0,48311000.0,673175000.0,0.028,,297000.0,5892000.0,,19700000.0,25116000.0,25091000.0,36054000.0,,,3.79,,3.79,,36671000.0,5765000.0,,36671000.0,3232000.0,10673000.0,2776000.0,28700000.0,3700000.0,1800000.0,2500000.0,2900000.0,3100000.0,20600000.0,,,,4066000.0,,,20421000.0,2416000.0,,86000.0,441000.0,,1490000.0,-1040000.0,4967000.0,,20559000.0,,,-10063000.0,,9692000.0,540000.0,7452000.0,,,4671000.0,53142000.0,,,,,,,,,,,,,,,,,,1500000.0,279447000.0,490008000.0,,181050000.0,,182400000.0,,,67400000.0,,181100000.0,,256792000.0,76300000.0,32926000.0,23347000.0,11950000.0,1846000.0,1688000.0,185035000.0,,,,,-86009000.0,-86009000.0,39461000.0,39461000.0,46005000.0,46005000.0,51683000.0,,,,,75742000.0,,14.0,,1.0,,,,24037000.0,,460000.0,,,,27755000.0,464000.0,464000.0,464000.0,464000.0,464000.0,25435000.0,265116000.0,55022000.0,19565000.0,39387000.0,44416000.0,49763000.0,,56963000.0,16888000.0,,39000.0,39000.0,,39000.0,-39000.0,19511000.0,,63169000.0,3577000.0,,,,,36054000.0,446000.0,7890000.0,,,,532000.0,9040000.0,,,4917000.0,0.01,5000000.0,0.0,0.0,,216000.0,,,4967000.0,22600000.0,9362000.0,,,,,22600000.0,,,65220000.0,45619000.0,153379000.0,,4896000.0,,12492000.0,75742000.0,539182000.0,53142000.0,478853000.0,50302000.0,,384000000.0,599776000.0,153379000.0,546634000.0,393255000.0,446397000.0,,,-15313000.0,20450000.0,,,61021000.0,,618120000.0,8300000.0,90607000.0,,8475000.0,19687000.0,8475000.0,75359000.0,538000.0,,,,0.0,,,,,,,210561000.0,210561000.0,0.0,9142000.0,,,584000000.0,,4967000.0,,13625.0,,13625.0,,,
2018-03-31,2018-05-09,10-Q,UNIVERSAL HEALTH REALTY INCOME TRUST,UHT,CIK0000798783,USD,12270000.0,293000.0,,265511000.0,147000.0,,,,,-10000.0,,,,489585000.0,,,,,,,,,,,,,,,,,,,,,,,,,,,,4209000.0,,4209000.0,4209000.0,822000.0,822000.0,0.665,0.665,0.01,95000000.0,13735611.0,13735611.0,137000.0,,9752000.0,9753000.0,1390000.0,12399000.0,682309000.0,,,287000.0,7625000.0,,,6287000.0,6231000.0,9134000.0,,9134000.0,0.7,0.7,0.7,,35994000.0,6059000.0,,35994000.0,719000.0,2462000.0,2951000.0,25700000.0,,,,,,,,,,4535000.0,,,4101000.0,429000.0,,182000.0,-367000.0,,405000.0,-217000.0,,,19376000.0,,,-2468000.0,,2525000.0,358000.0,,,,4643000.0,53142000.0,,,,,,,,,,,,,,,,,,1500000.0,278229000.0,489585000.0,,175000000.0,,,,,123500000.0,,,,,71100000.0,,,,,,,,,,,-12117000.0,-12117000.0,2180000.0,2180000.0,10759000.0,10759000.0,9604000.0,,,,,71146000.0,0.0,,,1.0,,,,6140000.0,,,,,,,,,,,,,,,,,,,,,4176000.0,,,148000.0,,148000.0,-149000.0,5208000.0,,,904000.0,,,,,9100000.0,1527000.0,,,,,369000.0,,,,1326000.0,0.01,5000000.0,0.0,0.0,,,,,,,56000.0,,,,-6050000.0,,,,0.0,9604000.0,,,,,,,,,,,,,,158382000.0,549465000.0,391083000.0,444225000.0,,,-1987000.0,6050000.0,,,4596000.0,,627724000.0,,18539000.0,,,,,70781000.0,119000.0,,,,,,,,,,,211356000.0,211356000.0,,29000.0,,,,968000.0,,,13718.0,13718000.0,13718.0,,,
2018-06-30,2018-08-08,10-Q,UNIVERSAL HEALTH REALTY INCOME TRUST,UHT,CIK0000798783,USD,12193000.0,298000.0,,265544000.0,135000.0,,,,,,,,,491002000.0,,,,,,,,,,,,,,,,,,,,,,,,,,,,5732000.0,,5732000.0,5732000.0,,,,0.67,0.01,95000000.0,13744229.0,13744229.0,137000.0,,5811000.0,5810000.0,,12504000.0,691518000.0,,,274000.0,7991000.0,,,6111000.0,,9209000.0,,9156000.0,0.42,0.42,0.42,,36004000.0,5802000.0,,36004000.0,708000.0,2451000.0,2644000.0,25700000.0,,,,,,,,,,,,,5611000.0,425000.0,,,,,,,,,19253000.0,,,-2421000.0,,,504000.0,,,,4655000.0,53396000.0,,,,,,,,,,,,,,,,,,,283012000.0,491002000.0,,197250000.0,,,,,102700000.0,,,,,53000000.0,,,,,,,,,,,,,,,,,5805000.0,,,,,53157000.0,,,,,,,,7607000.0,,,,,,,,,,,,,,,,,,,,,,,,6000.0,,6000.0,-5000.0,5445000.0,,,,,,,,,,,,,,,,,,1204000.0,0.01,5000000.0,0.0,0.0,,,,,,,,,,,,,,,,,,,,,,,,,,,,,,163434000.0,553970000.0,390536000.0,443932000.0,,,,,,,,,633529000.0,2200000.0,20111000.0,,,,,52806000.0,,,,,,,,,,,,207990000.0,207990000.0,,-102000.0,,,,194000.0,,,13720.0,13720000.0,13720.0,,,
2018-09-30,2018-11-08,10-Q,UNIVERSAL HEALTH REALTY INCOME TRUST,UHT,CIK0000798783,USD,11825000.0,226000.0,,265816000.0,159000.0,,,,,,,,,487556000.0,,,,,,,,,,,,,,,,,,,,,,,,,,,,5072000.0,,,5072000.0,,,0.67,,0.01,95000000.0,13745905.0,13745905.0,137000.0,,4301000.0,4302000.0,,12325000.0,700727000.0,,,261000.0,8368000.0,,,6232000.0,,9209000.0,,,0.32,,0.32,,35845000.0,5423000.0,,35845000.0,640000.0,2343000.0,2775000.0,26600000.0,,,,,,,,,,,,,4374000.0,351000.0,,,,,,,,,18317000.0,,,-2480000.0,,,447000.0,,,,5022000.0,53396000.0,,,,,,,,,,,,,,,,,,,284201000.0,487556000.0,,195000000.0,,,,,105000000.0,,,,,65400000.0,,,,,,,,,,,,,,,,,4374000.0,,,,,65778000.0,,,,,,,,6503000.0,,,,,,,,,,,,,,,,,,,,,,,-73000.0,-73000.0,,-73000.0,72000.0,5118000.0,,,,,,,,9200000.0,,,,,,,,,,1216000.0,0.01,5000000.0,0.0,0.0,,,,,,,,,,,,,,,,,,,,,,,,,,,,,,168612000.0,556184000.0,387572000.0,440968000.0,,,,,,,,,637903000.0,2500000.0,18828000.0,,,,,65311000.0,,,,,,,,,,,,203355000.0,203355000.0,,113000.0,,,,,,,13726.0,13726000.0,13726.0,,,
2018-12-31,2019-02-27,10-K,UNIVERSAL HEALTH REALTY INCOME TRUST,UHT,CIK0000798783,USD,11765000.0,132000.0,,266031000.0,571000.0,,,-213000.0,,-50000.0,648000.0,,,483756000.0,,,,,,,,,,,,,,,,,,,,,,,,,,,,5036000.0,,,5036000.0,,1649000.0,2.68,,0.01,95000000.0,13746803.0,13746803.0,137000.0,,24184000.0,24184000.0,924000.0,49505000.0,710006000.0,0.035,,247000.0,8356000.0,,20500000.0,24976000.0,24976000.0,36831000.0,,,2.08,,2.08,,35069000.0,5096000.0,,35069000.0,2952000.0,9592000.0,2761000.0,27600000.0,,,,,,17400000.0,,,,4535000.0,,,22912000.0,1771000.0,,90000.0,-823000.0,,1106000.0,482000.0,,,17407000.0,,,-9977000.0,,9469000.0,450000.0,1611000.0,,,5019000.0,53396000.0,,27952000.0,25582000.0,474000.0,474000.0,474000.0,474000.0,474000.0,,,,,,,,,,,285146000.0,483756000.0,,196400000.0,,191400000.0,,,103600000.0,,196400000.0,,261745000.0,,33063000.0,4199000.0,11892000.0,208597000.0,2081000.0,1913000.0,,,,,-33320000.0,,-7959000.0,,42928000.0,,28609000.0,,,,,65345000.0,,14.0,,1.0,,,,26705000.0,,474000.0,,,,27952000.0,474000.0,474000.0,474000.0,474000.0,474000.0,25582000.0,274491000.0,56494000.0,24972000.0,30089000.0,45357000.0,50291000.0,,67288000.0,,,-12000.0,-12000.0,,-12000.0,12000.0,20723000.0,,77058000.0,,,,,,36831000.0,1671000.0,,,,,820000.0,4053000.0,,,4988000.0,0.01,5000000.0,0.0,0.0,,,,,,13000000.0,229000.0,15350000.0,,,,,,,0.0,24196000.0,173316000.0,,593000.0,,8641000.0,,556039000.0,53396000.0,481821000.0,50556000.0,,,611046000.0,173316000.0,557650000.0,384334000.0,437730000.0,,,-8263000.0,,,,23397000.0,,642316000.0,9200000.0,94942000.0,,,20530000.0,593000.0,64881000.0,571000.0,,,,0.0,,,,,,,198610000.0,198610000.0,0.0,125000.0,,,593000000.0,1162000.0,,,13722000.0,,13722000.0,,,
2019-03-31,2019-05-08,10-Q,UNIVERSAL HEALTH REALTY INCOME TRUST,UHT,CIK0000798783,USD,10164000.0,,,266247000.0,159000.0,,,-54000.0,,-13000.0,166000.0,,,489050000.0,,,,,,,,,,,,,,,,,,,,,,,,,,,,6032000.0,,,6032000.0,,996000.0,0.675,,0.01,95000000.0,13747567.0,13747567.0,137000.0,,4080000.0,4080000.0,382000.0,12888000.0,719285000.0,,,234000.0,8156000.0,,,6708000.0,6708000.0,9279000.0,,,0.31,0.31,0.31,,38383000.0,5275000.0,,38383000.0,728000.0,2460000.0,3011000.0,25400000.0,,,,,,,250000.0,,,,,250000.0,,430000.0,,-38000.0,-734000.0,,968000.0,-205000.0,,,16565000.0,,,-2692000.0,,2501000.0,488000.0,,,,4944000.0,53396000.0,118000.0,27896000.0,25640000.0,,475000.0,475000.0,475000.0,475000.0,356000.0,19048000.0,,,,,,,,,295423000.0,489050000.0,,200300000.0,,,,,99700000.0,,,,,,,,,,,,,,,,-5799000.0,,-1838000.0,,8633000.0,,4212000.0,,,,,64903000.0,0.0,14.0,,1.0,,,,6224000.0,118000.0,,8848000.0,118000.0,8848000.0,,,,,,,,270403000.0,,26326000.0,31678000.0,47343000.0,52546000.0,43744000.0,68766000.0,,0.0507,-132000.0,-132000.0,,-132000.0,132000.0,5210000.0,,,,,,,,9279000.0,35000.0,,,,,541000.0,,,,,0.01,5000000.0,0.0,0.0,,,,,,,57000.0,3900000.0,,,3900000.0,,,,245000.0,4212000.0,,,,,,,,,,,,,,178481000.0,558414000.0,379933000.0,433329000.0,,,-1834000.0,,,,442000.0,,646528000.0,2200000.0,19112000.0,8855000.0,,,,64456000.0,159000.0,,,,,,,,,,,193627000.0,193627000.0,,57000.0,,,,,,,13728.0,,13728.0,,,
2019-06-30,2019-08-08,10-Q,UNIVERSAL HEALTH REALTY INCOME TRUST,UHT,CIK0000798783,USD,11139000.0,,,266252000.0,172000.0,,,,,,,,,482751000.0,,,,,,,,,,,,,,,,,,,,,,,,,,,,6072000.0,,,6072000.0,,,0.68,0.68,0.01,95000000.0,13756531.0,13756531.0,138000.0,,4261000.0,4261000.0,,12738000.0,728639000.0,,,220000.0,7597000.0,,,6426000.0,,9354000.0,,9354000.0,0.31,0.31,0.31,,38065000.0,5167000.0,,38065000.0,730000.0,2531000.0,3012000.0,24700000.0,,,,,,,,,,,,,,454000.0,,,,,,,,,15754000.0,,,-2781000.0,,,422000.0,,,,4962000.0,53396000.0,120000.0,27778000.0,25640000.0,,475000.0,475000.0,475000.0,475000.0,238000.0,18916000.0,,,,,,,,,294211000.0,482751000.0,,191550000.0,,,,,108400000.0,,,,,,,,,,,,,,,,,,,,,,4261000.0,,,,,61994000.0,,14.0,,,,,,6588000.0,120000.0,,8862000.0,120000.0,8862000.0,,,,,,,,260845000.0,,26691000.0,32459000.0,47842000.0,53229000.0,29055000.0,71569000.0,,0.0507,,,,,,5330000.0,,,,,,,,9400000.0,,,,,,,,,,,0.01,5000000.0,0.0,0.0,,,,,,,,,,,,,,,,,,,,,,,,,,,,,,183857000.0,560089000.0,376232000.0,429628000.0,,,,,,,,,650789000.0,,19326000.0,,,,,61562000.0,,,,,,,,,,,,188540000.0,188540000.0,,-166000.0,,,,,,,13749.0,,13730.0,,,
2019-09-30,2019-11-08,10-Q,UNIVERSAL HEALTH REALTY INCOME TRUST,UHT,CIK0000798783,USD,12103000.0,561000.0,,266478000.0,173000.0,,,,,,,,,483880000.0,,,,,,,,,,,,,,,,,,,,,,,,,,,,6515000.0,,,6515000.0,,,0.68,0.68,0.01,95000000.0,13757059.0,13757059.0,138000.0,,5214000.0,5214000.0,,13007000.0,737994000.0,,,207000.0,9103000.0,,,6430000.0,,9355000.0,,,0.34,,0.34,,38664000.0,5858000.0,,38664000.0,755000.0,2441000.0,3216000.0,25500000.0,,,,,,,,,,,,,,453000.0,,,,,,,,,14944000.0,,,-2659000.0,,,370000.0,,,,5120000.0,54726000.0,120000.0,27961000.0,25921000.0,,480000.0,480000.0,480000.0,480000.0,120000.0,19010000.0,,,,,,,,,299255000.0,483880000.0,,205650000.0,,,,,94300000.0,,,,,,,,,,,,,,,,,,,,,,4653000.0,,,,,61570000.0,,14.0,,,,,,6859000.0,120000.0,,8951000.0,120000.0,8951000.0,,,,,,,,252831000.0,,27578000.0,33701000.0,48989000.0,54746000.0,14292000.0,73525000.0,,0.0507,561000.0,561000.0,,,,5566000.0,,,,,,,,9400000.0,,,,,,,,,,,0.01,5000000.0,0.0,0.0,,,,,,,,,,,,,,,,,,,,,,,,,,,,,,189330000.0,563760000.0,374430000.0,429156000.0,,,,,,,,,655442000.0,,19866000.0,,,,,61153000.0,,,,,,,,,,,,184625000.0,184625000.0,,53000.0,,,,,,,13757.0,,13735.0,,,
2019-12-31,2020-02-26,10-K,UNIVERSAL HEALTH REALTY INCOME TRUST,UHT,CIK0000798783,USD,12888000.0,1010000.0,,266723000.0,702000.0,,,-200000.0,,-53000.0,638000.0,,,488789000.0,,,,,,,,,,,,,,,,,,,,,,,,,,,,6110000.0,,,6110000.0,,1074000.0,2.72,,0.01,95000000.0,13757498.0,13757498.0,138000.0,,19842000.0,-16876000.0,1485000.0,51413000.0,747417000.0,0.037,,194000.0,9154000.0,,21800000.0,25870000.0,25870000.0,37411000.0,,,1.8099999999999998,,1.7999999999999998,,40659000.0,7224000.0,,40659000.0,2964000.0,10063000.0,5062000.0,26500000.0,,,,,,,1951000.0,,,,,3652000.0,,1796000.0,,76000.0,478000.0,,395000.0,-308000.0,,,14553000.0,,,-10533000.0,,10025000.0,374000.0,7188000.0,,,6918000.0,54892000.0,480000.0,27842000.0,25442000.0,480000.0,480000.0,480000.0,480000.0,480000.0,,18898000.0,250240000.0,23147000.0,28899000.0,57102000.0,55482000.0,35030000.0,50580000.0,,307055000.0,488789000.0,,212950000.0,,198300000.0,,,87000.0,,213000000.0,,274094000.0,,19511000.0,1913000.0,13550000.0,11892000.0,225147000.0,2081000.0,,,,,-25106000.0,,-16472000.0,,42652000.0,,24802000.0,,,,,61144000.0,,,,1.0,,,,25750000.0,480000.0,480000.0,8944000.0,480000.0,8944000.0,,,,,,,,,,,,,,,,,0.0507,878000.0,878000.0,,,,21569000.0,,84046000.0,,,,,221000.0,37411000.0,35000.0,,,,,2133000.0,5105000.0,,,,0.01,5000000.0,0.0,0.0,,,,,,,212000.0,16550000.0,,,,,,,2768000.0,18964000.0,194888000.0,,220000.0,,12882000.0,,565315000.0,54892000.0,484109000.0,52051000.0,,,627395000.0,194888000.0,572503000.0,377615000.0,432507000.0,,,-12320000.0,,,,4201000.0,,661280000.0,,96022000.0,,,21792000.0,1043000.0,60744000.0,702000.0,,,,0.0,,,,,,,181734000.0,181734000.0,0.0,212000.0,,221000.0,606000000.0,,,20000.0,13752000.0,,13732000.0,,,
2020-03-31,2020-05-08,10-Q,UNIVERSAL HEALTH REALTY INCOME TRUST,UHT,CIK0000798783,USD,16662000.0,-3661000.0,,266970000.0,197000.0,,,-46000.0,,-13000.0,157000.0,,,489134000.0,,,,,,,,,,,,,,,,,,,,,,,,,,,,5667000.0,,,5667000.0,,-443000.0,0.685,0.685,0.01,95000000.0,13758038.0,13758038.0,138000.0,,-117000.0,-117000.0,3151000.0,12779000.0,756841000.0,,,180000.0,8201000.0,,,6380000.0,6380000.0,9424000.0,,,0.33,,0.33,,41845000.0,8824000.0,,41845000.0,728000.0,2516000.0,6658000.0,25000000.0,,,,,,,,,,,,,,435000.0,,25000.0,-867000.0,,-181000.0,264000.0,,,13749000.0,,,-2309000.0,,2190000.0,349000.0,,,,8411000.0,54892000.0,,,,,,,,,,,,,,,,,,,316694000.0,489134000.0,,219200000.0,,,,,80800000.0,,,,,,,,,,,,,,,,-3591000.0,,-6989000.0,,10137000.0,,4554000.0,,,,,60712000.0,0.0,,,1.0,,,,6428000.0,,,8900000.0,,8900000.0,,,,,,,,,,,,,,,,,,-4671000.0,-4671000.0,,,,5383000.0,,,,,,,,9424000.0,35000.0,,,,,1468000.0,,,,,0.01,5000000.0,0.0,0.0,,,,,,,50000.0,6250000.0,,,,,,,,4554000.0,,,,,,,,,,,,,,200306000.0,579161000.0,378855000.0,433747000.0,,,-5521000.0,,,,432000.0,,665834000.0,,19207000.0,,,,,60326000.0,197000.0,,,,,,,,,,,172440000.0,172440000.0,,50000.0,,,,,,,13758.0,,13736.0,,,
2020-06-30,2020-08-07,10-Q,UNIVERSAL HEALTH REALTY INCOME TRUST,UHT,CIK0000798783,USD,18287000.0,-4933000.0,,266843000.0,220000.0,,,,,,,,,486606000.0,,,,,,,,,,,,,,,,,,,,,,,,,,,,6342000.0,,,6342000.0,,,0.69,0.69,0.01,95000000.0,13769586.0,13769586.0,138000.0,0.0,3428000.0,3428000.0,,12984000.0,766342000.0,,,167000.0,8039000.0,,,6381000.0,,9501000.0,,,0.34,,0.34,,,,,,,,,18400000.0,,,,,,,,,,,,,,419000.0,,,,,,,,,12948000.0,,,-2016000.0,,,346000.0,,,,4408000.0,54892000.0,,,,,,,,,,,,,,,,,,5600.0,320366000.0,486606000.0,,221250000.0,,,,,123100000.0,,,,,,,,,,,,,,,,,,,,,,4700000.0,,,,,60237000.0,,,,,,,,6297000.0,,,8929000.0,,8929000.0,,,,,,,,,,,,,,,,,,-1272000.0,-1272000.0,,,,5576000.0,,,,,,,,9500000.0,,,,,,,,,,,0.01,5000000.0,0.0,0.0,,,,,,,,,,,,,,,,,,,,,,,,,,,,,,205720000.0,586391000.0,380671000.0,435563000.0,,,,,,,,,670534000.0,,19281000.0,,,,,59871000.0,,,,,,,,,,,,166240000.0,166240000.0,,-347000.0,,,,,,,13761.0,,13739.0,,,
2020-09-30,2020-11-06,10-Q,UNIVERSAL HEALTH REALTY INCOME TRUST,UHT,CIK0000798783,USD,21316000.0,-4699000.0,,267071000.0,248000.0,,,,,,,,,490621000.0,,,,,,,,,,,,,,,,,,,,,,,,,,,,6320000.0,,,6320000.0,,,0.69,0.69,0.01,95000000.0,13770510.0,13770510.0,138000.0,0.0,5427000.0,5427000.0,,13052000.0,775843000.0,,,154000.0,9091000.0,,,6399000.0,,9501000.0,,,0.38,,0.38,,,,,,,,,19200000.0,,,,,,,,,,,,,,517000.0,,,,,,,,,12147000.0,,,-1964000.0,,,533000.0,,,,4366000.0,54892000.0,,,,,,,,,,,,,,,,,,5600.0,328227000.0,490621000.0,,227100000.0,,,,,117300000.0,,,,,,,,,,,,,,,,,,,,,,5193000.0,,,,,59738000.0,,,,,,,,6640000.0,,,8922000.0,,8922000.0,,,,,,,,,,,,,,,,,,234000.0,234000.0,,,,5614000.0,,,,,,,,9500000.0,,,,,,,,,,,0.01,5000000.0,0.0,0.0,,,,,,,,,,,,,,,,,,,,,,,,,,,,,,211155000.0,595462000.0,384307000.0,439199000.0,,,,,,,,,675727000.0,,19692000.0,,,,,59387000.0,,,,,,,,,,,,162394000.0,162394000.0,,-20000.0,,,,,,,13770.0,,13748.0,,,
2020-12-31,2021-02-25,10-K,UNIVERSAL HEALTH REALTY INCOME TRUST,UHT,CIK0000798783,USD,19802000.0,-3815000.0,,267368000.0,912000.0,,,-186000.0,,-53000.0,764000.0,,,494009000.0,,,,,,,,,,,,,,,,,,,,,,,,,,,,5742000.0,,,5742000.0,,-368000.0,2.76,,0.01,95000000.0,13771287.0,13771287.0,138000.0,0.0,14622000.0,14622000.0,4368000.0,52006000.0,785413000.0,0.024,,141000.0,8829000.0,,21800000.0,25581000.0,25581000.0,37996000.0,,,1.7799999999999998,,1.77,,,,,,,,,19500000.0,,,,,,,,,,,,,,1706000.0,,23000.0,-232000.0,,100000.0,564000.0,,,11742000.0,,,-8263000.0,,7573000.0,351000.0,1648000.0,,,4278000.0,55157000.0,480000.0,27361000.0,24961000.0,480000.0,480000.0,480000.0,480000.0,480000.0,,18447000.0,299547000.0,26078000.0,30160000.0,59241000.0,104011000.0,37026000.0,43031000.0,5600000.0,335004000.0,494009000.0,,236200000.0,,219100000.0,,,108200000.0,,236200000.0,,295431000.0,,18572000.0,2081000.0,939000.0,13550000.0,11892000.0,248397000.0,,,,,-17370000.0,,-27208000.0,,44210000.0,,24447000.0,,,,,59231000.0,,,,1.0,,,,26004000.0,480000.0,480000.0,8914000.0,480000.0,8914000.0,,,,,,,,,,,,,,,,,0.0507,-4825000.0,-4825000.0,,,,22284000.0,,120721000.0,,,,,235000.0,37973000.0,467000.0,,,,,3204000.0,2266000.0,,,,0.01,5000000.0,0.0,0.0,,,,,,,-32000.0,23250000.0,,,,,,,,19447000.0,216648000.0,,10000.0,,31145000.0,,603644000.0,55157000.0,485763000.0,52317000.0,,,660449000.0,216648000.0,605292000.0,388644000.0,443801000.0,,,-28262000.0,,,,1913000.0,,680727000.0,,97840000.0,,,21770000.0,10000.0,58895000.0,912000.0,,,,0.0,,,,,,,159005000.0,159005000.0,0.0,-32000.0,,235000.0,645000000.0,,,22000.0,13765000.0,,13743000.0,443801000.0,,
2021-03-31,2021-05-07,10-Q,UNIVERSAL HEALTH REALTY INCOME TRUST,UHT,CIK0000798783,USD,11375000.0,-467000.0,,267667000.0,242000.0,,,-45000.0,,-12000.0,216000.0,,,495794000.0,,,,,,,,,,,,,,,,,,,,,,,,,,,,6171000.0,,,6171000.0,,429000.0,0.695,,0.01,95000000.0,13772095.0,13772095.0,138000.0,0.0,8934000.0,8934000.0,468000.0,13451000.0,794984000.0,,,129000.0,8582000.0,,,6787000.0,6787000.0,9571000.0,,,0.41,,0.41,,,,,,,,,19000000.0,,,,,,,,,,,,,,471000.0,,5000.0,-633000.0,,329000.0,-204000.0,,,11013000.0,,,-2133000.0,,1935000.0,346000.0,,,,9087000.0,55157000.0,,,,,,,,,,,,,,,,,,5600.0,337127000.0,495794000.0,,247650000.0,,,,,96700000.0,,,,,,,,,,,,,,,,1397000.0,,-12218000.0,,11250000.0,,5586000.0,,,,,58721000.0,0.0,,,1.0,,,,7248000.0,,,8907000.0,,8907000.0,,,,,,,,,,,,,,,,,,3348000.0,3348000.0,,,,5602000.0,,,,,200000.0,,,9564000.0,35000.0,,,,,1544000.0,,,3500000.0,,0.01,5000000.0,0.0,0.0,,,,,,,56000.0,11450000.0,,,,,,,,5586000.0,,,,,,,,,,,,,,222521000.0,608366000.0,385845000.0,441002000.0,,,-6974000.0,,,,510000.0,,686313000.0,,20699000.0,,,,,58403000.0,242000.0,,,,,,,,,,,158667000.0,158667000.0,,57000.0,,,,,,,13771.0,,13750.0,,,
2021-06-30,2021-08-06,10-Q,UNIVERSAL HEALTH REALTY INCOME TRUST,UHT,CIK0000798783,USD,12133000.0,-1027000.0,,267951000.0,251000.0,,,,,,,,,504042000.0,7396000.0,,,,,,,,,,,,,,,,,,,,,,,,,,,9733000.0,,,9733000.0,,,0.7,,1.0,95000000.0,13783442.0,13783442.0,138000.0,0.0,6061000.0,6061000.0,,13943000.0,804632000.0,,,116000.0,7277000.0,,,6951000.0,,9648000.0,,,0.48,,0.48,,,,,,,,,17000000.0,,,,,,,1304000.0,,,,,,,567000.0,,,,,,,,,11071000.0,,,-2183000.0,,,342000.0,,,,9067000.0,56947000.0,,,,,,,,,,,,,,,,,,5100.0,348678000.0,504042000.0,55000.0,258200000.0,,,,,86700000.0,,,,,,,,,,,,,,,,,,,,,,6621000.0,,,,,58203000.0,,,,,,,,6933000.0,,,8899000.0,,8899000.0,,,,,,,,,,,,,,,,,,-560000.0,-560000.0,,,,5903000.0,,,,,,,,9600000.0,,,,,,,,,,,1.0,5000000.0,0.0,0.0,,,,,,,,,,,,,,,,,,,,,,,,,,,,,,224912000.0,607348000.0,382436000.0,439383000.0,,,,,,,,,692934000.0,,20876000.0,,,,,57902000.0,,,,,,,,,,,,155364000.0,155364000.0,,49000.0,,16000.0,,,,,13776.0,,13753.0,,,
2021-09-30,2021-11-08,10-Q,UNIVERSAL HEALTH REALTY INCOME TRUST,UHT,CIK0000798783,USD,11261000.0,-556000.0,,268232000.0,226000.0,,,,,,,,,517681000.0,7371000.0,,,,,,,,,,,,,,,,,,,,,,,,,,,9347000.0,,,9347000.0,,,0.7,,0.01,95000000.0,13784401.0,13784401.0,138000.0,0.0,5815000.0,5815000.0,,13914000.0,814281000.0,,,103000.0,11012000.0,,,6813000.0,,9649000.0,,,0.39,,0.39,,,,,,,,,17700000.0,,,,,,,,,,,,,,303000.0,,,,,,,,,10392000.0,,,-2250000.0,,,352000.0,,,,23123000.0,56947000.0,,,,,,,,,,,,,,,,,,3600000.0,365870000.0,517681000.0,77000.0,276800000.0,,,,,94600000.0,,,,,,,,,,,,,,,,,,,,,,5344000.0,,,,,57681000.0,,,,,,,,7291000.0,,,8891000.0,,8891000.0,,,,,,,,,,,,,,,,,,471000.0,471000.0,,,,5980000.0,,,,,,,,9600000.0,,,,,,,,,,,0.01,5000000.0,0.0,0.0,,,,,,,,,,,,,,,,,,,,,,,,,,,,,,230827000.0,610338000.0,379511000.0,436458000.0,,,,,,,,,698278000.0,,21205000.0,,,,,57397000.0,,,,,,,,,,,,151811000.0,151811000.0,,55000.0,,,,,,,13783.0,,13762.0,,,
2021-12-31,2022-02-24,10-K,UNIVERSAL HEALTH REALTY INCOME TRUST,UHT,CIK0000798783,USD,12157000.0,1113000.0,,268515000.0,947000.0,,,-183000.0,,-51000.0,791000.0,,,598419000.0,,,,,,,,,,,,,,,,,,,,,,,,,,,,22504000.0,,,22504000.0,,16762000.0,2.8,,0.01,95000000.0,13785345.0,13785345.0,138000.0,0.0,114094000.0,113760000.0,1594000.0,55325000.0,823998000.0,0.022,,90000.0,11971000.0,,23900000.0,27478000.0,27478000.0,38585000.0,,,7.94,,7.92,,,,,,,,,14200000.0,,,,,,,87314000.0,,,,,,,1796000.0,,5000.0,90000.0,,843000.0,-157000.0,,,9972000.0,,,-8809000.0,,8076000.0,346000.0,5645000.0,,,10139000.0,54897000.0,508000.0,35581000.0,32491000.0,618000.0,618000.0,618000.0,618000.0,618000.0,,24086000.0,420876000.0,44520000.0,48659000.0,66397000.0,146870000.0,53385000.0,61045000.0,3200000.0,363092000.0,598419000.0,,271900000.0,,253500000.0,,,99900000.0,,271900000.0,,329052000.0,,17973000.0,12197000.0,601000.0,272839000.0,13550000.0,11892000.0,,,,,-6538000.0,,-24425000.0,,47725000.0,,109166000.0,,,,,57152000.0,,,,1.0,,,,28865000.0,508000.0,508000.0,11495000.0,508000.0,11495000.0,,,,,,,,,,,,,,,,,0.0507,4928000.0,4928000.0,,,,23441000.0,,113297000.0,,,,,,38532000.0,1842000.0,3092000.0,,,,16750000.0,12989000.0,,3500000.0,,0.01,5000000.0,0.0,0.0,,,,,,,215000.0,35700000.0,,,,,,,28119000.0,109166000.0,225584000.0,,19796000.0,,11346000.0,,603191000.0,54897000.0,492734000.0,52057000.0,,,663733000.0,225584000.0,608836000.0,383252000.0,438149000.0,,,-14120000.0,,,,2079000.0,,789559000.0,,84190000.0,,,23885000.0,39904000.0,56866000.0,947000.0,,,,0.0,,,,,,,235327000.0,235327000.0,0.0,216000.0,,16000.0,672000000.0,,,22000.0,13779000.0,,13757000.0,520588000.0,82439000.0,4847000.0
