end,filed,form,Name,Ticker,CIK,Currency,AccountsPayableCurrent,AccretionAmortizationOfDiscountsAndPremiumsInvestments,AccruedEmployeeBenefitsCurrent,AccruedLiabilitiesCurrent,AccumulatedDepreciationDepletionAndAmortizationPropertyPlantAndEquipment,AccumulatedOtherComprehensiveIncomeLossNetOfTax,AdditionalPaidInCapital,AdjustmentsRelatedToTaxWithholdingForShareBasedCompensation,AdjustmentsToAdditionalPaidInCapitalEquityComponentOfConvertibleDebt,AdjustmentsToAdditionalPaidInCapitalSharebasedCompensationRequisiteServicePeriodRecognitionValue,AdjustmentsToAdditionalPaidInCapitalWarrantIssued,AdvertisingExpense,AllocatedShareBasedCompensationExpense,AmortizationOfDebtDiscountPremium,AmortizationOfFinancingCostsAndDiscounts,AntidilutiveSecuritiesExcludedFromComputationOfEarningsPerShareAmount,Assets,AssetsCurrent,AssetsFairValueDisclosure,AssetsFairValueDisclosureRecurring,AvailableForSaleDebtSecuritiesAccumulatedGrossUnrealizedGainBeforeTax,AvailableForSaleDebtSecuritiesAccumulatedGrossUnrealizedLossBeforeTax,AvailableForSaleDebtSecuritiesAmortizedCostBasis,AvailableForSaleSecurities,AvailableForSaleSecuritiesAccumulatedGrossUnrealizedGainBeforeTax,AvailableForSaleSecuritiesAccumulatedGrossUnrealizedLossBeforeTax,AvailableForSaleSecuritiesAmortizedCost,AvailableForSaleSecuritiesContinuousUnrealizedLossPosition12MonthsOrLongerAccumulatedLoss,AvailableForSaleSecuritiesContinuousUnrealizedLossPosition12MonthsOrLongerAggregateLosses,AvailableForSaleSecuritiesContinuousUnrealizedLossPositionAggregateLosses,AvailableForSaleSecuritiesContinuousUnrealizedLossPositionFairValue,AvailableForSaleSecuritiesContinuousUnrealizedLossPositionLessThan12MonthsAccumulatedLoss,AvailableForSaleSecuritiesContinuousUnrealizedLossPositionLessThan12MonthsAggregateLosses,AvailableForSaleSecuritiesContinuousUnrealizedLossPositionLessThanTwelveMonthsFairValue,AvailableForSaleSecuritiesContinuousUnrealizedLossPositionTwelveMonthsOrLongerFairValue,AvailableForSaleSecuritiesDebtMaturitiesAfterOneThroughFiveYearsAmortizedCost,AvailableForSaleSecuritiesDebtMaturitiesAfterOneThroughFiveYearsFairValue,AvailableForSaleSecuritiesDebtMaturitiesWithinOneYearAmortizedCost,AvailableForSaleSecuritiesDebtMaturitiesWithinOneYearFairValue,AvailableForSaleSecuritiesDebtSecurities,AvailableForSaleSecuritiesFairValueDisclosure,AvailableForSaleSecuritiesGrossRealizedGainLossNet,AvailableForSaleSecuritiesGrossUnrealizedLosses1,AvailableForSaleSecuritiesInUnrealizedLossPositionsQualitativeDisclosureNumberOfPositionsLessThanOneYear,AvailableforsaleSecuritiesGrossUnrealizedGain,AvailableforsaleSecuritiesInUnrealizedLossPositionsQualitativeDisclosureNumberOfPositions1,AvailableforsaleSecuritiesInUnrealizedLossPositionsQualitativeDisclosureNumberOfPositionsGreaterThanOrEqualToOneYear,CapitalExpendituresIncurredButNotYetPaid,CapitalLeaseObligationsCurrent,CapitalLeaseObligationsNoncurrent,CapitalLeasesFutureMinimumPaymentsDue,CapitalLeasesFutureMinimumPaymentsDueCurrent,CapitalLeasesFutureMinimumPaymentsDueInFiveYears,CapitalLeasesFutureMinimumPaymentsDueInFourYears,CapitalLeasesFutureMinimumPaymentsDueInThreeYears,CapitalLeasesFutureMinimumPaymentsDueInTwoYears,CapitalLeasesFutureMinimumPaymentsDueThereafter,CashAndCashEquivalentsAtCarryingValue,CashAndCashEquivalentsPeriodIncreaseDecrease,CashCashEquivalentsAndShortTermInvestments,CashCashEquivalentsRestrictedCashAndRestrictedCashEquivalents,CashCashEquivalentsRestrictedCashAndRestrictedCashEquivalentsPeriodIncreaseDecreaseIncludingExchangeRateEffect,ClassOfWarrantOrRightExercisePriceOfWarrantsOrRights,ClassOfWarrantOrRightOutstanding,CommonStockParOrStatedValuePerShare,CommonStockSharesAuthorized,CommonStockSharesIssued,CommonStockSharesOutstanding,CommonStockValue,ComprehensiveIncomeNetOfTax,ComprehensiveIncomeNetOfTaxAttributableToNoncontrollingInterest,ComprehensiveIncomeNetOfTaxIncludingPortionAttributableToNoncontrollingInterest,ConstructionInProgressExpendituresIncurredButNotYetPaid,ConstructionInProgressGross,ContractsRevenue,ContractWithCustomerAssetNet,ContractWithCustomerAssetNetCurrent,ContractWithCustomerAssetNetNoncurrent,ContractWithCustomerAssetReclassifiedToReceivable,ContractWithCustomerLiability,ContractWithCustomerLiabilityCurrent,ContractWithCustomerLiabilityNoncurrent,ContractWithCustomerLiabilityRevenueRecognized,ContractWithCustomerPerformanceObligationSatisfiedInPreviousPeriod,ConversionOfStockAmountIssued1,ConvertibleDebt,ConvertibleDebtCurrent,ConvertibleDebtNoncurrent,CostMethodInvestments,CostMethodInvestmentsRealizedGainLoss,CostOfGoodsAndServicesSold,CostOfGoodsSold,CostsAndExpenses,CumulativeEffectOfNewAccountingPrincipleInPeriodOfAdoption,CurrentFederalTaxExpenseBenefit,CurrentIncomeTaxExpenseBenefit,CurrentStateAndLocalTaxExpenseBenefit,CustomerRefundLiabilityCurrent,DebtConversionConvertedInstrumentAmount1,DebtConversionConvertedInstrumentSharesIssued1,DebtInstrumentCarryingAmount,DebtInstrumentFairValue,DebtIssuanceCostsIncurredDuringNoncashOrPartialNoncashTransaction,DebtSecuritiesAvailableForSaleAllowanceForCreditLoss,DebtSecuritiesAvailableForSaleContinuousUnrealizedLossPosition12MonthsOrLonger,DebtSecuritiesAvailableForSaleContinuousUnrealizedLossPosition12MonthsOrLongerAccumulatedLoss,DebtSecuritiesAvailableForSaleContinuousUnrealizedLossPositionLessThan12Months,DebtSecuritiesAvailableForSaleContinuousUnrealizedLossPositionLessThan12MonthsAccumulatedLoss,DebtSecuritiesAvailableForSaleRealizedGainLoss,DebtSecuritiesAvailableForSaleUnrealizedLossPosition,DebtSecuritiesAvailableForSaleUnrealizedLossPositionAccumulatedLoss,DebtSecuritiesAvailableForSaleUnrealizedLossPositionNumberOfPositions,DeferredFederalIncomeTaxExpenseBenefit,DeferredIncomeTaxAssetsNet,DeferredIncomeTaxExpenseBenefit,DeferredIncomeTaxesAndTaxCredits,DeferredRevenueCurrent,DeferredRevenueNoncurrent,DeferredStateAndLocalIncomeTaxExpenseBenefit,DeferredTaxAssetsDeferredIncome,DeferredTaxAssetsGross,DeferredTaxAssetsInProcessResearchAndDevelopment,DeferredTaxAssetsLiabilitiesNet,DeferredTaxAssetsNet,DeferredTaxAssetsOperatingLossCarryforwards,DeferredTaxAssetsOther,DeferredTaxAssetsOtherLossCarryforwards,DeferredTaxAssetsPropertyPlantAndEquipment,DeferredTaxAssetsTaxCreditCarryforwards,DeferredTaxAssetsTaxDeferredExpenseReservesAndAccrualsReserves,DeferredTaxAssetsValuationAllowance,DeferredTaxExpenseFromStockOptionsExercised,DeferredTaxLiabilities,DeferredTaxLiabilitiesCurrent,DeferredTaxLiabilitiesDerivatives,DeferredTaxLiabilitiesOther,DefinedContributionPlanCostRecognized,DefinedContributionPlanEmployerMatchingContributionPercent,DefinedContributionPlanEmployerMatchingContributionPercentOfMatch,Depreciation,DepreciationDepletionAndAmortization,DerivativeLiabilities,DueToRelatedPartiesCurrent,EarningsPerShareBasic,EarningsPerShareBasicAndDiluted,EarningsPerShareDiluted,EffectiveIncomeTaxRateContinuingOperations,EffectiveIncomeTaxRateReconciliationAtFederalStatutoryIncomeTaxRate,EmployeeServiceShareBasedCompensationCashReceivedFromExerciseOfStockOptions,FairValueAdjustmentOfWarrants,FairValueConcentrationOfRiskForeignCurrencyContracts,FairValueMeasurementWithUnobservableInputsReconciliationLiabilityTransfersIntoLevel3,FinanceLeaseLiability,FinanceLeaseLiabilityCurrent,FinanceLeaseLiabilityNoncurrent,FinanceLeaseLiabilityPaymentsDue,ForeignCurrencyTransactionGainLossBeforeTax,FurnitureAndFixturesGross,GainLossOnDispositionOfAssets,GainLossOnForeignCurrencyDerivativesRecordedInEarningsNet,GainLossOnSaleOfBusiness,GainLossOnSaleOfInvestments,GainLossOnSaleOfOtherAssets,GainLossOnSaleOfOtherInvestments,GainLossOnSaleOfPropertyPlantEquipment,GainOrLossOnSaleOfStockInSubsidiary,GainsLossesOnExtinguishmentOfDebt,GeneralAndAdministrativeExpense,Goodwill,GoodwillImpairmentLoss,GrossProfit,IncomeLossAttributableToNoncontrollingInterest,IncomeLossAttributableToParent,IncomeLossFromContinuingOperations,IncomeLossFromContinuingOperationsBeforeIncomeTaxesDomestic,IncomeLossFromContinuingOperationsBeforeIncomeTaxesForeign,IncomeLossFromContinuingOperationsBeforeIncomeTaxesMinorityInterestAndIncomeLossFromEquityMethodInvestments,IncomeLossFromContinuingOperationsIncludingPortionAttributableToNoncontrollingInterest,IncomeLossFromContinuingOperationsPerBasicAndDilutedShare,IncomeTaxExaminationLiabilityRefundAdjustmentFromSettlementWithTaxingAuthority,IncomeTaxExpenseBenefit,IncomeTaxExpenseBenefitContinuingOperations,IncomeTaxesPaid,IncomeTaxesPaidNet,IncomeTaxReconciliationChangeInDeferredTaxAssetsValuationAllowance,IncomeTaxReconciliationIncomeTaxExpenseBenefitAtFederalStatutoryIncomeTaxRate,IncomeTaxReconciliationNondeductibleExpense,IncomeTaxReconciliationNondeductibleExpenseShareBasedCompensationCost,IncomeTaxReconciliationOtherAdjustments,IncomeTaxReconciliationPriorYearIncomeTaxes,IncomeTaxReconciliationStateAndLocalIncomeTaxes,IncomeTaxReconciliationTaxCredits,IncomeTaxReconciliationTaxCreditsResearch,IncreaseDecreaseInAccountsAndOtherReceivables,IncreaseDecreaseInAccountsPayable,IncreaseDecreaseInAccountsPayableAndAccruedLiabilities,IncreaseDecreaseInAccountsReceivable,IncreaseDecreaseInAccruedLiabilities,IncreaseDecreaseInContractWithCustomerAsset,IncreaseDecreaseInContractWithCustomerLiability,IncreaseDecreaseInDeferredIncomeTaxes,IncreaseDecreaseInDeferredRevenue,IncreaseDecreaseInEmployeeRelatedLiabilities,IncreaseDecreaseInInventories,IncreaseDecreaseInOtherNoncurrentAssets,IncreaseDecreaseInOtherOperatingAssets,IncreaseDecreaseInOtherOperatingLiabilities,IncreaseDecreaseInOtherReceivables,IncreaseDecreaseInPrepaidDeferredExpenseAndOtherAssets,IncreaseDecreaseInRestrictedCashAndInvestments,IncreaseDecreaseInRestructuringReserve,IncreaseDecreaseInUnbilledReceivables,IncrementalCommonSharesAttributableToCallOptionsAndWarrants,IncrementalCommonSharesAttributableToConversionOfDebtSecurities,IncrementalCommonSharesAttributableToShareBasedPaymentArrangements,InterestExpense,InterestIncomeOther,InterestPaid,InterestPaidNet,InterestReceivable,InventoryAdjustments,InventoryFinishedGoods,InventoryFinishedGoodsNetOfReserves,InventoryGross,InventoryNet,InventoryNoncurrent,InventoryRawMaterials,InventoryRawMaterialsNetOfReserves,InventoryWorkInProcess,InventoryWorkInProcessNetOfReserves,InventoryWriteDown,LeaseAndRentalExpense,LeaseCost,LeaseholdImprovementsGross,LesseeOperatingLeaseLiabilityPaymentsDue,LesseeOperatingLeaseLiabilityPaymentsDueAfterYearFive,LesseeOperatingLeaseLiabilityPaymentsDueNextTwelveMonths,LesseeOperatingLeaseLiabilityPaymentsDueYearFive,LesseeOperatingLeaseLiabilityPaymentsDueYearFour,LesseeOperatingLeaseLiabilityPaymentsDueYearThree,LesseeOperatingLeaseLiabilityPaymentsDueYearTwo,LesseeOperatingLeaseLiabilityPaymentsRemainderOfFiscalYear,LesseeOperatingLeaseLiabilityUndiscountedExcessAmount,LettersOfCreditOutstandingAmount,Liabilities,LiabilitiesAndStockholdersEquity,LiabilitiesAssumed1,LiabilitiesCurrent,LiabilitiesFairValueDisclosureRecurring,LicensesRevenue,LineOfCredit,LineOfCreditFacilityCollateralFeesAmount,LoansPayableToBank,LongLivedAssetsHeldForSaleProceedsFromSale,LongTermDebt,LongTermDebtCurrent,LongTermDebtMaturitiesRepaymentsOfPrincipalAfterYearFive,LongTermDebtMaturitiesRepaymentsOfPrincipalInNextTwelveMonths,LongTermDebtMaturitiesRepaymentsOfPrincipalInYearFive,LongTermDebtMaturitiesRepaymentsOfPrincipalInYearFour,LongTermDebtMaturitiesRepaymentsOfPrincipalInYearThree,LongTermDebtMaturitiesRepaymentsOfPrincipalInYearTwo,LongTermDebtNoncurrent,LongTermInvestments,LongTermNotesPayable,MarketableSecuritiesCurrent,MinorityInterestOwnershipPercentageByParent,NetCashProvidedByUsedInFinancingActivities,NetCashProvidedByUsedInInvestingActivities,NetCashProvidedByUsedInOperatingActivities,NetIncomeLoss,NetIncomeLossAvailableToCommonStockholdersBasic,NetIncomeLossAvailableToCommonStockholdersDiluted,NoncontrollingInterestDecreaseFromDeconsolidation,NonoperatingIncomeExpense,NotesPayable,NotesPayableCurrent,NotionalAmountOfForeignCurrencyDerivatives,NumberOfOperatingSegments,NumberOfReportableSegments,OperatingExpenses,OperatingIncomeLoss,OperatingLeaseCost,OperatingLeaseLiability,OperatingLeaseLiabilityCurrent,OperatingLeaseLiabilityNoncurrent,OperatingLeasePayments,OperatingLeaseRightOfUseAsset,OperatingLeasesFutureMinimumPaymentsDue,OperatingLeasesFutureMinimumPaymentsDueCurrent,OperatingLeasesFutureMinimumPaymentsDueFutureMinimumSubleaseRentals,OperatingLeasesFutureMinimumPaymentsDueInFiveYears,OperatingLeasesFutureMinimumPaymentsDueInFourYears,OperatingLeasesFutureMinimumPaymentsDueInThreeYears,OperatingLeasesFutureMinimumPaymentsDueInTwoYears,OperatingLeasesFutureMinimumPaymentsDueThereafter,OperatingLeasesRentExpenseNet,OperatingLeasesRentExpenseSubleaseRentals1,OperatingLeaseWeightedAverageDiscountRatePercent,OtherAccruedLiabilitiesCurrent,OtherAssetsNoncurrent,OtherComprehensiveIncomeLossNetOfTaxPortionAttributableToParent,OtherComprehensiveIncomeLossReclassificationAdjustmentFromAOCIForSaleOfSecuritiesNetOfTax,OtherComprehensiveIncomeLossTax,OtherComprehensiveIncomeUnrealizedHoldingGainLossOnSecuritiesArisingDuringPeriodNetOfTax,OtherComprehensiveIncomeUnrealizedHoldingGainLossOnSecuritiesArisingDuringPeriodTax,OtherLiabilitiesNoncurrent,OtherLongTermInvestments,OtherNoncashIncomeExpense,OtherNonoperatingIncome,OtherNonoperatingIncomeExpense,OtherReceivables,OtherReceivablesNetCurrent,OtherSalesRevenueNet,OtherThanTemporaryImpairmentLossDebtSecuritiesAvailableForSale,OtherThanTemporaryImpairmentLossesInvestmentsAvailableforsaleSecurities,PaidInKindInterest,PaymentsForProceedsFromBusinessesAndInterestInAffiliates,PaymentsForRestructuring,PaymentsOfDebtIssuanceCosts,PaymentsOfStockIssuanceCosts,PaymentsRelatedToTaxWithholdingForShareBasedCompensation,PaymentsToAcquireAvailableForSaleSecuritiesDebt,PaymentsToAcquireInvestments,PaymentsToAcquireMarketableSecurities,PaymentsToAcquireOtherInvestments,PaymentsToAcquirePropertyPlantAndEquipment,PaymentsToAcquireRestrictedCertificatesOfDeposit,PaymentsToAcquireRestrictedInvestments,PensionAndOtherPostretirementBenefitsExpenseReversalOfExpenseNoncash,PreferredStockParOrStatedValuePerShare,PreferredStockSharesAuthorized,PreferredStockSharesIssued,PreferredStockValue,PrepaidExpenseAndOtherAssets,PrepaidExpenseAndOtherAssetsCurrent,ProceedsFromDivestitureOfBusinesses,ProceedsFromIssuanceOfCommonStock,ProceedsFromIssuanceOfDebt,ProceedsFromIssuanceOfSharesUnderIncentiveAndShareBasedCompensationPlans,ProceedsFromIssuanceOfSharesUnderIncentiveAndShareBasedCompensationPlansIncludingStockOptions,ProceedsFromMaturitiesPrepaymentsAndCallsOfAvailableForSaleSecurities,ProceedsFromNotesPayable,ProceedsFromPaymentsForOtherFinancingActivities,ProceedsFromRepaymentsOfNotesPayable,ProceedsFromSaleAndMaturityOfMarketableSecurities,ProceedsFromSaleAndMaturityOfOtherInvestments,ProceedsFromSaleMaturityAndCollectionsOfInvestments,ProceedsFromSaleOfAvailableForSaleSecurities,ProceedsFromSaleOfAvailableForSaleSecuritiesDebt,ProceedsFromSaleOfEquityMethodInvestments,ProceedsFromSaleOfOtherInvestments,ProceedsFromSaleOfPropertyPlantAndEquipment,ProceedsFromStockOptionsExercised,ProceedsFromStockPlans,PropertyPlantAndEquipmentGross,PropertyPlantAndEquipmentNet,ProvisionForDoubtfulAccounts,ReceivablesNetCurrent,ReimbursementRevenue,RepaymentsOfConvertibleDebt,RepaymentsOfDebt,RepaymentsOfLongTermCapitalLeaseObligations,RepaymentsOfLongTermDebt,ResearchAndDevelopmentArrangementContractToPerformForOthersCostsIncurredGross,ResearchAndDevelopmentExpense,RestrictedCashAndInvestmentsCurrent,RestrictedCashAndInvestmentsNoncurrent,RestrictedCashCurrent,RestrictedCashEquivalentsCurrent,RestrictedCashEquivalentsNoncurrent,RestrictedCashNoncurrent,RestructuringAndRelatedCostExpectedCost,RestructuringAndRelatedCostExpectedCost1,RestructuringAndRelatedCostNumberOfPositionsEliminated,RestructuringAndRelatedCostNumberOfPositionsEliminated,RestructuringAndRelatedCostNumberOfPositionsEliminatedInceptionToDate,RestructuringAndRelatedCostNumberOfPositionsEliminatedInceptionToDate,RestructuringCharges,RestructuringCosts,RestructuringCostsAndAssetImpairmentCharges,RestructuringReserve,RestructuringReserveAccrualAdjustment,RestructuringReserveAccrualAdjustment1,RestructuringReserveCurrent,RestructuringReserveNoncurrent,RestructuringReservePeriodExpense,RestructuringReserveSettledWithCash,RestructuringReserveSettledWithoutCash,RestructuringReserveSettledWithoutCash1,RetainedEarningsAccumulatedDeficit,RevenueFromContractWithCustomerExcludingAssessedTax,RevenueRecognitionSalesReturnsReserveForSalesReturns,RevenueRemainingPerformanceObligation,Revenues,RightOfUseAssetObtainedInExchangeForOperatingLeaseLiability,SalesDiscountsReturnsAndAllowancesGoods,SalesRevenueGoodsGross,SalesRevenueGoodsNet,SalesRevenueNet,SellingGeneralAndAdministrativeExpense,ShareBasedCompensation,ShareBasedCompensationArrangementByShareBasedPaymentAwardEquityInstrumentsOtherThanOptionsForfeitedInPeriod,ShareBasedCompensationArrangementByShareBasedPaymentAwardEquityInstrumentsOtherThanOptionsForfeitedInPeriodWeightedAverageGrantDateFairValue,ShareBasedCompensationArrangementByShareBasedPaymentAwardEquityInstrumentsOtherThanOptionsGrantsInPeriod,ShareBasedCompensationArrangementByShareBasedPaymentAwardEquityInstrumentsOtherThanOptionsGrantsInPeriodWeightedAverageGrantDateFairValue,ShareBasedCompensationArrangementByShareBasedPaymentAwardEquityInstrumentsOtherThanOptionsNonvestedNumber,ShareBasedCompensationArrangementByShareBasedPaymentAwardEquityInstrumentsOtherThanOptionsNonvestedWeightedAverageGrantDateFairValue,ShareBasedCompensationArrangementByShareBasedPaymentAwardEquityInstrumentsOtherThanOptionsOutstandingWeightedAverageRemainingContractualTerm,ShareBasedCompensationArrangementByShareBasedPaymentAwardMaximumEmployeeSubscriptionRate,ShareBasedCompensationArrangementByShareBasedPaymentAwardNumberOfAdditionalSharesAuthorized,ShareBasedCompensationArrangementByShareBasedPaymentAwardNumberOfSharesAvailableForGrant,ShareBasedCompensationArrangementByShareBasedPaymentAwardOptionsExercisableNumber,ShareBasedCompensationArrangementByShareBasedPaymentAwardOptionsExercisableWeightedAverageExercisePrice,ShareBasedCompensationArrangementByShareBasedPaymentAwardOptionsExercisableWeightedAverageRemainingContractualTerm,ShareBasedCompensationArrangementByShareBasedPaymentAwardOptionsExercisesInPeriodWeightedAverageExercisePrice,ShareBasedCompensationArrangementByShareBasedPaymentAwardOptionsExpirationsInPeriod,ShareBasedCompensationArrangementByShareBasedPaymentAwardOptionsForfeituresAndExpirationsInPeriod,ShareBasedCompensationArrangementByShareBasedPaymentAwardOptionsForfeituresAndExpirationsInPeriodWeightedAverageExercisePrice,ShareBasedCompensationArrangementByShareBasedPaymentAwardOptionsForfeituresInPeriod,ShareBasedCompensationArrangementByShareBasedPaymentAwardOptionsForfeituresInPeriodWeightedAverageExercisePrice,ShareBasedCompensationArrangementByShareBasedPaymentAwardOptionsGrantsInPeriod,ShareBasedCompensationArrangementByShareBasedPaymentAwardOptionsGrantsInPeriodGross,ShareBasedCompensationArrangementByShareBasedPaymentAwardOptionsGrantsInPeriodWeightedAverageExercisePrice,ShareBasedCompensationArrangementByShareBasedPaymentAwardOptionsGrantsInPeriodWeightedAverageGrantDateFairValue,ShareBasedCompensationArrangementByShareBasedPaymentAwardOptionsOutstandingIntrinsicValue,ShareBasedCompensationArrangementByShareBasedPaymentAwardOptionsOutstandingNumber,ShareBasedCompensationArrangementByShareBasedPaymentAwardOptionsOutstandingWeightedAverageExercisePrice,ShareBasedCompensationArrangementsByShareBasedPaymentAwardOptionsExercisesInPeriodWeightedAverageExercisePrice,ShareBasedCompensationArrangementsByShareBasedPaymentAwardOptionsExpirationsInPeriodWeightedAverageExercisePrice,ShareBasedCompensationArrangementsByShareBasedPaymentAwardOptionsForfeituresInPeriodWeightedAverageExercisePrice,ShareBasedCompensationArrangementsByShareBasedPaymentAwardOptionsGrantsInPeriodWeightedAverageExercisePrice,ShareBasedCompensationSharesAuthorizedUnderStockOptionPlansExercisePriceRangeNumberOfExercisableOptions,ShareBasedCompensationSharesAuthorizedUnderStockOptionPlansExercisePriceRangeNumberOfOutstandingOptions,SharebasedCompensationArrangementBySharebasedPaymentAwardOptionsExercisableIntrinsicValue1,SharebasedCompensationArrangementBySharebasedPaymentAwardOptionsOutstandingWeightedAverageRemainingContractualTerm1,SharebasedCompensationSharesAuthorizedUnderStockOptionPlansExercisePriceRangeExercisableOptionsWeightedAverageExercisePrice1,SharebasedCompensationSharesAuthorizedUnderStockOptionPlansExercisePriceRangeOutstandingOptionsWeightedAverageExercisePriceBeginningBalance1,SharebasedCompensationSharesAuthorizedUnderStockOptionPlansExercisePriceRangeOutstandingOptionsWeightedAverageRemainingContractualTerm1,SharePrice,ShortTermInvestments,StockholdersEquity,StockholdersEquityIncludingPortionAttributableToNoncontrollingInterest,StockIssuedDuringPeriodSharesNewIssues,StockIssuedDuringPeriodSharesStockOptionsExercised,StockIssuedDuringPeriodValueConversionOfConvertibleSecurities,StockIssuedDuringPeriodValueNewIssues,StockIssuedDuringPeriodValueOther,StockIssuedDuringPeriodValueShareBasedCompensation,SubleaseIncome,TangibleAssetImpairmentCharges,TaxBenefitFromStockOptionsExercised,TaxBenefitFromStockOptionsExercised1,TenantImprovements,UnbilledReceivablesCurrent,UndistributedEarningsLossAllocatedToParticipatingSecuritiesBasic,UndistributedEarningsLossAllocatedToParticipatingSecuritiesDiluted,UnrecognizedTaxBenefits,UnrecognizedTaxBenefitsIncomeTaxPenaltiesAccrued,UnrecognizedTaxBenefitsIncreasesResultingFromCurrentPeriodTaxPositions,UnrecognizedTaxBenefitsIncreasesResultingFromPriorPeriodTaxPositions,UnrecognizedTaxBenefitsInterestOnIncomeTaxesAccrued,UnrecognizedTaxBenefitsInterestOnIncomeTaxesExpense,UnrecognizedTaxBenefitsReductionsResultingFromLapseOfApplicableStatuteOfLimitations,UnrecognizedTaxBenefitsThatWouldImpactEffectiveTaxRate,ValuationAllowanceDeferredTaxAssetChangeInAmount,ValuationAllowancesAndReservesBalance,ValuationAllowancesAndReservesDeductions,VariableLeaseCost,WeightedAverageNumberDilutedSharesOutstandingAdjustment,WeightedAverageNumberOfDilutedSharesOutstanding,WeightedAverageNumberOfShareOutstandingBasicAndDiluted,WeightedAverageNumberOfSharesOutstandingBasic,DeferredTaxAssetsTaxDeferredExpenseCompensationAndBenefitsShareBasedCompensationCost,OtherLiabilitiesCurrent
2005-06-30,2005-08-09,10-Q,"EXELIXIS, INC.",EXEL,CIK0000939767,USD,,,,,,,,,,,,,,,,,,,,,,,,,,,,,,,,,,,,,,,,,,,,,,,,,,,,,,,,,,,,,,,8.9,750000.0,,,,,,,,,,,,,,,,,,,,,,,,,,,,,,,,,,,,,,,,,,,,,,,,,,,,,,,,,,,,,,,,,,,,,,,,,,,,,,,,,,,,,,,,,,,,,,,,,,,,,,,,,,,,,,,,,,,,,,,,,,,,,,,,,,,,,,,,,,,,,,,,,,,,,,,,,,,,,,,,,,,,,,,,,,,,,,,,,,,,,,,,,,,,,,,,,,,,,,,,,,,,,,,,,,,,,,,,,,,,,,,,,,,,,,,,,,,,,,,,,,,,,,,,,,,,,,,,,,,,,,,,,,,,,,,,,,,,,,,,,,,,,,,,,,,,,,,,,,,,,,,,,,,,,,,,,,,,,,,,,,,,,,,,,,,,,,,,,,,,,,,,,,,,,,,,,,,,,,,,,,,,,,,,,,,,,,,,,,,,,,,,,,,,,,,,,,,,,,,,,,,,,,,,,,,
2006-06-30,2006-08-08,10-Q,"EXELIXIS, INC.",EXEL,CIK0000939767,USD,,,,,,,,,,,,,,,,,,,,,,,,,,,,,,,,,,,,,,,,,,,,,,,,,,,,,,,,,,,,,,,8.9,750000.0,,,,,,,,,,,,,,,,,,,,,,,,,,,,,,,,,,,,,,,,,,,,,,,,,,,,,,,,,,,,,,,,,,,,,,,,,,,,,,,,,,,,,,,,,,,,,,,,,,,,,,,,,,,,,,,,,,,,,,,,,,,,,,,,,,,,,,,,,,,,,,,,,,,,,,,,,,,,,,,,,,,,,,,,,,,,,,,,,,,,,,,,,,,,,,,,,,,,,,,,,,,,,,,,,,,,,,,,,,,,,,,,,,,,,,,,,,,,,,,,,,,,,,,,,,,,,,,,,,,,,,,,,,,,,,,,,,,,,,,,,,,,,,,,,,,,,,,,,,,,,,,,,,,,,,,,,,,,,,,,,,,,,,,,,,,,,,,,,,,,,,,,,,,,,,,,,,,,,,,,,,,,,,,,,,,,,,,,,,,,,,,,,,,,,,,,,,,,,,,,,,,,,,,,,,,
2010-12-31,2011-02-22,10-K,"EXELIXIS, INC.",EXEL,CIK0000939767,USD,2046000.0,-3596000.0,6555000.0,30975000.0,74846000.0,12000.0,953608000.0,,,,,,20971000.0,3596000.0,,30777000.0,360790000.0,183486000.0,,256780000.0,,,,,,,256924000.0,,,,,,,,,,,,,,256936000.0,,11000.0,,23000.0,,,,,,,,,,,,,97440000.0,10644000.0,,,,,,0.001,200000000.0,109287160.0,109287160.0,109000.0,-92473000.0,92473000.0,-92473000.0,,373000.0,61271000.0,,,,,,,,,,,28900000.0,28900000.0,83396000.0,,,,,,,,,,,0.0,,,120237000.0,,,,,,,,,,,,,,,100297000.0,202472000.0,,97935000.0,481215000.0,1836000.0,,,273395000.0,,-62800000.0,,70566000.0,7087000.0,481215000.0,,,,,,1000000.0,,,10500000.0,10543000.0,,,-0.85,-0.16,-0.85,,,5800000.0,,,,,,,,,4772000.0,,,8197000.0,,,,0.0,,,33020000.0,63684000.0,,,,,-14109000.0,-92402000.0,,-92402000.0,-92330000.0,,,-72000.0,-72000.0,0.0,,,-31417000.0,0.0,1709000.0,72000.0,,0.0,72000.0,,,,-9444000.0,,,,,,-42945000.0,,,,1807000.0,-8320000.0,-5968000.0,66000.0,-8144000.0,,,0.0,,,9340000.0,,11059000.0,,,,,,,,,,,,,,,,21993000.0,,,,,,,,,,,589115000.0,360790000.0,,199941000.0,,96363000.0,16162000.0,5100000.0,80000000.0,,,37748000.0,,,,,,,170710000.0,87314000.0,87314000.0,65224000.0,,131261000.0,-19569000.0,-101048000.0,-110194000.0,,,,-1005000.0,83396000.0,8848000.0,,,,276442000.0,-91397000.0,,,,,,,,,,,,,,,28000000.0,300000.0,,15026000.0,4096000.0,,,,-143000.0,,9005000.0,,-3234000.0,138000.0,-1005000.0,5896000.0,,,,,,8197000.0,14277000.0,,,,,,167317000.0,,1811000.0,,8099000.0,,0.001,10000000.0,0.0,,14926000.0,14926000.0,9000000.0,0.0,165008000.0,3132000.0,,,165008000.0,,-39563000.0,127569000.0,,,12780000.0,,,,165000.0,,3132000.0,90657000.0,15811000.0,,,27411000.0,,,,,41877000.0,210678000.0,,6399000.0,,,,,,,386.0,386.0,,,39644000.0,14281000.0,3327000.0,14281000.0,-4354000.0,,7294000.0,6987000.0,,,,,-1182054000.0,,,,185045000.0,,,,,40776000.0,,21112000.0,,,,,2172431.0,7.31,,,,,,,,5.42,,,,4511970.0,7.35,243500.0,243500.0,6.28,,,19630030.0,7.52,5.42,,7.35,6.28,,,,,,,,,,,-228325000.0,,495098.0,,,,6761000.0,,3173000.0,,,,,,,46381000.0,0.0,3738000.0,10472000.0,,,,0.0,25200000.0,,,,0.0,108522000.0,,108522000.0,,
2011-09-30,2011-10-27,10-Q,"EXELIXIS, INC.",EXEL,CIK0000939767,USD,3390000.0,,8835000.0,24957000.0,,-249000.0,1155827000.0,,,,,,2955000.0,,,15500000.0,411636000.0,244874000.0,,,,,,,,,,,,,,,,,,,,,,,,,,,,,,,,,,,,,,,,66211000.0,,,,,,,,,,,129000.0,77629000.0,,,,,5024000.0,,,,,,,,,,,,28900000.0,89295000.0,,,,,,,,,,,,,,,,,,,,,,,,,,,,,76639000.0,50968000.0,,,,,,,,,,,,,,,,,,,,,,,,,,0.6,,0.59,,,,,,,,,,,,,,,2210000.0,,,,,,,8171000.0,63684000.0,,,,,79699000.0,,,77865000.0,,,,0.0,,,,,,,,,,,,,,,,,,,,,,,,,,,,,,,,,449000.0,144000.0,4142000.0,,,,,,,,,,,,,,,,,,,,,,,,,,,,,408582000.0,411636000.0,,166615000.0,,122703000.0,,,,,,,,,,,,,,85787000.0,85787000.0,156947000.0,0.199,,,,77865000.0,,,,-1834000.0,,5974000.0,,,,48573000.0,79699000.0,,,,,,,,,,,,,,,,,,15195000.0,2896000.0,,,,-236000.0,,8247000.0,,,98000.0,-1834000.0,4654000.0,,,,,,2210000.0,,,,,,,,,,,,,,,,,17062000.0,,,,,,,,,,,,,,,,,,,,,,10196000.0,,,545000.0,,,,,,37465000.0,,4199000.0,,,,,,,,,,,2937000.0,,,,,,2725000.0,7670000.0,,,,,-1152653000.0,,,,128272000.0,,,,,128272000.0,,,,,,,,,,,,,,,,,,,,,,,,,,,,,,,,,,,,,,,,,,,3054000.0,,,,,,,,,,,,,,,,,,,,,,,,,,,2199000.0,131344000.0,,129145000.0,,
2012-09-30,2012-11-07,10-Q,"EXELIXIS, INC.",EXEL,CIK0000939767,USD,3246000.0,,8255000.0,23701000.0,,-18000.0,1542489000.0,,,,,,1893000.0,,,,762613000.0,493395000.0,,674708000.0,,,,,,,674727000.0,,,,,,,,,118828000.0,118811000.0,555899000.0,555897000.0,,674708000.0,,103000.0,,84000.0,,,,,,,,,,,,,308805000.0,,,,,,,0.001,400000000.0,183489026.0,183489026.0,183000.0,-32837000.0,,,,,9301000.0,,,,,,,,,,,,10000000.0,239244000.0,,,,0.0,,,,,,,,,,389887000.0,,,,,,,,,,,,,-54400000.0,,24134000.0,0.0,,,,,,,,,,,,,,,,,,,,,,,,,,-0.2,-0.2,-0.2,,,,,,,,,,,,,,,0.0,,,,,,,7343000.0,63684000.0,,,,,-25443000.0,,,-32804000.0,,,,10000.0,,,,,,,,,,,,,,,,,,,,,,,,,,,,,,,,,0.0,0.0,7679000.0,,,,,,,,,,,,,,,,,,,,,,,,,,,,,421768000.0,762613000.0,,85415000.0,,4012000.0,,,,,,,,,,,,,,162173000.0,82885000.0,163542000.0,,,,,-32814000.0,,,,-7361000.0,,3164000.0,,,,38756000.0,-25443000.0,,,,,,,,,,,,,,,,,,8882000.0,9123000.0,,,,-23000.0,,7768000.0,,,318000.0,,2708000.0,,,,,,,,,,,,,,,,,,,,,,,,6098000.0,,,,,,,,,,,,,,,,,,,,,6292000.0,,,0.0,,,,,,30680000.0,12242000.0,27946000.0,,,,,,,,,422.0,,733000.0,,,10489000.0,,,4033000.0,6456000.0,,,,,-1201809000.0,,,,13313000.0,,,,0.0,13313000.0,7343000.0,,,,,,,,,,,,13559920.0,7.32,,,,,,,,,,,,287800.0,19161690.0,6.84,,,,,,,239408.0,,,,,,,,340845000.0,,,,,,,,,,,,,,,,,,,,,,,,,,,0.0,166354000.0,166354000.0,166354000.0,,
2013-12-31,2014-02-20,10-K,"EXELIXIS, INC.",EXEL,CIK0000939767,USD,9345000.0,,12797000.0,34958000.0,45795000.0,146000.0,1504052000.0,,,,,,12018000.0,26290000.0,19722000.0,76965000.0,503287000.0,266609000.0,,409966000.0,,,,409966000.0,300000.0,55000.0,409721000.0,,,,,,,65300000.0,,,,,,,,,,,,38.0,,,,,,,,,,,,103978000.0,-66091000.0,,,,,1441215.0,0.001,400000000.0,184533651.0,184533651.0,184000.0,-237954000.0,,,,68000.0,16321000.0,,,,,,,,,,,,10000000.0,301550000.0,,,,1118000.0,,,0.0,12000.0,12000.0,,0.0,,,,0.0,,,,,,,,,,-106000.0,,-108000.0,,1450000.0,,-2000.0,502000.0,462394000.0,,0.0,40968000.0,358372000.0,,,,64635000.0,10107000.0,421426000.0,15700000.0,40968000.0,,0.0,40968000.0,800000.0,,,3100000.0,3147000.0,,,-1.33,-1.67,-1.33,,,1500000.0,0.0,,,,,,,,3691000.0,,,0.0,0.0,0.0,,0.0,,,,63684000.0,,4084000.0,,,-59514000.0,-236076000.0,-8780000.0,-244856000.0,-244760000.0,,,-96000.0,,0.0,,,-83251000.0,3380000.0,393000.0,58000.0,,10000.0,0.0,,1190000.0,,8691000.0,,14398000.0,,,,-14871000.0,,2890000.0,0.0,0.0,-1690000.0,1190000.0,-1034000.0,-17268000.0,-5750000.0,,0.0,,,38779000.0,,19160000.0,,,0.0,81000.0,81000.0,2890000.0,2890000.0,,529000.0,529000.0,2280000.0,2280000.0,39000.0,,,17031000.0,,,,,,,,,,,483452000.0,503287000.0,,87853000.0,,,,,,,347237000.0,11762000.0,287500000.0,11762000.0,0.0,80000000.0,0.0,104328000.0,335475000.0,144299000.0,80328000.0,,,-11669000.0,144351000.0,-198773000.0,-308938000.0,,,,-37556000.0,,1762000.0,,1.0,,232070000.0,-200732000.0,,,,,,,68389000.0,19896000.0,16100000.0,2806000.0,9104000.0,16431000.0,20152000.0,0.0,9100000.0,4100000.0,,13116000.0,6888000.0,,,,238000.0,106000.0,4674000.0,,-6787000.0,1223000.0,,,,,,,0.0,,6765000.0,,,,189975000.0,,189975000.0,,2171000.0,,6085000.0,,0.001,10000000.0,0.0,0.0,,5112000.0,0.0,0.0,0.0,,,325171000.0,,,-13170000.0,325171000.0,0.0,,0.0,,,,143000.0,,1429000.0,50705000.0,4910000.0,,3941000.0,,,,,,,178763000.0,12213000.0,16897000.0,,,,,900000.0,,,,429.0,,1231000.0,,0.0,13472000.0,-311000.0,,4425000.0,9047000.0,,,,,-1489884000.0,,,,31338000.0,,,,15017000.0,4347000.0,50958000.0,12031000.0,,,,,,,,0.5,,,13818615.0,7.21,,,1066196.0,,,79942.0,,,6694174.0,,,8079000.0,23983275.0,6.48,5.06,6.45,5.27,5.44,13818615.0,23983275.0,3458000.0,,7.21,6.48,,,138475000.0,,14498000.0,,13311.0,,,,2295000.0,,100000.0,,,,,,,55077000.0,,7891000.0,,20000.0,4000.0,0.0,100000.0,-16800000.0,,,,0.0,184062000.0,184062000.0,184062000.0,,
2014-12-31,2015-03-02,10-K,"EXELIXIS, INC.",EXEL,CIK0000939767,USD,6413000.0,,3350000.0,41545000.0,46270000.0,-121000.0,1591782000.0,,,10006000.0,,,10006000.0,29534000.0,22289000.0,105664000.0,323269000.0,167241000.0,,238286000.0,,,,238286000.0,145000.0,157000.0,238298000.0,,,,,,,82800000.0,,,,,,,,0.0,,40.0,,,,,,,,,,,,,,80395000.0,-23583000.0,144300000.0,,,,,0.001,400000000.0,195895769.0,195895769.0,196000.0,-261564000.0,,,,120000.0,0.0,,,,,,,,,,0.0,,97449000.0,223629000.0,,0.0,,2043000.0,,,0.0,-182000.0,-182000.0,,,,,,2762000.0,,,,,,,,,,0.0,,0.0,,2583000.0,,0.0,988000.0,550838000.0,,0.0,39667000.0,446343000.0,,,,64368000.0,6521000.0,511171000.0,16000000.0,39667000.0,,704000.0,38963000.0,1100000.0,,,2400000.0,2391000.0,921000.0,,,-1.6400000000000001,,,,1600000.0,-1840000.0,,0.0,,,,,500000.0,3701000.0,600000.0,,838000.0,0.0,838000.0,,,,0.0,,63684000.0,0.0,6669000.0,,,-46208000.0,-230535000.0,-30944000.0,-261479000.0,,,,-182000.0,,60000.0,,,-88903000.0,3598000.0,255000.0,65000.0,,-182000.0,0.0,,941000.0,-2932000.0,-13945000.0,,6587000.0,,,,1133000.0,-9447000.0,-509000.0,2149000.0,2149000.0,-5295000.0,,-1526000.0,-20354000.0,-2302000.0,,,,,41362000.0,,19109000.0,,,2141000.0,559000.0,,4522000.0,2381000.0,2141000.0,1118000.0,,2845000.0,,200000.0,,,16364000.0,,,,,,,,,,,482592000.0,323269000.0,,170429000.0,921000.0,,,,,,356965000.0,97830000.0,0.0,104381000.0,287500000.0,0.0,80000000.0,0.0,259135000.0,81579000.0,80000000.0,,,65492000.0,146330000.0,-235405000.0,-319250000.0,,,,-37021000.0,,381000.0,,1.0,,249569000.0,-270666000.0,,,,,,,48493000.0,20152000.0,9200000.0,,2806000.0,9104000.0,16431000.0,0.0,10300000.0,4900000.0,,11550000.0,3649000.0,-267000.0,0.0,0.0,-267000.0,0.0,4169000.0,,-4161000.0,4341000.0,4341000.0,,,,,0.0,0.0,,10236000.0,,,,119528000.0,,119528000.0,,474000.0,,8143000.0,,0.001,10000000.0,0.0,0.0,,3481000.0,838000.0,75643000.0,0.0,,,252891000.0,,,-11709000.0,252891000.0,838000.0,,0.0,,,,392000.0,120000.0,1438000.0,48702000.0,2432000.0,,4882000.0,,0.0,,,,,189101000.0,12212000.0,4684000.0,,,,,,,,,,,7596000.0,,,10791000.0,,-340000.0,6426000.0,4365000.0,,,,,-1751181000.0,,,,32464000.0,,,,25111000.0,7353000.0,50829000.0,10006000.0,,,,,,,,0.5,,,15403813.0,6.75,,,1540215.0,,,4650543.0,,,10038565.0,,,20000.0,27811992.0,5.0,6.28,8.06,5.34,2.11,15403813.0,27811992.0,0.0,,6.75,5.0,,,63890000.0,,-159324000.0,,19090.0,,75643000.0,,2093000.0,,700000.0,,,,,,,58215000.0,,2706000.0,,20000.0,4000.0,287000.0,100000.0,88800000.0,,,,,,194299000.0,,,
2016-01-01,2016-02-29,10-K,"EXELIXIS, INC.",EXEL,CIK0000939767,USD,,,,,,,,,,,,,,,,,,,,,,,,,,,,,,,,,,,,,,,,,,,,,,,,,,,,,,,,,,,,,144284000.0,,,,,,,,,,,,,,,,,,,,,,,,,,,,,,,,,,,,,,,,,,,,,,,,0.0,,,,,,,,,,,,,,,,,,,,,,,,,,,,,,,,,,,-0.77,,-0.77,,,,,,,,,,,,,,,,,,112000.0,,,,,,,,,,,,,,,,,,,,,51421000.0,,,,,,,,,,,,,,,,,,,,,,,,,,,,,,,,793000.0,,,,,,,,,,,,,,,13942000.0,,,,,,,,,,,,,,,,,,,,,,,,,,,,,,,,,,,,,,,,-161744000.0,-161744000.0,,,,,,,,,,,,,,,,,,,,,,,,,,,,,,,,,,,,,,,,,,0.0,,,,,,,534000.0,,,,,,,,,,,,,,,,,,,,,,,,,,,,,,,,,,,,,,,,,,4381000.0,,,,,,,,,,,,,,,,,,,,,,,,,,,,,,,,,,,,,,,,,,,,,,,,,,,,,,,,,,,,,,,,,,,,,,,,,,,,,,,,,,,,,,,,,,,,0.0,0.0,,,,,,,,,,,,,0.0,209227000.0,,209227000.0,,
2016-09-30,2016-11-03,10-Q,"EXELIXIS, INC.",EXEL,CIK0000939767,USD,3965000.0,,15986000.0,,,-80000.0,2050086000.0,,,,,,3603000.0,,,65777000.0,548490000.0,421328000.0,,366058000.0,,,,366058000.0,98000.0,71000.0,366031000.0,,,,,71000.0,,67300000.0,,,55817000.0,,310241000.0,,,0.0,,37.0,,,,,,,,,,,,,,111219000.0,,293800000.0,,,,,0.001,400000000.0,286123166.0,286123166.0,286000.0,-11493000.0,,,,,19452000.0,,,,,,,,,,,,29365000.0,81493000.0,,,,2455000.0,,,,,,,,,,,,,,,,,,,,,,,,,18939000.0,232573000.0,,,,,,,,,,,,,,,,,,,,,,,,,,-0.04,-0.04,-0.04,,,,,,,,,,,,,,,,,,,,,-13773000.0,,63684000.0,,40287000.0,,,,,,-11284000.0,,,,0.0,,,,,,,,,,,,,,,,,,,,,,,,,,,,,,,,,,,7834000.0,,,,,,582000.0,,4012000.0,3292000.0,720000.0,890000.0,,2540000.0,,400000.0,1972000.0,,,,,,,,,,,,,516468000.0,548490000.0,,201643000.0,,,,,,,190858000.0,109365000.0,,,,,,,81493000.0,55817000.0,0.0,,,,,,-11284000.0,-11284000.0,-11284000.0,,-18548000.0,,80000000.0,,,,54930000.0,7264000.0,,,,,,,,,,,,,,,1064000.0,908000.0,,19791000.0,1774000.0,-209000.0,0.0,0.0,-209000.0,,759000.0,81600000.0,,,3059000.0,,,,,,,,,,,,,,,,,,,,,,,0.0,,7148000.0,,,,,,,,,,,,,,,,,,,,,1737000.0,,91207000.0,,,,,,,20256000.0,,4150000.0,,,,,,100000.0,,,,,-244000.0,,,2225000.0,,,,,,,,,-2018270000.0,,,,62194000.0,,,,42742000.0,,32463000.0,,,,,,,,,,,,20042258.0,4.19,,,,,,,,,,,,221332000.0,27448739.0,4.8,,,,,,,172458000.0,,,,,,208462000.0,,32022000.0,,,,,,,,,,,,,0.0,0.0,,,,,,,,,,,,,0.0,256319000.0,256319000.0,256319000.0,,
2016-12-30,2017-02-27,10-K,"EXELIXIS, INC.",EXEL,CIK0000939767,USD,,,,,,,,,,,,,,,,,,,,,,,,,,,,,3000.0,322000.0,172215000.0,,319000.0,,3001000.0,,55601000.0,,404365000.0,459966000.0,,,,,,86.0,,0.0,,,,,,,,,,,,,155836000.0,11552000.0,,,,,,,,,,,0.0,,,,,,,,,,,,,,,,,,6552000.0,,,0.0,,,,3420000.0,,,,,,,,,,,0.0,,,,,,,,,,,0.0,,,,,,,,70617000.0,,,,,,,,,,,,,,,,-0.16000000000000003,,-0.16000000000000003,,0.34,,,,,,,,,,,,,,,,2494000.0,,,,,,,,,,,,,,,,,,,,190000.0,6377000.0,,,,,,,,0.0,,,,38680000.0,,,256759000.0,0.0,,,,,,,-3362000.0,,,,,,,,,2578000.0,,21044000.0,,,,,,,,,,,,,9676000.0,6123000.0,,,,,,,,,,,,,,,,,,,,,,,,,,,,,,,,,,,,,,,-70222000.0,-70222000.0,,,,,,,,,,8620000.0,,,,,,,,,,,,,,,,,,,,,,,,,,,,,,,,0.0,,,,,,,4108000.0,,,,,,,,1036000.0,,,,,,,,,,,,,,,,,,,,2266000.0,,,,,,,,16482000.0,,,,,0.0,575000.0,,,0.0,,0.0,,,4150000.0,,,,,,,,,,,,,,,,,,,,191454000.0,,,,,,,,,,,,,,,,,,,,,,,,,,,,,,,,,,,,,,,,,,,,,,,,,,89318000.0,,,,,,,,3553000.0,,,,,,0.0,0.0,,,,,,,,,,5574000.0,,1056000.0,0.0,250531000.0,,250531000.0,,
2017-03-31,2017-05-01,10-Q,"EXELIXIS, INC.",EXEL,CIK0000939767,USD,4649000.0,,14490000.0,,,-326000.0,2086483000.0,,,,,,4713000.0,,89000.0,35286000.0,586980000.0,467950000.0,,456956000.0,,,,456956000.0,37000.0,255000.0,457174000.0,,,,,,,184400000.0,,,45353000.0,,411603000.0,,,0.0,,96.0,,,,,,,,,,,,,,183179000.0,31493000.0,,187329000.0,31493000.0,,,0.001,400000000.0,292302330.0,292302330.0,292000.0,16790000.0,,,,,12010000.0,,,,,,,,,,,,113349000.0,,,,,3203000.0,,,,,1000000.0,,,,,,,,,,,,,,,,,,,,30662000.0,261236000.0,,,,,,,,,,,,,,,,,,,,,,300000.0,281000.0,,,0.06,,0.05,,,,,,,,,,,-100000.0,,,,,,,0.0,,,,,63684000.0,,65674000.0,,,,,,16834000.0,,,,134000.0,,,,,,,,,,,,,-6541000.0,-1916000.0,,,,,,,35139000.0,-5844000.0,-34000.0,19000.0,,10926000.0,,881000.0,-3504000.0,,0.0,,,,4420000.0,1113000.0,,,,,774000.0,,3928000.0,3304000.0,624000.0,692000.0,,2462000.0,,500000.0,,,,,,,,,,,,,,467230000.0,586980000.0,,202287000.0,,11214000.0,,,,,113349000.0,,,,,,,,,47351000.0,,,,-71868000.0,34503000.0,68858000.0,16700000.0,16643000.0,16646000.0,,-3352000.0,,0.0,,,1.0,60701000.0,20186000.0,,,,,,,,,,,,,,,,,,24659000.0,1251000.0,90000.0,0.0,0.0,,,3707000.0,,-680000.0,,-45000.0,,,,,0.0,2068000.0,,,,,1543000.0,124494000.0,,,,804000.0,,3504000.0,,0.001,10000000.0,0.0,0.0,,6297000.0,,,,,,122507000.0,,,-80000000.0,,0.0,,37294000.0,,,,4000.0,9675000.0,,,2594000.0,,34076000.0,,,,,80000000.0,,23210000.0,0.0,4150000.0,,,,,,,,,,,28000.0,,,,,,,,,,,,-1966699000.0,80887000.0,,,80887000.0,,9082000.0,77959000.0,68877000.0,,34288000.0,4713000.0,,,,,,,,,,,16456810.0,4.02,,,,,,141021.0,,,288120.0,,,377392000.0,22849406.0,5.15,4.29,,7.23,20.16,,,290400000.0,,,,,,241094000.0,,119750000.0,,2297358.0,,,,,,,,,,,57000.0,-3000.0,,,,,,,,,,,,,18665000.0,309535000.0,,290870000.0,,
2017-06-30,2017-08-02,10-Q,"EXELIXIS, INC.",EXEL,CIK0000939767,USD,7037000.0,,15555000.0,,22828000.0,-119000.0,2097379000.0,,,,,,5027000.0,,,1747000.0,516532000.0,402239000.0,,368225000.0,,,,368225000.0,41000.0,160000.0,368344000.0,,,,,,,133200000.0,,,24414000.0,,343811000.0,,,0.0,,75.0,,,,,,,,,,,,,,135212000.0,,,139862000.0,,,,0.001,400000000.0,293727630.0,293727630.0,294000.0,17863000.0,,,,,11004000.0,,,,,,,,,,,,0.0,,,,,3014000.0,,,,,,,,,,,,,,,,,,,,,,,,,31255000.0,253663000.0,,,,,,,,,,,,,,,,,,,,,,,,,,0.06,,0.06,,,,,,,,,,,,,,,,,,,,,-6239000.0,,63684000.0,,84990000.0,,,,,,18237000.0,,,,581000.0,,,,,,,,,,,,,,,,,,,,,,,,,,,,,,,,,,,4259000.0,1251000.0,,,,,1121000.0,,5568000.0,5425000.0,143000.0,528000.0,,3919000.0,,,1493000.0,,,,,,,,,,,,0.0,368021000.0,516532000.0,,97671000.0,,9156000.0,,,,,0.0,,,,,,,,,26413000.0,,,,,,,17656000.0,17596000.0,17600000.0,,-8876000.0,,0.0,,,,71895000.0,27113000.0,,,,,,,,,,,,,,,1187000.0,306000.0,,21225000.0,862000.0,207000.0,0.0,0.0,,,16687000.0,,,,-5868000.0,,,-327000.0,,0.0,,,,,,,,,,,,,,,0.001,10000000.0,0.0,0.0,,4433000.0,,,,,,,,,,,,,,,,,,,,41512000.0,18684000.0,,43125000.0,,,,,,,28214000.0,0.0,4650000.0,,,,,,,,,,,-60000.0,,,,,,,,,,,,-1949043000.0,99008000.0,,,99008000.0,,12254000.0,100258000.0,88004000.0,,40667000.0,,,,,,,,,,,,16181093.0,4.13,,,,,,,,,,,,426081000.0,22269913.0,5.5,,,,,,,331770000.0,,,,,,214044000.0,,148511000.0,,,,,,,,,,,,,60000.0,-4000.0,,,,,,,,,,,,,18031000.0,311219000.0,,293188000.0,,
2017-09-29,2017-11-01,10-Q,"EXELIXIS, INC.",EXEL,CIK0000939767,USD,,,,,,,,,,,,,,,,,,,,,,,,,,,,,,,,,,,,,,,,,,,,,,,,,,,,,,,,,,,,,154007000.0,,,,,,,,,,,,,,,,,,,,,,,,,,,,,,4658000.0,,,,,,,,,,,,,,,,,,0.0,,,,,,,,,,,,,,,,,,,,,,,,,,,,,,,300000.0,,,,,,,,,,,,,,,,,,,,,,,,,,,,,,,,,,,,,,,,,,,,,,,,,,,,,,,,,,,,,,,,,,,,,,,,,,,,,1133000.0,,,,,,,,,,,,,,,,1215000.0,,,,,,,,,,,,,,,,,,,,,,,,,,,,,,,,,,,,,,,,,,,,,,,,,,986000.0,,,,,,,,,,,,,,,,,,,,,,,,,,,,,,,,0.0,,,,,,,,,,,,,,,,,,,,,,,,,,,,,,,,,,,,,,,,,,,,,,,,,,,,0.0,,,,,,,,,,,,,,,,,,,,,,,,,,,,,,,,,,,,,,,,,,,,,,,,,,,,,,,,,,,,,,,,,,,,,,,,,,,,,,,,,,,0.0,,,,,,,,,,,,,,,,,,,229000.0,,,,,,
2017-12-29,2018-02-26,10-K,"EXELIXIS, INC.",EXEL,CIK0000939767,USD,9575000.0,,21073000.0,,22800000.0,-347000.0,2114184000.0,,,23938000.0,,8600000.0,23938000.0,,182000.0,1645000.0,655294000.0,484874000.0,,440410000.0,18000.0,364000.0,440756000.0,440410000.0,18000.0,364000.0,440756000.0,,45000.0,364000.0,177055000.0,,319000.0,154357000.0,22698000.0,,63255000.0,,377155000.0,440410000.0,,0.0,,,,134.0,,524000.0,,14530000.0,21493000.0,800000.0,2282000.0,2213000.0,2129000.0,1905000.0,12164000.0,183164000.0,31478000.0,,,32478000.0,,,,,,,296000.0,154296000.0,,,14530000.0,,103469000.0,,,,,,,,,,0.0,,0.0,,,,15066000.0,15066000.0,,,0.0,4350000.0,4350000.0,7565000.0,,,,,,,22698000.0,45000.0,154357000.0,319000.0,,177055000.0,364000.0,134.0,0.0,0.0,0.0,,31984000.0,238520000.0,0.0,53543000.0,418958000.0,,0.0,0.0,244205000.0,1088000.0,,39472000.0,66770000.0,4914000.0,418958000.0,,0.0,,,0.0,1700000.0,0.03,1.0,1200000.0,1187000.0,,,0.65,,0.61,,0.34,,0.0,,,,0.0,0.0,,-200000.0,,,,,,,2980000.0,,,-6239000.0,,63684000.0,0.0,91520000.0,,,,158577000.0,0.0,158577000.0,,,,4350000.0,,538000.0,538000.0,-34266000.0,53916000.0,1367000.0,-20548000.0,-5640000.0,,8282000.0,,0.0,40839000.0,26305000.0,,43299000.0,,,13745000.0,0.0,13745000.0,739000.0,3319000.0,-430000.0,,-9173000.0,-2460000.0,378000.0,-14650000.0,,,,,,8679000.0,4883000.0,20460000.0,20460000.0,,,2854000.0,,7349000.0,6657000.0,,498000.0,,3997000.0,,1200000.0,3944000.0,4935000.0,,,,,,,,,,,0.0,370333000.0,655294000.0,,115170000.0,,,,,,,0.0,,,,,,,,,64255000.0,,,,-169928000.0,36795000.0,165611000.0,192716000.0,153860000.0,153882000.0,,-7333000.0,,0.0,,1.0,1.0,286567000.0,203341000.0,3944000.0,,,,,,9340000.0,2864000.0,,704000.0,694000.0,684000.0,664000.0,3730000.0,4935000.0,1225000.0,,,12092000.0,69000.0,0.0,0.0,69000.0,0.0,,,6795000.0,,-3537000.0,,3892000.0,,0.0,0.0,-11825000.0,,,,,6563000.0,319090000.0,319090000.0,,,21143000.0,,15650000.0,1640000.0,,,,0.0,,8750000.0,,0.0,,,22423000.0,336590000.0,,0.0,,,2980000.0,376864000.0,37294000.0,37294000.0,,,164000.0,17555000.0,4868000.0,48543000.0,,55001000.0,,,,,0.0,185788000.0,,112171000.0,504000.0,4646000.0,504000.0,,,4646000.0,,,,,,,-32000.0,,,,,,,,,,,,,572549000.0,,,572549000.0,,,,349008000.0,,159330000.0,23938000.0,,,,,,,,0.5,,20328545.0,16158740.0,4.51,,,258333.0,,,229793.0,,,2166110.0,,,523448000.0,22208446.0,6.83,3.91,9.91,8.09,23.43,,,418304000.0,,,,,,204607000.0,,284961000.0,,4469203.0,,,0.0,17409000.0,1225000.0,,,,,0.0,367000.0,-22000.0,,,17378000.0,,,,92000.0,,-210100000.0,9493000.0,49641000.0,2216000.0,18415000.0,312003000.0,,293588000.0,,
2018-03-30,2018-05-02,10-Q,"EXELIXIS, INC.",EXEL,CIK0000939767,USD,11078000.0,,20756000.0,,23171000.0,-887000.0,2125166000.0,,,9305000.0,,,9305000.0,,0.0,1907000.0,774915000.0,565680000.0,,504272000.0,13000.0,900000.0,505159000.0,,,,,,,,,,,,,,94210000.0,,410062000.0,504272000.0,,,,,,150.0,,6608000.0,,,,,,,,,,232331000.0,,,234335000.0,46021000.0,,,,,,,297000.0,115317000.0,,,,,79400000.0,,31844000.0,0.0,9159000.0,,0.0,3177000.0,,71300000.0,,,,,,,5639000.0,5639000.0,,,,,,11989000.0,,,,,,,,,,,0.0,,,,,,,,0.0,3177000.0,,,,,,,,,,,,,,,,,,,,,,400000.0,371000.0,,,,,,0.021,,,,,,,,,,,,,,,,,209000.0,,,,,63684000.0,,,,,,,,118371000.0,,,,2514000.0,,,,,,,,,,,,,10755000.0,-183000.0,,10819000.0,,38014000.0,-2652000.0,,-2652000.0,-317000.0,906000.0,346000.0,,-2856000.0,-64000.0,-1900000.0,,,38014000.0,,,,0.0,1895000.0,,,,,2977000.0,,8640000.0,7563000.0,,1937000.0,,3726000.0,,0.0,,,,,,,,,,,,,0.0,105149000.0,774915000.0,,84859000.0,,69030000.0,,,,,,,,,,,,,,96710000.0,,,,-254000.0,-25533000.0,71808000.0,,115857000.0,115857000.0,,2064000.0,,,,1.0,,97412000.0,,,,,,,,,,,,,,,,,,,17711000.0,1929000.0,-540000.0,0.0,0.0,-540000.0,0.0,17113000.0,,158000.0,,169000.0,,,,0.0,0.0,0.0,,,,,2129000.0,116537000.0,,,,2947000.0,,,1880000.0,,,,0.0,,6850000.0,,,,,,87504000.0,,,,,209000.0,,6238000.0,6238000.0,,,,1875000.0,,68583000.0,45412000.0,,91999000.0,,,,0.0,0.0,,37757000.0,504000.0,1500000.0,504000.0,,,1500000.0,,,,,,,,,,,,,,,,,,,-1454810000.0,,,,213700000.0,,25164000.0,159436000.0,134272000.0,,54016000.0,9305000.0,,,,,,,,,,19972317.0,16497014.0,4.66,,,,,,18484.0,,,293580.0,,,339631000.0,22195346.0,7.08,6.69,,12.04,25.72,,,288535000.0,,,,,,194589000.0,,670000000.0,,288196.0,,,,1678000.0,,,,,,31844000.0,0.0,0.0,,,1083000.0,,,,111000.0,,,14505000.0,20153000.0,,17270000.0,313691000.0,,296421000.0,,
2018-06-29,2018-08-01,10-Q,"EXELIXIS, INC.",EXEL,CIK0000939767,USD,13023000.0,,21538000.0,,14154000.0,-731000.0,2142717000.0,,,9283000.0,,,9283000.0,,,5163000.0,911158000.0,686286000.0,,594876000.0,54000.0,785000.0,595607000.0,,,,,,,,,,,,,,94396000.0,,500480000.0,594876000.0,,,,,,149.0,,,700000.0,20646000.0,,,,,,,,248407000.0,,,250011000.0,,,,0.001,400000000.0,297892180.0,297892180.0,298000.0,87650000.0,,,,,40272000.0,,0.0,0.0,,,5939000.0,11970000.0,,32200000.0,,,,,,,5997000.0,5997000.0,,,,,,11143000.0,,,,,,,,,,,0.0,,,,,,,,,,,,,,,,,,,,,,,,,,,,,,,,,,,0.29,,0.28,0.01,,,,,,,,,,,,,,,,,,,,,,63684000.0,,139839000.0,,,,,,88395000.0,,,,901000.0,,,,,,,,,,,,,,,,,,,,,,,,,,,,,,,,,,,0.0,2697000.0,,,,,3265000.0,,9136000.0,8371000.0,,2134000.0,,3737000.0,,,,1483000.0,,,,,,,,,,,,136190000.0,911158000.0,,99944000.0,,31908000.0,,,,,,,,,,,,,,94396000.0,,,,,,,87494000.0,87494000.0,87494000.0,,2625000.0,,,,,,100338000.0,85770000.0,952000.0,,,,,,,,,,,,,,,,,23787000.0,948000.0,156000.0,0.0,0.0,156000.0,0.0,3630000.0,,,,-72000.0,,,1559000.0,0.0,0.0,,,,,,,,,,,,,,,0.001,10000000.0,0.0,0.0,,10327000.0,,,,,,,,,,,,,,,,,,,,78898000.0,64744000.0,,167161000.0,,,,,,,42488000.0,504000.0,1100000.0,504000.0,,,1100000.0,,,,,,,,,,,,,,,,,,,-1367316000.0,186108000.0,,,186108000.0,,26810000.0,172646000.0,145836000.0,,51853000.0,,,,,,,,,,,19509911.0,16249965.0,4.8,,,,,,,,,,,,312900000.0,21783471.0,7.44,,,,,,,271709000.0,,,,,,251516000.0,,775202000.0,,,,,,8269000.0,,,,,,,0.0,0.0,,,,,,,,,,13747000.0,,531000.0,14905000.0,312241000.0,,297336000.0,,
2018-09-28,2018-11-01,10-Q,"EXELIXIS, INC.",EXEL,CIK0000939767,USD,8679000.0,,27283000.0,,15855000.0,-513000.0,2156632000.0,,,9742000.0,,,9742000.0,,,5687000.0,1024366000.0,786962000.0,,,94000.0,607000.0,749814000.0,,,,,,,,,,,,,,114093000.0,,635208000.0,749301000.0,,,,,,,,,,,,,,,,,,353623000.0,,,355227000.0,,,,0.001,400000000.0,298881884.0,298881884.0,299000.0,126848000.0,,,,,,,24489000.0,0.0,,,0.0,2268000.0,,48200000.0,,,,,,,7360000.0,,,,,,,11689000.0,,,,,,,11211000.0,42000.0,218049000.0,565000.0,0.0,229260000.0,607000.0,151.0,,,,,,,,,,,,,,,,,,,,,,,,,,,,1700000.0,,,,,,,0.018,,,,,,139000.0,49000.0,90000.0,,,,,,,,,,,,,,63684000.0,,,,,,,,128954000.0,,,,2324000.0,,,,,,,,,,,,,,,,,,,,,,,,,,,,,,,,,,,1000.0,3507000.0,,,,,4082000.0,,11629000.0,10433000.0,,2344000.0,,5203000.0,,,,1977000.0,,28449000.0,16665000.0,,3000000.0,2904000.0,2823000.0,2654000.0,403000.0,5435000.0,,108400000.0,1024366000.0,,90906000.0,,,,,,,,,,,,,,,,114093000.0,,,,,,,,126630000.0,126630000.0,,3778000.0,,,,,,100221000.0,,1614000.0,14844000.0,2315000.0,12529000.0,,5989000.0,,,,,,,,,,,0.045,15900000.0,1492000.0,218000.0,0.0,0.0,218000.0,0.0,2607000.0,,,,271000.0,,,,0.0,,,,,,,,,,,,,,,,0.001,10000000.0,0.0,0.0,,12279000.0,,,,,,,,,,,,,,,,,,,,66901000.0,51046000.0,,104634000.0,,,,,,,44741000.0,504000.0,1100000.0,504000.0,,,1100000.0,,,,,,,,,,,,,,,,,,,-1240452000.0,,,,,,,,,,48120000.0,,,,,,,,,,,14408816.0,15896370.0,5.03,,,,,,,,,,,,226821000.0,22925032.0,8.59,,,,,,,203118000.0,,,,,,281000000.0,,915966000.0,,,,,,4174000.0,0.0,,,,,,0.0,0.0,,,,,,,,,,14667000.0,,363000.0,13930000.0,312346000.0,,298416000.0,,
2018-12-28,2019-02-22,10-K,"EXELIXIS, INC.",EXEL,CIK0000939767,USD,10901000.0,,32142000.0,,17309000.0,-701000.0,2168217000.0,7574000.0,,40626000.0,,14800000.0,40626000.0,,0.0,3968000.0,1422286000.0,897016000.0,844738000.0,,182000.0,883000.0,781099000.0,,,,,,,,,,,,,,153687000.0,,626711000.0,780398000.0,,,,,,,,802000.0,,,,,,,,,,314775000.0,,,315875000.0,127561000.0,,,0.001,400000000.0,299876000.0,299876000.0,300000.0,689716000.0,,,0.0,,,,0.0,0.0,46052000.0,,0.0,15897000.0,8700000.0,198100000.0,0.0,,,,,,26348000.0,,414971000.0,,0.0,6133000.0,6133000.0,14954000.0,,,,,,,48809000.0,260000.0,271358000.0,623000.0,,320167000.0,883000.0,199.0,-238675000.0,244111000.0,-244111000.0,,,,-5436000.0,5474000.0,303502000.0,,244111000.0,245390000.0,146701000.0,1140000.0,,29929000.0,98467000.0,7160000.0,58112000.0,,1279000.0,,,1279000.0,3600000.0,8500.0,1.0,4900000.0,4915000.0,,,3.5199999999999996,,3.36,,0.21,,,,,128000.0,49000.0,79000.0,,,,,,,,,209000.0,,,0.0,,63684000.0,0.0,168873000.0,,,,,,452092000.0,,,,-237978000.0,,,10677000.0,-315394000.0,94939000.0,0.0,-5998000.0,982000.0,,4690000.0,,18308000.0,,17143000.0,,85471000.0,,,271000.0,244111000.0,,11069000.0,3181000.0,1086000.0,,2227000.0,4410000.0,8525000.0,,,,,,,0.0,12840000.0,,0.0,,,3836000.0,,11928000.0,9838000.0,,1922000.0,,6170000.0,,1100000.0,,5850000.0,,28187000.0,13584000.0,2794000.0,3082000.0,3000000.0,2904000.0,2823000.0,,5180000.0,,134833000.0,1422286000.0,,105472000.0,,,,,,,,,,,,,,,,158287000.0,,,,9691000.0,-297850000.0,415720000.0,1050159000.0,690070000.0,690070000.0,,13237000.0,,,,1.0,1.0,414971000.0,550457000.0,4189000.0,14837000.0,2738000.0,12099000.0,3900000.0,5867000.0,,,,,,,,,,,0.045,21825000.0,8291000.0,-354000.0,0.0,-200000.0,-354000.0,-156000.0,1286000.0,,-1129000.0,,397000.0,,16056000.0,,0.0,,0.0,,,,,7574000.0,557832000.0,557832000.0,,,33297000.0,,,3696000.0,0.001,10000000.0,0.0,0.0,,31073000.0,,,,,17278000.0,280826000.0,,-13000.0,,,209000.0,292971000.0,,11936000.0,,,308000.0,12076000.0,5202000.0,68206000.0,50897000.0,,162771000.0,,,,13000.0,0.0,,182257000.0,,,0.0,,,1100000.0,,,,,,,0.0,,,,,,,,,,,,-880363000.0,1082428000.0,,,,17180000.0,,,,,206366000.0,40626000.0,,,,,,,,0.5,,14693867.0,16463202.0,5.65,,,18081.0,,,288197.0,,,3238473.0,,,254201000.0,22674000.0,8.71,4.9,20.64,15.71,19.4,,,229699000.0,,,,,,378559000.0,1287453000.0,1287453000.0,,2466579.0,,,,13411000.0,0.0,,,,,,0.0,0.0,76060000.0,,1083000.0,,,,111000.0,46000000.0,-116700000.0,17276000.0,111467000.0,1661000.0,14911000.0,312803000.0,,297892000.0,,
2019-03-29,2019-05-01,10-Q,"EXELIXIS, INC.",EXEL,CIK0000939767,USD,9748000.0,,22550000.0,,19271000.0,728000.0,2188578000.0,,,12529000.0,,,12529000.0,,,,1541794000.0,946298000.0,,,1298000.0,177000.0,991239000.0,,,,,,,,,,,,,,207928000.0,,784432000.0,992360000.0,,,,,,,,141000.0,,,,,,,,,,373937000.0,,,375037000.0,59162000.0,,,0.001,400000000.0,301519885.0,301519885.0,302000.0,77204000.0,,,,,,,7244000.0,0.0,543000.0,,2376000.0,8323000.0,1300000.0,25300000.0,,,,,,,7501000.0,,130928000.0,,,,,19708000.0,,,,,,0.0,53000000.0,138000.0,49233000.0,39000.0,0.0,102233000.0,177000.0,69.0,,243717000.0,,0.0,,,,,,,,,,,,,,,,,,,,,,,,2000000.0,1962000.0,,,0.25,,0.24,0.164,0.21,,,,,,,,,,,,,,,,0.0,,,,,63684000.0,,172080000.0,,,,,,90671000.0,,,,14896000.0,,,,,,,,,,,,,,27515000.0,,-55101000.0,,7753000.0,-1313000.0,,,-9592000.0,305000.0,4854000.0,,21169000.0,-8741000.0,11165000.0,,,,,,,,6087000.0,,,,,4862000.0,,13621000.0,10143000.0,,2245000.0,,6514000.0,,200000.0,,,,,,,,,,,,,,156774000.0,1541794000.0,,125132000.0,,,,,,,,,,,,,,,,218619000.0,,,,5226000.0,-107657000.0,161593000.0,75775000.0,,,,6112000.0,,,,1.0,,130928000.0,84559000.0,,,,,,13921000.0,,,,,,,,,,,,40139000.0,3902000.0,1429000.0,0.0,,1429000.0,394000.0,3361000.0,,-1054000.0,,25000.0,,7445000.0,,0.0,,,,,,,1580000.0,239869000.0,239869000.0,,,2307000.0,,,2469000.0,0.001,10000000.0,0.0,0.0,,14146000.0,,,,,6817000.0,129820000.0,,-11000.0,,,0.0,134519000.0,,4699000.0,,,,6817000.0,,69824000.0,50553000.0,,107670000.0,,,,11000.0,,,63289000.0,,,0.0,,,1100000.0,,,,,,,,,,,,,,,,,,,-804588000.0,215487000.0,,,215487000.0,,,,,,60138000.0,12529000.0,,,,,,,,,,14586459.0,15714721.0,6.01,,,22925.0,,,44200.0,,,246820.0,,,317143000.0,21439991.0,9.1,4.91,22.12,14.32,22.94,,,280307000.0,,,,,,425713000.0,1385020000.0,1385020000.0,,1413766.0,,,,7834000.0,,,,,,,,,,,,,,,,,,21816000.0,39629000.0,,14102000.0,314644000.0,,300542000.0,,
2019-06-28,2019-07-31,10-Q,"EXELIXIS, INC.",EXEL,CIK0000939767,USD,12274000.0,,24144000.0,,21307000.0,2207000.0,2211668000.0,854000.0,,15079000.0,,,15079000.0,,,,1643098000.0,957247000.0,,,3056000.0,41000.0,1132684000.0,,,,,,,,,,,,,,326092000.0,,809607000.0,1135699000.0,,,,,,,,,,,,,,,,,,369789000.0,,,370889000.0,,,,0.001,400000000.0,302784854.0,302784854.0,303000.0,80521000.0,,,,,,,0.0,0.0,,,321000.0,16632000.0,,36100000.0,,,,,,,7539000.0,,148286000.0,,,,,17273000.0,,,,,,0.0,23738000.0,27000.0,33571000.0,14000.0,0.0,57309000.0,41000.0,42.0,,210237000.0,,,,,,,,,,,,,,,,,,,,,,,,,,,,,,0.26,,0.25,0.208,,,,,,106000.0,50000.0,56000.0,,,,,,,,,,,,,,63684000.0,,186136000.0,,,,,,99767000.0,,,,20725000.0,,,,,,,,,,,,,,,,,,,,,,,,,,,,,,,,,,,,6975000.0,,,,,6630000.0,,17683000.0,12352000.0,,2482000.0,,8571000.0,,,,791000.0,,31450000.0,16066000.0,,3646000.0,3548000.0,3436000.0,3339000.0,1415000.0,5106000.0,,154466000.0,1643098000.0,,110796000.0,,,,,,,,,,,,,,,,337785000.0,,,,,,,79042000.0,,,,7778000.0,,,,,,148286000.0,91989000.0,660000.0,25183000.0,2696000.0,22487000.0,,16573000.0,,,,,,,,,,,0.042,25228000.0,5763000.0,1479000.0,0.0,,1479000.0,807000.0,4495000.0,,,,803000.0,,12390000.0,,0.0,,,,,,,,,,,,,,,,0.001,10000000.0,0.0,0.0,,12847000.0,,,,,,,,,,,,,,,,,,,,72016000.0,50709000.0,,97541000.0,,,,,,,81932000.0,,,0.0,,,1100000.0,,,,,,,,,,,,,,,,,,,-725546000.0,240275000.0,,,240275000.0,,,,,,58815000.0,,,,,,,,,,,14044367.0,15670941.0,6.36,,,,,,,,,,,,258157000.0,21210419.0,9.52,,,,,,,237737000.0,,,,,,452328000.0,1488632000.0,1488632000.0,,,,,,8866000.0,,,,,,,,,,,,,,,,,,20988000.0,,131000.0,12723000.0,314911000.0,,302188000.0,,
2019-09-27,2019-10-30,10-Q,"EXELIXIS, INC.",EXEL,CIK0000939767,USD,8352000.0,,31713000.0,,23397000.0,2668000.0,2228839000.0,935000.0,,13139000.0,,,13139000.0,,,,1784865000.0,972112000.0,,,3692000.0,91000.0,1214736000.0,,,,,,,,,,,,,,474569000.0,,743768000.0,1218337000.0,,,,,,,,,,,,,,,,,,242317000.0,,,243317000.0,,,,0.001,400000000.0,303776032.0,303776032.0,304000.0,97913000.0,,,,,,,0.0,,,,,15399000.0,,67700000.0,,,,,,,7537000.0,,156097000.0,,,,,16782000.0,,,,,,0.0,4398000.0,1000.0,119808000.0,90000.0,0.0,124206000.0,91000.0,43.0,,186836000.0,,,,,,,,,,,,,,,,,,,,,,,,,,2100000.0,,,9000000.0,0.32,,0.31,0.205,0.21,,,,,94000.0,50000.0,44000.0,,,,,,,,,,,,,,63684000.0,,184231000.0,,,,,,122657000.0,,,,25205000.0,,,,,,,,,,,,,,,,,,,,,,,,,,,,,,,,,,,,7191000.0,,,,,7311000.0,,20252000.0,13366000.0,,1906000.0,,11035000.0,,,,966000.0,,33356000.0,17444000.0,,3959000.0,3852000.0,3731000.0,3625000.0,745000.0,5258000.0,,181148000.0,1784865000.0,,141069000.0,,,,,,,,,,,,,,,,486763000.0,,,,,,,97452000.0,,,,7051000.0,,,,,,156097000.0,115606000.0,692000.0,26356000.0,2695000.0,23661000.0,,17735000.0,,,,,,,,,,,0.042,45919000.0,7268000.0,461000.0,0.0,,461000.0,-129000.0,975000.0,,,,-140000.0,,13801000.0,,0.0,,,,,,,,,,,,,,,,0.001,10000000.0,0.0,0.0,,14490000.0,,,,,,,,,,,,,,,,,,,,72864000.0,49467000.0,,169788000.0,,,,,,,97295000.0,,,0.0,,,1000000.0,,,,,,,,,,,,,,,,,,,-628094000.0,271703000.0,,,271703000.0,,,,,,51265000.0,,,,,,,,,,,6024995.0,15860131.0,7.02,,,,,,,,,,,,186407000.0,20478861.0,9.8,,,,,,,181542000.0,,,,,,518350000.0,1603717000.0,1603717000.0,,,,,,4968000.0,,,,,,,,,,,,,,,,,,19426000.0,,274000.0,12185000.0,315453000.0,,303268000.0,,
2020-01-03,2020-02-25,10-K,"EXELIXIS, INC.",EXEL,CIK0000939767,USD,11581000.0,,37364000.0,,25560000.0,3069000.0,2241947000.0,9904000.0,,56602000.0,,17900000.0,56602000.0,,,,1885670000.0,1011190000.0,1347664000.0,,4121000.0,8000.0,1308351000.0,,,,,,,,,,,,,,522551000.0,,789913000.0,1312464000.0,,,,,,,,26000.0,,,,,,,,,,266501000.0,,,268137000.0,-47738000.0,,,0.001,400000000.0,304831000.0,304831000.0,305000.0,324782000.0,,,0.0,,,,1062000.0,,,6596000.0,0.0,6596000.0,6500000.0,161200000.0,,,,,,,33097000.0,,598305000.0,,0.0,6095000.0,6095000.0,18719000.0,,,,,,0.0,0.0,0.0,17377000.0,8000.0,,17377000.0,8000.0,9.0,71580000.0,172374000.0,71002000.0,,,,-578000.0,6547000.0,243277000.0,,172374000.0,181618000.0,65131000.0,345000.0,,26792000.0,110037000.0,8248000.0,61659000.0,,9244000.0,,,0.0,4600000.0,,,8300000.0,8348000.0,,,1.29,,1.24,,0.21,,,,,,,,,,,,,,,,,,,,,63684000.0,0.0,184406000.0,,398109000.0,,,,398109000.0,,,,77097000.0,,,7873000.0,3208000.0,83603000.0,0.0,-9177000.0,1287000.0,,1148000.0,,8299000.0,,39687000.0,,-43716000.0,4437000.0,,-9301000.0,-71002000.0,,,5731000.0,,,,,5723000.0,,,,,,,0.0,27959000.0,,0.0,6200000.0,,4367000.0,,16523000.0,12886000.0,,2709000.0,,9447000.0,,1300000.0,,3868000.0,,66166000.0,41585000.0,4538000.0,5407000.0,5147000.0,4820000.0,4669000.0,,13685000.0,,199700000.0,1885670000.0,0.0,142746000.0,,,,,,,,,,,,,,,,536385000.0,,,,12553000.0,-587247000.0,526956000.0,389755000.0,321012000.0,321012000.0,,28639000.0,,,,1.0,,598305000.0,446786000.0,2844000.0,50739000.0,2728000.0,48011000.0,2900000.0,41835000.0,,,,,,,,,,,0.039,24449000.0,53145000.0,3770000.0,,,3770000.0,0.0,2347000.0,,-88000.0,,680000.0,,,,0.0,,,,,,,9904000.0,,1182682000.0,,,12834000.0,,,,0.001,10000000.0,0.0,0.0,,26988000.0,,,,,22499000.0,,,-42000.0,,,,608269000.0,,,,,0.0,,,74452000.0,48892000.0,,119073000.0,,,,,0.0,,336964000.0,,,0.0,,1636000.0,1636000.0,,,,,,,,,,,,,,,,,,,-559351000.0,1208085000.0,,63100000.0,,29562000.0,,,,,228244000.0,56602000.0,,,,,,,,,,6258319.0,16216000.0,7.36,,,51000.0,,,217000.0,,,1311000.0,,,169299000.0,20443000.0,9.91,5.01,22.98,16.89,20.08,,,167449000.0,,,,,,585742000.0,1685970000.0,,,3274000.0,,,,27037000.0,0.0,,,,,,0.0,0.0,79078000.0,,2429000.0,589000.0,,,0.0,48100000.0,3500000.0,26233000.0,188714000.0,1024000.0,12425000.0,315009000.0,,302584000.0,,
2020-04-03,2020-05-05,10-Q,"EXELIXIS, INC.",EXEL,CIK0000939767,USD,15321000.0,,26687000.0,,,-222000.0,2258307000.0,1793000.0,,13982000.0,,,13982000.0,,,,1955604000.0,1136896000.0,,,3332000.0,3448000.0,1111837000.0,,,,,,,,,,,,,,470651000.0,,641070000.0,1111721000.0,,,,,,,,481000.0,,,,,,,,,,357340000.0,,,358976000.0,90839000.0,,,0.001,400000000.0,305780000.0,305780000.0,306000.0,45321000.0,,,,,,,0.0,,,15400000.0,1300000.0,14133000.0,1600000.0,18800000.0,,,,,,,9289000.0,,174106000.0,,,,,23006000.0,,,,,,0.0,,,,,0.0,351135000.0,3448000.0,144.0,,163187000.0,,10128000.0,,,,,,,,,,,,,,,,,,,,,,,,,2175000.0,,,0.16,,0.15,0.19,,,,,,,,,,,,,,,,,,,,,,63684000.0,0.0,184591000.0,,,,,,60035000.0,,,,11423000.0,,,,,,,,,,,,,,-2131000.0,,18270000.0,,,8850000.0,-10128000.0,,,4695000.0,,,,,2863000.0,,,,,,,,7220000.0,,,5400000.0,,4865000.0,,21358000.0,15417000.0,,2215000.0,,14278000.0,,200000.0,,,,,,,,,,,,,,207952000.0,1955604000.0,,140477000.0,,,,,,,,,,,,,,,,486036000.0,,,,2145000.0,32620000.0,56074000.0,48612000.0,,,,,,,,1.0,,,52809000.0,,,,47883000.0,,,,,,,,,,,,,,31831000.0,57312000.0,-3291000.0,,,-3291000.0,941000.0,5459000.0,,888000.0,,6000.0,,,,,,,,,,,1793000.0,,251505000.0,,,2961000.0,,,,0.001,10000000.0,0.0,0.0,,29773000.0,,,,,3938000.0,,,0.0,,,,287086000.0,,,,,,,,,48489000.0,,137338000.0,,,,,,,101877000.0,,,,,1636000.0,,,,,,,,,,,,,,,,,,,,-510739000.0,226915000.0,,65100000.0,226915000.0,,,,,,62940000.0,13982000.0,,,,,,,,,,,,,,,,,,,,,271370.0,,8.27,,19750438.0,,,,,18.84,,,,,,,,,597028000.0,1747652000.0,,,,,,,4172000.0,,,,,,,,,,,,,,,,,,35663000.0,49256000.0,,10451000.0,315839000.0,,305388000.0,,
2020-07-03,2020-08-06,10-Q,"EXELIXIS, INC.",EXEL,CIK0000939767,USD,9103000.0,,33156000.0,,,7840000.0,2269093000.0,19148000.0,,16154000.0,,,16154000.0,,,,2046548000.0,1394663000.0,,,10386000.0,151000.0,1021295000.0,,,,,,,,,,,,,,311441000.0,,720089000.0,1031530000.0,,,,,,,,,,,,,,,,,,527143000.0,,,528779000.0,,,,0.001,400000000.0,308886497.0,308886497.0,309000.0,74883000.0,,,,,,,13800000.0,,,16300000.0,1300000.0,15003000.0,,62000000.0,,,,,,,9221000.0,,183945000.0,,,,,16957000.0,,,,,,0.0,,,,,0.0,35318000.0,151000.0,17.0,,148235000.0,,,,,,,,,,,,,,,,,,,,,,,,,,,,,,0.22,,0.21,0.172,,,,,,,,,,,,,,,,,,,,,,63684000.0,,169509000.0,,,,,,80696000.0,,,,13875000.0,,,,,,,,,,,,,,,,,,,,,,,,,,,,,,,,,,,,5162000.0,,,5300000.0,,5086000.0,,22237000.0,16608000.0,,1876000.0,,15275000.0,,,,,,,,,,,,,,,,213224000.0,2046548000.0,,142681000.0,,,,,,,,,,,,,,,,327141000.0,,,,,,,66821000.0,,,,,,,,,,,75534000.0,,,,48334000.0,,,,,,,,,,,,,,32830000.0,60502000.0,8062000.0,,,8062000.0,2287000.0,7206000.0,,,,0.0,,,,,,,,,,,,,,,,,,,,0.001,10000000.0,0.0,0.0,,43937000.0,,,,,,,,,,,,,,,,,,,,,52323000.0,,121080000.0,,,,,,,114933000.0,,,,,1636000.0,,,,,,,,,,,,,,,,,,,,-443918000.0,259479000.0,,71400000.0,259479000.0,,,,,,59791000.0,,,,,,,,,,,25749356.0,,,,,,,,,,,,,,,16655274.0,,,,,,,,,,,,,,685895000.0,1833324000.0,,,,,,,13783000.0,,,,,,,,,,,,,,,,,,25215000.0,,,10337000.0,318144000.0,,307807000.0,,
2020-10-02,2020-11-05,10-Q,"EXELIXIS, INC.",EXEL,CIK0000939767,USD,47927000.0,,40782000.0,,,6239000.0,2321441000.0,5179000.0,,55655000.0,,,55655000.0,,,,2111043000.0,1407808000.0,,,8210000.0,30000.0,1329225000.0,,,,,,,,,,,,,,344194000.0,,993211000.0,1337405000.0,,,,,,,,,,,,,,,,,,334046000.0,,,335682000.0,,,,0.001,400000000.0,309402000.0,309402000.0,309000.0,-33641000.0,,,,,,,0.0,,,10600000.0,1300000.0,9322000.0,,33100000.0,,,,,,,8725000.0,,273672000.0,,,,,19129000.0,,,,,,0.0,,,,,,100092000.0,30000.0,16.0,,155678000.0,,,,,,,,,,,,,,,,,,,,,,,,,,,,,,-0.1,,-0.1,0.157,,,,,,,,,,,,,,,,,,,,,,63684000.0,,159862000.0,,-38021000.0,,,,-38021000.0,,,,-5981000.0,,,,,,,,,,,,,,,,,,,,,,,,,,,,,,,,,,,,3994000.0,,,4500000.0,,4535000.0,,27744000.0,19319000.0,,5298000.0,,17911000.0,,,,,,,,,,,,,,,,259012000.0,2111043000.0,,201343000.0,,,,,,,,,,,,,,,,358079000.0,,,,,,,-32040000.0,,,,,,,,,,,-42580000.0,,,,47626000.0,,,,,,,,,,,,,,35329000.0,69409000.0,-1601000.0,,,-1601000.0,453000.0,721000.0,,,,565000.0,,,,,,,,,,,,,,,,,,,,0.001,10000000.0,0.0,0.0,,34470000.0,,,,,,,,,,,,,,,,,,,,,56385000.0,,166138000.0,,,,,,,176762000.0,,,,,1636000.0,,,,,,,,,,,,,,,,,,,,-475958000.0,231092000.0,,88900000.0,231092000.0,,,,,,88185000.0,,,,,,,,,,,16900406.0,,,,,,,,,,,,,,,16219326.0,,,,,,,,,,,,,,853835000.0,1852031000.0,,,,,,,1872000.0,,,,,,,,,,,,,,,,,,27724000.0,,,0.0,309116000.0,,309116000.0,,
2021-01-01,2021-02-11,10-K,"EXELIXIS, INC.",EXEL,CIK0000939767,USD,23632000.0,,51189000.0,,34684000.0,4476000.0,2321895000.0,50018000.0,,105070000.0,,25100000.0,105070000.0,,,,2137333000.0,1445395000.0,,,5931000.0,12000.0,1349982000.0,,,,,,,,,,,,,,321751000.0,,1034150000.0,1355901000.0,,,,,,,,842000.0,,,,,,,,,,319217000.0,,,320772000.0,52635000.0,,,0.001,400000000.0,311627000.0,311627000.0,312000.0,113188000.0,,,,,,0.0,0.0,0.0,,5545000.0,1790000.0,3755000.0,,169700000.0,,,,,,,36272000.0,,877478000.0,,0.0,3791000.0,3791000.0,20683000.0,,,,,,0.0,,,,,,56299000.0,12000.0,14.0,14886000.0,156711000.0,15265000.0,,,,379000.0,7637000.0,234063000.0,,156711000.0,166878000.0,37454000.0,0.0,,18414000.0,126625000.0,12207000.0,67185000.0,,10167000.0,,,657000.0,6700000.0,,,9100000.0,9141000.0,,,0.44999999999999996,,0.43999999999999995,,,,,,,,,,,900000.0,,,,,,,,,,,,63684000.0,0.0,191316000.0,,130837000.0,,,,130837000.0,,,,19056000.0,,,4115000.0,5525000.0,27476000.0,,-20399000.0,-562000.0,,-2232000.0,,11356000.0,,50509000.0,,42470000.0,600000.0,,-1051000.0,-15265000.0,,,21897000.0,,,,,25831000.0,,,,,,,,19865000.0,,,4500000.0,,7291000.0,,35674000.0,20973000.0,,7773000.0,,20610000.0,,2700000.0,,7655000.0,,63823000.0,37290000.0,4834000.0,5773000.0,5600000.0,5332000.0,4994000.0,,9970000.0,,258220000.0,2137333000.0,0.0,204658000.0,,,,,,,,,,,,,,,,330751000.0,,,,-25132000.0,-131215000.0,208982000.0,140169000.0,,,,,,,,1.0,,,134357000.0,4825000.0,52111000.0,3025000.0,49086000.0,4600000.0,43010000.0,,,,,,,,,,,0.031,44447000.0,73408000.0,1407000.0,,,1407000.0,0.0,721000.0,,-3035000.0,,912000.0,,,,,,,,,,,50018000.0,,1070269000.0,,,30345000.0,,,,0.001,10000000.0,0.0,0.0,,57011000.0,,,,,24886000.0,,,0.0,,,,969399000.0,,,,,0.0,,,102068000.0,67384000.0,,160875000.0,,,,,,,547851000.0,,,,,1555000.0,1555000.0,,,,,,,,,,,,,,,,,,,-447570000.0,1257590000.0,,86100000.0,,4017000.0,,,,,293355000.0,105070000.0,,,,,,,,,,17100727.0,12656000.0,10.47,,,,318000.0,20.12,,,,1637000.0,,,131729000000.0,16129000.0,12.72,4.77,,,21.89,,,128740000000.0,,,,,,887319000.0,1879113000.0,,,5633000.0,,,,24903000.0,,,,,2800000.0,,,,80941000.0,,3305000.0,591000.0,,,2033000.0,50100000.0,5500000.0,30536000.0,216738000.0,2830000.0,9730000.0,318001000.0,,308271000.0,19818000.0,44447000.0
2021-04-02,2021-05-06,10-Q,"EXELIXIS, INC.",EXEL,CIK0000939767,USD,13821000.0,,37945000.0,,,2740000.0,2354103000.0,6646000.0,,34653000.0,,,34653000.0,,,,2190542000.0,1434265000.0,,,3975000.0,291000.0,1338545000.0,,,,,,,,,,,,,,320860000.0,,1021369000.0,1342229000.0,,,,,,,,,,,,,,,,,,370209000.0,,,419921000.0,99149000.0,,,0.001,400000000.0,313262000.0,313262000.0,313000.0,-135000.0,,,,,,,0.0,,,18967000.0,9207000.0,9760000.0,,27800000.0,,,,,,,13198000.0,,274837000.0,,,,,31468000.0,,,,,,0.0,,,,,,180291000.0,291000.0,53.0,,160598000.0,,,,,,,,,,,,,,,,,,,,,,,,,,,3227000.0,,,0.01,,0.0,,,,,,,,,,,,,,,,,,,,,,,63684000.0,,,,,,,,-2015000.0,,,,-3616000.0,,,,,,,,,,,,,,138000.0,,17690000.0,,,13422000.0,3388000.0,,,2090000.0,,,,,-1872000.0,,,,,,,,2682000.0,,,3600000.0,,5786000.0,,35647000.0,24757000.0,,7988000.0,,21873000.0,,2100000.0,,,,,,,,,,,,,,279355000.0,2190542000.0,,213337000.0,,,,,,,,,,,,,,,,328860000.0,,,,-2650000.0,62255000.0,39544000.0,1601000.0,,,,,,,,1.0,,,-4607000.0,,,,52837000.0,,,,,,,,,,,,,,56880000.0,124682000.0,-1736000.0,,,-1736000.0,499000.0,3421000.0,,-6578000.0,,-90000.0,,,,,,,,,,,5441000.0,,331612000.0,,,13557000.0,,,,0.001,10000000.0,0.0,0.0,,46341000.0,,,,,2791000.0,,,,,,,407424000.0,,,,,,,,,78453000.0,,177673000.0,,,,,,,159288000.0,,,,48200000.0,49712000.0,,,,,,,,,,,,,,,,,,,,-445969000.0,270230000.0,,87300000.0,,,,,,,102351000.0,34653000.0,,,,,,,,,,9272614.0,,,,,,,,,,,,,,,,,,,,,,,,,,,,,815285000.0,1911187000.0,,,,,,,4202000.0,,,,,,,,,,,,,,,,,,46336000.0,71193000.0,,8814000.0,321287000.0,,312473000.0,,
2021-07-02,2021-08-05,10-Q,"EXELIXIS, INC.",EXEL,CIK0000939767,USD,20450000.0,,48324000.0,,,1985000.0,2390654000.0,2767000.0,,28035000.0,,,28035000.0,,,,2367271000.0,1593246000.0,,,2855000.0,183000.0,1352891000.0,,,,,,,,,,,,,,339913000.0,,1015650000.0,1355563000.0,,,,,,,,,,,,,,,,,,492462000.0,,,539301000.0,,,,0.001,400000000.0,314822000.0,314822000.0,315000.0,95337000.0,,,,,,10697000.0,9749000.0,948000.0,,14891000.0,6314000.0,8577000.0,,40600000.0,,,,,,,14884000.0,,262169000.0,,,,,31197000.0,,,,,,0.0,,,,,,199754000.0,183000.0,53.0,,134667000.0,,,,,,,,,,,,,,,,,,,,,,,,,,,,,,0.31,,0.3,0.231,,,,,,,,,,,,,,,,,,,,,,63684000.0,,,,,,,,124888000.0,,,,28796000.0,,,,,,,,,,,,,,,,,,,,,,,,,,,,,,,,,,,,1891000.0,,,3300000.0,,8587000.0,,41443000.0,24982000.0,,6905000.0,,25951000.0,,,,,,,,,,,,,,,,324194000.0,2367271000.0,,255326000.0,,,,,,,,,,,,,,,,345613000.0,,,,,,,96092000.0,,,,,,,,,,,123008000.0,,,,53223000.0,,,,,,,,,,,,,,63852000.0,134928000.0,-755000.0,,,-755000.0,-257000.0,7068000.0,,,,-11000.0,,,,,,,,,,,,,,,,,,,,0.001,10000000.0,0.0,0.0,,49878000.0,,,,,,,,,,,,,,,,,,,,,95133000.0,,171753000.0,,,,,,,148790000.0,,,,45300000.0,46839000.0,,,,,,,,,,,,,,,,,,,,-349877000.0,385177000.0,,86900000.0,,,,,,,98495000.0,,,,,,,,,,,8254455.0,,,,,,,,,,,,,,,,,,,,,,,,,,,,,854171000.0,2043077000.0,,,,,,,11285000.0,,,,,,,,,,,,,,,,,,47012000.0,,,8824000.0,322941000.0,,314117000.0,,
2021-10-01,2021-11-02,10-Q,"EXELIXIS, INC.",EXEL,CIK0000939767,USD,24314000.0,,53306000.0,,,1481000.0,2422323000.0,5958000.0,,34323000.0,,,33966000.0,,,,2447741000.0,1662028000.0,,,2102000.0,127000.0,1459665000.0,,,,,,,,,,,,,,358518000.0,,1103122000.0,1461640000.0,,,,,,,,,,,,,,,,,,567325000.0,,,598488000.0,,,,0.001,400000000.0,316305000.0,316305000.0,316000.0,37700000.0,,,,,,0.0,,,,16979000.0,7535000.0,9444000.0,,48400000.0,,,,,,,11874000.0,,276802000.0,,,,,31120000.0,,,,,,0.0,,,,,,146326000.0,127000.0,41.0,,125295000.0,,,,,,,,,,,,,,,,,,,,,,,,,,,,,,0.12,,0.12,0.283,,,,,,,,,,,,,,,,,,,,,,63684000.0,,,,53260000.0,,,,,,,,15056000.0,,,,,,,,,,,,,,,,,,,,,,,,,,,,,,,,,,,,1658000.0,,,2600000.0,,11707000.0,,50040000.0,28240000.0,,10317000.0,,28016000.0,,,,,,,,,,,,,,,,335294000.0,2447741000.0,,269508000.0,,,,,,,,,,,,,,,,362218000.0,,,,,,,38204000.0,,,,,,,,,,,51621000.0,,,,52252000.0,,,,,,,,,,,,,,54747000.0,134678000.0,-504000.0,,,-504000.0,-193000.0,4090000.0,,,,-19000.0,,,,,,,,,,,,,,,,,,,,0.001,10000000.0,0.0,0.0,,51564000.0,,,,,,,,,,,,,,,,,,,,,99838000.0,,179493000.0,,,,,,,163370000.0,,,,29600000.0,31163000.0,,,,,,,,,,,,,,,,,,,,-311673000.0,328423000.0,,86500000.0,,,,,,,101558000.0,,,,,,,,,,,9248609.0,,,,,,,,,,,,,,,,,,,,,,,,,,,,,835406000.0,2112447000.0,,,,,,,3305000.0,,,,,,,,,,,,,,,,,,47618000.0,,,6642000.0,322022000.0,,315380000.0,,
2021-12-31,2022-02-18,10-K,"EXELIXIS, INC.",EXEL,CIK0000939767,USD,24258000.0,,61969000.0,,40831000.0,-758000.0,2427561000.0,39142000.0,,120448000.0,,31800000.0,119820000.0,,,,2616239000.0,1834747000.0,,,934000.0,1730000.0,1534464000.0,,,,,,,,,,,,,,365412000.0,,1168256000.0,1533668000.0,,,,,,,,2739000.0,,,,,,,,,,647169000.0,,,663891000.0,343119000.0,,,0.001,400000000.0,318842000.0,318842000.0,319000.0,225829000.0,,,,,,,,1665000.0,,16553000.0,7814000.0,8739000.0,,148700000.0,,,,,,,52873000.0,,1148304000.0,,11338000.0,16562000.0,5224000.0,33700000.0,,,,,,0.0,,,,,,454780000.0,1730000.0,133.0,46416000.0,111663000.0,46529000.0,,,,113000.0,8040000.0,191638000.0,,111663000.0,121570000.0,17993000.0,1303000.0,,7764000.0,101460000.0,19531000.0,70068000.0,,9907000.0,,,0.0,9500000.0,,,13600000.0,13630000.0,,,0.73,,0.72,,,,,,,,,,,,,,,,,,,,,,,63684000.0,0.0,,,294154000.0,,,,,,,,63091000.0,,,12960000.0,2883000.0,61772000.0,,-11831000.0,1115000.0,,1336000.0,,6263000.0,,55090000.0,,122324000.0,70297000.0,,11008000.0,-46529000.0,,,13209000.0,,,,,39875000.0,,,,,,,,7672000.0,,,2900000.0,,12927000.0,,49511000.0,27493000.0,,8867000.0,,27717000.0,,,,8017000.0,,66239000.0,35170000.0,5638000.0,6675000.0,6478000.0,6283000.0,5995000.0,,9404000.0,,405624000.0,2616239000.0,4000000.0,337590000.0,,,,,,,,,,,,,,,,371112000.0,,,,-14801000.0,-42884000.0,400804000.0,231063000.0,,,,,,,,1.0,,,286666000.0,5332000.0,56409000.0,5137000.0,51272000.0,5000000.0,45122000.0,,,,,,,,,,,0.031,,131002000.0,-5234000.0,,,-5234000.0,1481000.0,8023000.0,,-23443000.0,,-184000.0,,,,,,,,,,,39108000.0,,1357168000.0,,,64225000.0,,,,0.001,10000000.0,0.0,0.0,,57530000.0,,,,,24307000.0,,,0.0,,,,1378509000.0,,,,,,,,144862000.0,104031000.0,,282650000.0,,,,,,,693716000.0,,,,15200000.0,,16722000.0,,,,,,,,,,,,,,,,,,,-216507000.0,1434970000.0,,87500000.0,,4893000.0,,,,,401715000.0,119820000.0,,,,,,,,,,11004584.0,9962000.0,15.23,,,,545000.0,21.15,,,,2573000.0,,,48860000000.0,13671000.0,16.79,4.23,,,21.33,,,48171000000.0,,,,,,819905000.0,2210615000.0,,,4486000.0,,,,24367000.0,,,,,36800000.0,,,,83583000.0,,2215000.0,728000.0,,,301000.0,52600000.0,2900000.0,48325000.0,357868000.0,2685000.0,7475000.0,322359000.0,,314884000.0,23162000.0,53366000.0
