end,filed,form,Name,Ticker,CIK,Currency,AccountsAndOtherReceivablesNetCurrent,AccountsPayableTradeCurrent,AccountsReceivableNetCurrent,AccruedLiabilitiesCurrent,AccumulatedDepreciationDepletionAndAmortizationPropertyPlantAndEquipment,AcquiredFiniteLivedIntangibleAssetResidualValue,AdditionalPaidInCapital,AdjustmentsToAdditionalPaidInCapitalSharebasedCompensationRequisiteServicePeriodRecognitionValue,AdjustmentsToAdditionalPaidInCapitalTaxEffectFromShareBasedCompensation,AllowanceForDoubtfulAccountsReceivable,AllowanceForDoubtfulAccountsReceivableRecoveries,AllowanceForDoubtfulAccountsReceivableWriteOffs,AmortizationOfIntangibleAssets,AssetImpairmentCharges,Assets,AssetsCurrent,AvailableForSaleSecurities,BuildingsAndImprovementsGross,BusinessCombinationRecognizedIdentifiableAssetsAcquiredAndLiabilitiesAssumedIntangibles,CapitalExpendituresIncurredButNotYetPaid,CashAndCashEquivalentsAtCarryingValue,CashAndCashEquivalentsPeriodIncreaseDecrease,CashCashEquivalentsRestrictedCashAndRestrictedCashEquivalentsPeriodIncreaseDecreaseIncludingExchangeRateEffect,CommonStockDividendsPerShareCashPaid,CommonStockDividendsPerShareDeclared,CommonStockParOrStatedValuePerShare,CommonStockSharesAuthorized,CommonStockSharesIssued,CommonStockSharesOutstanding,CommonStockValue,ComprehensiveIncomeNetOfTax,CostOfServicesDirectTaxesAndLicensesCosts,CostsAndExpenses,CurrentFederalTaxExpenseBenefit,CurrentIncomeTaxExpenseBenefit,CurrentStateAndLocalTaxExpenseBenefit,DebtCurrent,DebtWeightedAverageInterestRate,DeferredCompensationLiabilityCurrentAndNoncurrent,DeferredFederalIncomeTaxExpenseBenefit,DeferredIncomeTaxExpenseBenefit,DeferredIncomeTaxLiabilities,DeferredIncomeTaxLiabilitiesNet,DeferredStateAndLocalIncomeTaxExpenseBenefit,DeferredTaxAssetsEquityMethodInvestments,DeferredTaxAssetsGross,DeferredTaxAssetsLiabilitiesNet,DeferredTaxAssetsLiabilitiesNetCurrent,DeferredTaxAssetsNet,DeferredTaxAssetsNetCurrent,DeferredTaxAssetsOperatingLossCarryforwardsStateAndLocal,DeferredTaxAssetsOther,DeferredTaxAssetsTaxDeferredExpenseCompensationAndBenefits,DeferredTaxAssetsTaxDeferredExpenseCompensationAndBenefitsPostretirementBenefits,DeferredTaxAssetsTaxDeferredExpenseReservesAndAccrualsAllowanceForDoubtfulAccounts,DeferredTaxAssetsTaxDeferredExpenseReservesAndAccrualsContingencies,DeferredTaxAssetsTaxDeferredExpenseReservesAndAccrualsSelfInsurance,DeferredTaxAssetsValuationAllowance,DeferredTaxLiabilities,DeferredTaxLiabilitiesCurrent,DeferredTaxLiabilitiesDeferredExpense,DeferredTaxLiabilitiesNoncurrent,DeferredTaxLiabilitiesOther,DeferredTaxLiabilitiesPropertyPlantAndEquipment,DefinedContributionPlanCostRecognized,DefinedContributionPlanEmployerMatchingContributionPercent,DepositAssets,DepreciationAndAmortization,DepreciationDepletionAndAmortization,DirectCommunicationsAndUtilitiesCosts,DirectTaxesAndLicensesCosts,DividendsCash,EarningsPerShareBasic,EarningsPerShareDiluted,EffectiveIncomeTaxRateContinuingOperations,EffectiveIncomeTaxRateReconciliationAtFederalStatutoryIncomeTaxRate,EmployeeRelatedLiabilitiesCurrent,EquityMethodInvestmentOwnershipPercentage,EquitySecuritiesFvNi,ExcessTaxBenefitFromShareBasedCompensationFinancingActivities,FairValueConcentrationOfRiskTradingAccountAssets,FiniteLivedIntangibleAssetsAccumulatedAmortization,FiniteLivedIntangibleAssetsAmortizationExpenseNextTwelveMonths,FiniteLivedIntangibleAssetsAmortizationExpenseRemainderOfFiscalYear,FiniteLivedIntangibleAssetsAmortizationExpenseYearFive,FiniteLivedIntangibleAssetsAmortizationExpenseYearFour,FiniteLivedIntangibleAssetsAmortizationExpenseYearThree,FiniteLivedIntangibleAssetsAmortizationExpenseYearTwo,FiniteLivedIntangibleAssetsGross,FiniteLivedIntangibleAssetsNet,FuelCosts,FurnitureAndFixturesGross,GainLossOnSaleOfPropertyPlantEquipment,GeneralAndAdministrativeExpense,Goodwill,GoodwillImpairmentLoss,GoodwillPeriodIncreaseDecrease,ImpairmentOfLongLivedAssetsToBeDisposedOf,IncomeLossFromContinuingOperationsBeforeIncomeTaxesExtraordinaryItemsNoncontrollingInterest,IncomeLossFromEquityMethodInvestments,IncomeTaxExaminationPenaltiesAndInterestAccrued,IncomeTaxExpenseBenefit,IncomeTaxExpenseBenefitContinuingOperationsAdjustmentOfDeferredTaxAssetLiability,IncomeTaxesPaid,IncomeTaxReceivable,IncomeTaxReconciliationChangeInDeferredTaxAssetsValuationAllowance,IncomeTaxReconciliationChangeInEnactedTaxRate,IncomeTaxReconciliationIncomeTaxExpenseBenefitAtFederalStatutoryIncomeTaxRate,IncomeTaxReconciliationNondeductibleExpenseMealsAndEntertainment,IncomeTaxReconciliationNondeductibleExpenseShareBasedCompensationCost,IncomeTaxReconciliationOtherAdjustments,IncomeTaxReconciliationStateAndLocalIncomeTaxes,IncomeTaxReconciliationTaxContingenciesStateAndLocal,IncomeTaxReconciliationTaxCreditsResearch,IncreaseDecreaseInAccountsPayable,IncreaseDecreaseInAccountsReceivable,IncreaseDecreaseInAccruedIncomeTaxesPayable,IncreaseDecreaseInAccruedLiabilities,IncreaseDecreaseInDeferredIncomeTaxes,IncreaseDecreaseInIncomeTaxes,IncreaseDecreaseInOtherAccruedLiabilities,IncreaseDecreaseInOtherOperatingAssets,IncreaseDecreaseInSelfInsuranceReserve,IncrementalCommonSharesAttributableToShareBasedPaymentArrangements,IntangibleAssetsNetExcludingGoodwill,IntangibleAssetsNetIncludingGoodwill,InterestExpense,InterestIncomeExpenseNet,InterestIncomeOperating,InterestPaid,InterestPaidNet,InterestRevenueExpenseNet,InventoryNet,InvestmentIncomeInterest,LaborAndRelatedExpense,Land,LeaseAndRentalExpense,LesseeOperatingLeaseLiabilityPaymentsDue,LesseeOperatingLeaseLiabilityPaymentsDueAfterRollingYearFive,LesseeOperatingLeaseLiabilityPaymentsDueInRollingYearFive,LesseeOperatingLeaseLiabilityPaymentsDueInRollingYearFour,LesseeOperatingLeaseLiabilityPaymentsDueInRollingYearThree,LesseeOperatingLeaseLiabilityPaymentsDueInRollingYearTwo,LesseeOperatingLeaseLiabilityPaymentsDueNextRollingTwelveMonths,LesseeOperatingLeaseLiabilityUndiscountedExcessAmount,Liabilities,LiabilitiesAndStockholdersEquity,LiabilitiesCurrent,LineOfCreditFacilityAmountOutstanding,LineOfCreditFacilityMaximumBorrowingCapacity,LitigationReserve,LongTermDebt,LongTermDebtCurrent,LongTermDebtMaturitiesRepaymentsOfPrincipalAfterYearFive,LongTermDebtMaturitiesRepaymentsOfPrincipalInNextTwelveMonths,LongTermDebtMaturitiesRepaymentsOfPrincipalInYearFive,LongTermDebtMaturitiesRepaymentsOfPrincipalInYearFour,LongTermDebtMaturitiesRepaymentsOfPrincipalInYearThree,LongTermDebtMaturitiesRepaymentsOfPrincipalInYearTwo,LongTermDebtNoncurrent,LongTermDebtPercentageBearingVariableInterestRate,LongTermLineOfCredit,LossContingencyEstimateOfPossibleLoss,MachineryAndEquipmentGross,NetCashProvidedByUsedInFinancingActivities,NetCashProvidedByUsedInFinancingActivitiesContinuingOperations,NetCashProvidedByUsedInInvestingActivities,NetCashProvidedByUsedInInvestingActivitiesContinuingOperations,NetCashProvidedByUsedInOperatingActivities,NetCashProvidedByUsedInOperatingActivitiesContinuingOperations,NetIncomeLoss,NotesReceivableRelatedParties,NumberOfOperatingSegments,NumberOfReportableSegments,OperatingIncomeLoss,OperatingInsuranceAndClaimsCostsProduction,OperatingLeaseCost,OperatingLeaseExpense,OperatingLeaseLiability,OperatingLeaseLiabilityCurrent,OperatingLeaseLiabilityNoncurrent,OperatingLeasePayments,OperatingLeaseRightOfUseAsset,OperatingLeasesFutureMinimumPaymentsDue,OperatingLeasesFutureMinimumPaymentsDueCurrent,OperatingLeasesFutureMinimumPaymentsDueInFiveYears,OperatingLeasesFutureMinimumPaymentsDueInFourYears,OperatingLeasesFutureMinimumPaymentsDueInThreeYears,OperatingLeasesFutureMinimumPaymentsDueInTwoYears,OperatingLeasesFutureMinimumPaymentsDueThereafter,OperatingLeasesRentExpenseNet,OperatingLeaseWeightedAverageDiscountRatePercent,OtherAccruedLiabilitiesCurrent,OtherAssetImpairmentCharges,OtherAssetsCurrent,OtherAssetsNoncurrent,OtherComprehensiveIncomeDerivativesQualifyingAsHedgesNetOfTaxPeriodIncreaseDecrease,OtherComprehensiveIncomeReclassificationAdjustmentOnDerivativesIncludedInNetIncomeNetOfTax,OtherComprehensiveIncomeUnrealizedGainLossOnDerivativesArisingDuringPeriodNetOfTax,OtherLiabilitiesNoncurrent,OtherPrepaidExpenseCurrent,OtherSellingGeneralAndAdministrativeExpense,PaymentsForProceedsFromOtherInvestingActivities,PaymentsForRepurchaseOfCommonStock,PaymentsForRepurchaseOfEquity,PaymentsOfDividends,PaymentsRelatedToTaxWithholdingForShareBasedCompensation,PaymentsToAcquireBusinessesNetOfCashAcquired,PaymentsToAcquirePropertyPlantAndEquipment,PreferredStockParOrStatedValuePerShare,PreferredStockSharesAuthorized,PreferredStockSharesOutstanding,PreferredStockValue,PrepaidExpenseAndOtherAssetsCurrent,PrepaidExpenseCurrent,PrepaidInsurance,ProceedsFromCollectionOfNotesReceivable,ProceedsFromIssuanceOfLongTermDebt,ProceedsFromLinesOfCredit,ProceedsFromSaleAndMaturityOfAvailableForSaleSecurities,ProceedsFromSaleOfMachineryAndEquipment,ProceedsFromStockOptionsExercised,PropertyPlantAndEquipmentGross,PropertyPlantAndEquipmentNet,ProvisionForDoubtfulAccounts,PurchaseCommitmentRemainingMinimumAmountCommitted,PurchaseObligationDueInNextTwelveMonths,RepaymentsOfLinesOfCredit,RepaymentsOfLongTermDebt,RetainedEarningsAccumulatedDeficit,RevenueFromContractWithCustomerIncludingAssessedTax,RevenueFromRelatedParties,Revenues,RightOfUseAssetObtainedInExchangeForOperatingLeaseLiability,SalesRevenueServicesNet,SegmentReportingInformationRevenue,SelfInsuranceReserve,SelfInsuranceReserveCurrent,SeniorNotes,ShareBasedCompensation,ShareBasedCompensationArrangementByShareBasedPaymentAwardEquityInstrumentsOtherThanOptionsNonvestedIntrinsicValue,ShareBasedCompensationArrangementByShareBasedPaymentAwardEquityInstrumentsOtherThanOptionsVestedInPeriodTotalFairValue,ShareBasedCompensationArrangementByShareBasedPaymentAwardFairValueAssumptionsExpectedTermMaximum,ShareBasedCompensationArrangementByShareBasedPaymentAwardFairValueAssumptionsExpectedTermMinimum,ShareBasedCompensationArrangementByShareBasedPaymentAwardOptionsExercisesInPeriodTotalIntrinsicValue,ShareBasedCompensationArrangementByShareBasedPaymentAwardOptionsForfeituresInPeriod,ShareBasedCompensationArrangementByShareBasedPaymentAwardOptionsGrantsInPeriodGross,ShareBasedCompensationArrangementByShareBasedPaymentAwardOptionsOutstandingIntrinsicValue,ShareBasedCompensationArrangementByShareBasedPaymentAwardOptionsOutstandingNumber,ShareBasedCompensationArrangementByShareBasedPaymentAwardOptionsOutstandingWeightedAverageExercisePrice,ShareBasedCompensationArrangementsByShareBasedPaymentAwardOptionsExercisesInPeriodWeightedAverageExercisePrice,ShareBasedCompensationArrangementsByShareBasedPaymentAwardOptionsForfeituresInPeriodWeightedAverageExercisePrice,SignificantPurchaseCommitmentRemainingMinimumAmountCommitted,StockholdersEquity,StockIssuedDuringPeriodSharesRestrictedStockAwardGross,StockIssuedDuringPeriodSharesStockOptionsExercised,StockIssuedDuringPeriodValueRestrictedStockAwardNetOfForfeitures,StockIssuedDuringPeriodValueShareBasedCompensation,StockIssuedDuringPeriodValueStockOptionsExercised,StockRepurchasedDuringPeriodShares,StockRepurchasedDuringPeriodValue,StockRepurchaseProgramAuthorizedAmount,StockRepurchaseProgramAuthorizedAmount1,StockRepurchaseProgramNumberOfSharesAuthorizedToBeRepurchased,StockRepurchaseProgramRemainingAuthorizedRepurchaseAmount,StockRepurchaseProgramRemainingAuthorizedRepurchaseAmount1,TaxBenefitFromStockOptionsExercised,TaxBenefitFromStockOptionsExercised1,TradingSecurities,TradingSecuritiesFairValueDisclosure,TreasuryStockShares,TreasuryStockSharesAcquired,TreasuryStockValue,TreasuryStockValueAcquiredCostMethod,UnrecognizedTaxBenefits,UnrecognizedTaxBenefitsDecreasesResultingFromPriorPeriodTaxPositions,UnrecognizedTaxBenefitsDecreasesResultingFromSettlementsWithTaxingAuthorities,UnrecognizedTaxBenefitsIncomeTaxPenaltiesAndInterestAccrued,UnrecognizedTaxBenefitsIncreasesResultingFromCurrentPeriodTaxPositions,UnrecognizedTaxBenefitsIncreasesResultingFromPriorPeriodTaxPositions,UnrecognizedTaxBenefitsReductionsResultingFromLapseOfApplicableStatuteOfLimitations,UnrecognizedTaxBenefitsThatWouldImpactEffectiveTaxRate,UnsecuredDebt,WeightedAverageNumberDilutedSharesOutstandingAdjustment,WeightedAverageNumberOfDilutedSharesOutstanding,WeightedAverageNumberOfSharesOutstandingBasic,OperatingLeaseRightOfUseAssetAmortizationExpense
2007-12-31,2008-02-29,10-K,HUNT J B TRANSPORT SERVICES INC,JBHT,CIK0000728535,USD,,,,,,,,,,,,,,,,,,,,,14957000.0,,,,,,,,,,,,,,,,,,,,,,,,,,,,,,,,,,,,,,,,,,,,,,,,,,,,,,,,,,,,,,,,,,,,,,,,,,,,,,,,,,,,,,,,,,,,,,,,,,,,,,,,,,,,,,,,,,,,,,,,,,,,,,,,,,,,,,,,,,,,,,,,,,,,,,,,,,,,,,,,,,,,,,,,,,,,,,,,,,,,,,,,,,,,,,,,,,,,,,,,,,,,,,,,,,,,,,,,,,,,,,,,,,,,,,,,,343197000.0,,,,,,,,,,,,,,,,,,,,,,,,,,,,,,,,,
2008-12-31,2009-02-27,10-K,HUNT J B TRANSPORT SERVICES INC,JBHT,CIK0000728535,USD,,,,,,,,,,,,,,,,,,,,,2373000.0,-12584000.0,,,0.4,,,,,,200400000.0,32162000.0,3373525000.0,,,,,,,,19513000.0,,,,,,,,,,,,,,,,,,,,,,,,,,,202288000.0,,19269000.0,,-50144000.0,1.6,1.56,,,,,,,,,,,,,,,,,520647000.0,,-659000.0,,,,,,,1735000.0,,121643000.0,,81934000.0,,,,,,,,,,,-16460000.0,50043000.0,4790000.0,-4769000.0,,,-1307000.0,31672000.0,,,,,35337000.0,,,35495000.0,,,,890000.0,859588000.0,,,,,,,,,,,,,,,,,,,,,,,,,,,,,,-315426000.0,,-202304000.0,,505146000.0,,200593000.0,,,,358418000.0,60772000.0,,,,,,,,,,,,,,,,,,3934000.0,,,,,-193000.0,,,41363000.0,-2302000.0,,,50144000.0,,,303241000.0,,,,,,,,,,1584600000.0,6275000.0,92360000.0,6933000.0,,,,,,1857668000.0,14000000.0,,,,3731943000.0,,3001531000.0,,,,,13773000.0,,,,,,,,,,,,,,529011000.0,,,,,6932000.0,,,,,,,,14853000.0,,,,,,,,14900000.0,,,,,,,,,,128533000.0,125416000.0,
2009-06-30,2009-07-31,10-Q,HUNT J B TRANSPORT SERVICES INC,JBHT,CIK0000728535,USD,,,,,,,,,,,,,,,,,,,,,3570000.0,,,,0.11,,,,,,,7022000.0,722693000.0,,,,,,,,,,,,,,,,,,,,,,,,,,,,,,,,,,,47094000.0,,4439000.0,,,0.19,0.19,,,,,,,,,,,,,,,,,62712000.0,,,,,,,,,223000.0,,15314000.0,,,,,,,,,,,,,,,,,,,,,,,,,,7505000.0,,,,,,,192933000.0,,,,,,,,,,,,,,,,,,,,,,,,,,,,,,,,,,,,24049000.0,,,,47091000.0,13858000.0,,,,,,,,,,,,,,,,,,,,,,,,,,19401000.0,,,,,,,,,,,,,,,,,,,,,,,,,,,,,,,769784000.0,,702986000.0,,,,,,,,,,,,,,,,,,,,,,,,,,,,,,,,,,,,,,,,,,,,,,,,,,129364000.0,126346000.0,
2009-09-30,2009-10-28,10-Q,HUNT J B TRANSPORT SERVICES INC,JBHT,CIK0000728535,USD,,,,,,,,,,,,,,,,,,,,,4711000.0,,,,0.11,,,,,,,6984000.0,762795000.0,,,,,,,,,,,,,,,,,,,,,,,,,,,,,,,,,,,47098000.0,,4754000.0,,,0.31,0.31,,,,,,,,,,,,,,,,,72510000.0,,,,,,,,,-229000.0,,24912000.0,,,,,,,,,,,,,,,,,,,,,,,,,,6308000.0,,,,,,,203446000.0,,,,,,,,,,,,,,,,,,,,,,,,,,,,,,,,,,,,39963000.0,,,,70954000.0,12316000.0,,,,,,,,,,,,,,,,,,,,,,,,,,10232000.0,,,,,,,,,,,,,,,,,,,,,,,,,,,,,,,833749000.0,,740697000.0,,,,,,,,,,,,,,,,,,,,,,,,,,,,,,,,,,,,,,,,,,,,,,,,,,129819000.0,127073000.0,
2009-12-31,2010-02-26,10-K,HUNT J B TRANSPORT SERVICES INC,JBHT,CIK0000728535,USD,,191347000.0,310339000.0,14170000.0,748276000.0,,176009000.0,,,,,,,,1856914000.0,392465000.0,,125023000.0,,,7843000.0,5470000.0,,0.44,0.44,0.01,1000000000.0,167099432.0,127241968.0,1671000.0,137621000.0,28014000.0,2955350000.0,49597000.0,55013000.0,5416000.0,,,,33421000.0,32620000.0,,,-801000.0,,,,,,,,,,,,,,,,10505000.0,,343262000.0,,,2900000.0,,,189045000.0,,18298000.0,,-55692000.0,1.08,1.05,,,34651000.0,0.37,,,,,,,,,,,,,273521000.0,150510000.0,313000.0,,,,,10300000.0,224068000.0,-3456000.0,1000000.0,87633000.0,,58223000.0,,2197000.0,,78424000.0,1818000.0,,-418000.0,5020000.0,592000.0,,13891000.0,-30180000.0,-16606000.0,4060000.0,32620000.0,,450000.0,2501000.0,,,,,27429000.0,,70000.0,27995000.0,,27429000.0,17273000.0,70000.0,798272000.0,25413000.0,19400000.0,,,,,,,,,1213061000.0,1856914000.0,269218000.0,,,,,,,,,,,,565000000.0,,,,,-107502000.0,,-243951000.0,,356923000.0,,136435000.0,7700000.0,,,247971000.0,50797000.0,,,,,,,,,,,,,,,,,18545000.0,10284000.0,8439000.0,19778000.0,1186000.0,1186000.0,,35581000.0,16330000.0,47407000.0,9824000.0,,,55692000.0,,,353156000.0,100.0,10000000.0,,,,74283000.0,32241000.0,5600000.0,,1256644000.0,7646000.0,111383000.0,5144000.0,2192947000.0,1444671000.0,,,,1255300000.0,68500000.0,1423820000.0,,13700000.0,3203321000.0,,2877052000.0,,,,,17566000.0,,9200000.0,,,,,,,,,,,,643853000.0,,,,,5145000.0,,,,,,,,10202000.0,,,,39857464.0,,957647000.0,,18900000.0,,,,4300000.0,2500000.0,-2800000.0,,,2786000.0,129462000.0,126676000.0,
2010-03-31,2010-04-29,10-Q,HUNT J B TRANSPORT SERVICES INC,JBHT,CIK0000728535,USD,,,,,,,,,,,,,,,,,,,,,7787000.0,-56000.0,,,0.12,,,,,,,6534000.0,777233000.0,,,,,,,,11517000.0,,,,,,,,,,,,,,,,,,,,,,,,,,,48012000.0,,4994000.0,,,0.29,0.29,,,,,,,,,,,,,,,,,80377000.0,,-2200000.0,,,,,,,,,23464000.0,,718000.0,,,,,,,,,,,-10285000.0,-31321000.0,10367000.0,12283000.0,,,4480000.0,1147000.0,,,,,,6494000.0,,12213000.0,,,,,208295000.0,,,,,,,,,,,,,,,,,,,,,,,,,,,,,,-38990000.0,,-47741000.0,,86675000.0,,37482000.0,,,,67440000.0,11551000.0,,,,,,,,,,,,,,,,,,,,,,,,,,6659000.0,68000.0,0.0,,15271000.0,,,69607000.0,,,,,,,,,0.0,235423000.0,,21934000.0,393000.0,,,,,,260400000.0,0.0,,,,844673000.0,,736826000.0,,,,,5193000.0,,,,,,,,,,,,,,,,,,,,,,,,,,,865000.0,,,,,,,,,,,,,,,,,,130397000.0,127282000.0,
2010-06-30,2010-07-30,10-Q,HUNT J B TRANSPORT SERVICES INC,JBHT,CIK0000728535,USD,,196730000.0,363669000.0,41923000.0,784820000.0,,,,,,,,,,1900941000.0,423571000.0,,,,,7714000.0,,,,0.12,,,,,,,6707000.0,851429000.0,,,,200000000.0,,,,,,,,,,,,,,,,,,,,,,,11116000.0,,346870000.0,,,,,,49148000.0,,4329000.0,,,0.41,0.4,,,52942000.0,,,,,,,,,,,,,,84542000.0,,,,,,,,,,,32623000.0,,,,,,,,,,,,,,,,,,,,,,3200000.0,,,,6611000.0,,,,6611000.0,,,228204000.0,,,,,,,,,,,,1900941000.0,527847000.0,,,,,,,,,,,,417100000.0,,,,,,,,,,,52113000.0,,,,91347000.0,11649000.0,,,,,,,,,,,,,,,,,25136000.0,,,19710000.0,,,,38065000.0,,8824000.0,,,,,,,,,,,,,52188000.0,,,,,,,,2242480000.0,1457660000.0,,,,,,,,,942776000.0,,812033000.0,,,,,,,,,,,,,,,,,,,571059000.0,,,,,,,,,,,,,,,,,,,,,,,,,,,,,,,128920000.0,125686000.0,
2010-09-30,2010-10-29,10-Q,HUNT J B TRANSPORT SERVICES INC,JBHT,CIK0000728535,USD,,218703000.0,371120000.0,17794000.0,827055000.0,,,,,,,,,,1956009000.0,486265000.0,,,,,68560000.0,,,,0.12,,,,,,,6790000.0,894534000.0,,,,200000000.0,,,,,,,,,,,,,,,,,,,,,,,11108000.0,,346056000.0,,,,,,49808000.0,,4675000.0,,,0.42,0.41,,,49810000.0,,,,,,,,,,,,,,84592000.0,,,,,,,,84828000.0,,,32659000.0,,,,,,,,,,,,,,,,,,,,,,3000000.0,,,,6662000.0,,,,6662000.0,,,237353000.0,,,,,,,,,,,,1956009000.0,525216000.0,,,,,,,,,,,,449164000.0,,,,,,,,,,,52169000.0,,,,91490000.0,11543000.0,,,,,,,,,,,,,,,,,27801000.0,,,19712000.0,,,,41115000.0,,13147000.0,,,,,,,,,,,,,46585000.0,,,,,,,,2277087000.0,1450032000.0,,,,,,,,,986024000.0,,854836000.0,,,,,,,,,,,,,,,,,,,594458000.0,,,,,,,,,,,,,,,,,,,,,,,,,,,,,,,126404000.0,123390000.0,
2010-12-31,2011-02-25,10-K,HUNT J B TRANSPORT SERVICES INC,JBHT,CIK0000728535,USD,,192103000.0,351187000.0,19191000.0,858852000.0,,180986000.0,,,6000000.0,,,,,1962000000.0,462645000.0,,126206000.0,,,7651000.0,-192000.0,,0.48,0.48,0.01,1000000000.0,167099432.0,121490168.0,1671000.0,199617000.0,26895000.0,3445860000.0,70381000.0,79976000.0,9595000.0,200000000.0,,10100000.0,37897000.0,40101000.0,,,2204000.0,2197000.0,49238000.0,-393868000.0,,47041000.0,,,2685000.0,8814000.0,21072000.0,1462000.0,7116000.0,5892000.0,2197000.0,440909000.0,8865000.0,19764000.0,385003000.0,826000.0,420319000.0,5600000.0,,,197062000.0,,18174000.0,,-59910000.0,1.6,1.56,,,57149000.0,,,,,,,,,,,,,,343700000.0,150389000.0,-1724000.0,,,,,180000.0,319694000.0,,1100000.0,120077000.0,,88717000.0,23300000.0,,,111893000.0,1627000.0,,79000.0,6337000.0,141000.0,,1883000.0,-40848000.0,-21433000.0,27173000.0,40101000.0,,14096000.0,-9426000.0,,,,,28006000.0,,75000.0,25548000.0,,28006000.0,17336000.0,75000.0,911028000.0,29246000.0,21800000.0,,,,,,,,,1388639000.0,1961660000.0,509949000.0,,,,454200000.0,-200000000.0,,,,,,,454207000.0,,5000000.0,,2032495000.0,-202254000.0,,-226016000.0,,428078000.0,,199617000.0,,,,347625000.0,48280000.0,,,,,,,,,,,,,,,,,32641000.0,180000.0,32147000.0,19531000.0,,,,39480000.0,16161000.0,37017000.0,84000.0,250892000.0,,59910000.0,,,262449000.0,100.0,10000000.0,0.0,,,16161000.0,38163000.0,,249207000.0,1058805000.0,,36517000.0,6802000.0,2338336000.0,1479484000.0,,,,1218420000.0,,1563527000.0,,,3793485000.0,,3277218000.0,,33000000.0,,649200000.0,21397000.0,,14400000.0,,,,,,,,,,,,573021000.0,,,,,6802000.0,,250892000.0,,,,,,12154000.0,12154000.0,,10100000.0,45609264.0,,1173163000.0,,17300000.0,-1400000.0,-1800000.0,2900000.0,4200000.0,-1400000.0,-2600000.0,11200000.0,,3055000.0,127767000.0,124712000.0,
2011-03-31,2011-04-29,10-Q,HUNT J B TRANSPORT SERVICES INC,JBHT,CIK0000728535,USD,,249730000.0,402922000.0,29194000.0,857434000.0,,,,,,,,,,2040372000.0,475567000.0,,,,,5393000.0,-2258000.0,,,0.13,,,,,,,6648000.0,910957000.0,,,,49000000.0,,,,-11834000.0,,,,,,,,,,,,,,,,,,,15577000.0,,366457000.0,,,,,,51357000.0,,4870000.0,,,0.41,0.4,0.3845,,47931000.0,,,,,,,,,,,,,,108975000.0,,-4364000.0,,,,,,81389000.0,,,31294000.0,,1453000.0,,,,,,,,,,,58754000.0,-51735000.0,40679000.0,-16042000.0,,,904000.0,13265000.0,,3000000.0,,,,8434000.0,,16200000.0,,8434000.0,,,232027000.0,,,,,,,,,,,,2040372000.0,424977000.0,,,,,,,,,,,,649249000.0,,,,,-26483000.0,,-112358000.0,,136583000.0,,50095000.0,,,,89823000.0,9847000.0,,,,,,,,,,,,,,,,,33545000.0,,,19680000.0,,,,40423000.0,,6880000.0,12000.0,55354000.0,,15752000.0,,,132911000.0,,,,,,67252000.0,,,200000000.0,208470000.0,,20565000.0,1048000.0,2402559000.0,1545125000.0,,,,165600000.0,200000000.0,,,,1000780000.0,,831600000.0,1001000000.0,,,,5504000.0,,,,,,,,,,,,,,559266000.0,,,,,,,,,,,,,705000.0,705000.0,,,,,,,,,,,,,,,,,123966000.0,120980000.0,
2011-06-30,2011-07-29,10-Q,HUNT J B TRANSPORT SERVICES INC,JBHT,CIK0000728535,USD,,270961000.0,440755000.0,34864000.0,886619000.0,,,,,,,,,,2120861000.0,508151000.0,,,,,11149000.0,,,,0.13,,,,,,,6883000.0,1036412000.0,,,,15000000.0,0.007,,,,,,,,,,,,,,,,,,,,,,22362000.0,,384554000.0,,,,,,52551000.0,,4418000.0,,,0.55,0.53,0.3845,,66100000.0,,,,,,,,,,,,,,120276000.0,,,,,,,,106737000.0,,,41041000.0,,,,,,,,,,,,,,,,,,,,,,3000000.0,,,,,,,,6706000.0,,,255462000.0,,,,,,,,,,,,2120861000.0,446134000.0,15000000.0,350000000.0,,649300000.0,-15000000.0,,,,,,,649292000.0,0.0135,15000000.0,,,,,,,,,65696000.0,,,,113443000.0,11642000.0,,,,,,,,,,,,,,,,,36847000.0,,,19460000.0,,,,42542000.0,,7515000.0,,,,,,,,,,,,,56247000.0,,,,,,,,2479869000.0,1593250000.0,,,,,,,,,1149855000.0,,924689000.0,1150000000.0,,,449300000.0,,,,,,,,,,,,,,,598339000.0,,,,,,,,,,,,,,,,10600000.0,,,,,17800000.0,,,3500000.0,,,,11600000.0,200000000.0,,123285000.0,120237000.0,
2011-09-30,2011-10-28,10-Q,HUNT J B TRANSPORT SERVICES INC,JBHT,CIK0000728535,USD,,275673000.0,424634000.0,33164000.0,911285000.0,,,,,,,,,,2162656000.0,477390000.0,,,,,7747000.0,,,,0.13,,,,,,,7095000.0,1052590000.0,,,,50000000.0,0.0164,,,,,,,,,,,,,,,,,,,,,,22362000.0,,413483000.0,,,,,,54404000.0,,4501000.0,,,0.58,0.57,0.3845,,68356000.0,,,,,,,,,,,,,,117779000.0,,,,,,,,111535000.0,,,42885000.0,,,,,,,,,,,,,,,,,,,,,,2500000.0,,,,,,,,7145000.0,,,255982000.0,,,,,,,,,,,,2162656000.0,487215000.0,118700000.0,,,718000000.0,-50000000.0,,,,,,,718034000.0,0.0147,118700000.0,,,,,,,,,68650000.0,,,,118680000.0,11042000.0,,,,,,,,,,,,,,,,,37660000.0,,,28882000.0,,,,46293000.0,,6114000.0,,,,,,,,,,,,,45009000.0,,,,,,,,2567669000.0,1656384000.0,,,,,,,,,1171270000.0,,947381000.0,1171000000.0,,,,,,,,,,,,,,,,,,497631000.0,,,,,,,,,,,,,,,,10900000.0,,,,,18200000.0,,,3500000.0,,,,11800000.0,,,121126000.0,118627000.0,
2011-12-31,2012-02-24,10-K,HUNT J B TRANSPORT SERVICES INC,JBHT,CIK0000728535,USD,,251625000.0,411479000.0,17419000.0,931273000.0,,192470000.0,,,6700000.0,,,,,2267000000.0,513542000.0,,132202000.0,,,5450000.0,-2201000.0,,0.52,0.52,0.01,1000000000.0,167099432.0,116932448.0,1671000.0,257006000.0,27871000.0,4082609000.0,32845000.0,41016000.0,8171000.0,50000000.0,,10800000.0,110495000.0,117711000.0,,,7216000.0,2197000.0,68328000.0,-511579000.0,,65579000.0,5136000.0,,3584000.0,20522000.0,24727000.0,1827000.0,7155000.0,8316000.0,2749000.0,577158000.0,,17605000.0,516715000.0,8027000.0,551526000.0,10500000.0,,,213943000.0,,18180000.0,,-62243000.0,2.7800000000000002,2.7199999999999998,,0.35,77107000.0,,,15562000.0,,,,,,,,,,,463597000.0,152095000.0,14109000.0,,,,,,415733000.0,,1500000.0,158727000.0,,16377000.0,14200000.0,552000.0,,145506000.0,1570000.0,,-180000.0,9668000.0,1611000.0,,56179000.0,60292000.0,,18348000.0,-117711000.0,,9722000.0,-1298000.0,,,,,28508000.0,,8000.0,30733000.0,,28508000.0,20932000.0,,1001953000.0,29246000.0,24800000.0,,,,,,,,,1699789000.0,2267332000.0,438515000.0,99800000.0,,,699200000.0,-50000000.0,99800000.0,50000000.0,,249400000.0,250000000.0,100000000.0,699177000.0,,99800000.0,8500000.0,2344600000.0,-192364000.0,,-445529000.0,,635692000.0,,329571000.0,,,,566520000.0,44929000.0,,,,,,,,20300000.0,8000000.0,1300000.0,2300000.0,3200000.0,5000000.0,500000.0,,,42364000.0,,24161000.0,26920000.0,,,,45382000.0,,28900000.0,-340000.0,246406000.0,,62243000.0,7703000.0,,502282000.0,100.0,10000000.0,0.0,,,16735000.0,29649000.0,,200000000.0,1097657000.0,,56413000.0,3762000.0,2658143000.0,1726870000.0,,,,1000696000.0,200000000.0,1758290000.0,,,5731779000.0,,3677679000.0,,34000000.0,,,26841000.0,156300000.0,20000000.0,10.0,3.0,,,,,,,,,,567543000.0,,,,,3762000.0,,246406000.0,,,,3000000.0,,15562000.0,15562000.0,,10800000.0,50166984.0,6000000.0,1384888000.0,,17400000.0,-300000.0,-400000.0,2900000.0,4000000.0,-300000.0,-3200000.0,11300000.0,,2764000.0,121922000.0,119158000.0,
2012-03-31,2012-04-27,10-Q,HUNT J B TRANSPORT SERVICES INC,JBHT,CIK0000728535,USD,,301636000.0,447706000.0,46283000.0,952680000.0,,,,,,,,,,2322862000.0,536086000.0,,,,,5713000.0,263000.0,,,0.14,,,,,,,7142000.0,1049325000.0,,,,100000000.0,,,,-11540000.0,,,,,,,,,,,,,,,,,,,,,500039000.0,,,,,,56120000.0,,4497000.0,,,0.58,0.57,0.3825,,53570000.0,,,,,,,,,,,,,,120554000.0,,-5709000.0,,,,,,109610000.0,,,41926000.0,,1196000.0,,,,,,,,,,,52061000.0,-36227000.0,,-29254000.0,,,-433000.0,-4152000.0,,2700000.0,,,,,,12526000.0,,6987000.0,,,250044000.0,,,,,,,,,,,,2322862000.0,543420000.0,,,,,-100000000.0,,,,,,,602119000.0,,52700000.0,,,-62243000.0,,-83766000.0,,146272000.0,,67684000.0,,,,116597000.0,11045000.0,,,,,,,,,,,,,,,,,41931000.0,,,26262000.0,,,,46988000.0,,3995000.0,-16000.0,,,16386000.0,,,112719000.0,,,,,,82667000.0,,,,334093000.0,,28937000.0,1218000.0,2713194000.0,1760514000.0,,,,383304000.0,,,,,1165922000.0,,938683000.0,1166000000.0,,,,8101000.0,,,,,,,,,,,,,,630296000.0,,,,,,,,,,,,,,2136000.0,,11700000.0,,13200000.0,,,17900000.0,,,3100000.0,,,,11700000.0,,,119750000.0,117017000.0,
2012-06-30,2012-07-31,10-Q,HUNT J B TRANSPORT SERVICES INC,JBHT,CIK0000728535,USD,,298587000.0,472077000.0,24111000.0,981317000.0,,,,,,,,,,2365276000.0,540425000.0,,,,,5887000.0,,,,0.14,,,,,,,7323000.0,1117915000.0,,,,100000000.0,,,,,,,,,,,,,,,,,,,,,,,,,498457000.0,,,,,,56227000.0,,4202000.0,,,0.69,0.67,0.3825,,57683000.0,,,,,,,,,,,,,,113085000.0,,,,,,,,130286000.0,,,49835000.0,,,,,,,,,,,,,,,,,,,,,,2800000.0,,,,,,,,6929000.0,,,255864000.0,,,,,,,,,,,,2365276000.0,524361000.0,,,,,-100000000.0,,,,,,,579462000.0,,30000000.0,,,,,,,,,80451000.0,,4.0,,137215000.0,12595000.0,,,,,,,,,,,,,,,,,43980000.0,,,29061000.0,,,,49723000.0,,6356000.0,,,,,,,,,,,,,62461000.0,,,,,,,,2777107000.0,1795790000.0,,,,,,,,,1255130000.0,,1005519000.0,1255000000.0,,,,,,,,,,,,,,,,,,713273000.0,22687.0,483670.0,,,,,,,,,,,,,,11400000.0,,,,,18800000.0,,,3200000.0,,,,12200000.0,,,120027000.0,117226000.0,
2012-09-30,2012-10-26,10-Q,HUNT J B TRANSPORT SERVICES INC,JBHT,CIK0000728535,USD,,328757000.0,504252000.0,13409000.0,1013932000.0,,,,,,,,,,2438342000.0,563257000.0,,,,,5659000.0,,,,0.14,,,,,,,7451000.0,1162740000.0,,,,100000000.0,,,,,,,,,,,,,,,,,,,,,,,,,516724000.0,,,,,,57773000.0,,4467000.0,,,0.66,0.65,0.3825,,58315000.0,,,,,,,,,,,,,,114694000.0,,,,,,,,126706000.0,,,48465000.0,,,,,,,,,,,,,,,,,,,,,,2100000.0,,,,,,,,6346000.0,,,260911000.0,,,,,,,,,,,,2438342000.0,548675000.0,,,,,100000000.0,,,,,,,544904000.0,,,,,,,,,,,78241000.0,,4.0,,133052000.0,13745000.0,,,,,,,,,,,,,,,,,48194000.0,,,26632000.0,,,,46849000.0,,9369000.0,,,,,,,,,,,,,53346000.0,,,,,,,,2862385000.0,1848453000.0,,,,,,,,,1295792000.0,,1046769000.0,1296000000.0,,,,,,,,,,,,,,,,,,781190000.0,,,,,,,,,,,,,,,,10900000.0,,,,,19100000.0,,,3700000.0,,,,12400000.0,,,120281000.0,118131000.0,
2012-12-31,2013-02-22,10-K,HUNT J B TRANSPORT SERVICES INC,JBHT,CIK0000728535,USD,,266722000.0,466011000.0,17199000.0,1019232000.0,,207073000.0,,,6600000.0,,,,,2465000000.0,554532000.0,,135974000.0,,,5589000.0,139000.0,,,0.71,0.01,1000000000.0,167099432.0,117529307.0,1671000.0,,29461000.0,4524780000.0,152397000.0,173492000.0,21095000.0,100000000.0,,11200000.0,12201000.0,20795000.0,600087000.0,,8594000.0,2197000.0,70462000.0,-532374000.0,,67713000.0,,,3403000.0,16851000.0,25997000.0,1715000.0,10586000.0,9713000.0,2749000.0,532374000.0,750000.0,19069000.0,531624000.0,9188000.0,571830000.0,11100000.0,0.5,,229166000.0,,17445000.0,,-83431000.0,3.35,3.29,,0.35,70647000.0,,,20090000.0,,,,,,,,,,,465874000.0,161167000.0,16845000.0,,,,,,504641000.0,,1100000.0,194287000.0,,132096000.0,2400000.0,,,176624000.0,1568000.0,,-222000.0,16191000.0,126000.0,,15097000.0,54532000.0,,2174000.0,-20795000.0,11868000.0,5078000.0,4826000.0,,,,,25560000.0,,1000.0,27070000.0,,,23065000.0,,1037526000.0,36482000.0,27500000.0,,,,,,,,,1672781000.0,2464641000.0,502760000.0,,,,,-100000000.0,,100000000.0,,85800000.0,249500000.0,250000000.0,585347000.0,,,5000000.0,2571083000.0,-178311000.0,,-369594000.0,,548044000.0,,394331000.0,,4.0,,673535000.0,53832000.0,,,,,,,,21100000.0,7800000.0,,300000.0,3500000.0,9500000.0,,,,47442000.0,,9761000.0,24635000.0,,,,53050000.0,,27231000.0,-85000.0,50000000.0,,83431000.0,13651000.0,,439494000.0,100.0,10000000.0,0.0,,,17632000.0,32474000.0,,,1605674000.0,,69815000.0,,2904706000.0,1885474000.0,,,,1618233000.0,50000000.0,1985213000.0,,,6393116000.0,,4058165000.0,,38000000.0,,,29715000.0,,,,,,,,,,,,,283000000.0,791860000.0,,,,,-2411000.0,,50000000.0,,,,453000000.0,,,20090000.0,11200000.0,11200000.0,49570125.0,849000.0,1402097000.0,,25800000.0,,,4000000.0,7100000.0,4200000.0,2900000.0,16800000.0,,2450000.0,120022000.0,117572000.0,
2013-03-31,2013-04-26,10-Q,HUNT J B TRANSPORT SERVICES INC,JBHT,CIK0000728535,USD,,374968000.0,529333000.0,47168000.0,1041271000.0,,,,,,,,,,2586119000.0,615198000.0,,,,,5747000.0,158000.0,,,,,,,,,,7513000.0,1166548000.0,,,,200000000.0,,,,4398000.0,,,,,,,,,,,,,,,,,,,750000.0,,536022000.0,,,,,,60730000.0,,4819000.0,,,0.62,0.61,0.3825,,54485000.0,,,1066000.0,,,,,,,,,,,116560000.0,,1307000.0,,,,,,118783000.0,,,45434000.0,,2047000.0,,,,,,,,,,,108246000.0,63322000.0,,-20093000.0,,,2408000.0,4166000.0,,2300000.0,,,,,,10846000.0,,-6256000.0,,,263724000.0,,,,,,,,,,,,2586119000.0,727221000.0,,,,,200000000.0,,,,,,,393289000.0,,,,,-91531000.0,,-115070000.0,,206759000.0,,73349000.0,,4.0,,125039000.0,12770000.0,,,,,,,,,,,,,,,,,49850000.0,,,29495000.0,,,,53815000.0,,10985000.0,12000.0,,,,46000.0,,125537000.0,,,,,,80118000.0,,,,302643000.0,,10479000.0,360000.0,2982697000.0,1941426000.0,,,,345600000.0,50000000.0,,,,1291587000.0,,1038940000.0,1292000000.0,,,,9137000.0,,,,,,,,,,,,,,875772000.0,,,,,,,,,,,453000000.0,,,1066000.0,,11700000.0,,,,,26400000.0,,,4400000.0,,,,17100000.0,,,119825000.0,117553000.0,
2013-06-30,2013-07-30,10-Q,HUNT J B TRANSPORT SERVICES INC,JBHT,CIK0000728535,USD,,364195000.0,579643000.0,16286000.0,1077390000.0,,,,,,,,,,2656316000.0,651562000.0,,,,,5923000.0,,,,0.15,,,,,,,8042000.0,1235451000.0,,,,200000000.0,,,,,,,,,,,,,,,,,,,,,,,750000.0,,528151000.0,,,,,,62283000.0,,4637000.0,,,0.75,0.73,0.3788,,61267000.0,,,,12000000.0,,,,,,,,,,110280000.0,,,,,,,,141177000.0,,,53480000.0,,,,,,,,,,,,,,,,,,,,,,2300000.0,,,,,,,,-6230000.0,,,282252000.0,,,,,,,,,,,,2656316000.0,699106000.0,,,,,200000000.0,,,,,,,474132000.0,,,,,,,,,,,87697000.0,,,4.0,147407000.0,12111000.0,,,,,,,,,,,,,,,,,56608000.0,,,28528000.0,,,,52688000.0,,12425000.0,,,65000000.0,,,,,,,,,,65996000.0,,,,,,,,3053616000.0,1976226000.0,,,,,,,,,1382858000.0,,1120164000.0,,,,,,,,,,,,,,,,,,,902239000.0,,,,,,900000.0,,,,,388000000.0,,,,,,,,,,25900000.0,,,4400000.0,,,,16900000.0,,,119472000.0,117139000.0,
2013-09-30,2013-10-30,10-Q,HUNT J B TRANSPORT SERVICES INC,JBHT,CIK0000728535,USD,,304799000.0,584914000.0,11793000.0,1112933000.0,,,,,,,,,,2712434000.0,648032000.0,,,,,5968000.0,,,,0.15,,,,,,,8168000.0,1285121000.0,,,,250000000.0,,,,,,,,,,,,,,,,,,,,,,,750000.0,,547422000.0,,,,,,64291000.0,,4881000.0,,,0.76,0.75,0.3825,,61173000.0,,,,11800000.0,,,,,,,,,,114147000.0,,,,,,,,144894000.0,,,55422000.0,,,,,,,,,,,,,,,,,,,,,,1600000.0,,,,,,,,-5835000.0,,,289789000.0,,,,,,,,,,,,2712434000.0,690338000.0,,,,,250000000.0,,,,,,,437474000.0,,,,,,,,,,,89472000.0,,,4.0,150729000.0,13878000.0,,,,,,,,,,,,,,,,,61823000.0,,,27016000.0,,,,56723000.0,,10172000.0,,,,,,,,,,,,,57150000.0,,,,,,,,3150319000.0,2037386000.0,,,,,,,,,1435850000.0,,1165965000.0,,,,,,,,,,,,,,,,,,,980477000.0,,,,,,,,,,,388000000.0,,,,,,,,,,26600000.0,,,4800000.0,,,,17300000.0,,,119357000.0,117723000.0,
2013-12-31,2014-02-21,10-K,HUNT J B TRANSPORT SERVICES INC,JBHT,CIK0000728535,USD,,305465000.0,568519000.0,14062000.0,1147610000.0,,226595000.0,,,8100000.0,,,,,2819000000.0,680203000.0,0.0,144439000.0,,,5831000.0,242000.0,,,0.45,0.01,1000000000.0,167099432.0,117241438.0,1671000.0,,32307000.0,5007863000.0,144299000.0,163110000.0,18811000.0,250000000.0,,12700000.0,41811000.0,48076000.0,651780000.0,,6265000.0,1443000.0,73324000.0,,,71330000.0,,,3586000.0,13783000.0,25398000.0,2077000.0,12099000.0,14938000.0,1994000.0,580450000.0,2485000.0,24554000.0,577965000.0,11415000.0,615811000.0,11400000.0,,,253380000.0,,19142000.0,,-52811000.0,3.7,3.64,,0.35,72063000.0,,,21950000.0,,,,,,,,,,,455926000.0,173257000.0,5334000.0,,,,,,553568000.0,,1900000.0,211186000.0,,141968000.0,7500000.0,-755000.0,,193749000.0,1543000.0,,-610000.0,13551000.0,3708000.0,,11530000.0,102508000.0,,2327000.0,-48076000.0,-5381000.0,20779000.0,23254000.0,,,,,23209000.0,,69000.0,24722000.0,,,26248000.0,,1138213000.0,37829000.0,33200000.0,,,,,,,,,1806952000.0,2819404000.0,712296000.0,,,,,250000000.0,,250000000.0,,,208700000.0,249700000.0,458417000.0,,,4500000.0,2904289000.0,-131568000.0,,-442541000.0,,574351000.0,,434246000.0,,4.0,4.0,730241000.0,55158000.0,,,,,,,,31500000.0,10600000.0,1500000.0,4200000.0,6500000.0,8700000.0,,,,68221000.0,,15415000.0,26997000.0,,,,58274000.0,,45469000.0,37000.0,114723000.0,,52811000.0,17963000.0,,493431000.0,100.0,10000000.0,0.0,0.0,,21602000.0,42588000.0,,,1933753000.0,,50927000.0,,3259814000.0,2112204000.0,,606600000.0,,1811177000.0,100000000.0,2274784000.0,,,7058847000.0,,4527238000.0,,59000000.0,,,32354000.0,,,,,,,,25600000.0,440000.0,19.08,,,,1012452000.0,,,,,-8560000.0,,114723000.0,,,,338000000.0,,,,12700000.0,,49857994.0,1575000.0,1490598000.0,,29700000.0,,100000.0,4200000.0,7000000.0,-1200000.0,1800000.0,19300000.0,,1955000.0,119404000.0,117449000.0,
2014-03-31,2014-04-25,10-Q,HUNT J B TRANSPORT SERVICES INC,JBHT,CIK0000728535,USD,,371235000.0,635111000.0,46236000.0,1163169000.0,,,,,,,,,,3115725000.0,842068000.0,,,,,124212000.0,118381000.0,,,0.2,,,,,,,8973000.0,1289601000.0,,,,100000000.0,,,,-5287000.0,,,,,,,,,,,,,,,,,,,2485000.0,,572679000.0,,,,,,68967000.0,,5358000.0,,,0.59,0.58,0.381,,65801000.0,,,320000.0,,,,,,,,,,,119950000.0,,2691000.0,,,,,,110927000.0,,,42263000.0,,3663000.0,,,,,,,,,,,35038000.0,66592000.0,,-8875000.0,,42764000.0,8826000.0,-8259000.0,,1700000.0,,,6380000.0,,,8802000.0,,-6380000.0,,,304394000.0,,,,,,,,,,,,3115725000.0,662804000.0,,,,,100000000.0,,,,,,,752207000.0,,,,,117548000.0,,-158212000.0,,159045000.0,,68664000.0,,,4.0,117307000.0,15832000.0,,,,,,,,,,,,,,,,,77047000.0,,,37556000.0,,,,59910000.0,,9925000.0,,,,23450000.0,99000.0,,198264000.0,,,,,,82745000.0,,,499642000.0,397946000.0,,40052000.0,,3399270000.0,2236101000.0,,,,607078000.0,150000000.0,,,,1406908000.0,,1152349000.0,,,,,9972000.0,,,,,,,,,,,,,,1068125000.0,,,,,,,,,,,388000000.0,,,,,,,,,,30400000.0,,,4600000.0,,,,19800000.0,,,118943000.0,117250000.0,
2014-06-30,2014-07-29,10-Q,HUNT J B TRANSPORT SERVICES INC,JBHT,CIK0000728535,USD,,338063000.0,667620000.0,17695000.0,1172061000.0,,,,,,,,,,3091359000.0,739225000.0,,,,,5870000.0,,,,0.2,,,,,,,9650000.0,1388637000.0,,,,,,,,,,,,,,,,,,,,,,,,,,,2485000.0,,560293000.0,,,,,,71726000.0,,5155000.0,,,0.8,0.79,0.381,,75170000.0,,,,,,,,,,,,,,116999000.0,,,,,,,,150901000.0,,,57493000.0,,,,,,,,,,,,,,,,,,,,,,1800000.0,,,8329000.0,,,,,-8329000.0,,,320016000.0,,,,,,,,,,,,3091359000.0,514634000.0,,,,,,,,,,,,874028000.0,,,,,,,,,,,93408000.0,,,4.0,159230000.0,19886000.0,,,,,,,,,,,,,,,,,81221000.0,,,35589000.0,,,,61287000.0,,11547000.0,,,,,,,,,,,,,65735000.0,,,,,,,,3488606000.0,2316545000.0,,,,,,,,,1547867000.0,,1268636000.0,,,,,,,,,,,,,,,,,,,1081117000.0,,,,,,,,,,,,263000000.0,,,,,,990000.0,,,31600000.0,,,5100000.0,,,,20600000.0,,,118541000.0,116764000.0,
2014-09-30,2014-10-30,10-Q,HUNT J B TRANSPORT SERVICES INC,JBHT,CIK0000728535,USD,,352645000.0,671298000.0,11585000.0,1199847000.0,,,,,,,,,,3158918000.0,737678000.0,,,,,5859000.0,,,,0.2,,,,,,,9893000.0,1429056000.0,,,,250000000.0,,,,,,,,,,,,,,,,,,,,,,,13787000.0,,556349000.0,,,,,,75416000.0,,5107000.0,,,0.87,0.87,0.381,,74862000.0,,,,,,,,,,,,,,115503000.0,,,,,,,,165451000.0,,,63037000.0,,,,,,,,,,,,,,,,,,,,,,1200000.0,,,6649000.0,,,,,-6649000.0,,,327106000.0,,,,,,,,,,,,3158918000.0,790292000.0,,,,,250000000.0,,,,,,,587074000.0,,,,,,,,,,,102414000.0,,,4.0,172100000.0,21904000.0,,,,,,,,,,,,,,,,,87413000.0,,,36134000.0,,,,65384000.0,,15057000.0,,,,,,,,,,,,,60521000.0,,,,,,,,3584953000.0,2385106000.0,,,,,,,,,1601156000.0,,1316951000.0,,,,,,,,,,,,,,,,,,,1159819000.0,,,,,,,,,,,,263000000.0,,,,,,0.0,,,32400000.0,,,5500000.0,,,,21100000.0,,,118221000.0,117050000.0,
2014-12-31,2015-02-24,10-K,HUNT J B TRANSPORT SERVICES INC,JBHT,CIK0000728535,USD,,325838000.0,653795000.0,17966000.0,1237225000.0,,247641000.0,35333000.0,,9500000.0,,,,,3374000000.0,861499000.0,0.0,153704000.0,,,5961000.0,130000.0,,,0.8,0.01,1000000000.0,167099432.0,116575163.0,1671000.0,,38796000.0,5533899000.0,130761000.0,150466000.0,19705000.0,250000000.0,,13500000.0,72547000.0,79343000.0,748622000.0,,6796000.0,1443000.0,90823000.0,,18631000.0,88829000.0,,,3954000.0,15260000.0,25042000.0,2291000.0,12268000.0,30565000.0,1994000.0,659793000.0,,30012000.0,659793000.0,11539000.0,707071000.0,11600000.0,,,294496000.0,,20811000.0,,93604000.0,4.140000000000001,4.09,,0.35,80547000.0,,,16645000.0,,,,,,,,,,,453919000.0,190546000.0,6342000.0,,,,,,604601000.0,,1800000.0,229809000.0,,192955000.0,79800000.0,,,211610000.0,1395000.0,,-809000.0,17357000.0,256000.0,,15284000.0,72339000.0,,12735000.0,,-72291000.0,28498000.0,42730000.0,,,,,27028000.0,,87000.0,26685000.0,,,27740000.0,,1290404000.0,38978000.0,39100000.0,,,,,,,,,2173963000.0,3378486000.0,771070000.0,,,,,-250000000.0,,249900000.0,,249700000.0,250900000.0,183000000.0,683539000.0,,,4400000.0,3336529000.0,13032000.0,,-659681000.0,-659681000.0,646779000.0,646779000.0,485098000.0,,4.0,4.0,814447000.0,81062000.0,,,,,,,,27000000.0,10500000.0,500000.0,2400000.0,5400000.0,8200000.0,,39100000.0,,96719000.0,,95457000.0,34455000.0,,,,59561000.0,,50596000.0,-29000.0,125000000.0,,93604000.0,23419000.0,,808569000.0,100.0,10000000.0,0.0,0.0,,22886000.0,55660000.0,,499642000.0,2092193000.0,,148859000.0,,3719757000.0,2482532000.0,,,555000000.0,2110749000.0,250000000.0,2555972000.0,,,7774952000.0,,5082827000.0,,88000000.0,,,35333000.0,,,,,19900000.0,1000.0,,6300000.0,98000.0,20.4,18.7,19.08,,1204523000.0,,341000.0,,,-16095000.0,,125000000.0,,,,,213200000.0,,,,,50524269.0,1605000.0,1600761000.0,125000000.0,31600000.0,,3700000.0,3500000.0,8200000.0,400000.0,3000000.0,20500000.0,,1445000.0,118445000.0,117000000.0,
2015-03-31,2015-04-24,10-Q,HUNT J B TRANSPORT SERVICES INC,JBHT,CIK0000728535,USD,,328111000.0,631172000.0,12918000.0,1248329000.0,,,,,,,,,,3428997000.0,803512000.0,,,,,5646000.0,-314000.0,,,0.21,,,,,,,10088000.0,1284960000.0,,,,250000000.0,,,,22094000.0,,,,,,,18631000.0,,,,,,,,,,,,,,700518000.0,,,,,,81378000.0,,5644000.0,,,0.79,0.78,0.381,,72106000.0,,,1060000.0,,,,,,,,,,,81813000.0,,804000.0,,,,,,148517000.0,,,56585000.0,,1638000.0,,,,,,,,,,,1742000.0,-22623000.0,,-12589000.0,,30883000.0,2477000.0,-5678000.0,,1200000.0,,,6703000.0,,,12786000.0,,,,,330510000.0,,,,,,,,,,,,3428997000.0,762331000.0,,,,,250000000.0,,,,,,,628203000.0,,,,,-94513000.0,,-161344000.0,,255543000.0,,91932000.0,,,4.0,155220000.0,17428000.0,,,,,,,,,,,,,,,,,99196000.0,,,72622000.0,,,,60565000.0,,13933000.0,20000000.0,6354000.0,,24468000.0,505000.0,,180158000.0,,,,,,,148063000.0,,,439762000.0,,38814000.0,,3801192000.0,2552863000.0,,,,505071000.0,,,,,1440180000.0,,1263910000.0,,,,,10129000.0,,,,,,,,,,,,,,1277380000.0,,,,,,,,,,,,207000000.0,,,,,,79500.0,,,32400000.0,,,3900000.0,,,,21000000.0,,,117800000.0,116558000.0,
2015-06-30,2015-07-30,10-Q,HUNT J B TRANSPORT SERVICES INC,JBHT,CIK0000728535,USD,,341520000.0,665241000.0,20991000.0,1254973000.0,,,,,,,,,,3485350000.0,786630000.0,,,,,5586000.0,,,,0.21,,,,,,,10734000.0,1366222000.0,,,,250000000.0,,,,,,,,,,,,,,,,,,,,,,,,,667141000.0,,,,,,83661000.0,,5213000.0,,,0.89,0.88,0.381,,65671000.0,,,,,,,,,,,,,,84891000.0,,,,,,,,167074000.0,,,63655000.0,,,,,,,,,,,,,,,,,,,,,,1300000.0,,,6661000.0,,,,,,,,348277000.0,,,,,,,,,,,,3485350000.0,776605000.0,,,,,250000000.0,,,,,,,643202000.0,,,,,,,,,,,103419000.0,,,4.0,173735000.0,18207000.0,,,,,,,,,,,,,,,,,98423000.0,,,72616000.0,,,,59197000.0,,27670000.0,,,,,,,,,,,,,,115803000.0,,,,,,,3881077000.0,2626104000.0,,,,,,,,,1539957000.0,,1360631000.0,,,,,,,,,,,,,,,,,,,1339205000.0,,,,,,,,,,,,179000000.0,,,,,,331000.0,,,30600000.0,,,4200000.0,,,,19900000.0,,,117811000.0,116470000.0,
2015-09-30,2015-10-23,10-Q,HUNT J B TRANSPORT SERVICES INC,JBHT,CIK0000728535,USD,,355671000.0,671398000.0,18281000.0,1287213000.0,,,,,,,,,,3519264000.0,768171000.0,,,,,5542000.0,,,,0.21,,,,,,,10683000.0,1392648000.0,,,,,,,,,,,,,,,,,,,,,,,,,,,,,673030000.0,,,,,,86201000.0,,4967000.0,,,1.0,0.99,0.381,,69447000.0,,,,,,,,,,,,,,76755000.0,,,,,,,,186008000.0,,,70869000.0,,,,,,,,,,,,,,,,,,,,,,800000.0,,,7838000.0,,,,,,,,351651000.0,,,,,,,,,,,,3519264000.0,544048000.0,,,,,,,,,,,,993353000.0,,,,,,,,,,,115139000.0,,,4.0,193846000.0,20078000.0,,,,,,,,,,,,,,,,,100649000.0,,,80584000.0,,,,59646000.0,,14866000.0,,,,,,,,,,,,,,91231000.0,,,,,,,3957722000.0,2670509000.0,,,,,,,,,1586494000.0,,1419451000.0,,,,,,,,,,,,,,,,,,,1249187000.0,,,,,,,,,,,,1000000.0,,,,,,2245000.0,,,31800000.0,,,4900000.0,,,,20700000.0,,,116282000.0,115456000.0,
2015-12-31,2016-02-23,10-K,HUNT J B TRANSPORT SERVICES INC,JBHT,CIK0000728535,USD,106986000.0,340332000.0,624294000.0,28445000.0,1318122000.0,,268728000.0,37228000.0,,9900000.0,,,1000000.0,,3629544000.0,857925000.0,0.0,154142000.0,,32038000.0,5566000.0,-395000.0,,,0.84,0.01,1000000000.0,167099432.0,113947780.0,1671000.0,,43084000.0,5471952000.0,160235000.0,182541000.0,22306000.0,,,13600000.0,71292000.0,80427000.0,830990000.0,,9135000.0,,91322000.0,,,90770000.0,,,4036000.0,13991000.0,24687000.0,2335000.0,12751000.0,33522000.0,552000.0,740220000.0,,33064000.0,740220000.0,11086000.0,786840000.0,14700000.0,,,339613000.0,339613000.0,20588000.0,,97364000.0,4.71,4.67,,0.35,59420000.0,,,12877000.0,,,,,,,,,,,313034000.0,189516000.0,1281000.0,72522000.0,,,,,690203000.0,,1900000.0,262968000.0,,163304000.0,76700000.0,,,241571000.0,1420000.0,,-455000.0,18671000.0,1761000.0,,8600000.0,-8011000.0,,-10589000.0,,3055000.0,7502000.0,26493000.0,7502000.0,,,,25577000.0,,86000.0,27245000.0,27245000.0,,23191000.0,86000.0,1394239000.0,39026000.0,39500000.0,,,,,,,,,2329192000.0,3629544000.0,532417000.0,,,,998000000.0,,602700000.0,,150000000.0,252300000.0,,,998003000.0,,,4400000.0,3636767000.0,-297171000.0,,-576532000.0,-576532000.0,873308000.0,873308000.0,543981000.0,,4.0,4.0,908587000.0,73689000.0,,,,,,,,28100000.0,13500000.0,500000.0,1300000.0,3900000.0,8700000.0,200000.0,39500000.0,,104220000.0,,90412000.0,70290000.0,,,,58552000.0,,72522000.0,20096000.0,262275000.0,,97364000.0,24850000.0,,725122000.0,100.0,10000000.0,0.0,0.0,,97888000.0,197817000.0,,349129000.0,2110800000.0,,168686000.0,,4019451000.0,2701329000.0,,,463000000.0,2138466000.0,250000000.0,2885843000.0,,,7808661000.0,,5516282000.0,,95000000.0,,,37228000.0,,,,,5800000.0,1000.0,0.0,100000.0,2000.0,20.76,20.35,24.27,,1300352000.0,,95000.0,,-21872000.0,-21872000.0,,262275000.0,,,,,451000000.0,,,,,53151652.0,3300000.0,1855890000.0,262300000.0,32000000.0,2500000.0,3000000.0,4000000.0,9400000.0,-2500000.0,3500000.0,20800000.0,,1051000.0,116728000.0,115677000.0,
2016-03-31,2016-04-29,10-Q,HUNT J B TRANSPORT SERVICES INC,JBHT,CIK0000728535,USD,,381185000.0,690352000.0,21291000.0,1339275000.0,,,,,,,,,,3646958000.0,814930000.0,,,,,5992000.0,426000.0,,,0.22,,,,,,,11126000.0,1360822000.0,,,,,,,,15257000.0,,,,,,,,,,,,,,,,,,,,,755477000.0,,,,,,88352000.0,,5219000.0,,,0.89,0.88,0.38,,70997000.0,,,47000.0,,,,,,,,,,,59414000.0,,-30000.0,,,,,,161448000.0,,,61350000.0,,3046000.0,,,,,,,,,,,41168000.0,26743000.0,,8785000.0,,41803000.0,3020000.0,-22154000.0,,900000.0,,,6442000.0,,,8797000.0,,,,,362511000.0,,,,,,,,,,,,3646958000.0,580714000.0,,,,961300000.0,,,,,,,,961346000.0,,,,,-190010000.0,-190010000.0,-114460000.0,-114460000.0,304896000.0,304896000.0,100098000.0,,,4.0,167890000.0,17428000.0,,,,,,,,,,,,,,,,,107241000.0,,,92662000.0,,,,63341000.0,,21833000.0,2000.0,100000000.0,,24810000.0,621000.0,,156786000.0,,,,,,,118586000.0,,,313729000.0,,42328000.0,,4078641000.0,2739366000.0,,,,378397000.0,,,,,1528712000.0,,1426654000.0,,,,,10972000.0,,,,,,,,,,,,,,1286080000.0,,,,,,,,,,,,351000000.0,,,,,,1305000.0,,,32800000.0,,,3900000.0,,,,21300000.0,,,114003000.0,113072000.0,
2016-06-30,2016-07-28,10-Q,HUNT J B TRANSPORT SERVICES INC,JBHT,CIK0000728535,USD,,343652000.0,744026000.0,27199000.0,1361627000.0,,,,,,,,,,3697364000.0,827008000.0,,,,,11277000.0,,,,0.22,,,,,,,11365000.0,1439234000.0,,,,,,,,,,,,,,,,,,,,,,,,,,,,,742574000.0,,,,,,90364000.0,,4840000.0,,,0.93,0.92,0.38,,66237000.0,,,,,,,,,,,,,,71489000.0,,,,,,,,169372000.0,,,64361000.0,,,,,,,,,,,,,,,,,,,,,,1100000.0,,,6420000.0,,,,,,,,371969000.0,,,,,,,,,,,,3697364000.0,552716000.0,,,,957600000.0,,,,,,,,957574000.0,,,,,,,,,,,105011000.0,,,4.0,175792000.0,19094000.0,,,,,,,,,,,,,,,,,115628000.0,,,103441000.0,,,,65075000.0,,18711000.0,,,,,,,,,,,,,,71705000.0,,,,,,,4128542000.0,2766915000.0,,,,,,,,,1615026000.0,,1483354000.0,,,,,,,,,,,,,,,,,,,1379425000.0,,,,,,,,,,,,351000000.0,,,,,,0.0,,,33700000.0,,,4400000.0,,,,21900000.0,,,113761000.0,112669000.0,
2016-09-30,2016-10-28,10-Q,HUNT J B TRANSPORT SERVICES INC,JBHT,CIK0000728535,USD,,402913000.0,775020000.0,20769000.0,1400339000.0,,,,,,,,,,3729994000.0,842401000.0,,,,,5481000.0,,,,0.22,,,,,,,11665000.0,1507682000.0,,,,,,,,,,,,,,,,,,,,,,,,,,,,,731068000.0,,,,,,91001000.0,,5004000.0,,,0.97,0.97,0.38,,72920000.0,,,,,,,,,,,,,,74179000.0,,,,,,,,176492000.0,,,67067000.0,,,,,,,,,,,,,,,,,,,,,,700000.0,,,6485000.0,,,,,,,,374517000.0,,,,,,,,,,,,3729994000.0,600845000.0,,,,943700000.0,,,,,,,,943696000.0,,,,,,,,,,,109425000.0,,,4.0,182977000.0,21862000.0,,,,,,,,,,,,,,,,,104243000.0,,,78852000.0,,,,69302000.0,,21025000.0,,,,,,,,,,,,,,61900000.0,,,,,,,4209080000.0,2808741000.0,,,,,,,,,1690659000.0,,1538701000.0,,,,,,,,,,,,,,,,,,,1385083000.0,,,,,,,,,,,,276000000.0,,,,,,,,,,,,4900000.0,,,,22600000.0,,,113363000.0,112630000.0,
2016-12-31,2017-02-23,10-K,HUNT J B TRANSPORT SERVICES INC,JBHT,CIK0000728535,USD,189665000.0,384308000.0,745288000.0,27152000.0,1440124000.0,,293087000.0,40625000.0,7044000.0,13400000.0,,,1000000.0,,3950727000.0,1067420000.0,0.0,175900000.0,,13522000.0,6377000.0,811000.0,,,0.88,0.01,1000000000.0,167099432.0,111305021.0,1671000.0,,45954000.0,5834439000.0,191422000.0,213293000.0,21871000.0,,,14900000.0,45846000.0,50414000.0,882212000.0,,4568000.0,,95022000.0,,,91578000.0,,3444000.0,3853000.0,10443000.0,26062000.0,2347000.0,14085000.0,34788000.0,3444000.0,790634000.0,,37119000.0,790634000.0,13538000.0,831555000.0,15600000.0,,20200000.0,361510000.0,361510000.0,19973000.0,45954000.0,98990000.0,4.89,4.86,,0.35,51929000.0,,,7044000.0,,8100000.0,,,,,,,10500000.0,2400000.0,283437000.0,215749000.0,-5490000.0,87053000.0,,,,,695797000.0,,1900000.0,263707000.0,,143634000.0,15700000.0,,,243529000.0,1419000.0,,649000.0,19165000.0,-1055000.0,,60818000.0,120994000.0,,-5189000.0,,60956000.0,5524000.0,37101000.0,5524000.0,,2356000.0,,25294000.0,,71000.0,24800000.0,24800000.0,,18577000.0,71000.0,1469187000.0,46827000.0,,,,,,,,,,2536666000.0,3950727000.0,694873000.0,,,,,,,,,139000000.0,250900000.0,,986278000.0,,,4400000.0,3820439000.0,-367944000.0,,-485388000.0,-485388000.0,854143000.0,854143000.0,549646000.0,,4.0,4.0,915381000.0,78410000.0,,,,,,,,36700000.0,15200000.0,1800000.0,4300000.0,5900000.0,9400000.0,100000.0,44100000.0,,27152000.0,,,62160000.0,,,,64881000.0,,87053000.0,132000.0,249760000.0,,98990000.0,18641000.0,,638430000.0,100.0,10000000.0,0.0,0.0,,107513000.0,194016000.0,,,1715427000.0,,153174000.0,,4258915000.0,2818791000.0,,,967000000.0,1724365000.0,,3218943000.0,6555459000.0,,8276521000.0,,6007347000.0,,220000000.0,231484000.0,,40625000.0,,,,,,,0.0,,,,20.76,,,1414061000.0,,2000.0,,-17300000.0,-17300000.0,,249760000.0,,,,,201200000.0,,,,,55794411.0,3100000.0,2099640000.0,249760000.0,35400000.0,3200000.0,400000.0,4400000.0,10300000.0,,3300000.0,23000000.0,,887000.0,113361000.0,112474000.0,
2017-03-31,2017-04-28,10-Q,HUNT J B TRANSPORT SERVICES INC,JBHT,CIK0000728535,USD,,369763000.0,707433000.0,52844000.0,1500472000.0,,,,,,,,,,3770395000.0,893341000.0,,,,25879000.0,12261000.0,5884000.0,,,0.23,,,,,,,10680000.0,1479769000.0,,,,,,,,1928000.0,,,,,,,,,,,,,,,,,,,,,792561000.0,,,,,,92189000.0,92189000.0,4996000.0,10680000.0,,0.93,0.92,0.28,0.28,57083000.0,,,,,,,,,,,,,,80646000.0,,-1709000.0,23481000.0,,,,,142572000.0,,,39870000.0,,2082000.0,,,,,,,,,,13600000.0,-26901000.0,-37855000.0,,-2236000.0,,35064000.0,-2910000.0,-35063000.0,-2910000.0,1100000.0,,,6817000.0,,,9561000.0,9561000.0,,,,380311000.0,,,,,,,,,,,,3770395000.0,586525000.0,,,,,,,,,,,,950558000.0,,,,,-185275000.0,-185275000.0,-94474000.0,-94474000.0,285633000.0,285633000.0,102702000.0,,,4.0,149389000.0,23005000.0,,,,,,,,,,,,,,,,,106835000.0,,,46426000.0,,,,68457000.0,,23481000.0,3467000.0,129761000.0,,25602000.0,276000.0,,98775000.0,,,,,,,173647000.0,,,666864000.0,,7768000.0,,4331100000.0,2830628000.0,,,,696500000.0,,,1629158000.0,,1629158000.0,,1461768000.0,,,,,11170000.0,,,,,,,,,,,,,,1372294000.0,,,,,,,,,,,,71000000.0,,,,,,1328000.0,,,,,,4700000.0,,,,23200000.0,,,112026000.0,110878000.0,
2017-06-30,2017-07-28,10-Q,HUNT J B TRANSPORT SERVICES INC,JBHT,CIK0000728535,USD,,419306000.0,749042000.0,28425000.0,1564951000.0,,,,,,,,,,3778382000.0,908351000.0,,,,,7274000.0,,,,0.23,,,,,,,10905000.0,1563300000.0,,,,,,,,,,,,,,,,,,,,,,,,,,,,,753277000.0,,,,,,93050000.0,,5603000.0,10905000.0,,0.89,0.88,0.374,0.374,46288000.0,,,,,,,,,,,,,,79072000.0,,,21728000.0,,,,,156222000.0,,,58353000.0,,,,,,,,,,,,,,,,,,,,,,1200000.0,,,7393000.0,,,,,,,,389873000.0,,,,,,,,,,,,3778382000.0,608092000.0,,,,,,,,,,,,943174000.0,,,,,,,,,,,97869000.0,,,4.0,163615000.0,27461000.0,,,,,,,,,,,,,,,,,114073000.0,,,50001000.0,,,,66118000.0,,21728000.0,,,,,,,,,,,,,,152035000.0,,,,,,,4384981000.0,2820030000.0,,,,,,,1726915000.0,,1726915000.0,,1551051000.0,,,,,,,,,,,,,,,,,,,1407721000.0,,,,,,,,,,,,521000000.0,,,,,,,,,,,,5200000.0,,,,22900000.0,,,110822000.0,109630000.0,
2017-09-30,2017-10-27,10-Q,HUNT J B TRANSPORT SERVICES INC,JBHT,CIK0000728535,USD,,493585000.0,858720000.0,23011000.0,1632108000.0,0.0,,,,,,,1500000.0,,4053923000.0,1006591000.0,,,,,7707000.0,,,,0.23,,,,,,,10744000.0,1678362000.0,,,,,,,,,,,,,,,,,,,,,,,,,,,,,746833000.0,,,,,,95959000.0,,5738000.0,10744000.0,,0.92,0.91,0.359,0.359,47514000.0,,,,,1500000.0,,,,,,,60200000.0,58700000.0,87006000.0,,,29389000.0,55737000.0,0.0,0.0,,156662000.0,,,56277000.0,,,,,1500000.0,,,,,,,,,,,,,,,,,900000.0,58685000.0,,8310000.0,,,,,,,,408340000.0,,,,,,,,,,,,4053923000.0,681755000.0,,,,,,,,,,,,1084801000.0,,,,,,,,,,,100385000.0,,,4.0,164972000.0,26463000.0,,,,,,,,,,,,,,,,,117645000.0,,,57101000.0,,,,68564000.0,,29389000.0,,,,,,,,,,,,,,140164000.0,,,,,,,4507917000.0,2875809000.0,,,,,,,1843334000.0,,1843334000.0,,1657380000.0,,,,,,,,,,,,,,,,,,,1471970000.0,,,,,,,,,,,,521000000.0,,,,,,0.0,,,,,,5800000.0,,,,23200000.0,,,110628000.0,109703000.0,
2017-12-31,2018-02-23,10-K,HUNT J B TRANSPORT SERVICES INC,JBHT,CIK0000728535,USD,283499000.0,598594000.0,920767000.0,,1687133000.0,0.0,310811000.0,38291000.0,,,,,4200000.0,20240000.0,4465349000.0,1338728000.0,0.0,202730000.0,,53026000.0,14612000.0,8235000.0,,0.23,0.92,0.01,1000000000.0,167099432.0,109753008.0,1671000.0,,44825000.0,6565779000.0,134284000.0,157740000.0,23456000.0,,,16400000.0,-261592000.0,-248764000.0,609271000.0,,12828000.0,,72345000.0,,,67401000.0,,4944000.0,3134000.0,3661000.0,17620000.0,6605000.0,8681000.0,27700000.0,4944000.0,541870000.0,,28089000.0,541870000.0,14786000.0,566396000.0,16700000.0,,0.0,383518000.0,383518000.0,23983000.0,44825000.0,101362000.0,9.75,9.66,,0.35,42382000.0,,0.0,,,12300000.0,8600000.0,,7600000.0,7600000.0,7600000.0,7800000.0,86000000.0,73700000.0,347573000.0,261625000.0,-7370000.0,125878000.0,39764000.0,0.0,,,595239000.0,,2100000.0,-91024000.0,0.0,190783000.0,61300000.0,,-309223000.0,208334000.0,1374000.0,-4907000.0,-1283000.0,18334000.0,3403000.0,7056000.0,85237000.0,166111000.0,,168000.0,,-45542000.0,,-69462000.0,25021000.0,,73691000.0,,28785000.0,,,,28785000.0,,20688000.0,235000.0,1608378000.0,47231000.0,,,,,,,,,,2626024000.0,4465349000.0,921844000.0,,,10000000.0,,,,,,,241400000.0,249900000.0,1085649000.0,,,4400000.0,403349000.0,-195636000.0,,-651282000.0,,855153000.0,,1071571000.0,,4.0,4.0,769603000.0,123579000.0,,,,,,,,74200000.0,24500000.0,4200000.0,8800000.0,15000000.0,18600000.0,3100000.0,64300000.0,,28888000.0,,,29835000.0,,,,76661000.0,,,3888000.0,179813000.0,,101362000.0,19215000.0,136879000.0,526928000.0,100.0,10000000.0,0.0,0.0,4158878000.0,99162000.0,,,0.0,2716155000.0,,16413000.0,,4670464000.0,2983331000.0,,,797600000.0,2612501000.0,0.0,3803844000.0,9179728000.0,,9179728000.0,,6435858000.0,,238000000.0,251980000.0,,38291000.0,,,,,,,0.0,,,,,,,1839325000.0,,,-18115000.0,,,,179813000.0,,,,,521400000.0,,,,,57346424.0,1900000.0,2277001000.0,179813000.0,45300000.0,,2400000.0,3600000.0,11600000.0,5400000.0,4700000.0,37500000.0,,1062000.0,111049000.0,109987000.0,
2018-03-31,2018-04-27,10-Q,HUNT J B TRANSPORT SERVICES INC,JBHT,CIK0000728535,USD,,503829000.0,900903000.0,,1720446000.0,,,12036000.0,,,,,2200000.0,,4421657000.0,1236064000.0,,,,42554000.0,7082000.0,-7530000.0,,,0.24,,,,,,,,1779464000.0,,,,,,,,3412000.0,,,,,,,,,,,,,,,,,,,,,545282000.0,,,,,,105583000.0,105583000.0,7749000.0,11588000.0,26341000.0,1.08,1.07,,0.26,58599000.0,,,,,,,,,,,,,,107881000.0,,-2815000.0,32326000.0,,,,,159629000.0,,,41487000.0,,1834000.0,,,,,,,,,,,-10650000.0,-19864000.0,,11628000.0,,35434000.0,,49189000.0,12543000.0,1100000.0,,,9152000.0,,,,11769000.0,,,,450265000.0,,,,,,,,,,,,4421657000.0,1092516000.0,,,,,247609000.0,,,,,,,752423000.0,,,,328079000.0,-89804000.0,,-179344000.0,,261618000.0,,118142000.0,,,4.0,168781000.0,28499000.0,,,,,,,,,,,,,,,,,25583000.0,,,141317000.0,,,,88373000.0,,,299000.0,,,26341000.0,99000.0,,206108000.0,,,,,,,,,,687036000.0,,27063000.0,,4764722000.0,3044276000.0,,,,750400000.0,,,1948245000.0,,,,,,,256896000.0,,12036000.0,,,,,,,,,,,,,,1943063000.0,,,-99000.0,,,,,,,,,521000000.0,,,,,,0.0,,,46100000.0,,,4100000.0,,,,36400000.0,,,110863000.0,109754000.0,
2018-06-30,2018-07-27,10-Q,HUNT J B TRANSPORT SERVICES INC,JBHT,CIK0000728535,USD,,551715000.0,1019622000.0,,1782297000.0,,,13965000.0,,,,,2200000.0,,4589243000.0,1307421000.0,,,,,15191000.0,,,,0.24,,,,,,,,1924215000.0,,,,,,,,,,,,,,,,,,,,,,,,,,,,,552866000.0,,,,,,107423000.0,,8404000.0,12234000.0,26242000.0,1.39,1.37,,0.26,63792000.0,,,,,,,,,,,,,,115541000.0,,,37306000.0,,,,,204957000.0,,,53305000.0,,,,,,,,,,,,,,,,,,,,,,1200000.0,,,9855000.0,,,,,,,,465326000.0,,,,,,,,,,,,4589243000.0,1158537000.0,,,,,249436000.0,,,,,,,755575000.0,,,,,,,,,,,151652000.0,,,4.0,214812000.0,28371000.0,,,,,,,,,,,,,,,,,34516000.0,,,139435000.0,,,,88903000.0,,,,,,,,,,,,,,272608000.0,,,,,,,,,4924684000.0,3142387000.0,,,,,,,2139027000.0,,,,,,,259078000.0,,,,,,,,,,,,,,,,2033362000.0,,,951000.0,,,,,,,,,471000000.0,,,,,,,,50027000.0,46900000.0,,,4700000.0,,,,37100000.0,,,110682000.0,109449000.0,
2018-09-30,2018-10-29,10-Q,HUNT J B TRANSPORT SERVICES INC,JBHT,CIK0000728535,USD,,569453000.0,1095638000.0,,1822619000.0,,,11184000.0,,,,,2200000.0,,4721671000.0,1342482000.0,,,,,7587000.0,,,,0.24,,,,,,,,2035072000.0,,,,,,,,,,,,,,,,,,,,,,,,,,,,,518428000.0,,,,,,108801000.0,,7088000.0,13203000.0,26202000.0,1.2,1.19,,0.204,74802000.0,,,,,,,,,,,,,,117976000.0,,,42449000.0,,,,,164727000.0,,,33617000.0,,,,,,,,,,,,,,,,,,,,,,1000000.0,,,9961000.0,,,,,,,,495350000.0,,,,,,,,,,,,4721671000.0,1212660000.0,,,,,248680000.0,,,,,,,820864000.0,,,,,,,,,,,131110000.0,,,4.0,174688000.0,45594000.0,,,,,,,,,,,,,,,,,40589000.0,,,137682000.0,,,,89141000.0,,,,,,,,,,,,,,239257000.0,,,,,,,,,5064126000.0,3241507000.0,,,,,,,2209760000.0,,,,,,,279136000.0,,,,,,,,,,,,,,,,2080578000.0,,,-18876000.0,,,,,,,,,421000000.0,,,,,,422000.0,,50000000.0,43200000.0,,,4100000.0,,,,34100000.0,,,110235000.0,109254000.0,
2018-12-31,2019-02-22,10-K,HUNT J B TRANSPORT SERVICES INC,JBHT,CIK0000728535,USD,274511000.0,709736000.0,1051698000.0,,1884132000.0,0.0,340457000.0,47369000.0,,,,,8600000.0,0.0,5091647000.0,1502981000.0,,238202000.0,,49390000.0,7600000.0,-7012000.0,-7012000.0,0.96,1.2,0.01,1000000000.0,167099432.0,108710825.0,1671000.0,,,7933853000.0,22904000.0,49642000.0,26738000.0,,,15700000.0,97670000.0,101591000.0,731846000.0,643461000.0,3921000.0,,94426000.0,,,88385000.0,,6041000.0,4626000.0,10461000.0,20396000.0,7649000.0,10364000.0,34889000.0,6041000.0,643461000.0,,33594000.0,643461000.0,1339000.0,696913000.0,19700000.0,,,435893000.0,435893000.0,30911000.0,51080000.0,104994000.0,5.290000000000001,5.24,,0.21,80922000.0,,0.0,,,20900000.0,7800000.0,,7600000.0,7600000.0,7600000.0,7600000.0,86000000.0,65100000.0,459011000.0,324695000.0,-12107000.0,163270000.0,40100000.0,0.0,,,640818000.0,,2400000.0,151233000.0,,83822000.0,102400000.0,,-3219000.0,134572000.0,1071000.0,-4919000.0,-430000.0,24627000.0,-1469000.0,-1000000.0,98037000.0,130931000.0,,59814000.0,,-41071000.0,,6133000.0,21580000.0,,65070000.0,105157000.0,40427000.0,,,,39901000.0,,21977000.0,224000.0,1926213000.0,49486000.0,,,,,,,,,,2990263000.0,5091647000.0,1352348000.0,,,,,250706000.0,248800000.0,250700000.0,307100000.0,342500000.0,,,898398000.0,,,1300000.0,,-208080000.0,,-886773000.0,,1087841000.0,,578266000.0,,4.0,5.0,803761000.0,129406000.0,,,,,,,,117800000.0,34900000.0,,13700000.0,20700000.0,29900000.0,18600000.0,98700000.0,,35845000.0,,,38398000.0,,,,96056000.0,,,1288000.0,150338000.0,,104994000.0,20530000.0,0.0,995650000.0,100.0,10000000.0,0.0,0.0,4716860000.0,147195000.0,,,0.0,3204715000.0,,110165000.0,,5329243000.0,3445111000.0,,,381600000.0,3137900000.0,0.0,4188435000.0,10932716000.0,,,,,,260000000.0,275139000.0,,47369000.0,,,,,,,0.0,,,,,,,2101384000.0,,,-19563000.0,,,,,,,,,371000000.0,,,,,58388607.0,1300000.0,2429179000.0,150338000.0,52200000.0,2400000.0,0.0,4600000.0,13900000.0,,4600000.0,43100000.0,,1053000.0,110428000.0,109375000.0,
2019-03-31,2019-04-26,10-Q,HUNT J B TRANSPORT SERVICES INC,JBHT,CIK0000728535,USD,,594704000.0,1002483000.0,,1913831000.0,0.0,,13571000.0,,,,,2200000.0,,5327282000.0,1438159000.0,,,,49639000.0,52363000.0,44763000.0,,,0.26,,,,,,,,1921832000.0,,,,,,,,25030000.0,,,,,,,,,,,,,,,,,,,,,668490000.0,,,,,,119930000.0,119930000.0,8198000.0,13160000.0,28272000.0,1.1,1.09,,0.227,63991000.0,,,,,23100000.0,,12800000.0,14200000.0,14200000.0,14200000.0,14200000.0,151500000.0,128400000.0,112125000.0,,-2252000.0,45038000.0,68500000.0,0.0,,,154762000.0,,,35161000.0,,2163000.0,,,,,,,,,,,-14325000.0,-58109000.0,,-38783000.0,,12213000.0,,54421000.0,-920000.0,900000.0,,196940000.0,13033000.0,,,,14363000.0,,,,516326000.0,,,,,,,,,,9400000.0,,5327282000.0,998239000.0,,,,,,,,,,,,1284550000.0,,,,,104726000.0,,-310704000.0,,250741000.0,,119601000.0,,,4.0,167795000.0,28994000.0,8484000.0,9400000.0,116700000.0,38500000.0,78200000.0,9600000.0,117500000.0,126100000.0,38400000.0,7200000.0,15000000.0,22900000.0,32900000.0,9700000.0,,0.035,72063000.0,,,152445000.0,,,,172239000.0,,,15000.0,0.0,,28272000.0,2520000.0,98543000.0,257658000.0,,,,,383313000.0,,,,700000000.0,730618000.0,,45512000.0,,5453569000.0,3539738000.0,,,,1045100000.0,250000000.0,,2089627000.0,,,23700000.0,,,,267481000.0,,13571000.0,,,,,,,,,,,,,,2203764000.0,,,-2520000.0,,,,,,,,,371000000.0,,,,,,0.0,,,49500000.0,,,5300000.0,,,,40900000.0,,,109664000.0,108730000.0,
2019-06-30,2019-07-26,10-Q,HUNT J B TRANSPORT SERVICES INC,JBHT,CIK0000728535,USD,,640324000.0,1040153000.0,,1957782000.0,0.0,,14732000.0,,,,,3500000.0,,5420739000.0,1384364000.0,,,,,6875000.0,,,0.26,0.26,,,,,,,,2068554000.0,,,,,,,,,,,,,,,,,,,,,,,,,,,,,676062000.0,,,,,,123995000.0,,8578000.0,13565000.0,28006000.0,1.24,1.23,,0.251,59282000.0,,,,,26700000.0,,12100000.0,10800000.0,10800000.0,11200000.0,12700000.0,131800000.0,105100000.0,118037000.0,,,46539000.0,88300000.0,,,,178330000.0,,,44697000.0,,,,,,,,,,,,,,,,,,,,,,1000000.0,,193403000.0,14763000.0,,,,,,,,535147000.0,,,,,,,,,,9700000.0,,5420739000.0,1061522000.0,,,,,0.0,,,,,,,1372143000.0,,,,,,,,,,,133633000.0,,,5.0,193093000.0,52013000.0,,10700000.0,123400000.0,41500000.0,81900000.0,10900000.0,124300000.0,133100000.0,41700000.0,7600000.0,15800000.0,24600000.0,34500000.0,8900000.0,,0.035,84247000.0,,,164887000.0,,,,175656000.0,,,,,,,,,,,,,,337336000.0,,,,,,,,,5635867000.0,3678085000.0,,,,,,,2261647000.0,,,16500000.0,,,,277669000.0,,,,,,,,,,,,,,,,2135356000.0,,,967000.0,,,,,,,,,181000000.0,,,,,,,,189734000.0,50200000.0,,,6100000.0,,,,41500000.0,,,108373000.0,107387000.0,
2019-09-30,2019-11-01,10-Q,HUNT J B TRANSPORT SERVICES INC,JBHT,CIK0000728535,USD,,654959000.0,1051027000.0,,1964927000.0,0.0,,13850000.0,,,,,3500000.0,,5386337000.0,1383456000.0,,,,,75132000.0,,,0.26,0.26,,,,,,,,2195798000.0,,,,,,,,,,,,,,,,,,,,,,,,,,,,,644105000.0,,,,,,126803000.0,,8639000.0,14266000.0,27809000.0,1.11,1.1,,0.239,66692000.0,,,,,30200000.0,,12400000.0,10800000.0,10800000.0,11200000.0,12700000.0,131800000.0,101600000.0,114764000.0,,,49077000.0,88300000.0,,,,155505000.0,,,37095000.0,,,,,,,,,,,,,,,,,,,,,,1000000.0,,189863000.0,12357000.0,,,,,,,,554872000.0,,,131100000.0,8300000.0,6400000.0,15200000.0,24200000.0,34200000.0,42800000.0,9200000.0,,5386337000.0,1075024000.0,,,,,0.0,,,,,,,1293312000.0,,,,,,,,,,,118410000.0,,,5.0,167862000.0,43956000.0,,11800000.0,121900000.0,42200000.0,79700000.0,12100000.0,122800000.0,,,,,,,,,0.035,71615000.0,,,162656000.0,,,,180367000.0,,,,,,,,,,,,,,257297000.0,,,,,,,,,5615289000.0,3650362000.0,,,,,,,2363660000.0,,,8700000.0,,,,281758000.0,,,,,,,,,,,,,,,,2193529000.0,,,-10332000.0,,,,,,,,,145000000.0,,,,,,380000.0,,35946000.0,52400000.0,,,5300000.0,,,,43200000.0,,,107692000.0,106735000.0,
2019-12-31,2020-03-02,10-K,HUNT J B TRANSPORT SERVICES INC,JBHT,CIK0000728535,USD,230331000.0,602601000.0,1011829000.0,,2019940000.0,0.0,374049000.0,53324000.0,,,,,12400000.0,0.0,5470854000.0,1481299000.0,,302184000.0,,25505000.0,35000000.0,27400000.0,27400000.0,1.04,1.3,0.01,1000000000.0,167099432.0,106212908.0,1671000.0,,,8431433000.0,87977000.0,108958000.0,20981000.0,,,20400000.0,51229000.0,55617000.0,810231000.0,699078000.0,4388000.0,,118648000.0,,,111153000.0,,7495000.0,6357000.0,4925000.0,24521000.0,8052000.0,9867000.0,27180000.0,7495000.0,699078000.0,,39285000.0,,11916000.0,729016000.0,20800000.0,,,499145000.0,499145000.0,34797000.0,55336000.0,111817000.0,6.17,6.119999999999999,,0.21,68220000.0,,0.0,,,33300000.0,13600000.0,,11700000.0,11700000.0,11700000.0,11900000.0,139800000.0,106500000.0,463195000.0,442183000.0,-13057000.0,191933000.0,96326000.0,0.0,,,680895000.0,,3200000.0,164575000.0,,71681000.0,60900000.0,,0.0,142988000.0,1688000.0,-1238000.0,482000.0,19293000.0,1562000.0,200000.0,-85327000.0,-50310000.0,,-59361000.0,,41447000.0,,4975000.0,-20727000.0,,106506000.0,,54684000.0,,,,46721000.0,,21106000.0,1754000.0,2167851000.0,58692000.0,,133700000.0,10000000.0,5200000.0,14600000.0,24000000.0,35000000.0,44900000.0,9200000.0,3203825000.0,5470854000.0,1035766000.0,,,,,0.0,694000000.0,,248600000.0,,353100000.0,,1295740000.0,,,2700000.0,4837747000.0,-266985000.0,,-803962000.0,,1098347000.0,,660996000.0,,4.0,5.0,938899000.0,157251000.0,,43500000.0,,,,44500000.0,,,,,,,,,,0.0346,85355000.0,,,165857000.0,,,,173241000.0,,,111000.0,275657000.0,,111817000.0,,115654000.0,854115000.0,100.0,10000000.0,0.0,0.0,202832000.0,183033000.0,,,700000000.0,1591014000.0,,165918000.0,,5640806000.0,3620866000.0,,,938000000.0,1904000000.0,250000000.0,4592938000.0,11615581000.0,,,61600000.0,,,263000000.0,279590000.0,,53324000.0,,,,,,,,,,,,,,2267029000.0,,,-16525000.0,,,,,,,,,95000000.0,,,,,60886524.0,2800000.0,2701629000.0,275657000.0,50600000.0,6500000.0,0.0,4800000.0,11000000.0,,6100000.0,41800000.0,,978000.0,108307000.0,107329000.0,39517000.0
2020-03-31,2020-05-01,10-Q,HUNT J B TRANSPORT SERVICES INC,JBHT,CIK0000728535,USD,,497649000.0,978280000.0,,2064273000.0,,,18063000.0,,,,,,,5380042000.0,1397969000.0,,,,22395000.0,48454000.0,13454000.0,13454000.0,0.27,0.27,,,,,,,,2126085000.0,,,,,,,,15470000.0,,714548000.0,,,,,,,,,,,,,,,,,,,,,,,,,130095000.0,130095000.0,8031000.0,13312000.0,28688000.0,0.99,0.98,,0.265,75736000.0,,,,,,,,,,,,,,101123000.0,,-1472000.0,45165000.0,,,,,142705000.0,,,37871000.0,,1173000.0,,,,,,,,,,,-5392000.0,-33549000.0,,-15438000.0,,23066000.0,,60029000.0,-7938000.0,1000000.0,,,12036000.0,,,,21673000.0,,,,574249000.0,,,,,,,,,,,,5380042000.0,909376000.0,,,,,,,,,,,,1302756000.0,,,,,-107001000.0,,-128708000.0,,249163000.0,,104834000.0,,,5.0,154741000.0,32361000.0,,,,,,,,,,,,,,,,,70451000.0,,,164336000.0,,,,170944000.0,,,-28000.0,75193000.0,,28688000.0,,0.0,166814000.0,,,,,199437000.0,371235000.0,,,0.0,220607000.0,,38078000.0,,5682573000.0,3618300000.0,,,,220100000.0,0.0,,2280826000.0,,,,,,,265540000.0,,18063000.0,,,,,,,,,,,,,,2282418000.0,,,-3627000.0,,,,,,,,,520000000.0,,,,,,800000.0,,75193000.0,52900000.0,,,4200000.0,,,,43600000.0,,,106950000.0,105985000.0,
2020-06-30,2020-07-28,10-Q,HUNT J B TRANSPORT SERVICES INC,JBHT,CIK0000728535,USD,,513517000.0,950636000.0,,2104148000.0,,,16002000.0,,,,,,,5553632000.0,1544697000.0,,,,,274654000.0,,,0.27,0.27,,,,,,,,1970390000.0,,,,,,,,,,699698000.0,,,,,,,,,,,,,,,,,,,,,,,,,130298000.0,,8001000.0,13567000.0,28487000.0,1.15,1.14,,0.25,98692000.0,,,,,,,,,,,,,,75459000.0,,,44599000.0,,,,,162365000.0,,,40667000.0,,,,,,,,,,,,,,,,,,,,,,1100000.0,,,12818000.0,,,,,,,,554136000.0,,,,,,,,,,,,5553632000.0,970682000.0,,,,,,,,,,,,1307019000.0,,,,,,,,,,,121698000.0,,,5.0,175183000.0,30899000.0,,,,,,,,,,,,,,,,,88648000.0,,,186497000.0,,,,185390000.0,,,,,,,,,,,,,,196042000.0,319407000.0,,,,,,,,5730544000.0,3626396000.0,,,,,,,2145573000.0,,,,,,,269825000.0,,,,,,,,,,,,,,,,2390843000.0,,,-788000.0,,,,,,,,,520000000.0,,,,,,0.0,,0.0,54300000.0,,,5000000.0,,,,44700000.0,,,106580000.0,105505000.0,
2020-09-30,2020-10-29,10-Q,HUNT J B TRANSPORT SERVICES INC,JBHT,CIK0000728535,USD,,603523000.0,1121825000.0,,2159710000.0,,,14594000.0,,,,,,,5779062000.0,1728598000.0,,,,,318549000.0,,,0.27,0.27,,,,,,,,2297020000.0,,,,,,,,,,711301000.0,,,,,,,,,,,,,,,,,,,,,,,,,132392000.0,,8678000.0,13696000.0,28533000.0,1.19,1.18,,0.233,145110000.0,,,,,,,,,,,,,,87350000.0,,,41894000.0,,,,,163608000.0,,,38112000.0,,,,,,,,,,,,,,,,,,,,,,1100000.0,,,11895000.0,,,,,,,,594162000.0,,,,,,,,,,,,5779062000.0,1095423000.0,,,,,,,,,,,,1303353000.0,,,,,,,,,,,125496000.0,,,5.0,175503000.0,35412000.0,,,,,,,,,,,,,,,,,73702000.0,,,175412000.0,,,,181561000.0,,,,,,,,,,,,,,192648000.0,288224000.0,,,,,,,,5842114000.0,3682404000.0,,,,,,,2472523000.0,,,,,,,273088000.0,,,,,,,,,,,,,,,,2487424000.0,,,-14976000.0,,,,,,,,,520000000.0,,,,,,,,0.0,55200000.0,,,5500000.0,,,,45400000.0,,,106798000.0,105653000.0,
2020-12-31,2021-02-23,10-K,HUNT J B TRANSPORT SERVICES INC,JBHT,CIK0000728535,USD,185849000.0,587510000.0,1124403000.0,,2219816000.0,0.0,408244000.0,60698000.0,,18400000.0,5600000.0,500000.0,13800000.0,,5928348000.0,1842117000.0,,307869000.0,,12533000.0,313302000.0,,278302000.0,1.08,1.35,0.01,1000000000.0,167099432.0,105653644.0,1671000.0,,,8923454000.0,138952000.0,167046000.0,28094000.0,,,23100000.0,-2392000.0,-7056000.0,829212000.0,692022000.0,-4664000.0,,145650000.0,,,137190000.0,,8460000.0,4237000.0,10809000.0,25702000.0,9270000.0,10312000.0,24304000.0,8460000.0,692022000.0,,42126000.0,,5251000.0,748883000.0,24500000.0,,,527375000.0,527375000.0,33511000.0,54331000.0,114234000.0,6.25,6.18,,0.21,130943000.0,,0.0,,,47100000.0,14000000.0,,13600000.0,13700000.0,13700000.0,13700000.0,153900000.0,106800000.0,357483000.0,547034000.0,-4389000.0,180083000.0,105367000.0,0.0,,,666025000.0,,2900000.0,159990000.0,,95454000.0,3100000.0,,0.0,139865000.0,1344000.0,-3503000.0,2115000.0,20071000.0,98000.0,0.0,-5482000.0,109758000.0,,69932000.0,,57851000.0,,18038000.0,-9072000.0,,106755000.0,212122000.0,47580000.0,,,,48351000.0,,23804000.0,486000.0,2347716000.0,62145000.0,,144900000.0,15500000.0,6400000.0,12400000.0,23900000.0,37600000.0,49100000.0,9400000.0,3328210000.0,5928348000.0,1084803000.0,,,,,0.0,,,,249100000.0,,361300000.0,1305424000.0,,,3800000.0,4991662000.0,-231600000.0,,-612957000.0,,1122859000.0,,660042000.0,,5.0,5.0,920810000.0,134482000.0,,50200000.0,,,,49700000.0,,,,,,,,,,0.0305,90294000.0,,,185215000.0,,,,245961000.0,,,52000.0,92548000.0,,114234000.0,,12136000.0,738545000.0,100.0,10000000.0,0.0,0.0,194759000.0,194759000.0,,,0.0,222124000.0,,137776000.0,,5908710000.0,3688894000.0,,,1120000000.0,220100000.0,0.0,4984739000.0,12374225000.0,,,57000000.0,,,257000000.0,276056000.0,,60698000.0,,,,,,,,,,,,,,2600138000.0,,,-26842000.0,,,,,,,,,503000000.0,,,,,61445788.0,942000.0,2794516000.0,92548000.0,66100000.0,,1000000.0,5600000.0,9800000.0,13900000.0,7200000.0,57100000.0,,1066000.0,106766000.0,105700000.0,45985000.0
2021-03-31,2021-05-03,10-Q,HUNT J B TRANSPORT SERVICES INC,JBHT,CIK0000728535,USD,,641887000.0,1219162000.0,,2302310000.0,,,14967000.0,,15600000.0,,3400000.0,,,6162606000.0,2131999000.0,,,,23630000.0,552970000.0,,239668000.0,0.28,0.28,,,,,,,,2410497000.0,,,,,,,,30996000.0,,723018000.0,,,,,,,,,,,,,,,,,,,,,,,,,137545000.0,137545000.0,9146000.0,13814000.0,29597000.0,1.39,1.37,,0.251,161311000.0,,,,,,,,,,,,,,113040000.0,,-1147000.0,44891000.0,,,,,195628000.0,,,49022000.0,,3779000.0,,,,,,,,,,,43280000.0,94759000.0,,11797000.0,,12156000.0,,-46385000.0,2242000.0,1100000.0,,208399000.0,12024000.0,,,,21343000.0,,,,620032000.0,,,,,,,,,,,,6162606000.0,1166400000.0,,,,,,,,,,,,1301430000.0,,,,,-39140000.0,,-85850000.0,,364658000.0,,146606000.0,,,5.0,207652000.0,38030000.0,,,,,,,,,,,,,,,,,83887000.0,,,171287000.0,,,,249692000.0,,,-4000.0,5239000.0,,29597000.0,,,108775000.0,,,,,359867000.0,,,,,505000.0,,22921000.0,,5953231000.0,3650921000.0,600000.0,,,0.0,,,2618149000.0,,,,,,,279315000.0,,14967000.0,,,,,,,,,,,,,,2722066000.0,,,-4809000.0,,,,,,,,,498000000.0,,,,,,34000.0,,5239000.0,68200000.0,,,6400000.0,,,,58800000.0,,,106816000.0,105678000.0,
2021-06-30,2021-08-03,10-Q,HUNT J B TRANSPORT SERVICES INC,JBHT,CIK0000728535,USD,,674856000.0,1293924000.0,,2390467000.0,,,16498000.0,,16300000.0,,200000.0,,,6323394000.0,2209299000.0,,,,,570918000.0,,,0.3,,,,,,,,,2666824000.0,,,,,,,,,,728968000.0,,,,,,,,,,,,,,,,,,,,,,,,,139371000.0,,8668000.0,14209000.0,31704000.0,1.63,1.61,,0.25,174718000.0,,,,,,,,,,,,,,126841000.0,,,47505000.0,,,,,229487000.0,,,57325000.0,,,,,,,,,,,,,,,,,,,,,,1300000.0,,204886000.0,12059000.0,,,,,,,,665471000.0,,,,,,,,,,,,6323394000.0,1228355000.0,,,,,,,,,,,,1303467000.0,,,,,,,,,,,172162000.0,,,,241546000.0,35508000.0,,,,,,,,,,,,,,,,,96450000.0,,,191481000.0,,,,263576000.0,,,,,,,,,,,,,,344457000.0,,,,,,,,,6108195000.0,3717728000.0,800000.0,,,,,,2908370000.0,,,,,,,282331000.0,,,,,,,,,,,,,,,,2799028000.0,,,1347000.0,,,,,,,,,416000000.0,,,,,,484000.0,,81341000.0,70400000.0,,,7200000.0,,,,60500000.0,,,106816000.0,105509000.0,
2021-09-30,2021-10-28,10-Q,HUNT J B TRANSPORT SERVICES INC,JBHT,CIK0000728535,USD,,749071000.0,1442948000.0,,2495557000.0,,,15946000.0,,17000000.0,,300000.0,,,6513190000.0,2265147000.0,,,,,529595000.0,,,0.3,,,,,,,,,2870983000.0,,,,,,,,,,730588000.0,,,,,,,,,,,,,,,,,,,,,,,,,138923000.0,,8450000.0,15464000.0,31590000.0,1.9,1.88,,0.237,163940000.0,,,,,,,,,,,,,,139155000.0,,,50266000.0,,,,,261852000.0,,,62023000.0,,,,,,,,,,,,,,,,,,,,,,1300000.0,,201706000.0,11977000.0,,,,,,,,711694000.0,,,,,,,,,,,,6513190000.0,1644627000.0,,,,,354755000.0,,,,,,,944887000.0,,,,,,,,,,,199829000.0,,,,273829000.0,41254000.0,,,,,,,,,,,,,,,,,88724000.0,,,191753000.0,,,,270860000.0,,,,,,,,,,,,,,292604000.0,,,,,,,,,6350141000.0,3854584000.0,1100000.0,,,,,,3144812000.0,,,,,,,288137000.0,,,,,,,,,,,,,,,,2922228000.0,,,-10649000.0,,,,,,,,,366000000.0,,,,,,286000.0,,50336000.0,72800000.0,,,8000000.0,,,,62400000.0,,,106436000.0,105173000.0,
2021-12-31,2022-02-25,10-K,HUNT J B TRANSPORT SERVICES INC,JBHT,CIK0000728535,USD,216615000.0,772736000.0,1506619000.0,,2612661000.0,0.0,448217000.0,61505000.0,,,2600000.0,4200000.0,14300000.0,,6794348000.0,2313369000.0,,318222000.0,,60464000.0,355549000.0,,42247000.0,1.18,0.3,0.01,1000000000.0,167099432.0,105093706.0,1671000.0,,,11122772000.0,142542000.0,185546000.0,43004000.0,,,26000000.0,43900000.0,53420000.0,905037000.0,745442000.0,9520000.0,,166898000.0,,,159595000.0,,7303000.0,5549000.0,22061000.0,28937000.0,8886000.0,12870000.0,27487000.0,7303000.0,745442000.0,,44132000.0,,0.0,816744000.0,28100000.0,,,557093000.0,557093000.0,34865000.0,59462000.0,124442000.0,7.22,7.14,,0.21,190950000.0,,0.0,,,61300000.0,13500000.0,,,13100000.0,13200000.0,,151900000.0,90600000.0,530642000.0,,-5540000.0,195616000.0,100521000.0,,,,999772000.0,,3500000.0,238966000.0,,203740000.0,33700000.0,,,209952000.0,130000.0,-7583000.0,1492000.0,37223000.0,-724000.0,1524000.0,140295000.0,382216000.0,,-16848000.0,,-30633000.0,,15252000.0,35051000.0,,90572000.0,,46251000.0,,,,47016000.0,,25032000.0,493000.0,2761680000.0,67540000.0,,190500000.0,37800000.0,10800000.0,16800000.0,25700000.0,40800000.0,58600000.0,8200000.0,3676532000.0,6794348000.0,1729600000.0,,,,,355972000.0,,356000000.0,695900000.0,,249300000.0,,945257000.0,,,5000000.0,5667131000.0,-304633000.0,,-877018000.0,,1223898000.0,,760806000.0,,5.0,5.0,1045530000.0,165052000.0,,58600000.0,,,,59500000.0,,,,,,,,,,0.0197,102732000.0,,,222231000.0,,,,256233000.0,,,0.0,151720000.0,,124442000.0,,0.0,947563000.0,100.0,10000000.0,0.0,0.0,209554000.0,,,,0.0,0.0,,70545000.0,,6680316000.0,4067655000.0,,,1880000000.0,0.0,0.0,5621103000.0,12168302000.0,,,101900000.0,,,287000000.0,307210000.0,,61505000.0,,,,,,,,,,,,,,3117816000.0,,,-28471000.0,,,,,,,,,351100000.0,,,,,62005726.0,879000.0,2953175000.0,151720000.0,78500000.0,,900000.0,6400000.0,14900000.0,4800000.0,6400000.0,67200000.0,,1234000.0,106593000.0,105359000.0,55137000.0
