end,filed,form,Name,Ticker,CIK,Currency,AccountsPayableAndAccruedLiabilitiesCurrent,AccountsPayableCurrent,AccountsPayableTradeCurrent,AccountsReceivableNetCurrent,AccruedBonusesCurrentAndNoncurrent,AccruedIncomeTaxesCurrent,AccruedIncomeTaxesNoncurrent,AccruedInsuranceCurrent,AccruedLiabilitiesCurrent,AccruedSalariesCurrent,AccumulatedDepreciationDepletionAndAmortizationPropertyPlantAndEquipment,AccumulatedOtherComprehensiveIncomeLossNetOfTax,AdditionalPaidInCapital,AdjustmentsToAdditionalPaidInCapitalIncomeTaxDeficiencyFromShareBasedCompensation,AdjustmentsToAdditionalPaidInCapitalSharebasedCompensationRequisiteServicePeriodRecognitionValue,AdjustmentsToAdditionalPaidInCapitalTaxEffectFromShareBasedCompensation,AllocatedShareBasedCompensationExpense,AllocatedShareBasedCompensationExpenseNetOfTax,AllowanceForDoubtfulAccountsReceivable,AllowanceForDoubtfulAccountsReceivableCurrent,AllowanceForDoubtfulAccountsReceivableWriteOffs,AmortizationOfFinancingCosts,AmortizationOfIntangibleAssets,AntidilutiveSecuritiesExcludedFromComputationOfEarningsPerShareAmount,AssetImpairmentCharges,Assets,AssetsCurrent,AssetsFairValueDisclosureRecurring,AssetsHeldForSaleCurrent,BankOverdrafts,BusinessCombinationContingentConsiderationArrangementsChangeInAmountOfContingentConsiderationLiability1,BusinessCombinationContingentConsiderationLiabilityCurrent,CapitalizedComputerSoftwareGross,CapitalizedContractCostAmortization,CapitalLeaseObligationsCurrent,CapitalLeaseObligationsNoncurrent,CapitalLeasesFutureMinimumPaymentsDueCurrent,CapitalLeasesFutureMinimumPaymentsDueInFiveYears,CapitalLeasesFutureMinimumPaymentsDueInFourYears,CapitalLeasesFutureMinimumPaymentsDueInThreeYears,CapitalLeasesFutureMinimumPaymentsDueInTwoYears,CapitalLeasesFutureMinimumPaymentsDueThereafter,CapitalLeasesFutureMinimumPaymentsInterestIncludedInPayments,CapitalLeasesFutureMinimumPaymentsNetMinimumPayments1,CapitalLeasesFutureMinimumPaymentsPresentValueOfNetMinimumPayments,CashAndCashEquivalentsAtCarryingValue,CashAndCashEquivalentsPeriodIncreaseDecrease,CashCashEquivalentsRestrictedCashAndRestrictedCashEquivalents,CashCashEquivalentsRestrictedCashAndRestrictedCashEquivalentsPeriodIncreaseDecreaseIncludingExchangeRateEffect,CashSurrenderValueOfLifeInsurance,CashUninsuredAmount,CommonStockParOrStatedValuePerShare,CommonStockSharesAuthorized,CommonStockSharesIssued,CommonStockSharesOutstanding,CommonStockValue,CommonStockValueOutstanding,ComprehensiveIncomeNetOfTax,ContractWithCustomerLiabilityCurrent,ContractWithCustomerLiabilityNoncurrent,ContractWithCustomerLiabilityRevenueRecognized,ConvertiblePreferredStockSharesIssuedUponConversion,CostOfGoodsAndServicesSold,CostOfGoodsAndServicesSoldDepreciation,CostOfRevenue,CumulativeEffectOfNewAccountingPrincipleInPeriodOfAdoption,CurrentFederalTaxExpenseBenefit,CurrentForeignTaxExpenseBenefit,CurrentIncomeTaxExpenseBenefit,CurrentStateAndLocalTaxExpenseBenefit,CustomerDepositsCurrent,DebtConversionConvertedInstrumentAmount1,DebtInstrumentCarryingAmount,DebtInstrumentInterestRateStatedPercentage,DebtInstrumentUnamortizedDiscount,DebtInstrumentUnamortizedDiscountPremiumNet,DebtIssuanceCosts,DeferredCompensationLiabilityCurrent,DeferredFederalIncomeTaxExpenseBenefit,DeferredFinanceCostsGross,DeferredFinanceCostsNoncurrentNet,DeferredForeignIncomeTaxExpenseBenefit,DeferredIncomeTaxExpenseBenefit,DeferredIncomeTaxLiabilities,DeferredIncomeTaxLiabilitiesNet,DeferredRentCreditNoncurrent,DeferredRevenueCurrent,DeferredRevenueNoncurrent,DeferredRevenueRevenueRecognized1,DeferredStateAndLocalIncomeTaxExpenseBenefit,DeferredTaxAssetsDeferredIncome,DeferredTaxAssetsGross,DeferredTaxAssetsLiabilitiesNet,DeferredTaxAssetsNetCurrent,DeferredTaxAssetsNetNoncurrent,DeferredTaxAssetsOperatingLossCarryforwards,DeferredTaxAssetsOther,DeferredTaxAssetsStateTaxes,DeferredTaxAssetsTaxDeferredExpenseCompensationAndBenefitsEmployeeBonuses,DeferredTaxAssetsTaxDeferredExpenseCompensationAndBenefitsEmployeeCompensation,DeferredTaxAssetsTaxDeferredExpenseCompensationAndBenefitsShareBasedCompensationCost,DeferredTaxAssetsTaxDeferredExpenseReservesAndAccrualsAccruedLiabilities,DeferredTaxAssetsTaxDeferredExpenseReservesAndAccrualsAllowanceForDoubtfulAccounts,DeferredTaxAssetsTaxDeferredExpenseReservesAndAccrualsDeferredRent,DeferredTaxAssetsTaxDeferredExpenseReservesAndAccrualsLossReserves,DeferredTaxAssetsValuationAllowance,DeferredTaxLiabilities,DeferredTaxLiabilitiesGoodwillAndIntangibleAssetsIntangibleAssets,DeferredTaxLiabilitiesNoncurrent,DeferredTaxLiabilitiesOther,DeferredTaxLiabilitiesPrepaidExpenses,DeferredTaxLiabilitiesPropertyPlantAndEquipment,DeferredTaxLiabilityNotRecognizedAmountOfUnrecognizedDeferredTaxLiabilityPolicyholdersSurplus,DeferredTaxLiabilityNotRecognizedCumulativeAmountOfTemporaryDifference,DepreciationAndAmortization,DepreciationDepletionAndAmortization,DiscontinuedOperationAmountOfOtherIncomeLossFromDispositionOfDiscontinuedOperationsBeforeIncomeTax,DiscontinuedOperationGainLossOnDisposalOfDiscontinuedOperationNetOfTax,EarningsPerShareBasic,EarningsPerShareDiluted,EffectiveIncomeTaxRateContinuingOperations,EffectiveIncomeTaxRateReconciliationAtFederalStatutoryIncomeTaxRate,EffectiveIncomeTaxRateReconciliationOtherAdjustments,EffectiveIncomeTaxRateReconciliationStateAndLocalIncomeTaxes,EffectiveIncomeTaxRateReconciliationTaxContingenciesDomestic,EffectOfExchangeRateOnCashAndCashEquivalents,EffectOfExchangeRateOnCashCashEquivalentsRestrictedCashAndRestrictedCashEquivalents,EmployeeRelatedLiabilitiesCurrent,EmployeeServiceShareBasedCompensationTaxBenefitFromCompensationExpense,ExcessTaxBenefitFromShareBasedCompensationFinancingActivities,ExcessTaxBenefitFromShareBasedCompensationOperatingActivities,ExtinguishmentOfDebtGainLossNetOfTax,FairValueOfAssetsAcquired,FiniteLivedIntangibleAssetsAccumulatedAmortization,FiniteLivedIntangibleAssetsAmortizationExpenseAfterYearFive,FiniteLivedIntangibleAssetsAmortizationExpenseNextTwelveMonths,FiniteLivedIntangibleAssetsAmortizationExpenseYearFive,FiniteLivedIntangibleAssetsAmortizationExpenseYearFour,FiniteLivedIntangibleAssetsAmortizationExpenseYearThree,FiniteLivedIntangibleAssetsAmortizationExpenseYearTwo,FiniteLivedIntangibleAssetsGross,FiniteLivedIntangibleAssetsNet,FurnitureAndFixturesGross,GainLossOnDispositionOfAssets,GainsLossesOnExtinguishmentOfDebt,Goodwill,GoodwillAcquiredDuringPeriod,GoodwillImpairedAccumulatedImpairmentLoss,GoodwillImpairmentLoss,GoodwillPeriodIncreaseDecrease,GoodwillPurchaseAccountingAdjustments,GrossProfit,ImpairmentOfIntangibleAssetsIndefinitelivedExcludingGoodwill,IncomeLossAttributableToParent,IncomeLossFromContinuingOperationsBeforeIncomeTaxesExtraordinaryItemsNoncontrollingInterest,IncomeLossFromContinuingOperationsBeforeIncomeTaxesMinorityInterestAndIncomeLossFromEquityMethodInvestments,IncomeLossFromContinuingOperationsIncludingPortionAttributableToNoncontrollingInterest,IncomeLossFromContinuingOperationsPerBasicShare,IncomeLossFromContinuingOperationsPerDilutedShare,IncomeLossFromDiscontinuedOperationsNetOfTax,IncomeLossFromDiscontinuedOperationsNetOfTaxPerBasicShare,IncomeLossFromDiscontinuedOperationsNetOfTaxPerDilutedShare,IncomeTaxExpenseBenefit,IncomeTaxExpenseBenefitContinuingOperations,IncomeTaxesPaidNet,IncomeTaxesReceivable,IncomeTaxReconciliationChangeInEnactedTaxRate,IncomeTaxReconciliationIncomeTaxExpenseBenefitAtFederalStatutoryIncomeTaxRate,IncomeTaxReconciliationNondeductibleExpenseImpairmentLosses,IncomeTaxReconciliationNondeductibleExpenseMealsAndEntertainment,IncomeTaxReconciliationNondeductibleExpenseShareBasedCompensationCost,IncomeTaxReconciliationOtherAdjustments,IncomeTaxReconciliationStateAndLocalIncomeTaxes,IncomeTaxReconciliationTaxContingencies,IncreaseDecreaseInAccountsPayableAndAccruedLiabilities,IncreaseDecreaseInAccountsReceivable,IncreaseDecreaseInContractWithCustomerLiability,IncreaseDecreaseInDeferredRevenue,IncreaseDecreaseInEmployeeRelatedLiabilities,IncreaseDecreaseInIncomeTaxesReceivable,IncreaseDecreaseInOtherCurrentAssets,IncreaseDecreaseInOtherNoncurrentAssets,IncreaseDecreaseInOtherOperatingAssets,IncreaseDecreaseInOtherOperatingLiabilities,IncreaseDecreaseInPrepaidDeferredExpenseAndOtherAssets,IncreaseDecreaseInPrepaidExpense,IncreaseDecreaseInRestrictedCash,IncreaseDecreaseInRestrictedCashAndInvestmentsForOperatingActivities,IncreaseDecreaseInRestrictedCashForOperatingActivities,IntangibleAssetsNetExcludingGoodwill,IntangibleAssetsNetIncludingGoodwill,InterestExpense,InterestPaidCapitalized,InterestPaidNet,InvestmentIncomeAmortizationOfDiscount,LeaseAndRentalExpense,LeaseCost,LeaseholdImprovementsGross,LesseeOperatingLeaseDiscountRate,LesseeOperatingLeaseLiabilityPaymentsDue,LesseeOperatingLeaseLiabilityPaymentsDueAfterYearFive,LesseeOperatingLeaseLiabilityPaymentsDueNextTwelveMonths,LesseeOperatingLeaseLiabilityPaymentsDueYearFive,LesseeOperatingLeaseLiabilityPaymentsDueYearFour,LesseeOperatingLeaseLiabilityPaymentsDueYearThree,LesseeOperatingLeaseLiabilityPaymentsDueYearTwo,LesseeOperatingLeaseLiabilityPaymentsRemainderOfFiscalYear,LesseeOperatingLeaseLiabilityUndiscountedExcessAmount,Liabilities,LiabilitiesAndStockholdersEquity,LiabilitiesAssumed1,LiabilitiesCurrent,LiabilitiesOfAssetsHeldForSale,LiabilityForUncertainTaxPositionsNoncurrent,LineOfCreditFacilityMaximumBorrowingCapacity,LineOfCreditFacilityRemainingBorrowingCapacity,LineOfCreditFacilityUnusedCapacityCommitmentFeePercentage,LinesOfCreditCurrent,LoansAssumed1,LongTermDebt,LongTermDebtCurrent,LongTermDebtMaturitiesRepaymentsOfPrincipalAfterYearFive,LongTermDebtMaturitiesRepaymentsOfPrincipalInNextTwelveMonths,LongTermDebtMaturitiesRepaymentsOfPrincipalInYearFive,LongTermDebtMaturitiesRepaymentsOfPrincipalInYearFour,LongTermDebtMaturitiesRepaymentsOfPrincipalInYearThree,LongTermDebtMaturitiesRepaymentsOfPrincipalInYearTwo,LongTermDebtNoncurrent,LongTermLineOfCredit,LongTermNotesPayable,LossContingencyAccrualCarryingValueCurrent,LossContingencyAccrualCarryingValuePayments,NetCashProvidedByUsedInFinancingActivities,NetCashProvidedByUsedInInvestingActivities,NetCashProvidedByUsedInOperatingActivities,NetIncomeLoss,NetIncomeLossAvailableToCommonStockholdersBasic,NetIncomeLossAvailableToCommonStockholdersDiluted,NotesPayableCurrent,NumberOfBusinessesAcquired,NumberOfBusinessesAcquired,NumberOfOperatingSegments,NumberOfOperatingSegments,NumberOfReportableSegments,OperatingExpenses,OperatingIncomeLoss,OperatingLeaseCost,OperatingLeaseLiability,OperatingLeaseLiabilityCurrent,OperatingLeaseLiabilityNoncurrent,OperatingLeasePayments,OperatingLeaseRightOfUseAsset,OperatingLeasesFutureMinimumPaymentsDue,OperatingLeasesFutureMinimumPaymentsDueCurrent,OperatingLeasesFutureMinimumPaymentsDueFutureMinimumSubleaseRentals,OperatingLeasesFutureMinimumPaymentsDueInFiveYears,OperatingLeasesFutureMinimumPaymentsDueInFourYears,OperatingLeasesFutureMinimumPaymentsDueInThreeYears,OperatingLeasesFutureMinimumPaymentsDueInTwoYears,OperatingLeasesFutureMinimumPaymentsDueThereafter,OperatingLeasesFutureMinimumPaymentsReceivable,OperatingLeasesFutureMinimumPaymentsReceivableCurrent,OperatingLeasesFutureMinimumPaymentsReceivableInFiveYears,OperatingLeasesFutureMinimumPaymentsReceivableInFourYears,OperatingLeasesFutureMinimumPaymentsReceivableInThreeYears,OperatingLeasesFutureMinimumPaymentsReceivableInTwoYears,OperatingLeasesFutureMinimumPaymentsReceivableThereafter,OperatingLeasesFutureMinimumPaymentsRemainderOfFiscalYear,OperatingLeasesRentExpenseNet,OriginationOfNotesReceivableFromRelatedParties,OtherAccountsPayableAndAccruedLiabilities,OtherAssetsCurrent,OtherAssetsMiscellaneous,OtherAssetsMiscellaneousCurrent,OtherAssetsNoncurrent,OtherComprehensiveIncomeForeignCurrencyTransactionAndTranslationAdjustmentNetOfTaxPeriodIncreaseDecrease,OtherComprehensiveIncomeForeignCurrencyTransactionAndTranslationAdjustmentNetOfTaxPortionAttributableToParent,OtherComprehensiveIncomeLossCashFlowHedgeGainLossReclassificationAfterTax,OtherComprehensiveIncomeLossNetOfTaxPortionAttributableToParent,OtherComprehensiveIncomeUnrealizedGainLossOnDerivativesArisingDuringPeriodNetOfTax,OtherEmployeeRelatedLiabilitiesCurrent,OtherLiabilitiesCurrent,OtherLiabilitiesNoncurrent,OtherNoncashExpense,OtherNoncashIncomeExpense,OtherSundryLiabilitiesCurrent,OtherSundryLiabilitiesNoncurrent,ParticipatingSecuritiesDistributedAndUndistributedEarnings,ParticipatingSecuritiesDistributedAndUndistributedEarningsLossBasic,PaymentsForDerivativeInstrumentFinancingActivities,PaymentsForPreviousAcquisition,PaymentsForProceedsFromDerivativeInstrumentFinancingActivities,PaymentsForProceedsFromInvestments,PaymentsForProceedsFromLoansReceivable,PaymentsForRepurchaseOfCommonStock,PaymentsOfFinancingCosts,PaymentsRelatedToTaxWithholdingForShareBasedCompensation,PaymentsToAcquireBusinessesGross,PaymentsToAcquireBusinessesNetOfCashAcquired,PaymentsToAcquireEquityMethodInvestments,PaymentsToAcquireEquitySecuritiesFvNi,PaymentsToAcquireIntangibleAssets,PaymentsToAcquireInvestments,PaymentsToAcquireLifeInsurancePolicies,PaymentsToAcquireNotesReceivable,PaymentsToAcquirePropertyPlantAndEquipment,PaymentsToAcquireShortTermInvestments,PreferredStockParOrStatedValuePerShare,PreferredStockSharesAuthorized,PreferredStockSharesIssued,PreferredStockSharesOutstanding,PreferredStockValue,PrepaidExpenseAndOtherAssetsCurrent,PrepaidExpenseCurrent,ProceedsFromDerivativeInstrumentFinancingActivities,ProceedsFromIssuanceOfDebt,ProceedsFromIssuanceOfSecuredDebt,ProceedsFromIssuanceOfSeniorLongTermDebt,ProceedsFromIssuanceOfSharesUnderIncentiveAndShareBasedCompensationPlansIncludingStockOptions,ProceedsFromLinesOfCredit,ProceedsFromLongTermLinesOfCredit,ProceedsFromNotesPayable,ProceedsFromPreviousAcquisition,ProceedsFromRepaymentsOfBankOverdrafts,ProceedsFromRepaymentsOfLinesOfCredit,ProceedsFromSaleMaturityAndCollectionsOfInvestments,ProceedsFromSaleOfEquityMethodInvestments,ProceedsFromSaleOfOtherProductiveAssets,ProceedsFromSaleOfTradingSecuritiesHeldforinvestment,PropertyPlantAndEquipmentGross,PropertyPlantAndEquipmentNet,ProvisionForDoubtfulAccounts,RepaymentsOfAssumedDebt,RepaymentsOfDebt,RepaymentsOfLinesOfCredit,RepaymentsOfLongTermCapitalLeaseObligations,RepaymentsOfLongTermLinesOfCredit,RepaymentsOfNotesPayable,RepaymentsOfOtherDebt,RepaymentsOfSecuredDebt,RepaymentsOfSeniorDebt,RestrictedCashAndCashEquivalents,RestrictedCashAndCashEquivalentsNoncurrent,RestrictedCashAndInvestmentsNoncurrent,RestrictedInvestments,RetainedEarningsAccumulatedDeficit,RevenueFromContractWithCustomerExcludingAssessedTax,Revenues,RightOfUseAssetObtainedInExchangeForOperatingLeaseLiability,SegmentReportingInformationRevenue,SelfInsuranceReserveCurrent,SelfInsuranceReserveNoncurrent,SellingGeneralAndAdministrativeExpense,ShareBasedCompensation,ShareBasedCompensationArrangementByShareBasedPaymentAwardEquityInstrumentsOtherThanOptionsForfeitedInPeriod,ShareBasedCompensationArrangementByShareBasedPaymentAwardEquityInstrumentsOtherThanOptionsForfeituresWeightedAverageGrantDateFairValue,ShareBasedCompensationArrangementByShareBasedPaymentAwardEquityInstrumentsOtherThanOptionsNonvestedNumber,ShareBasedCompensationArrangementByShareBasedPaymentAwardEquityInstrumentsOtherThanOptionsNonvestedWeightedAverageGrantDateFairValue,ShareBasedCompensationArrangementByShareBasedPaymentAwardEquityInstrumentsOtherThanOptionsVestedInPeriod,ShareBasedCompensationArrangementByShareBasedPaymentAwardEquityInstrumentsOtherThanOptionsVestedInPeriodWeightedAverageGrantDateFairValue,ShareBasedCompensationArrangementByShareBasedPaymentAwardFairValueAssumptionsExpectedDividendPayments,ShortTermLeaseCost,StockholdersEquity,StockIssued1,StockIssuedDuringPeriodValueAcquisitions,StockIssuedDuringPeriodValueConversionOfConvertibleSecurities,StockIssuedDuringPeriodValueShareBasedCompensation,StockRepurchaseProgramAuthorizedAmount1,TemporaryEquityCarryingAmount,TemporaryEquityCarryingAmountAttributableToParent,TemporaryEquityParOrStatedValuePerShare,TemporaryEquitySharesAuthorized,TemporaryEquitySharesIssued,TemporaryEquitySharesOutstanding,TreasuryStockAcquiredAverageCostPerShare,TreasuryStockRetiredCostMethodAmount,TreasuryStockShares,TreasuryStockSharesAcquired,TreasuryStockValue,TreasuryStockValueAcquiredCostMethod,UnrecognizedTaxBenefits,UnrecognizedTaxBenefitsDecreasesResultingFromPriorPeriodTaxPositions,UnrecognizedTaxBenefitsDecreasesResultingFromSettlementsWithTaxingAuthorities,UnrecognizedTaxBenefitsIncomeTaxPenaltiesAndInterestAccrued,UnrecognizedTaxBenefitsIncomeTaxPenaltiesAndInterestExpense,UnrecognizedTaxBenefitsIncreasesResultingFromCurrentPeriodTaxPositions,UnrecognizedTaxBenefitsIncreasesResultingFromPriorPeriodTaxPositions,UnrecognizedTaxBenefitsIncreasesResultingFromSettlementsWithTaxingAuthorities,UnrecognizedTaxBenefitsReductionsResultingFromLapseOfApplicableStatuteOfLimitations,UnrecognizedTaxBenefitsThatWouldImpactEffectiveTaxRate,VariableLeaseCost,WeightedAverageNumberDilutedSharesOutstandingAdjustment,WeightedAverageNumberOfDilutedSharesOutstanding,WeightedAverageNumberOfSharesOutstandingBasic,WorkersCompensationLiabilityCurrent,WorkersCompensationLiabilityNoncurrent,WriteOffOfDeferredDebtIssuanceCost,AvailableForSaleSecuritiesDebtMaturitiesAfterOneThroughFiveYearsFairValue,AvailableForSaleSecuritiesDebtMaturitiesSingleMaturityDate,AvailableForSaleSecuritiesDebtMaturitiesWithinOneYearFairValue,DepositLiabilityCurrent,OtherPrepaidExpenseCurrent,PaymentsForLeasingCosts
2008-12-31,2009-03-02,10-K,"AMN HEALTHCARE SERVICES, INC.",AMN,CIK0001142750,USD,,,,,,,,,,,,,,,,,,,,,,,,,,,,,,,,,,,,,,,,,,,,,,11316000.0,,,,,,,,,,,,,,,,,,,,,,,,,,,,,,,,,,,,,,,,,,,,,,,,,,,,,,,,,,,,,,,,,,,,,,,,,,,,,,,,,,,,,,,,,,,,,,,,,,,,,,,,,,,,,,,,,,,,,,,,,,,,,,,,,,,,,,,,,,,,,,,,,,,,,,,,,,,,,,,,,,,,,,,,,,,,,,,,,,,,,,,,,,,,,,,,,,,,,,,,,,,,,,,,,,,,,,,,,,,,,,,,,,,,,,,,,,,,,,,,,,,,,,,,,,,,,,,,,,,,,,,,,,,,,,,,,,,,,,,,,,,,,,,,,,,,,,,,,,,,,,,,,,,,,,,,,,,,,284133000.0,,,,,,,,,,,,,,,,,,,,,,,,,,,,,,,,,,,,,,,,
2009-12-31,2010-03-05,10-K,"AMN HEALTHCARE SERVICES, INC.",AMN,CIK0001142750,USD,,,,,,,,,,,,,,1284000.0,8709000.0,,,,,,,,,,175707000.0,,,,,,,,,,,,,,,,,,,,,27053000.0,15737000.0,,,,,,,,,,,-120558000.0,,,,,,,555369000.0,,,,,,,,,,,,,,,,,,-51721000.0,,,,,,,,,,,,,,,,,,,,,,,,,,,,,,,,,13812000.0,,,-3.75,-3.75,,,,,,60000.0,,,,0.0,0.0,,0.0,,,,,,,,,,,-979000.0,,,,,,,,204421000.0,,,,-165564000.0,-122177000.0,-3.75,-3.75,0.0,0.0,0.0,-43387000.0,,5609000.0,,,,,,,,,,-6363000.0,-84915000.0,,,-20817000.0,460000.0,,,-971000.0,,-5972000.0,,22025000.0,,,,,11955000.0,29000.0,7387000.0,,,,,,,,,,,,,,,,,0.0,,,,,,,,0.0,,,,,,,,,,,,,,-53810000.0,-29245000.0,98732000.0,-122177000.0,,,,,,,,,358030000.0,-153609000.0,,,,,,,,,,,,,,,,,,,,,,,,,,,,,,60000.0,,,,,,,,4583000.0,,,,,,,,,0.0,,,6199000.0,168000.0,,,,,,,,,3789000.0,,,,,,,,,,,,,12000.0,0.0,,110000000.0,,-3995000.0,,,,,,,,4334000.0,0.0,,31500000.0,889000.0,,114816000.0,,,,,,,,,,759790000.0,,,,,157241000.0,8709000.0,,,,,,,,,170844000.0,0.0,,,-156000.0,,,,,,,,,,,,,,18539000.0,,,,,,,,,,,,32615000.0,32615000.0,,,,,,,,,
2010-06-30,2010-07-30,10-Q,"AMN HEALTHCARE SERVICES, INC.",AMN,CIK0001142750,USD,,,,,,,,,,,,,,,,,,,,,,,,,,,,,,,,,,,,,,,,,,,,,,41368000.0,,,,,,,,,,,,,,,,,,,108111000.0,,,,,,,,,,,,,,,,,,,,,,,,,,,,,,,,,,,,,,,,,,,,,,,,,,,3163000.0,,,0.0,0.0,,,,,,,,,,,,,,,,,,,,,,,,,,,,,,,,41171000.0,,,,831000.0,,,,,,,694000.0,,,,,,,,,,,,,,,,,,,,,,,,,,,,,2583000.0,,,,,,,,,,,,,,,,,,,,,,,,,,,,,,,,,,,,,,,,,,,,137000.0,,,,,,,,,37757000.0,3414000.0,,,,,,,,,,,,,,,,,,,,,,,,,,,,,,,,,,,,,,,,,,,,,,,,,,,,,,,,,,,,,,,,,,,,,,,,,,,,,,,,,,,,,,,,,,,,,,,,,,,,,,149282000.0,,,,,34594000.0,,,,,,,,,,,,,,,,,,,,,,,,,,,,,,,,,,,,,,,,33566000.0,32760000.0,,,,,,,,,
2010-09-30,2010-11-09,10-Q,"AMN HEALTHCARE SERVICES, INC.",AMN,CIK0001142750,USD,,,,,,,,,,,,,,,,,,,,,,,,,49782000.0,,,,,,,,,,,,,,,,,,,,,2077000.0,,,,,,,,,,,,,,,,,,,127995000.0,,,,,,,,,,,,,,,,,,,,,,,,,,,,,,,,,,,,,,,,,,,,,,,,,,,3787000.0,,,-1.48,-1.48,,,,,,,,,,,,,,,,,,,,,,,,,,,,,,,,48318000.0,,,,-60806000.0,,,,,,,-9516000.0,,,,,,,,,,,,,,,,,,,,,,,,,,,,,8793000.0,,,,,,,,,,,,,,,,,,,,,,,,,,,,,,,,,,,,,,,,,,,,-51290000.0,,,,,,,,,100331000.0,-52013000.0,,,,,,,,,,,,,,,,,,,,,,,,,,,,,,,,,,,,,,,,,,,,,,,,,,,,,,,,,,,,,,,,,,,,,,,,,,,,,,,,,,,,,,,,,,,,,,,,,,,,,,176313000.0,,,,,46762000.0,,,,,,,,,,,,,,,,,,,,,,,,,,,,,,,,,,,,,,,,34777000.0,34777000.0,,,,,,,,,
2010-12-31,2011-03-11,10-K,"AMN HEALTHCARE SERVICES, INC.",AMN,CIK0001142750,USD,45867000.0,,,127464000.0,,,,,,,,-421000.0,386550000.0,540000.0,8284000.0,,8284000.0,5072000.0,,5597000.0,,,,,50832000.0,562110000.0,179261000.0,,0.0,4463000.0,,,,,,,,,,,,,,,,1883000.0,-25170000.0,,,,,0.01,200000000.0,39186000.0,39186000.0,392000.0,27909000.0,-51955000.0,,,,,,,485550000.0,,359000.0,16000.0,-76000.0,-451000.0,,,,,,,,,-7190000.0,,,-21000.0,-10711000.0,,,,7191000.0,,,-3500000.0,,,,20170000.0,243000.0,,,,,,,,,,,,,,,,,,,,,14764000.0,,0.0,-1.49,-1.49,,0.35,,,,36000.0,,38060000.0,3212000.0,125000.0,125000.0,0.0,58597000.0,,,,,,,,,,,-123000.0,,154176000.0,,,41932000.0,,,184362000.0,,,,-63539000.0,-52752000.0,-1.51,-1.51,761000.0,0.02,0.02,-10787000.0,-10787000.0,-84000.0,3760000.0,,-22239000.0,11703000.0,,,668000.0,-3053000.0,1207000.0,8936000.0,11019000.0,,,-166000.0,-140000.0,,,911000.0,-4440000.0,-1185000.0,,-1064000.0,,,165576000.0,,19762000.0,26000.0,16429000.0,,,,,,,,,,,,,,,380279000.0,562110000.0,-47447000.0,117893000.0,0.0,,,,,0.0,-132918000.0,,,,,,,,,,,200811000.0,,,-26449000.0,-6846000.0,8089000.0,-51991000.0,-51991000.0,,13875000.0,,,,,,228139000.0,-43777000.0,,,,,,,,,,,,,,,,,,,,,,,13459000.0,,,1933000.0,,,,36000.0,,,36000.0,,,8437000.0,61575000.0,3240000.0,,,,0.0,,,,,3231000.0,,,3629000.0,1087000.0,,,,,,,,,4168000.0,,0.01,4392000.0,0.0,0.0,0.0,,6969000.0,,0.0,,,0.0,0.0,0.0,117750000.0,,4161000.0,0.0,,,0.0,,,21777000.0,3911000.0,132918000.0,0.0,0.0,647000.0,,7449000.0,,,,,20961000.0,,,-233066000.0,,669912000.0,,,,,162543000.0,8272000.0,,,,,,,,,153455000.0,-27909000.0,27909000.0,,-1087000.0,,28376000.0,,0.01,5608000.0,5608000.0,5608000.0,,0.0,,,,,19291000.0,5000.0,,2138000.0,778000.0,1139000.0,0.0,0.0,382000.0,,,0.0,34840000.0,34840000.0,,,,,,,,,
2011-03-31,2011-05-06,10-Q,"AMN HEALTHCARE SERVICES, INC.",AMN,CIK0001142750,USD,,,,,,,,,,,,,,,,,,,,,,,,,,,,,,,,,,,,,,,,,,,,,,3934000.0,2051000.0,,,,,,,,,,,2255000.0,,,,,,,153105000.0,,,,,,,,,,,,,,,,,,1338000.0,,,,,,,,,,,,,,,,,,,,,,,,,,,,,,,,,4472000.0,,0.0,0.05,0.05,,,,,,-1000.0,,,,1000.0,1000.0,,,,,,,,,,,,,-45000.0,,,,,,,,62700000.0,,,,4003000.0,1716000.0,0.04,0.04,540000.0,0.01,0.01,2287000.0,,336000.0,,,,,,,,,,505000.0,11254000.0,,,7700000.0,-489000.0,,,152000.0,,2725000.0,,0.0,,,,,5505000.0,29000.0,4626000.0,,,,,,,,,,,,,,,,,,,,,,,,,,,,,,,,,,,,,,,-1825000.0,-1687000.0,5564000.0,2256000.0,,,,,,,,,53192000.0,9508000.0,,,,,,,,,,,,,,,,,,,,,,,,,,,,,,,,,-1000.0,,,,,936000.0,,,,,,,,,,,,,734000.0,,,,,,,,,1687000.0,,,,,,,,,,,,,,2300000.0,,,,-913000.0,,,,0.0,,,,1084000.0,,,0.0,166000.0,,2313000.0,,,,,,,,,,215805000.0,,,,,48720000.0,1989000.0,,,,,,,,,,,,,,,,,,,,,,,,,,,,,,,,,,,,,,,45842000.0,39240000.0,,,,,,,,,
2011-06-30,2011-08-05,10-Q,"AMN HEALTHCARE SERVICES, INC.",AMN,CIK0001142750,USD,42930000.0,,,138954000.0,,,,,,,,-423000.0,387974000.0,,,,,,,5179000.0,,,,2131000.0,,567280000.0,193475000.0,,,4190000.0,,,,,,,,,,,,,,,,7924000.0,,,,,,0.01,200000000.0,39714000.0,,397000.0,,812000.0,,,,,,,160429000.0,,,,,,,,,,,,,,,,,,,,,,3586000.0,,,,,,,18701000.0,243000.0,,,,,,,,,,,,,,,,,,,,,4086000.0,,,0.02,0.02,,,,,,,,45912000.0,,,,,,,,,,,,,,,,,,154485000.0,,,,,,60173000.0,,,,2314000.0,612000.0,0.02,0.01,201000.0,0.0,0.01,1702000.0,,,2014000.0,,,,,,,,,,,,,,,,,,,,,,,,161948000.0,,5585000.0,,,,,,,,,,,,,,,,,381609000.0,567280000.0,,127359000.0,,,,,,5000000.0,,,,,,,,,,,,192328000.0,,,,,,813000.0,714000.0,,18500000.0,,,,,,52274000.0,7899000.0,,,,,,,,,,,,,,,,,,,,,,,,,,2798000.0,,,,,,,-1000.0,,,7241000.0,61922000.0,,,,,99000.0,,,,,,,,,,,,,,,,,,,,0.01,4392000.0,,0.0,0.0,,7382000.0,,,,,,,,,,,,,,,,,19231000.0,,,,,,,,,,,,18242000.0,,,-229997000.0,,220602000.0,,22396000.0,,,48188000.0,1714000.0,,,,,,,,,157951000.0,,,,,,27720000.0,,0.01,5608000.0,5478000.0,,,,,,,,,,,,,,,,,,,6352000.0,45981000.0,39629000.0,,,,,,,,,
2011-09-30,2011-11-04,10-Q,"AMN HEALTHCARE SERVICES, INC.",AMN,CIK0001142750,USD,47198000.0,,,143938000.0,,,,,,,,-391000.0,392960000.0,,,,,,,4822000.0,,,,2136000.0,31198000.0,537402000.0,197452000.0,,,4779000.0,,,,,,,,,,,,,,,,4643000.0,,,,,,0.01,200000000.0,40385000.0,,404000.0,,-26866000.0,,,,,,,165345000.0,,,,,,,,,,,,,,,,,,,,,,2585000.0,,,,,,,19938000.0,243000.0,,,,,,,,,,,,,,,,,,,,,3921000.0,,,-0.67,-0.59,,,,,,,,43500000.0,,,,,,,,,,,,,,,,,,130089000.0,,,,,,63661000.0,6700000.0,,,3246000.0,1004000.0,0.02,0.02,-27903000.0,-0.69,-0.61,2242000.0,,,2210000.0,,,,,,,,,,,,,,,,,,,,,,,,153465000.0,,7017000.0,,,,,,,,,,,,,,,,,376937000.0,537402000.0,,128686000.0,,,,,,3000000.0,,,,,,,,,,,,185767000.0,,,,,,-26899000.0,-27006000.0,,20812000.0,,,,,,53398000.0,10263000.0,,,,,,,,,,,,,,,,,,,,,,,,,,3250000.0,,,,,,,33000.0,,,6812000.0,62484000.0,,,,,107000.0,,,,,,,,,,,,,,,,,,,,0.01,4392000.0,,0.0,0.0,,6032000.0,,,,,,,,,,,,,,,,,18134000.0,,,,,,,,,,,,18250000.0,,,-256896000.0,,229006000.0,,,,,49477000.0,1688000.0,,,,,,,,,136077000.0,,,,,,24388000.0,,0.01,5608000.0,4820000.0,,,,,,,,,,,,,,,,,,,5623000.0,45950000.0,40327000.0,,,,,,,,,
2011-12-31,2012-03-09,10-K,"AMN HEALTHCARE SERVICES, INC.",AMN,CIK0001142750,USD,49809000.0,,18156000.0,146654000.0,10072000.0,,0.0,1861000.0,,11227000.0,60323000.0,-373000.0,394958000.0,953000.0,7132000.0,,7132000.0,4386000.0,,4761000.0,,,7190000.0,,0.0,535631000.0,212473000.0,18067000.0,7310000.0,3515000.0,,,56105000.0,,,,,,,,,,,,,3962000.0,2079000.0,,,,10000.0,0.01,200000000.0,40454000.0,40454000.0,405000.0,,-26217000.0,,,,,,,638147000.0,,8493000.0,-40000.0,10699000.0,2246000.0,2831000.0,,209500000.0,,,4177000.0,,11396000.0,-1500000.0,,,95000.0,-1795000.0,42525000.0,,8334000.0,2155000.0,,,-390000.0,1077000.0,63683000.0,21158000.0,19335000.0,1823000.0,23154000.0,699000.0,,,4089000.0,10086000.0,19477000.0,1544000.0,3557000.0,,,,37012000.0,,,917000.0,3930000.0,,,,16324000.0,414000.0,0.0,-0.72,-0.62,,0.35,,,,48000.0,,43649000.0,2746000.0,109000.0,109000.0,0.0,0.0,29479000.0,,,,,,,89854000.0,60375000.0,16016000.0,-108000.0,,123324000.0,411000.0,239437000.0,24498000.0,,,312104000.0,7700000.0,,,13920000.0,6700000.0,0.16,0.15,-35400000.0,-0.88,-0.77,8904000.0,8904000.0,388000.0,3372000.0,,4871000.0,-18000.0,,,786000.0,1067000.0,2198000.0,3660000.0,23601000.0,,,6035000.0,-388000.0,,,247000.0,-3837000.0,825000.0,,-2717000.0,,0.0,143575000.0,206524000.0,23727000.0,70000.0,19667000.0,,,,5065000.0,,,,,,,,,,,375896000.0,535631000.0,411000.0,140052000.0,1486000.0,23931000.0,,,,3000000.0,0.0,,31125000.0,,,,,,,174198000.0,,174198000.0,,,-15300000.0,-1981000.0,19312000.0,-28700000.0,-26265000.0,,28125000.0,,,,,,211672000.0,37647000.0,,,,,,,,,,,,,,,,,,,,,,,15554000.0,,2471000.0,3652000.0,,,,48000.0,,,48000.0,,1998000.0,13983000.0,61646000.0,3787000.0,,7637000.0,757000.0,0.0,,,,,0.0,,,855000.0,2058000.0,,0.0,,,,,,,4648000.0,,0.01,4059000.0,0.0,0.0,0.0,12715000.0,5691000.0,,0.0,,,0.0,19900000.0,19900000.0,0.0,,-948000.0,-16900000.0,,,0.0,,77186000.0,16863000.0,4411000.0,0.0,0.0,16900000.0,673000.0,,13875000.0,,,,,18244000.0,,,-259331000.0,,1109519000.0,,,4914000.0,19465000.0,195348000.0,7098000.0,,,1529000.0,7.74,,,,,135659000.0,0.0,,4300000.0,-2058000.0,,24076000.0,24076000.0,0.01,5941000.0,4758000.0,4758000.0,,,,,,,21221000.0,123000.0,,2710000.0,709000.0,1541000.0,512000.0,0.0,0.0,,,6038000.0,45951000.0,39913000.0,4617000.0,9159000.0,,,,,,,
2012-03-31,2012-05-04,10-Q,"AMN HEALTHCARE SERVICES, INC.",AMN,CIK0001142750,USD,51417000.0,,,141615000.0,,,,,,,,-416000.0,395649000.0,83000.0,1432000.0,,,,,5487000.0,,,,2078000.0,,523963000.0,201851000.0,,0.0,1225000.0,,,,,,,,,,,,,,,,4901000.0,939000.0,,,,,0.01,200000000.0,40676000.0,,407000.0,,4233000.0,,,,,,,163198000.0,,,,,,,,,,,,,,,,,,3060000.0,,,,1635000.0,,,,,,,13213000.0,2166000.0,,,,,,,,,,,,,,,,,,,,,3695000.0,,1187000.0,0.09,0.09,0.403,,,,,-43000.0,,43717000.0,,6000.0,6000.0,,,,,,,,,,,,,0.0,,123324000.0,,,,,,63214000.0,,,,6810000.0,3453000.0,0.07,0.07,823000.0,0.02,0.02,3357000.0,,116000.0,3606000.0,,,,,,,,,1608000.0,-3033000.0,,,68000.0,234000.0,,,1377000.0,-2097000.0,5267000.0,,-3000.0,,,141825000.0,,5533000.0,9000.0,4520000.0,,,,,,,,,,,,,,,359302000.0,523963000.0,,105533000.0,0.0,,,,,0.0,,,,,,,,,,,,190994000.0,,,-15923000.0,7352000.0,9553000.0,4276000.0,3828000.0,,2000000.0,,,,,,50871000.0,12343000.0,,,,,,,,,,,,,,,,,,,,,,,,,,6878000.0,,,,,,,-43000.0,,,5539000.0,62775000.0,1152000.0,,,,448000.0,,,,,,,,,656000.0,,,,,,,,,1001000.0,,0.01,4392000.0,,0.0,0.0,,8298000.0,,,,,0.0,0.0,0.0,,,-2290000.0,-3000000.0,,,8350000.0,,,15918000.0,2006000.0,,,3000000.0,168000.0,,9815000.0,,,,,18241000.0,,,-255055000.0,,226412000.0,,,,,47176000.0,1429000.0,,,,,,,,,140585000.0,,,,,,24076000.0,,0.01,5608000.0,4758000.0,4758000.0,,,,,,,,,,,,,,,,,,5588000.0,46164000.0,40576000.0,,,,,,,,,
2012-06-30,2012-08-07,10-Q,"AMN HEALTHCARE SERVICES, INC.",AMN,CIK0001142750,USD,50711000.0,,,136535000.0,,,,,,,,-383000.0,396946000.0,,,,,,,6256000.0,,,,,,523205000.0,205123000.0,18068000.0,0.0,330000.0,,,,,,,,,,,,,,,,15498000.0,,,,,,0.01,200000000.0,40833000.0,40454000.0,409000.0,,-48000.0,,,,,,,168813000.0,,,,,,,,,,,,,,,,8615000.0,,,,,,1782000.0,,,,,,,14833000.0,2166000.0,,,,,,,,,,,,,,,,,,,,,3552000.0,,,0.0,0.0,,,,,,,,43023000.0,,,,-9815000.0,,,,,,,,,,,,,,123324000.0,,,,,,66973000.0,,,,-473000.0,-81000.0,0.0,0.0,0.0,0.0,0.0,-392000.0,,,3105000.0,,,,,,,,,,,,,,,,,,,,,,,,140137000.0,,13590000.0,,,,,,,,,,,,,,,,,357315000.0,523205000.0,,121027000.0,0.0,,75000000.0,39620000.0,,0.0,,,,,,,,,,,,173721000.0,,,,,,-81000.0,-81000.0,,20000000.0,,,,,,53856000.0,13117000.0,,,,,,,,,,,,,,,,,,,,,,,,,,5855000.0,,,,,,,33000.0,,,5181000.0,62567000.0,,,,,0.0,,,,,,,,,,,,,,,,,,,,0.01,4392000.0,,,0.0,,7301000.0,,,,,,,,,,,,,,,,,15248000.0,,,,,,4380000.0,,,,,,18335000.0,,,-255136000.0,,235786000.0,,26425000.0,,,50304000.0,1577000.0,,,,,,,,,141836000.0,,,,,,,24054000.0,0.01,5608000.0,4754000.0,4754000.0,,,,,,,,,,,,,,,,,,0.0,40810000.0,40810000.0,,,,,,,,,
2012-09-30,2012-11-05,10-Q,"AMN HEALTHCARE SERVICES, INC.",AMN,CIK0001142750,USD,43564000.0,,,141881000.0,,,,,,,,-438000.0,399879000.0,,,,,,,5323000.0,,,,1964000.0,,510773000.0,193650000.0,18799000.0,0.0,3531000.0,,,,,,,,,,,,,,,,3823000.0,,,,,,0.01,200000000.0,41122000.0,41122000.0,411000.0,,5803000.0,,,,3258000.0,,,174329000.0,,,,,,,,,,,,,,,,8615000.0,,,,,,1507000.0,,,,,,,11685000.0,2166000.0,,,,,,,,,,,,,,,,,,,,,3435000.0,,,0.13,0.12,,,,,,,,49246000.0,,,,,,,,,,,,,,,,,,123324000.0,,,,,,69583000.0,,,,10085000.0,5858000.0,0.13,0.12,0.0,0.0,0.0,4227000.0,,,2323000.0,,,,,,,,,,,,,,,,,,,,,,,,138523000.0,,3688000.0,,,,,,,,,,,,,,,,,337568000.0,510773000.0,,115546000.0,0.0,,75000000.0,38720000.0,,0.0,,,,,,,,,,,,157996000.0,,,,,,5858000.0,5283000.0,,12000000.0,,,,,,55810000.0,13773000.0,,,,,,,,,,,,,,,,,,,,,,,,,,6497000.0,,,,,,,-55000.0,,,5698000.0,64026000.0,,,,,575000.0,,,,,,,,,,,,,,,,,,,,0.01,4000000.0,,,0.0,,7755000.0,,,,,,,,,,,,,,,,,14968000.0,,,,,,28380000.0,,,,,,18917000.0,,,-249278000.0,,243912000.0,,,,,52375000.0,1569000.0,,,,,,,,,150574000.0,,,,,,,22631000.0,0.01,6000000.0,4473000.0,4473000.0,,,,,,,,,,,,,,,,,,6047000.0,46897000.0,40850000.0,,,,,,,,,
2012-12-31,2013-02-22,10-K,"AMN HEALTHCARE SERVICES, INC.",AMN,CIK0001142750,USD,,52619000.0,26229000.0,142510000.0,10812000.0,,5281000.0,2330000.0,,14992000.0,66228000.0,-443000.0,424292000.0,369000.0,6224000.0,,6224000.0,3821000.0,,5003000.0,,3938000.0,6665000.0,,0.0,517386000.0,203744000.0,18340000.0,0.0,0.0,,,60195000.0,,635000.0,72000.0,650000.0,0.0,0.0,0.0,72000.0,0.0,15000.0,722000.0,707000.0,5681000.0,1719000.0,,,,10000.0,0.01,200000000.0,45691000.0,45691000.0,457000.0,,17066000.0,,,,,,,683554000.0,,3334000.0,-2000.0,4059000.0,727000.0,2831000.0,,159620000.0,,,1442000.0,,13935000.0,5663000.0,,8615000.0,0.0,6951000.0,48545000.0,,7785000.0,,,,1288000.0,1020000.0,61387000.0,12842000.0,18123000.0,,18923000.0,1212000.0,0.0,,5246000.0,11100000.0,18691000.0,1663000.0,3532000.0,,0.0,,43782000.0,,,813000.0,3484000.0,,2477.0,,14151000.0,,1187000.0,0.54,0.52,,0.35,,,,-70000.0,,49443000.0,2403000.0,44000.0,44000.0,-9815000.0,0.0,35936000.0,24067000.0,6349000.0,5426000.0,5572000.0,6047000.0,6249000.0,89646000.0,53710000.0,15786000.0,-32000.0,,123324000.0,,214939000.0,,0.0,,341024000.0,,,,27323000.0,23396000.0,0.52,0.5,823000.0,0.02,0.02,11010000.0,11010000.0,1860000.0,337000.0,,9563000.0,-18000.0,0.0,,-558000.0,1263000.0,742000.0,-680000.0,2642000.0,,-692000.0,5794000.0,-3035000.0,,,1537000.0,-3029000.0,8684000.0,,617000.0,,0.0,136910000.0,206524000.0,26019000.0,27000.0,13698000.0,,,,5062000.0,,,,,,,,,,,335275000.0,517386000.0,0.0,109525000.0,0.0,24593000.0,75000000.0,36420000.0,0.005,0.0,0.0,159620000.0,0.0,159620000.0,0.0,0.0,0.0,0.0,0.0,158178000.0,,158178000.0,,,-58169000.0,1578000.0,58380000.0,24219000.0,15822000.0,,0.0,,,,4.0,,217055000.0,53342000.0,,,,,,,65869000.0,14124000.0,487000.0,10559000.0,10720000.0,11810000.0,12476000.0,6180000.0,,,,,,,,,15187000.0,,1726000.0,8804000.0,,,19732000.0,,,,-70000.0,,81000.0,7463000.0,67572000.0,2921000.0,,4632000.0,1311000.0,1314000.0,1314000.0,,,,0.0,,,3938000.0,1075000.0,,0.0,0.0,,,,1383000.0,,5472000.0,,0.01,10000000.0,0.0,0.0,0.0,18963000.0,7282000.0,,198000000.0,,,530000.0,0.0,0.0,0.0,,-3515000.0,-3000000.0,,,9050000.0,,81043000.0,14815000.0,6786000.0,0.0,246880000.0,3000000.0,650000.0,,206500000.0,,,,2540000.0,18861000.0,,,-242195000.0,,1201792000.0,,,6535000.0,18053000.0,202904000.0,6221000.0,78000.0,6.66,1659000.0,7.53,716000.0,7.95,0.0,,182111000.0,0.0,,24039000.0,-545000.0,,,0.0,0.01,5941000.0,0.0,0.0,,,0.0,,0.0,,21415000.0,0.0,,3178000.0,468000.0,1096000.0,0.0,0.0,902000.0,22116.0,,5077000.0,46709000.0,41632000.0,4161000.0,10549000.0,,,,,,,
2013-03-31,2013-05-03,10-Q,"AMN HEALTHCARE SERVICES, INC.",AMN,CIK0001142750,USD,,,,156750000.0,,,,,,,,-350000.0,425992000.0,-693000.0,1702000.0,,,,,4509000.0,,,,308000.0,,531165000.0,217214000.0,18166000.0,,,,,,,,,,,,,,,,,,1939000.0,-3742000.0,,,,,0.01,200000000.0,45960000.0,45960000.0,460000.0,,7656000.0,,,,,,,179113000.0,,,,,,,,,,,,,,,,,,1023000.0,,,,,,,,,,,17794000.0,,,,,,,,,,,,,,,,,,,,,,3290000.0,,0.0,0.17,0.16,,,,,,93000.0,,49393000.0,,704000.0,704000.0,,,,,,,,,,,,,-8000.0,,123324000.0,,,,,,73007000.0,,,,13251000.0,7563000.0,0.17,0.16,0.0,0.0,0.0,5688000.0,,4876000.0,,,,,,,,,,4102000.0,15342000.0,,,-50000.0,,,,1127000.0,-779000.0,2436000.0,,-60000.0,,0.0,135304000.0,,2859000.0,24000.0,2399000.0,,,,,,,,,,,,,,,339695000.0,531165000.0,,114170000.0,,,,,,1000000.0,,,,,,,,,,,,158246000.0,,,1019000.0,-2636000.0,-2218000.0,7563000.0,7563000.0,,,,,,3.0,,56897000.0,16110000.0,,,,,,,,,,,,,,,,,,,,,,,,,,,,,,,,,93000.0,,,7056000.0,67279000.0,295000.0,,,,0.0,,,,,,,,,1403000.0,,,0.0,,,,481000.0,,2215000.0,,0.01,10000000.0,0.0,0.0,0.0,21399000.0,,,,,,711000.0,,1000000.0,,,165000.0,0.0,,,0.0,,,15336000.0,1102000.0,,,,158000.0,,0.0,,,,,18801000.0,,,-234632000.0,,252120000.0,,,,,53607000.0,1702000.0,,,,,,,,,191470000.0,,,,,,,,,5941000.0,,,,,,,,,,,,,,,,,,,,1866000.0,47679000.0,45813000.0,,,,,,,,,
2013-06-30,2013-08-02,10-Q,"AMN HEALTHCARE SERVICES, INC.",AMN,CIK0001142750,USD,,,,149798000.0,,,,,,,,-378000.0,427119000.0,,,,,,,4338000.0,,,,334000.0,,527584000.0,210230000.0,18400000.0,,,,,,,,,,,,,,,,,,10519000.0,,,,,,0.01,200000000.0,46166000.0,45962000.0,462000.0,,8371000.0,,,,,,,179530000.0,,,,,,,,,,,,,,,,,,,,,,,,,,,,,18683000.0,,,,,,,,,,,,,,,,,,,,,,3240000.0,,,0.18,0.18,,,,,,,,46871000.0,,,,-434000.0,,,,,,,,,,,,,,123324000.0,,,,,,74413000.0,,,,13492000.0,8399000.0,0.18,0.18,0.0,0.0,0.0,5093000.0,,,,,,,,,,,,,,,,,,,,,,,,,,,133708000.0,,3130000.0,,,,,,,,,,,,,,,,,329660000.0,527584000.0,,111169000.0,,,,,,,,,,,,,,,,,,148524000.0,,,,,,8399000.0,8399000.0,,5000000.0,,,,,,57791000.0,16622000.0,,,,,,,,,,,,,,,,,,,,,,,,,,,,,,,,,-28000.0,,,6924000.0,69967000.0,,,,,0.0,,,,,,,,,,,,,,,,,,,,0.01,10000000.0,0.0,0.0,0.0,15502000.0,,,,,,,,,,,,,,,,,,16826000.0,,,,,,,,,,,,20960000.0,,,-226233000.0,,253943000.0,,,,,54551000.0,1478000.0,,,,,,,,,197924000.0,,,,,,,,,5941000.0,,,,,204000.0,,3046000.0,,,,,,,,,,,,,1798000.0,47837000.0,46039000.0,,,,,,,,,
2013-09-30,2013-11-01,10-Q,"AMN HEALTHCARE SERVICES, INC.",AMN,CIK0001142750,USD,,54842000.0,,144933000.0,,,,,,,,-462000.0,427905000.0,,,,,,,4512000.0,,,,296000.0,,544177000.0,226280000.0,18176000.0,,,,,,,,,,,,,,,,,,31653000.0,,,,,,0.01,200000000.0,46009000.0,46009000.0,460000.0,,8531000.0,,,,,,,181428000.0,,,,,,,,,,,,,,,,,,,,,,,,,,,,,17642000.0,,,,,,,,,,,,,,,,,,,,,,3317000.0,,,0.19,0.18,,,,,,,,54220000.0,,,,-434000.0,,,,,,,,,,,,,,123324000.0,,,,,,75667000.0,,,,14905000.0,8615000.0,0.19,0.18,0.0,0.0,0.0,6290000.0,,,,,,,,,,,,,,,,,,,,,,,,,,,132127000.0,,1840000.0,,,,,,,,,,,,,,,,,335905000.0,544177000.0,,115313000.0,,,,,,,,,,,,,,,,,,148616000.0,,,,,,8615000.0,8615000.0,,,,,,,,58922000.0,16745000.0,,,,,,,,,,,,,,,,,,,,,,,,,,,,,23002000.0,,,,-84000.0,,,6251000.0,71976000.0,,,,,0.0,,,,,,,,,,,,,,,,,,,,0.01,10000000.0,0.0,0.0,0.0,13183000.0,,,,,,,,,,,,,,,,,,17405000.0,,,,,,,,,,,,22039000.0,,,-219631000.0,,257095000.0,,,,,55605000.0,1487000.0,,,,,,,,,208272000.0,,,,,,,,,5941000.0,,,,,,,,,,,,,,,,,,,,1824000.0,47810000.0,45986000.0,,,,,,,,,
2013-12-31,2014-02-21,10-K,"AMN HEALTHCARE SERVICES, INC.",AMN,CIK0001142750,USD,,71314000.0,37288000.0,147477000.0,11359000.0,,17764000.0,2021000.0,,17216000.0,63031000.0,-498000.0,429055000.0,,6125000.0,1167000.0,6125000.0,3742000.0,,5118000.0,,,6503000.0,,,604288000.0,232897000.0,18176000.0,,233000.0,0.0,,62471000.0,,533000.0,0.0,542000.0,0.0,0.0,0.0,2000.0,0.0,11000.0,544000.0,533000.0,15580000.0,9899000.0,,,,,0.01,200000000.0,46011000.0,46011000.0,460000.0,,32878000.0,,,,,,,714536000.0,,17268000.0,0.0,19873000.0,2605000.0,2409000.0,,159620000.0,0.0375,,948000.0,,17731000.0,1693000.0,,,0.0,3031000.0,61669000.0,,6625000.0,1373000.0,,,1338000.0,1003000.0,70046000.0,7172000.0,24938000.0,,19841000.0,1803000.0,446000.0,,7116000.0,11998000.0,23078000.0,1552000.0,3209000.0,,1205000.0,,56121000.0,17764000.0,,1259000.0,4289000.0,3093000.0,,,13545000.0,,0.0,0.8999999999999999,0.86,,0.35,,,,-55000.0,,55949000.0,2383000.0,1521000.0,1521000.0,-434000.0,9899000.0,42439000.0,25563000.0,7618000.0,6527000.0,6729000.0,6946000.0,7414000.0,103236000.0,60797000.0,16413000.0,-14000.0,,144642000.0,21318000.0,214939000.0,,,,371473000.0,,,,55837000.0,41289000.0,0.8999999999999999,0.86,0.0,0.0,0.0,22904000.0,,18865000.0,3084000.0,,19543000.0,-19000.0,0.0,,-893000.0,2302000.0,1952000.0,6244000.0,8644000.0,,-90000.0,6367000.0,1572000.0,-3859000.0,,11865000.0,13129000.0,-3226000.0,633000.0,-47000.0,,4301000.0,150197000.0,234042000.0,9665000.0,63000.0,7405000.0,,,,5305000.0,,,,,,,,,,,386546000.0,604288000.0,11507000.0,143090000.0,,27178000.0,75000000.0,30485000.0,,10000000.0,,149620000.0,0.0,,0.0,149620000.0,0.0,0.0,0.0,148672000.0,,148672000.0,,,-1017000.0,-49198000.0,60169000.0,41289000.0,32933000.0,,0.0,,,,4.0,,231778000.0,65502000.0,,,,,,,56587000.0,14534000.0,163000.0,6194000.0,10869000.0,11311000.0,13679000.0,0.0,,,,,,,,,14205000.0,,1584000.0,7094000.0,,,32279000.0,,-55000.0,,-55000.0,0.0,106000.0,4454000.0,77020000.0,1336000.0,,3417000.0,2717000.0,0.0,0.0,,0.0,,39500000.0,,,364000.0,2670000.0,,39500000.0,0.0,,,,1298000.0,,9047000.0,,0.01,10000000.0,0.0,0.0,0.0,26631000.0,8128000.0,,0.0,,,1177000.0,26000000.0,26000000.0,,,234000.0,-16000000.0,,,600000.0,,84189000.0,21158000.0,4628000.0,,10000000.0,16000000.0,681000.0,10000000.0,0.0,,,,8325000.0,23115000.0,,,-211275000.0,,1260474000.0,,,10158000.0,27414000.0,218233000.0,6125000.0,10000.0,13.06,1637000.0,9.73,588000.0,7.02,,,217742000.0,,,,-1493000.0,,,,,,,,,0.0,204000.0,,,3046000.0,22573000.0,0.0,0.0,4605000.0,1427000.0,809000.0,349000.0,,0.0,24085000.0,,1824000.0,47787000.0,45963000.0,5313000.0,13086000.0,,,,,,,
2014-03-31,2014-05-02,10-Q,"AMN HEALTHCARE SERVICES, INC.",AMN,CIK0001142750,USD,,62685000.0,,150840000.0,,,,,,,64849000.0,-507000.0,428569000.0,,,,,,,4575000.0,,,,361000.0,,594436000.0,228474000.0,13827000.0,,,,,,,,,,,,,,,,,,9269000.0,-6311000.0,,,,,0.01,200000000.0,46409000.0,46409000.0,464000.0,,7621000.0,,,,,,,166925000.0,,,,,,,,,,,,,,,,,,1885000.0,,,,,,,,,,,24867000.0,,,,,,,,,,,,,,,,,,,,,,3820000.0,,,0.16,0.16,,,,,,-9000.0,,55833000.0,,1546000.0,1546000.0,,0.0,44319000.0,,,,,,,,,,-1000.0,,144937000.0,,,,,,73956000.0,,,,13623000.0,,,,,,,5993000.0,,223000.0,,,,,,,,,,-6190000.0,3806000.0,,-20000.0,1008000.0,-3114000.0,,,606000.0,369000.0,4068000.0,,-4349000.0,,2875000.0,148317000.0,,1846000.0,123000.0,1588000.0,,,,,,,,,,,,,,,369555000.0,594436000.0,0.0,141230000.0,,,,,,10000000.0,,,,,,,,,,,,141227000.0,,,-2457000.0,-4709000.0,864000.0,7630000.0,,,7500000.0,,,,3.0,,58487000.0,15469000.0,,,,,,,,,,,,,,,,,,,,,,,,0.0,,,,,26667000.0,,,,-9000.0,,,5212000.0,87098000.0,295000.0,,,,,,,0.0,,,,,,3905000.0,,0.0,2000000.0,,,,1215000.0,,5843000.0,,0.01,10000000.0,0.0,0.0,0.0,24818000.0,,,,,,58000.0,1000000.0,1000000.0,,,-127000.0,-1000000.0,,,,,,24400000.0,443000.0,,0.0,1000000.0,156000.0,,,,,,,21641000.0,,,-203645000.0,,240881000.0,,,,,54667000.0,1819000.0,,,,,,,,,224881000.0,,,,,,,,,,,,,,,,,,,,,,,,,,,,,1563000.0,47917000.0,46354000.0,,,,,,,,,
2014-06-30,2014-08-01,10-Q,"AMN HEALTHCARE SERVICES, INC.",AMN,CIK0001142750,USD,,65130000.0,,151505000.0,,,,,,,66809000.0,-544000.0,430137000.0,,,,,,,5076000.0,,,,385000.0,,611692000.0,235163000.0,9789000.0,,,,,,,,,,,,,,,,,,5501000.0,,,,,,0.01,200000000.0,46501000.0,46501000.0,465000.0,,7156000.0,,,,,,,173754000.0,,,,,,,,,,,,,,,,,,,,,,,,,,,,,27983000.0,,,,,,,,,,,,,,,,,,,,,,4010000.0,,,0.15,0.15,,,,,,,,56046000.0,,,,-3113000.0,,38102000.0,,,,,,,,,,,-3113000.0,144937000.0,,,,,,77159000.0,,,,12953000.0,,,,,,,5760000.0,,,,,,,,,,,,,,,,,,,,,,,,,,,146418000.0,,4629000.0,,,,,,,,,,,,,,,,,378086000.0,611692000.0,,139273000.0,,,,,,6500000.0,,,,,,,,,,,,140625000.0,,,,,,7193000.0,,,7500000.0,,,,,,59577000.0,17582000.0,,,,,,,124091000.0,,,8648000.0,8355000.0,8073000.0,6500000.0,87892000.0,,,,,,,,4623000.0,,,,,,,37502000.0,,-37000.0,,-37000.0,0.0,,4097000.0,98188000.0,,,,,,,,,,,,,,,,,,,,,,,,,0.01,10000000.0,0.0,0.0,0.0,27662000.0,,,,,,,,,,,,,,,,,,27066000.0,,,,,,,,,,,,20606000.0,,,-196452000.0,,250913000.0,,,,,55567000.0,1751000.0,,,,,,,,,233606000.0,,,,,,,,,,,,,,,,,,,,,,,,,,,,,1357000.0,47836000.0,46479000.0,,,,,,,,,
2014-09-30,2014-11-07,10-Q,"AMN HEALTHCARE SERVICES, INC.",AMN,CIK0001142750,USD,,66949000.0,,164078000.0,,,,,,,67857000.0,-468000.0,433373000.0,,,,,,,4529000.0,,,,286000.0,,628818000.0,249124000.0,7035000.0,,,,,,,,,,,,,,,,,,9663000.0,,,,,,0.01,200000000.0,46631000.0,46631000.0,466000.0,,8574000.0,,,,,,,184278000.0,,,,,,,,,,,,,,,,,,,,,,,,,,,,,24970000.0,,,,,,,,,,,,,,,,,,,,,,4086000.0,,,0.18,0.18,,,,,,,,64574000.0,,,,-3113000.0,,40022000.0,,,,,,,,,,,0.0,144937000.0,,,,,,80306000.0,,,,14468000.0,,,,,,,5969000.0,,,,,,,,,,,,,,,,,,,,,,,,,,,144498000.0,,1433000.0,,,,,,,,,,,,,,,,,383400000.0,628818000.0,,147769000.0,,,,,,0.0,,,,,,,,,,,,138750000.0,,,,,,8499000.0,,,7500000.0,,,,,,64405000.0,15901000.0,,,,,,,121779000.0,,,8648000.0,8355000.0,8073000.0,6500000.0,87892000.0,,,,,,,,2311000.0,,,,,,,40045000.0,,75000.0,,75000.0,0.0,,8746000.0,96881000.0,,,,,,,,,,,,,,,,,,,,,,,,,0.01,10000000.0,0.0,0.0,0.0,28844000.0,,,,,,,,,,,,,,,,,,29202000.0,,,,,,,,,,,,21012000.0,,,-187953000.0,,264584000.0,,,,,60319000.0,1791000.0,,,,,,,,,245418000.0,,,,,,,,,,,,,,,,,,,,,,,,,,,,,1576000.0,48122000.0,46546000.0,,,,,,,,,
2014-12-31,2015-02-25,10-K,"AMN HEALTHCARE SERVICES, INC.",AMN,CIK0001142750,USD,,78993000.0,30039000.0,186274000.0,15196000.0,,,1871000.0,,21857000.0,68814000.0,-356000.0,434529000.0,,7157000.0,978000.0,7157000.0,4374000.0,,4515000.0,,,7639000.0,,0.0,680731000.0,282670000.0,7026000.0,,6338000.0,0.0,,78593000.0,,,,,,,,,,,,,13073000.0,-2507000.0,,,,,0.01,200000000.0,46639000.0,46639000.0,466000.0,,33359000.0,,,,,,,719910000.0,,10787000.0,0.0,13670000.0,2883000.0,,,,,,,3488000.0,20729000.0,10430000.0,,,,11779000.0,67196000.0,,8122000.0,3177000.0,,,1349000.0,573000.0,63259000.0,-5161000.0,27330000.0,,14354000.0,2265000.0,1346000.0,,8142000.0,11217000.0,20475000.0,1467000.0,3420000.0,,1224000.0,5161000.0,57316000.0,32491000.0,0.0,1427000.0,8453000.0,,,,15993000.0,,0.0,0.9199999999999999,0.8899999999999999,,0.35,,,,142000.0,,67995000.0,2783000.0,1819000.0,1819000.0,-3113000.0,1631000.0,41963000.0,25438000.0,8202000.0,6911000.0,7315000.0,7517000.0,7734000.0,105080000.0,63117000.0,17761000.0,-60000.0,,154387000.0,,214939000.0,,,,400813000.0,,,,58666000.0,33217000.0,0.71,0.69,0.0,0.0,0.0,25449000.0,,17880000.0,3503000.0,,20533000.0,,1816000.0,,-422000.0,2551000.0,971000.0,6125000.0,41958000.0,,-114000.0,11515000.0,-768000.0,-1920000.0,,268000.0,-4488000.0,13000.0,1933000.0,-12550000.0,,9002000.0,152517000.0,,9237000.0,123000.0,4599000.0,,,,5340000.0,,,,,,,,,,,424150000.0,680731000.0,3821000.0,178295000.0,,21706000.0,,,,18000000.0,,144375000.0,7500000.0,,7500000.0,114375000.0,7500000.0,7500000.0,7500000.0,,0.0,135690000.0,,,-2099000.0,-28228000.0,27678000.0,43112000.0,33217000.0,,7500000.0,,,,4.0,,248214000.0,67903000.0,,,,,,,155666000.0,13215000.0,,11783000.0,11662000.0,12271000.0,13786000.0,92949000.0,,,,,,,,,14136000.0,,1762000.0,17200000.0,,4643000.0,38710000.0,,142000.0,,142000.0,0.0,99000.0,2630000.0,77674000.0,1392000.0,,,3269000.0,,0.0,0.0,0.0,,14470000.0,,0.0,3488000.0,4448000.0,,14470000.0,5000000.0,,,0.0,2174000.0,,19134000.0,,0.01,10000000.0,0.0,0.0,0.0,27550000.0,10350000.0,,150000000.0,150000000.0,0.0,1792000.0,47500000.0,,,,,,0.0,,0.0,,101694000.0,32880000.0,4393000.0,,155245000.0,39500000.0,529000.0,,,,155245000.0,,9054000.0,19567000.0,,,-178058000.0,,1315676000.0,,,7380000.0,30722000.0,232221000.0,7157000.0,120000.0,12.16,1575000.0,11.95,838000.0,8.63,,,256581000.0,,,,-2655000.0,,,,,,,,,,,,,,22890000.0,,0.0,5815000.0,1211000.0,317000.0,0.0,,0.0,25056000.0,,1582000.0,48086000.0,46504000.0,5830000.0,13855000.0,3113000.0,,,,,,
2015-03-31,2015-05-08,10-Q,"AMN HEALTHCARE SERVICES, INC.",AMN,CIK0001142750,USD,,92081000.0,,221001000.0,,,,,,,71019000.0,-288000.0,436425000.0,,,,,,,6019000.0,,,,33000.0,,800050000.0,322356000.0,,,,0.0,,,,,,,,,,,,,,,11633000.0,-1440000.0,,,,,0.01,200000000.0,47455000.0,47455000.0,475000.0,,12277000.0,,,,,,,226078000.0,,,,,,,,,,,,,,,,,,5359000.0,,,,3137000.0,,,,,,,26466000.0,,,,,,,,,,,,,,,37198000.0,,,,,,,5095000.0,,,0.26,0.25,,,,,,68000.0,,72237000.0,,5029000.0,5029000.0,,25627000.0,44822000.0,,,,,,,,,,2000.0,,197254000.0,,,,,,101432000.0,,,,22978000.0,,,,,,,10769000.0,,473000.0,,,,,,,,,,3621000.0,16443000.0,,-532000.0,996000.0,-5171000.0,321000.0,,2150000.0,4382000.0,3063000.0,2742000.0,0.0,,205000.0,179877000.0,,1807000.0,43000.0,1330000.0,,,,,,,,,,,,,,,529287000.0,800050000.0,21603000.0,207617000.0,,,,,,30000000.0,,,,,,,,,,,65500000.0,135000000.0,,,75155000.0,-85350000.0,8687000.0,12209000.0,,,7500000.0,,,,3.0,,76647000.0,24785000.0,,,,,,,,,,,,,,,,,,,,,,,,667000.0,,,,,44117000.0,,68000.0,,68000.0,0.0,,2662000.0,83972000.0,457000.0,,,,,,,165000.0,,,667000.0,,0.0,8694000.0,,76945000.0,0.0,,,,1203000.0,,6370000.0,,0.01,10000000.0,0.0,0.0,0.0,29065000.0,,,,0.0,,3199000.0,84500000.0,,,,,,,,,,,36674000.0,2192000.0,,1875000.0,7000000.0,4000.0,,,,1875000.0,,,19772000.0,,,-165849000.0,,327510000.0,,,,,71552000.0,2377000.0,,,,,,,,,270763000.0,,,,,,,,,,,,,,,,,,,,,,,,,,,,,1218000.0,48364000.0,47146000.0,,,,,,,,,
2015-06-30,2015-08-06,10-Q,"AMN HEALTHCARE SERVICES, INC.",AMN,CIK0001142750,USD,,101578000.0,,229999000.0,,,,,,,73292000.0,-332000.0,437873000.0,,,,,,,7109000.0,,,,2000.0,,826152000.0,343368000.0,,,,,,,,,,,,,,,,,,,14474000.0,,,,,,0.01,200000000.0,47636000.0,47636000.0,476000.0,,15826000.0,,,,,,,240026000.0,,,,,,,,,,,,,,,,,,,,,,5505000.0,,,,,,,27362000.0,,,,,,,,,,,,,,,37221000.0,,,,,,,5232000.0,,,0.33,0.32,,,,,,,,76581000.0,,,,,,47769000.0,,,,,,,,,,,,197325000.0,,,,,,110118000.0,,,,28182000.0,,,,,,,12312000.0,,,,,,,,,,,,,,,,,,,,,,,,,,,176930000.0,,1977000.0,,,,,,,,,,,,,,,,,538114000.0,826152000.0,,231630000.0,,,,,,30000000.0,,,,,,,,,,,55500000.0,133125000.0,,,,,,15870000.0,,,7500000.0,,,,,,79959000.0,30159000.0,,,,,,,,,,,,,,,,,,,,,,,,,,,,,45210000.0,,-80000.0,,-44000.0,36000.0,,10466000.0,80638000.0,,,,,,,,,,,,,,,,,,,,,,,,,0.01,10000000.0,0.0,0.0,0.0,34624000.0,,,,,,,,,,,,,,,,,,41621000.0,,,,,,,,,,,,21698000.0,,,-149979000.0,,350144000.0,,,,,74727000.0,2153000.0,,,,,,,,,288038000.0,,,,,,,,,,,,,,,,,,,,,,,,,,,,,1290000.0,48863000.0,47573000.0,,,,,,,,,
2015-09-30,2015-11-06,10-Q,"AMN HEALTHCARE SERVICES, INC.",AMN,CIK0001142750,USD,,113152000.0,48109000.0,248779000.0,20218000.0,,,2517000.0,,32569000.0,74460000.0,-645000.0,440465000.0,,,,,,,7460000.0,,,,,,865238000.0,368981000.0,,,2548000.0,,,93485000.0,,,,,,,,,,,,,14408000.0,,,,,,0.01,200000000.0,47694000.0,47694000.0,477000.0,,33334000.0,,,,,,,256850000.0,,,,,,,,,,,,,21968000.0,,,,,,,,,4944000.0,,,,,,,18378000.0,,,,,,,,,,,,,,,39000000.0,,,,,,,5304000.0,,,0.71,0.69,,,,,,,,88492000.0,,,,,,50725000.0,,,,,,,,,21158000.0,,,201444000.0,,,,,,126009000.0,,,,35594000.0,,,,,,,1947000.0,,,4195000.0,,,,,,,,,,,,,,,,,,,,,,,,177347000.0,,2013000.0,,,,,,5224000.0,,,,,,,,,,,541273000.0,865238000.0,,250114000.0,,,,,,30000000.0,,,,,,,,,,,45500000.0,131250000.0,,,,,,33647000.0,,,7500000.0,,,,,,88402000.0,37607000.0,,,,,,,,,,,,,,,,,,,,,,,,,1517000.0,25077000.0,,7739000.0,46634000.0,,54000.0,,-313000.0,-367000.0,813000.0,6026000.0,75409000.0,,,,,,,,,,,,,,,,,,,,,,,,,0.01,10000000.0,0.0,0.0,0.0,,12818000.0,,,,,,,,,,,,,,,,119867000.0,45407000.0,,,,,,,,,,,13143000.0,25425000.0,,,-116332000.0,,382859000.0,,,7403000.0,,83098000.0,2021000.0,,,,,,,,,323965000.0,,,,,,,,,,,,,,,,,,,,,,,,,,,,,1304000.0,48978000.0,47674000.0,7539000.0,,,,,,,,
2015-12-31,2016-02-24,10-K,"AMN HEALTHCARE SERVICES, INC.",AMN,CIK0001142750,USD,,118822000.0,28761000.0,277996000.0,24476000.0,0.0,,3225000.0,24502000.0,21058000.0,76680000.0,-183000.0,443733000.0,,10284000.0,7176000.0,10284000.0,6294000.0,,7691000.0,,,11784000.0,,0.0,880432000.0,375628000.0,,,124000.0,-330000.0,,97962000.0,,,,,,,,,,,,,9576000.0,-3497000.0,48923000.0,,23005000.0,,0.01,200000000.0,47709000.0,47709000.0,477000.0,,82064000.0,,,,,,,993702000.0,,22552000.0,,26521000.0,3969000.0,,,219375000.0,,885000.0,,,23044000.0,8896000.0,,,,12677000.0,84209000.0,,11826000.0,5620000.0,,,3781000.0,956000.0,62821000.0,,0.0,,8809000.0,4872000.0,1945000.0,,9153000.0,10170000.0,24932000.0,1971000.0,4885000.0,,1043000.0,22431000.0,67574000.0,22431000.0,1480000.0,1224000.0,15155000.0,,,,20953000.0,,,2.14,2.09,,0.35,,,,75000.0,,83701000.0,3990000.0,7449000.0,7449000.0,0.0,26771000.0,53747000.0,34717000.0,11948000.0,6917000.0,9835000.0,10540000.0,11613000.0,139317000.0,85570000.0,23380000.0,-4000.0,,204779000.0,,214939000.0,,,,601167000.0,,,,121089000.0,,,,,,,39198000.0,,33132000.0,3687000.0,0.0,42381000.0,,3505000.0,0.0,-484000.0,5260000.0,-11464000.0,29611000.0,75653000.0,,1313000.0,11888000.0,-7867000.0,5409000.0,,4785000.0,-2103000.0,,2915000.0,0.0,,7784000.0,174970000.0,,7790000.0,264000.0,5806000.0,0.0,,,5472000.0,,,,,,,,,,,532572000.0,880432000.0,22954000.0,251017000.0,,8081000.0,,,,30000000.0,,180990000.0,37500000.0,,7500000.0,0.0,114375000.0,7500000.0,7500000.0,,52500000.0,128490000.0,,,56200000.0,-116085000.0,56313000.0,102056000.0,,,7500000.0,,2.0,,3.0,,340484000.0,128879000.0,,,,,,,149652000.0,15933000.0,,11899000.0,12469000.0,13545000.0,14619000.0,81187000.0,,,,,,,,,15940000.0,,1420000.0,23723000.0,,8041000.0,47569000.0,,75000.0,,173000.0,98000.0,1457000.0,5374000.0,78134000.0,1934000.0,,1889000.0,3959000.0,,,0.0,990000.0,0.0,84081000.0,,0.0,0.0,11908000.0,,84081000.0,1000000.0,,,0.0,3004000.0,,27010000.0,,0.01,10000000.0,0.0,0.0,0.0,,13526000.0,,0.0,0.0,0.0,3663000.0,89500000.0,,,,,,0.0,,0.0,,126814000.0,50134000.0,6684000.0,,7500000.0,25000000.0,4000.0,,,,7500000.0,,11995000.0,27352000.0,27352000.0,,-96167000.0,,1865617000.0,,,7962000.0,37369000.0,319531000.0,10284000.0,76000.0,15.45,1237000.0,16.73,1081000.0,9.13,,,347860000.0,,,,-8245000.0,,,,,,,,,,0.0,,0.0,,6537000.0,,16534000.0,1544000.0,-4272000.0,0.0,395000.0,,214000.0,6373000.0,,1318000.0,48843000.0,47525000.0,7701000.0,16899000.0,,,,,,,
2016-03-31,2016-05-06,10-Q,"AMN HEALTHCARE SERVICES, INC.",AMN,CIK0001142750,USD,,109121000.0,47419000.0,302342000.0,14213000.0,13269000.0,,3299000.0,,42602000.0,79108000.0,-607000.0,444236000.0,,,,,,,7791000.0,,,,43000.0,,1094501000.0,412962000.0,,,2191000.0,99000.0,,101895000.0,,,,,,,,,,,,,23106000.0,13530000.0,,,,,0.01,200000000.0,47998000.0,47998000.0,480000.0,,25445000.0,,,,,,,316104000.0,,,,,,,,,,,,,25933000.0,,,,,-1201000.0,,,12050000.0,8436000.0,,,,,,,,,,,,,,,,,,,,,,22514000.0,,,,,,,6765000.0,,,0.54,0.53,,,,,,39000.0,,98049000.0,,2322000.0,2322000.0,,12706000.0,58083000.0,,,,,,,,,25345000.0,0.0,,307161000.0,,214939000.0,,,850000.0,151898000.0,,,,44061000.0,,,,,,,18192000.0,,2418000.0,0.0,,,,,,,,,-10229000.0,15219000.0,,286000.0,9775000.0,-6006000.0,1477000.0,,2471000.0,14079000.0,,2469000.0,0.0,-176000.0,-176000.0,240478000.0,,3249000.0,264000.0,2295000.0,,,,5599000.0,,,,,,,,,,,720690000.0,1094501000.0,13139000.0,290854000.0,,8166000.0,,,,40000000.0,,,,,,,,,,,127500000.0,196746000.0,,,152967000.0,-174703000.0,35227000.0,25869000.0,,,11250000.0,,,,3.0,,104588000.0,47310000.0,,,,,,,,,,,,,,,,,,,,,,,,,1211000.0,21648000.0,,10071000.0,52993000.0,,39000.0,,-424000.0,-463000.0,791000.0,23998000.0,83076000.0,576000.0,,3720000.0,4552000.0,,,,0.0,,,0.0,,448000.0,5194000.0,,165230000.0,,,,0.0,2855000.0,,6618000.0,,0.01,10000000.0,0.0,0.0,0.0,,16008000.0,,,75000000.0,,0.0,85000000.0,,,,,,0.0,,,,132839000.0,53731000.0,2687000.0,,,0.0,0.0,,,,2813000.0,,11577000.0,27176000.0,,,-70298000.0,,468002000.0,,,8075000.0,40168000.0,97823000.0,3381000.0,,,,,,,,,373811000.0,,,,,,,,,,,,,,,,,,,,,,,,,,,,,1209000.0,49103000.0,47894000.0,8242000.0,18140000.0,,,,,,,
2016-06-30,2016-08-05,10-Q,"AMN HEALTHCARE SERVICES, INC.",AMN,CIK0001142750,USD,,131965000.0,53575000.0,330853000.0,18925000.0,,,3160000.0,,38706000.0,81938000.0,-633000.0,447028000.0,,,,,,,8254000.0,,,,,,1180438000.0,442573000.0,,,14394000.0,,,106131000.0,,,,,,,,,,,,,21062000.0,,,,,,0.01,200000000.0,48049000.0,48049000.0,480000.0,,26297000.0,,,,,,,318976000.0,,,,,,,,,,,,,27882000.0,,,,,,,,12349000.0,6145000.0,,,,,,,,,,,,,,,,,,,,,,30921000.0,,,,,,,7334000.0,,,0.55,0.53,,,,,,,,102516000.0,,,,,,62588000.0,,,,,,,,,26396000.0,,,342827000.0,,214939000.0,,,,154753000.0,,,,45078000.0,,,,,,,18756000.0,,,1001000.0,,,,,,,,,,,,,,,,,,,,,,,,255214000.0,,2800000.0,,,,,,5986000.0,,,,,,,,,,,777539000.0,1180438000.0,,301604000.0,,8275000.0,,,,40000000.0,,,,,,,,,,,166500000.0,194019000.0,,,,,,26322000.0,,,11250000.0,,,,,,106875000.0,47878000.0,,,,,,,,,,,,,,,,,,,,,,,,,1183000.0,28586000.0,,15629000.0,54759000.0,,86000.0,,-25000.0,-111000.0,2120000.0,9728000.0,84495000.0,,,,5468000.0,,,,,,,,,,,,,,,,,,,,,0.01,10000000.0,0.0,0.0,0.0,,15746000.0,,,,,,,,,,,,,,,,138513000.0,56575000.0,,,,,,,,,,,11956000.0,28490000.0,,,-43976000.0,,473729000.0,,,13513000.0,39537000.0,99541000.0,2710000.0,,,,,,,,,402899000.0,,,,,,,,,,,,,,,,,,,,,,,,,,,,,1314000.0,49348000.0,48034000.0,8440000.0,18866000.0,,,,,,,
2016-09-30,2016-11-04,10-Q,"AMN HEALTHCARE SERVICES, INC.",AMN,CIK0001142750,USD,,118289000.0,58274000.0,331220000.0,23170000.0,,,3196000.0,,29709000.0,84940000.0,-361000.0,449733000.0,,,,,,,7886000.0,,,,11000.0,,1169769000.0,433657000.0,,,,,,108892000.0,,,,,,,,,,,,,15708000.0,,,,,,0.01,200000000.0,48049000.0,48049000.0,480000.0,,27567000.0,,,,,,,318169000.0,,,,,,,,,,,,,30147000.0,,,,,,,,12784000.0,8446000.0,,,,,,,,,,,,,,,,,,,,,,28278000.0,,,,,,,7789000.0,,,0.57,0.55,,,,,,,,99629000.0,,,,,,67326000.0,,,,,,,,,27707000.0,,,342174000.0,,214939000.0,,,,154467000.0,,,,43667000.0,,,,,,,16371000.0,,,288000.0,,,,,,,,,,,,,,,,,,,,,,,,250455000.0,,3016000.0,,,,,,6306000.0,,,,,,,,,,,736596000.0,1169769000.0,,240076000.0,,8081000.0,,,,0.0,,,,,,,,,,,182500000.0,198793000.0,,,,,,27296000.0,,,3750000.0,,,,,,107784000.0,46683000.0,,,,,,,,,,,,,,,,,,,,,,,,,1197000.0,30707000.0,,12981000.0,57296000.0,,40000.0,,271000.0,231000.0,1612000.0,9962000.0,86949000.0,,,,5147000.0,,,,,,,,,,,,,,,,,,,,,0.01,10000000.0,0.0,0.0,0.0,,13928000.0,,,,,,,,,,,,,,,,142905000.0,57965000.0,,,,,,,,,,,17438000.0,,28222000.0,,-16679000.0,,472636000.0,,,13692000.0,42672000.0,99995000.0,2704000.0,,,,,,,,,433173000.0,,,,,,,,,,,,,,,,,,,,,,,,,,,,,1361000.0,49410000.0,48049000.0,8213000.0,18265000.0,,,,,,,
2016-12-31,2017-02-17,10-K,"AMN HEALTHCARE SERVICES, INC.",AMN,CIK0001142750,USD,,137512000.0,33392000.0,341977000.0,26992000.0,451000.0,,3189000.0,37251000.0,30917000.0,84865000.0,1000.0,452491000.0,,11399000.0,3144000.0,11399000.0,6976000.0,,11376000.0,,,18310000.0,,0.0,1186881000.0,450628000.0,,,,-24000.0,,112405000.0,,,,,,,,,,,,,10622000.0,1046000.0,51028000.0,2105000.0,32190000.0,,0.01,200000000.0,48055000.0,47612000.0,481000.0,,106022000.0,,,,,,,1282501000.0,,68312000.0,,79753000.0,11441000.0,,,369063000.0,,6121000.0,,,32690000.0,-9115000.0,,,,-9424000.0,99593000.0,,13274000.0,8924000.0,,,-309000.0,,78356000.0,,,,5756000.0,6576000.0,,,13079000.0,11954000.0,35499000.0,,5492000.0,,183000.0,21420000.0,78201000.0,21420000.0,2545000.0,,18847000.0,,,,29620000.0,,,2.76,2.69,,0.35,,,,267000.0,267000.0,107993000.0,4423000.0,3351000.0,3351000.0,0.0,18703000.0,72057000.0,77526000.0,18628000.0,11899000.0,13889000.0,16827000.0,17555000.0,228381000.0,156324000.0,25582000.0,-69000.0,0.0,341754000.0,,214939000.0,,,,778330000.0,,,,176167000.0,,,,,,,70329000.0,,73366000.0,361000.0,0.0,61658000.0,,3656000.0,0.0,-2961000.0,7597000.0,379000.0,17705000.0,58700000.0,732000.0,732000.0,19142000.0,-6469000.0,5662000.0,,3562000.0,8147000.0,,455000.0,0.0,0.0,-6218000.0,245724000.0,,15465000.0,174000.0,8057000.0,0.0,,,6832000.0,,,,,,,,,,,737498000.0,1186881000.0,21474000.0,274790000.0,,8464000.0,,,,0.0,,359192000.0,3750000.0,325000000.0,3750000.0,29063000.0,3750000.0,3750000.0,3750000.0,,0.0,359192000.0,,,126290000.0,-258361000.0,133909000.0,132189000.0,,,3750000.0,,3.0,,3.0,,428092000.0,191632000.0,,,,,,,165211000.0,17194000.0,,16019000.0,15886000.0,16400000.0,17037000.0,82675000.0,,,,,,,,,18793000.0,,4642000.0,34607000.0,25344000.0,13975000.0,57534000.0,,267000.0,83000.0,184000.0,-83000.0,2827000.0,16611000.0,82096000.0,2416000.0,,9690000.0,4312000.0,,,238000.0,1848000.0,238000.0,,,13261000.0,6561000.0,5781000.0,,216494000.0,0.0,,0.0,13152000.0,6911000.0,0.0,21956000.0,,0.01,10000000.0,0.0,0.0,0.0,,14189000.0,,,75000000.0,325000000.0,0.0,124000000.0,,,,,,2000000.0,,,,144819000.0,59954000.0,12008000.0,,,206500000.0,7000.0,,,,167813000.0,,20271000.0,31287000.0,31287000.0,,9671000.0,1902225000.0,2390083000.0,,,10254000.0,37338000.0,398472000.0,11399000.0,62000.0,22.57,1075000.0,22.14,641000.0,14.9,,,449383000.0,,,,-5781000.0,,,,,,,,59.76,,443000.0,886000.0,13261000.0,26522000.0,6842000.0,,0.0,1622000.0,78000.0,0.0,868000.0,,563000.0,6752000.0,,1321000.0,49267000.0,47946000.0,8406000.0,18708000.0,,,,,,,
2017-03-31,2017-05-05,10-Q,"AMN HEALTHCARE SERVICES, INC.",AMN,CIK0001142750,USD,,136028000.0,33158000.0,334782000.0,13147000.0,16952000.0,,3501000.0,42174000.0,31297000.0,87843000.0,47000.0,447857000.0,,,,,,,15171000.0,,,,,,1211047000.0,472224000.0,,,,23000.0,,116194000.0,,,,,,,,,,,,,37711000.0,27089000.0,70488000.0,19460000.0,38421000.0,,0.01,200000000.0,48326000.0,47883000.0,483000.0,,32054000.0,,,,,,,333393000.0,,,,,,,,,,,,,38685000.0,,,,,-4900000.0,,,13761000.0,8840000.0,,,,,,,,,,,,,,,,,,,,,,16548000.0,,,,,,,7668000.0,,,0.67,0.65,,,,,,4000.0,,99642000.0,,0.0,0.0,,0.0,76652000.0,,,,,,,,,26487000.0,-65000.0,0.0,340564000.0,,214939000.0,,,,161776000.0,,,,46905000.0,,,,,,,14897000.0,,2812000.0,,,,,,,,,,-1599000.0,-1787000.0,,-84000.0,-8351000.0,-361000.0,-266000.0,,3139000.0,16825000.0,,5309000.0,0.0,0.0,,241130000.0,,5130000.0,22000.0,545000.0,0.0,,,7782000.0,,,,,,,,,,,734242000.0,1211047000.0,0.0,277688000.0,,8586000.0,,,,,,,,,,,,,,,,358512000.0,,,-11928000.0,-13300000.0,44684000.0,32008000.0,,,3750000.0,,,,3.0,,109741000.0,52035000.0,,,,,,,,,,,,,,,,,,,,,,,,,2582000.0,31395000.0,26947000.0,13803000.0,65368000.0,,3000.0,,46000.0,43000.0,1569000.0,29428000.0,81494000.0,579000.0,,7460000.0,1390000.0,,,,,,,,,0.0,7313000.0,,0.0,,,,4804000.0,4998000.0,,5498000.0,,0.01,10000000.0,0.0,0.0,0.0,,19498000.0,,,0.0,,,0.0,,,,,,2000000.0,,,,150463000.0,62620000.0,5408000.0,,,,,,,,938000.0,,17592000.0,,29141000.0,,41679000.0,495169000.0,495169000.0,,,8199000.0,39361000.0,102073000.0,2681000.0,,,,,,,,,476805000.0,,,,,,,,,,,,,,443000.0,,13261000.0,,,,,,,,,,,,,1738000.0,49520000.0,47782000.0,8323000.0,18396000.0,,,,,,,
2017-06-30,2017-08-04,10-Q,"AMN HEALTHCARE SERVICES, INC.",AMN,CIK0001142750,USD,,118943000.0,27268000.0,334597000.0,15315000.0,,,3369000.0,41329000.0,31457000.0,91164000.0,-52000.0,448716000.0,,,,,,,12634000.0,,,,33000.0,,1188970000.0,441044000.0,,,,,,120389000.0,,,,,,,,,,,,,22878000.0,,62544000.0,,41562000.0,,0.01,200000000.0,48400000.0,47947000.0,484000.0,,31156000.0,,,,,328791000.0,,328791000.0,,,,,,,,,,,,,42823000.0,,,,,,,,14199000.0,9644000.0,,,,,,,,,,,,,,,,,,,,,,12387000.0,,,,,,,7959000.0,,,0.65,0.63,,,,,,,,107283000.0,,,,,,81295000.0,,,,,,,,,27333000.0,,,340596000.0,,214939000.0,,,,161012000.0,,,,51452000.0,,,,,,,20197000.0,,,,,,,,,,,,,,,,,,,,,,,,,,,236486000.0,,4928000.0,,,,,,8810000.0,,,,,,,,,,,680478000.0,1188970000.0,,266328000.0,,8693000.0,,,,,,,,,,,,,,,,319462000.0,,,,,,31255000.0,,,18071000.0,,,,,,104632000.0,56380000.0,,,,,,,,,,,,,,,,,,,,,,,,,6678000.0,29785000.0,30032000.0,13721000.0,71594000.0,,-41000.0,,-99000.0,-58000.0,2653000.0,12387000.0,82301000.0,,,7223000.0,1813000.0,,,,,,,,,,,,,,,,,,,,,0.01,10000000.0,0.0,0.0,0.0,,17153000.0,,,,,,,,,,,,,,,,156532000.0,65368000.0,,,,,,,,,,,16064000.0,,33882000.0,,72934000.0,489803000.0,489803000.0,,,6559000.0,38841000.0,96673000.0,2562000.0,,,,,,,,,508492000.0,,,,,,,,,,,,,,453000.0,,13590000.0,,,,,,,,,,,,,1559000.0,49475000.0,47916000.0,8461000.0,18755000.0,,,,,,,
2017-09-30,2017-11-03,10-Q,"AMN HEALTHCARE SERVICES, INC.",AMN,CIK0001142750,USD,,117934000.0,24166000.0,343596000.0,16755000.0,,,3708000.0,45690000.0,31840000.0,94531000.0,-125000.0,451136000.0,,,,,,,11381000.0,,,,10000.0,,1191390000.0,442473000.0,,,,,,126492000.0,,,,,,,,,,,,,19625000.0,,65144000.0,,45835000.0,,0.01,200000000.0,48402000.0,47772000.0,484000.0,,28055000.0,,,,,334867000.0,,334867000.0,,,,,,,,,,,,,45771000.0,,,,,,,,14602000.0,9609000.0,,,,,,,,,,,,,,,,,,,,,,11899000.0,,,,,,,8132000.0,,,0.59,0.57,,,,,,,,111984000.0,,,,,,85990000.0,,,,,,,,,28202000.0,,,340596000.0,,214939000.0,,,,159539000.0,,,,45991000.0,,,,,,,17863000.0,,,,,,,,,,,,,,,,,,,,,,,,,,,231791000.0,,4837000.0,,,,,,8025000.0,,,,,,,,,,,659191000.0,1191390000.0,,244967000.0,,7240000.0,,,,,,,,,,,,,,,,319652000.0,,,,,,28128000.0,,,0.0,,,,,,108711000.0,50828000.0,,,,,,,,,,,,,,,,,,,,,,,,,2863000.0,26220000.0,28127000.0,10005000.0,73962000.0,,-73000.0,,-73000.0,0.0,2121000.0,5440000.0,82673000.0,,,2459000.0,2323000.0,,,,,,,,,,,,,,,,,,,,,0.01,10000000.0,0.0,0.0,0.0,,15832000.0,,,,,,,,,,,,,,,,162719000.0,68188000.0,,,,,,,,,,,16215000.0,,34380000.0,,101062000.0,494406000.0,494406000.0,,,7048000.0,40033000.0,100579000.0,2477000.0,,,,,,,,,532199000.0,,,,,,,,,,,,,,630000.0,,20358000.0,,,,,,,,,,,,,1533000.0,49445000.0,47912000.0,8301000.0,18475000.0,,,,,,,
2017-12-31,2018-02-16,10-K,"AMN HEALTHCARE SERVICES, INC.",AMN,CIK0001142750,USD,,130319000.0,31420000.0,350496000.0,19489000.0,,,3658000.0,29238000.0,33923000.0,97889000.0,-112000.0,453351000.0,,10237000.0,0.0,10237000.0,6252000.0,,9801000.0,,,18628000.0,,0.0,1253957000.0,474153000.0,,,,184000.0,,132770000.0,,,,,,,,,,,,,15147000.0,4525000.0,98894000.0,47866000.0,48145000.0,,0.01,200000000.0,48411000.0,47481000.0,484000.0,,132445000.0,8384000.0,960000.0,,,,,1344035000.0,,45899000.0,,54598000.0,8699000.0,,,325000000.0,,5157000.0,,,49330000.0,1754000.0,,,,5607000.0,66962000.0,27036000.0,14744000.0,8384000.0,960000.0,,3853000.0,,39961000.0,,,,2590000.0,1388000.0,,,12336000.0,7326000.0,12477000.0,,3844000.0,,35000.0,27036000.0,49235000.0,27036000.0,2628000.0,,15099000.0,,,,32279000.0,,,3.63,3.52,,0.35,,,,-98000.0,-98000.0,121423000.0,3985000.0,0.0,0.0,,0.0,90685000.0,65886000.0,17555000.0,11640000.0,11899000.0,13889000.0,16827000.0,228381000.0,137696000.0,29494000.0,-227000.0,0.0,340596000.0,,214939000.0,,,,806511000.0,,,,192763000.0,,,,,,,60205000.0,,73746000.0,15898000.0,-28078000.0,67467000.0,,3849000.0,-4889000.0,1112000.0,7880000.0,-1175000.0,-7862000.0,18858000.0,-548000.0,-548000.0,13430000.0,15537000.0,-4301000.0,5406000.0,5406000.0,-8442000.0,,2316000.0,0.0,0.0,40021000.0,227096000.0,,19677000.0,188000.0,17936000.0,127000.0,,,9056000.0,,,,,,,,,,,691430000.0,1253957000.0,0.0,265272000.0,,5270000.0,,,,,,319843000.0,0.0,,,,,,,,0.0,319843000.0,12548000.0,,-77193000.0,-35361000.0,160518000.0,173725000.0,,,0.0,,,,3.0,,431979000.0,212440000.0,,,,,,,151029000.0,16962000.0,,16777000.0,16969000.0,16913000.0,16969000.0,66439000.0,,,,,,,,,20529000.0,,7655000.0,50993000.0,26221000.0,9589000.0,74366000.0,,-98000.0,15000.0,-113000.0,-15000.0,3214000.0,5146000.0,79279000.0,2231000.0,-2231000.0,2547000.0,267000.0,,,,1500000.0,-85000.0,,,20164000.0,0.0,9374000.0,0.0,0.0,2000000.0,,0.0,15096000.0,10537000.0,0.0,26529000.0,15096000.0,0.01,10000000.0,0.0,0.0,0.0,,16505000.0,,,0.0,0.0,0.0,0.0,,,,,,20301000.0,,,,171320000.0,73431000.0,10339000.0,,,0.0,0.0,,,,44063000.0,,25506000.0,64315000.0,64315000.0,6074000.0,142229000.0,2497530000.0,2497530000.0,,,7672000.0,38964000.0,399700000.0,10237000.0,66000.0,30.02,855000.0,30.98,637000.0,16.88,,,562527000.0,,,,-9374000.0,,,,,,,,41.41,,930000.0,487000.0,33425000.0,20164000.0,4663000.0,,2474000.0,606000.0,-1016000.0,513000.0,731000.0,,949000.0,4613000.0,,1623000.0,49430000.0,47807000.0,8553000.0,19074000.0,,,,,,,
2018-03-31,2018-05-04,10-Q,"AMN HEALTHCARE SERVICES, INC.",AMN,CIK0001142750,USD,,122402000.0,26245000.0,338600000.0,13768000.0,,,3702000.0,45517000.0,34834000.0,101182000.0,-131000.0,445285000.0,,2864000.0,,,,,10106000.0,,,,9000.0,0.0,1272552000.0,489370000.0,,,,0.0,,138824000.0,,,,,,,,,,,,,54499000.0,,134027000.0,35133000.0,53386000.0,,0.01,200000000.0,48760000.0,47830000.0,488000.0,,42662000.0,,,,,354665000.0,,354665000.0,,,,,,,,,,,,,52115000.0,,,,,-5113000.0,,,14785000.0,8746000.0,1769000.0,,,,,,,,,,,,,,,,,,,,,21922000.0,,,,,,,7886000.0,,,0.89,0.87,,,,,,-19000.0,,117415000.0,,,,,0.0,95073000.0,,,,,,,,,29758000.0,-5000.0,-574000.0,340596000.0,,,,,,167824000.0,,,,49866000.0,,,,,,,7185000.0,,2731000.0,6017000.0,,,,,,,,,-7816000.0,-9154000.0,-52000.0,-52000.0,-4007000.0,-9881000.0,-2825000.0,,89000.0,-1498000.0,,2375000.0,,12000.0,,222708000.0,,5335000.0,104000.0,201000.0,15000.0,,,8130000.0,,,,,,,,,,,673336000.0,1272552000.0,0.0,251179000.0,,5695000.0,,,,,,,,,,,,,,,,320034000.0,,,-14970000.0,-9613000.0,59735000.0,42681000.0,,,,,,,3.0,,112623000.0,55201000.0,,,,,,,,,,,,,,,,,,,,,,,,,3009000.0,38364000.0,30726000.0,7768000.0,84112000.0,,-19000.0,,-19000.0,0.0,1922000.0,2616000.0,80201000.0,600000.0,,,281000.0,,,,,,,,0.0,2331000.0,10926000.0,,0.0,,,0.0,2086000.0,4724000.0,,5703000.0,,0.01,10000000.0,0.0,0.0,0.0,,18880000.0,,,,,,0.0,,,,,,2900000.0,,,,176712000.0,75530000.0,2257000.0,,,,,,,,0.0,,24579000.0,,60236000.0,5287000.0,186999000.0,522489000.0,522489000.0,,,7972000.0,39033000.0,104737000.0,2864000.0,,,,,,,,,599216000.0,,,,-10926000.0,,,,,,,,,,930000.0,,33425000.0,,,,,,,,,,,,,1383000.0,49116000.0,47733000.0,8075000.0,18638000.0,,,,,,,
2018-06-30,2018-08-03,10-Q,"AMN HEALTHCARE SERVICES, INC.",AMN,CIK0001142750,USD,,123105000.0,26369000.0,354781000.0,15431000.0,,,4078000.0,47545000.0,39428000.0,105275000.0,-40000.0,448084000.0,,3281000.0,,,,,9710000.0,,,,36000.0,,1473263000.0,468521000.0,,,,,,147094000.0,,,,,,,,,,,,,22894000.0,,104611000.0,,54158000.0,,0.01,200000000.0,48807000.0,47492000.0,488000.0,,35620000.0,13615000.0,1279000.0,,,377152000.0,,,,,,,,,,,,,,,55320000.0,,,,,,,,14890000.0,,,,,,,,,,,,,,,,,,,,,,,19863000.0,,,,,,,10606000.0,,,0.75,0.73,,,,,,,,130258000.0,,,,,,101557000.0,,,,,,,,,31123000.0,,,439134000.0,,214939000.0,,,,180956000.0,,,,48439000.0,,,,,,,12910000.0,,,1912000.0,,,,,,,,,,,,,,,,,,,,,,,,339514000.0,,6376000.0,,,,,,8279000.0,,,,,,,,,,,856519000.0,1473263000.0,,283239000.0,,4890000.0,,,,,,,,,,,,,,,155000000.0,320225000.0,,,,,,35529000.0,,,,,,,,,126141000.0,54815000.0,,,,,,,,,,,,,,,,,,,,,,,,,6262000.0,37301000.0,28876000.0,10839000.0,83034000.0,,91000.0,,91000.0,0.0,3304000.0,16261000.0,78192000.0,,,,1832000.0,,,,,,,,,,,,,,,,,,,,,0.01,10000000.0,0.0,0.0,0.0,,18888000.0,,,,,,,,,,,,,,,,186496000.0,81221000.0,,,,,,,,,,,24550000.0,,61839000.0,4672000.0,222528000.0,558108000.0,,,,8575000.0,36076000.0,115535000.0,3281000.0,,,,,,,,,616744000.0,,,,-482000.0,,,,,,,,,,1315000.0,,54316000.0,20891000.0,,,,,,,,,,,,1283000.0,48936000.0,47653000.0,7970000.0,19225000.0,,,,,,,
2018-09-30,2018-11-02,10-Q,"AMN HEALTHCARE SERVICES, INC.",AMN,CIK0001142750,USD,,142543000.0,21217000.0,366436000.0,18795000.0,,,3820000.0,37802000.0,39665000.0,109846000.0,93000.0,449868000.0,,1809000.0,,,,,9741000.0,,,,36000.0,,1490402000.0,479839000.0,,,,,,155534000.0,,,,,,,,,,,,,18614000.0,,77271000.0,,58576000.0,,0.01,200000000.0,48809000.0,46914000.0,488000.0,,28051000.0,13107000.0,994000.0,,,351695000.0,,,,,,,,,,,,,,,59502000.0,,,,,,,24651000.0,15053000.0,,,,,,,,,,,,,,,,,,,,,,,,,,,,,,11296000.0,,,0.59,0.58,,,,,,,,135632000.0,,,,,,108283000.0,,,,,,,,,32814000.0,,,438299000.0,,214939000.0,,,,175147000.0,,,,37986000.0,,,,,,,10068000.0,,,2901000.0,,,,,,,,,,,,,,,,,,,,,,,,332788000.0,,4649000.0,,,,,,8315000.0,,,,,,,,,,,875682000.0,1490402000.0,,303088000.0,,4221000.0,,,,,,,,,,,,,,,150000000.0,320416000.0,25042000.0,,,,,27918000.0,,,,,,,,,132512000.0,42635000.0,,,,,,,,,,,,,,,,,,,,,,,,,3696000.0,35358000.0,34630000.0,10230000.0,93206000.0,,133000.0,,133000.0,0.0,2443000.0,11806000.0,77527000.0,,,,25000.0,,,,,,,,,,,,,,,,,,,,,0.01,10000000.0,0.0,0.0,0.0,,14540000.0,,,,,,,,,,,,,,,,196663000.0,86817000.0,,,,,,,,,,,22227000.0,,59453000.0,23023000.0,250446000.0,526842000.0,,,,8510000.0,37847000.0,121216000.0,1809000.0,,,,,,,,,614720000.0,,,,-25000.0,,,,,,,,,,1895000.0,,86175000.0,31859000.0,,,,,,,,,,,,1243000.0,48529000.0,47286000.0,7789000.0,19387000.0,,,,,,,
2018-12-31,2019-02-21,10-K,"AMN HEALTHCARE SERVICES, INC.",AMN,CIK0001142750,USD,,149603000.0,31537000.0,365871000.0,18021000.0,,,3559000.0,30236000.0,42571000.0,114413000.0,151000.0,452730000.0,,10815000.0,0.0,10815000.0,8003000.0,,10560000.0,,,24239000.0,23000.0,0.0,1492721000.0,482166000.0,,,,-2400000.0,7918000.0,162006000.0,,,,,,,,,,,,,13856000.0,,84324000.0,-14570000.0,55028000.0,,0.01,200000000.0,48809000.0,46643000.0,488000.0,,142004000.0,12365000.0,865000.0,,,1439691000.0,,1439691000.0,,33564000.0,,45611000.0,12047000.0,,,445000000.0,,4393000.0,,,55720000.0,-1372000.0,,,,-667000.0,76320000.0,27326000.0,15012000.0,,,,705000.0,,48994000.0,,,,1846000.0,1030000.0,,,13869000.0,6606000.0,21643000.0,,4000000.0,,0.0,27326000.0,51493000.0,27326000.0,5025000.0,,19802000.0,,,41237000.0,41237000.0,,,3.75,3.6500000000000004,,0.21,,,,,263000.0,135059000.0,2812000.0,0.0,0.0,,24026000.0,114924000.0,125822000.0,25943000.0,20182000.0,20756000.0,21014000.0,23030000.0,351671000.0,236747000.0,34211000.0,-117000.0,-574000.0,438506000.0,,214939000.0,,,,868839000.0,,,,186685000.0,,,,,,,44944000.0,,30593000.0,799000.0,0.0,39272000.0,,2956000.0,-4343000.0,-3256000.0,9902000.0,413000.0,17154000.0,1453000.0,319000.0,,10252000.0,-15099000.0,1259000.0,-5239000.0,-5239000.0,-8980000.0,,-4465000.0,,92000.0,,326147000.0,,16143000.0,460000.0,21283000.0,202000.0,,,8615000.0,,,,,,,,,,,853731000.0,1492721000.0,16586000.0,307270000.0,,4862000.0,,,,,,440607000.0,,,,,,,,,120000000.0,320607000.0,24549000.0,,37511000.0,-279337000.0,226993000.0,177354000.0,,,0.0,,,,3.0,,493555000.0,202828000.0,,,,,,,141286000.0,18218000.0,,17990000.0,18144000.0,18349000.0,18149000.0,50436000.0,141286000.0,18218000.0,17990000.0,18144000.0,18349000.0,18149000.0,50436000.0,,21402000.0,,3756000.0,39887000.0,41124000.0,12759000.0,96152000.0,,263000.0,0.0,263000.0,,3954000.0,10243000.0,78528000.0,-4841000.0,4841000.0,2325000.0,876000.0,,,,0.0,0.0,,,67013000.0,2331000.0,11432000.0,217360000.0,217360000.0,6100000.0,,1180000.0,33824000.0,9917000.0,750000.0,35206000.0,33824000.0,0.01,10000000.0,0.0,0.0,0.0,,12409000.0,,,0.0,0.0,,195000000.0,195000000.0,,0.0,,,25000000.0,0.0,,,204832000.0,90419000.0,9006000.0,,,75000000.0,0.0,75000000.0,,,0.0,0.0,26329000.0,59331000.0,59331000.0,15192000.0,286059000.0,2664709000.0,,,,8633000.0,38324000.0,452318000.0,10815000.0,83000.0,42.32,818000.0,43.84,499000.0,23.04,,,638990000.0,,,,-11432000.0,,,,,,,,54.17,,2166000.0,1236000.0,100438000.0,67013000.0,4393000.0,,951000.0,467000.0,-139000.0,475000.0,753000.0,,547000.0,4285000.0,,1297000.0,48668000.0,47371000.0,7817000.0,19454000.0,,,,,,,
2019-03-31,2019-05-03,10-Q,"AMN HEALTHCARE SERVICES, INC.",AMN,CIK0001142750,USD,,153566000.0,23203000.0,365231000.0,13546000.0,,,3582000.0,37831000.0,39933000.0,119489000.0,50000.0,447632000.0,,5186000.0,,,,,11716000.0,,,,66000.0,0.0,1637825000.0,488887000.0,,,,-700000.0,7668000.0,168030000.0,,,,,,,,,,,,,19116000.0,,85979000.0,1655000.0,64500000.0,,0.01,200000000.0,49122000.0,46578000.0,491000.0,,34021000.0,11459000.0,769000.0,,,355682000.0,,,,,,,,,,,,,,,65820000.0,,,,,-9036000.0,,20079000.0,0.0,,,,,,,,,,,,,,,,,,,,,,,,,,,,,,11710000.0,,,0.73,0.71,,,,,,-101000.0,,135792000.0,,,,,1041000.0,121575000.0,,,,,,,,,36313000.0,-4000.0,0.0,464923000.0,,214939000.0,,,,176759000.0,,39379000.0,,39379000.0,,,,,,,5257000.0,,4192000.0,0.0,,,,,,,,,2949000.0,1500000.0,-1418000.0,,330000.0,-799000.0,1783000.0,6202000.0,6202000.0,9630000.0,,5387000.0,,-36000.0,,326466000.0,,5673000.0,102000.0,1524000.0,120000.0,,11175000.0,8771000.0,0.048,135142000.0,50318000.0,,17795000.0,18057000.0,18183000.0,17698000.0,13091000.0,22855000.0,987839000.0,1637825000.0,3390000.0,333270000.0,,4916000.0,,,,,,,,,,,,,,,150000000.0,320798000.0,24578000.0,,1790000.0,-36248000.0,36214000.0,34122000.0,,,,,3.0,,3.0,,131707000.0,45052000.0,4536000.0,112287000.0,12341000.0,99946000.0,4338000.0,97055000.0,,,,,,,,,,,,,,,,,,,4418000.0,31209000.0,41090000.0,14687000.0,105590000.0,,-101000.0,,-101000.0,,1849000.0,20112000.0,63746000.0,543000.0,,12444000.0,1050000.0,,,,,,,,17930000.0,0.0,10280000.0,29525000.0,29525000.0,,,90000.0,7362000.0,3583000.0,0.0,7388000.0,7362000.0,0.01,10000000.0,0.0,0.0,0.0,,17724000.0,,,0.0,,,30000000.0,,,0.0,,,11700000.0,,,,213114000.0,93625000.0,2608000.0,,,,,,,,,,16522000.0,,61279000.0,10938000.0,320181000.0,532441000.0,,0.0,,7961000.0,38058000.0,119997000.0,5186000.0,,,,,,,,5922000.0,649986000.0,,,,-10281000.0,,,,,,,,,,2544000.0,,118368000.0,17930000.0,,,,,,,,,,,717000.0,988000.0,47772000.0,46784000.0,8378000.0,18953000.0,,,,,,,
2019-06-30,2019-08-07,10-Q,"AMN HEALTHCARE SERVICES, INC.",AMN,CIK0001142750,USD,,124672000.0,20691000.0,369372000.0,18367000.0,,,3985000.0,35142000.0,41660000.0,121354000.0,-39000.0,450080000.0,,3702000.0,,,,,12273000.0,,,,66000.0,,1856088000.0,489868000.0,,,,,10780000.0,173753000.0,,,,,,,,,,,,,20937000.0,,98019000.0,,68122000.0,,0.01,200000000.0,49223000.0,46662000.0,492000.0,,28780000.0,11053000.0,571000.0,,,355635000.0,,,,,,,,,,,,,,,71292000.0,,,,,,,39273000.0,0.0,,,,,,,,,,,,,,,,,,,,,,,,,,,,,,12718000.0,,,0.62,0.61,,,,,,,,149937000.0,,,,,,128932000.0,,,,,,,,,35578000.0,,,588457000.0,,214939000.0,,,,179542000.0,,39091000.0,,39091000.0,,,,,,,10222000.0,,,2472000.0,,,,,,,,,,,,,,,,,,,,,,,,409439000.0,,6065000.0,,,,,10244000.0,9272000.0,0.048,131992000.0,50319000.0,,17887000.0,18181000.0,18374000.0,18220000.0,9011000.0,21569000.0,1175648000.0,1856088000.0,,316824000.0,,5540000.0,,,,,,,,,,,,,,,196000000.0,466610000.0,8096000.0,,,,,28869000.0,,,3750000.0,,,,,,134386000.0,45156000.0,4569000.0,110423000.0,13068000.0,97355000.0,,95247000.0,,,,,,,,,,,,,,,,,,,3443000.0,35535000.0,41787000.0,15961000.0,109909000.0,,-89000.0,,-89000.0,,3584000.0,14344000.0,59586000.0,,,3564000.0,958000.0,,,,,,,,,,,,,,,,,,,,,0.01,10000000.0,0.0,0.0,0.0,,13966000.0,,,,,,,,,,,,,,,,218603000.0,97249000.0,,,,,,,,,,,17102000.0,,65919000.0,5939000.0,349050000.0,535177000.0,,,,8073000.0,33439000.0,121668000.0,3702000.0,,,,,,,,5076000.0,680440000.0,,,,-1253000.0,,,,,,,,,,2561000.0,,119143000.0,775000.0,,,,,,,,,,,599000.0,780000.0,47424000.0,46644000.0,8566000.0,19078000.0,,,,,,,
2019-09-30,2019-11-04,10-Q,"AMN HEALTHCARE SERVICES, INC.",AMN,CIK0001142750,USD,,139505000.0,25474000.0,354742000.0,20240000.0,,,4168000.0,35125000.0,43727000.0,127005000.0,93000.0,451096000.0,,2825000.0,,,,,11324000.0,,,,32000.0,,1861074000.0,506932000.0,,,,,15105000.0,182694000.0,,,,,,,,,,,,,40748000.0,,113305000.0,,74645000.0,,0.01,200000000.0,49271000.0,46710000.0,493000.0,,23647000.0,11227000.0,383000.0,,,377566000.0,,,,,,,,,,,,,,,75739000.0,,,,,,,46356000.0,0.0,,,,,,,,,,,,,,,,,,,,,,,,,,,,,,17085000.0,,,0.5,0.49,,,,,,,,157950000.0,,,,,,140342000.0,,,,,,,,,35214000.0,,,586611000.0,,214939000.0,,,,190031000.0,,31909000.0,,31909000.0,,,,,,,8394000.0,,,4200000.0,,,,,,,,,,,,,,,,,,,,,,,,400428000.0,,7830000.0,,,,,10498000.0,9296000.0,0.048,127875000.0,50379000.0,,17898000.0,18230000.0,18500000.0,18343000.0,4525000.0,20338000.0,1155970000.0,1861074000.0,,343909000.0,,4326000.0,,,,,,,,,,,,,,,146000000.0,465899000.0,6045000.0,,,,,23515000.0,,,3750000.0,,,,,,150292000.0,39739000.0,4867000.0,107537000.0,13387000.0,94150000.0,,92257000.0,,,,,,,,,,,,,,,,,,,2709000.0,37365000.0,40837000.0,16280000.0,115482000.0,,132000.0,,132000.0,,2960000.0,18090000.0,59656000.0,,,2985000.0,1864000.0,,,,,,,,,,,,,,,,,,,,,0.01,10000000.0,0.0,0.0,0.0,,11325000.0,,,,,,,,,,,,,,,,227204000.0,100199000.0,,,,,,,,,,,16885000.0,,59165000.0,3493000.0,372565000.0,567597000.0,,,,8194000.0,34855000.0,133207000.0,2825000.0,,,,,,,,4848000.0,705104000.0,,,,-1808000.0,,,,,,,,,,2561000.0,,119143000.0,,,,,,,,,,,,783000.0,930000.0,47607000.0,46677000.0,8587000.0,18228000.0,,,,,,,
2019-12-31,2020-02-25,10-K,"AMN HEALTHCARE SERVICES, INC.",AMN,CIK0001142750,USD,,156140000.0,26985000.0,352685000.0,22613000.0,0.0,,4019000.0,36344000.0,47381000.0,132900000.0,152000.0,455193000.0,,16241000.0,,16241000.0,12018000.0,3332000.0,3332000.0,,,36493000.0,43000.0,0.0,1931646000.0,560499000.0,,,,7178000.0,20000000.0,191050000.0,11369000.0,,,,,,,,,,,,82985000.0,,153962000.0,69638000.0,79515000.0,,0.01,200000000.0,49283000.0,46722000.0,493000.0,,113989000.0,11788000.0,,9972000.0,,1478642000.0,,1478642000.0,,25255000.0,,33587000.0,8332000.0,,,625000000.0,,7841000.0,,,81064000.0,625000.0,,,,913000.0,122826000.0,46618000.0,,,,,288000.0,,76208000.0,,,,3448000.0,570000.0,,4294000.0,20564000.0,5848000.0,14218000.0,,0.0,0.0,0.0,46618000.0,71646000.0,,5050000.0,,22896000.0,,,58520000.0,58520000.0,,,3.03,2.98,,,,,,,1000.0,170932000.0,4223000.0,,,,29660000.0,151417000.0,109521000.0,44017000.0,33400000.0,39647000.0,40754000.0,41735000.0,460491000.0,309074000.0,37315000.0,-484000.0,-594000.0,595551000.0,,214939000.0,,,,940598000.0,,,148488000.0,148488000.0,,,,,,,34500000.0,,37747000.0,5984000.0,0.0,31253000.0,,3840000.0,-4770000.0,-2426000.0,6810000.0,-207000.0,1925000.0,-28278000.0,-1806000.0,,32758000.0,4464000.0,-2847000.0,12751000.0,,-6090000.0,,-774000.0,,-78000.0,,398474000.0,,28427000.0,536000.0,23730000.0,298000.0,,41717000.0,9367000.0,0.048,123749000.0,33666000.0,,16711000.0,17895000.0,18227000.0,18599000.0,18651000.0,18597000.0,1194904000.0,1931646000.0,31148000.0,378105000.0,,5431000.0,,,,,,617159000.0,0.0,,,,,,,,0.0,617159000.0,6146000.0,,136599000.0,-291824000.0,224862000.0,141470000.0,113988000.0,113988000.0,0.0,,,,3.0,3.0,566550000.0,176915000.0,18725000.0,105152000.0,13943000.0,91209000.0,17817000.0,89866000.0,,,,,,,,,,,,,,,,,,,3178000.0,40446000.0,40739000.0,16069000.0,120254000.0,,1000.0,0.0,1000.0,,4614000.0,25302000.0,61813000.0,,-1984000.0,5302000.0,3485000.0,,,,0.0,0.0,,,18705000.0,5223000.0,13773000.0,247906000.0,247906000.0,0.0,,1240000.0,,12507000.0,779000.0,35218000.0,26309000.0,0.01,10000000.0,0.0,0.0,0.0,,11669000.0,,,150000000.0,300000000.0,,101000000.0,101000000.0,,0.0,,,32135000.0,0.0,,,237732000.0,104832000.0,6275000.0,,,221000000.0,,221000000.0,,,150000000.0,0.0,18393000.0,62170000.0,62170000.0,9586000.0,400047000.0,2808999000.0,,0.0,,7925000.0,34606000.0,508030000.0,16241000.0,52000.0,41.09,758000.0,52.45,400000.0,35.46,,20112000.0,736742000.0,,,,-13773000.0,,,,,,,,47.3,,2561000.0,395000.0,119143000.0,18705000.0,4937000.0,0.0,0.0,493000.0,26000.0,588000.0,990000.0,,1034000.0,4695000.0,2880000.0,889000.0,47593000.0,46704000.0,8782000.0,18291000.0,,,,,,,0.0
2020-03-31,2020-05-11,10-Q,"AMN HEALTHCARE SERVICES, INC.",AMN,CIK0001142750,USD,,175188000.0,26001000.0,376528000.0,15511000.0,,,4484000.0,50151000.0,55312000.0,138589000.0,105000.0,455766000.0,,4927000.0,,,,8024000.0,8024000.0,481000.0,,,27000.0,0.0,2460133000.0,600594000.0,,,,200000.0,3300000.0,199587000.0,,,,,,,,,,,,,97509000.0,,169269000.0,15307000.0,65008000.0,,0.01,200000000.0,49423000.0,46862000.0,494000.0,,12918000.0,12587000.0,,7628000.0,,400395000.0,145000.0,,,,,,,,,,,,,,64966000.0,,,,,733000.0,,104262000.0,,,,,,,,,,,,,,,,,,,,,,,,,,,,,,20089000.0,20234000.0,,,0.27,0.27,,,,,,-47000.0,-47000.0,153018000.0,,,,,37240000.0,164848000.0,,,,,,,,,45895000.0,-3266000.0,,851459000.0,,214939000.0,0.0,,,202066000.0,,24689000.0,,24689000.0,,,,,,,11724000.0,,45000.0,0.0,,,,,,,,,15836000.0,5786000.0,748000.0,,-2031000.0,-5984000.0,-3463000.0,-2409000.0,,-6894000.0,,7663000.0,,-21000.0,,638443000.0,,11054000.0,159000.0,1898000.0,50000.0,,,9825000.0,,,,,,,,,,,1711053000.0,2460133000.0,68822000.0,373060000.0,,5641000.0,,,,,,,,,,,,,,,225000000.0,858906000.0,6521000.0,,456126000.0,-492137000.0,51365000.0,12965000.0,,,6250000.0,4.0,,,3.0,,166323000.0,35743000.0,,,14634000.0,88090000.0,4734000.0,87217000.0,,,,,,,,,,,,,,,,,,,3189000.0,30669000.0,39821000.0,15289000.0,104829000.0,,-47000.0,,-47000.0,,2511000.0,11383000.0,61735000.0,1911000.0,-1911000.0,8083000.0,4280000.0,,,,,,,,0.0,3899000.0,4353000.0,476392000.0,476392000.0,,,1400000.0,,5471000.0,490000.0,13571000.0,4479000.0,0.01,10000000.0,0.0,0.0,0.0,,19950000.0,,,250000000.0,,,225000000.0,,,66000.0,,,9600000.0,,,,255307000.0,116718000.0,3839000.0,,,0.0,,,,,0.0,,15380000.0,,60873000.0,4493000.0,411858000.0,602461000.0,,,,7941000.0,35146000.0,146234000.0,4927000.0,,,,,,,,,749080000.0,,,,-4353000.0,,,,,,,,,,2561000.0,,119143000.0,,,,,,,,,,,,,282000.0,47641000.0,47359000.0,7788000.0,16668000.0,0.0,,,,,,
2020-06-30,2020-08-07,10-Q,"AMN HEALTHCARE SERVICES, INC.",AMN,CIK0001142750,USD,,144824000.0,24811000.0,366574000.0,19294000.0,21483000.0,,,33046000.0,50262000.0,145850000.0,47000.0,461824000.0,,6347000.0,,,,8532000.0,8532000.0,,,,189000.0,,2364816000.0,518639000.0,,,,,8100000.0,204443000.0,,,,,,,,,,,,,43067000.0,,97860000.0,,82252000.0,,0.01,200000000.0,49542000.0,46981000.0,495000.0,,22267000.0,11759000.0,,,,410811000.0,355000.0,,,,,,,,,,,,,,84338000.0,,,,,,,87649000.0,,,,,,,,,,,,,,,,,,,,,,,,,,,,,,22071000.0,,,,0.47,0.47,,,,,,,,171007000.0,,,,,,179916000.0,,,,,,,,,45570000.0,,,870074000.0,,214939000.0,,,,197540000.0,,26958000.0,,26958000.0,,,,,,,4633000.0,,,0.0,,,,,,,,,,,,,,,,,,,,,,,,599737000.0,,11443000.0,,,,,,9812000.0,,,,,,,,,,,1587410000.0,2364816000.0,,384536000.0,,5696000.0,,,,,,,,,,,,,,,100000000.0,856106000.0,10462000.0,,,,,22325000.0,22325000.0,22325000.0,7813000.0,,,,,,159139000.0,38401000.0,,,15480000.0,85504000.0,,85119000.0,,,,,,,,,,,,,,,,,,,3083000.0,34982000.0,38658000.0,17871000.0,120910000.0,,-58000.0,,-58000.0,,1064000.0,33653000.0,73615000.0,,,4070000.0,17728000.0,,,,,,,,,,,,,,,,,,,,,0.01,10000000.0,0.0,0.0,0.0,,15547000.0,,,,,,,,,,,,,,,,259825000.0,113975000.0,,,,,,,,,,,17111000.0,,56362000.0,18680000.0,434183000.0,608351000.0,,,,9098000.0,32013000.0,137068000.0,6347000.0,,,,,,,,,777406000.0,,,,-288000.0,,,,,,,,,,2561000.0,,119143000.0,,,,,,,,,,,,,179000.0,47562000.0,47383000.0,8727000.0,18178000.0,,,,,,,
2020-09-30,2020-11-06,10-Q,"AMN HEALTHCARE SERVICES, INC.",AMN,CIK0001142750,USD,,152935000.0,29331000.0,352746000.0,27833000.0,,,5537000.0,44240000.0,51016000.0,153390000.0,33000.0,465438000.0,,3772000.0,,,,8511000.0,8511000.0,,,,84000.0,,2344865000.0,513703000.0,,,,,1400000.0,210735000.0,,,,,,,,,,,,,58419000.0,,108923000.0,,87485000.0,,0.01,200000000.0,49550000.0,46989000.0,495000.0,,26053000.0,11900000.0,,,,366998000.0,481000.0,,,,,,,,,,,,,,87934000.0,,,,,,,79681000.0,,,,,,,,,,,,,,,,,,,,,,,,,,,,,,26936000.0,,,,0.55,0.55,,,,,,,,184736000.0,,,,,,199488000.0,,,,,,,,,45807000.0,,,869941000.0,,214939000.0,,,,184633000.0,,33898000.0,33898000.0,33898000.0,,,,,,,7831000.0,,,0.0,,,,,,,,,,,,,,,,,,,,,,,,580658000.0,,12564000.0,,,,,,9600000.0,,,,,,,,,,,1537792000.0,2344865000.0,,386168000.0,,5751000.0,,,,,,,,,,,,,,,40000000.0,854533000.0,7302000.0,,,,,26067000.0,26067000.0,26067000.0,9375000.0,,,,,,138171000.0,46462000.0,,,15338000.0,81674000.0,,81082000.0,,,,,,,,,,,,,,,,,,,3205000.0,30591000.0,38346000.0,15397000.0,125831000.0,,-14000.0,,-14000.0,,1066000.0,11884000.0,95736000.0,,,10484000.0,36632000.0,,,,,,,,,,,,,,,,,,,,,0.01,10000000.0,0.0,0.0,0.0,,15647000.0,,,,,,,,,,,,,,,,266142000.0,112752000.0,,,,,,,,,,,15194000.0,,60898000.0,25588000.0,460250000.0,551631000.0,,,,9104000.0,33642000.0,111235000.0,3772000.0,,,,,,,,,807073000.0,,,,-158000.0,,,,,,,,,,2561000.0,,119143000.0,,,,,,,,,,,,,200000.0,47676000.0,47476000.0,9554000.0,19711000.0,,,,,,,
2020-12-31,2021-02-26,10-K,"AMN HEALTHCARE SERVICES, INC.",AMN,CIK0001142750,USD,,167881000.0,28089000.0,376099000.0,34514000.0,0.0,,5590000.0,37849000.0,59721000.0,161752000.0,40000.0,468726000.0,,20465000.0,,20465000.0,15144000.0,7043000.0,7043000.0,2051000.0,,63817000.0,41000.0,0.0,2353507000.0,533735000.0,,,,4900000.0,8000000.0,220971000.0,11208000.0,,,,,,,,,,,,29213000.0,,83990000.0,-69972000.0,98161000.0,,0.01,200000000.0,49614000.0,47053000.0,496000.0,,70553000.0,11004000.0,,11729000.0,,1601936000.0,,,,32673000.0,,42486000.0,9813000.0,,,871875000.0,,9226000.0,,,97184000.0,-15092000.0,,,,-21628000.0,177075000.0,67205000.0,,,,,-6536000.0,,109870000.0,,,,9557000.0,989000.0,,7607000.0,24604000.0,6198000.0,13371000.0,,,6459000.0,,67205000.0,126833000.0,,5057000.0,,25252000.0,,,92766000.0,94187000.0,,,1.69,1.67,,,,,,,-112000.0,213414000.0,5321000.0,,,,35733000.0,215234000.0,203872000.0,61234000.0,39199000.0,52161000.0,58694000.0,60351000.0,690745000.0,475511000.0,47355000.0,-4322000.0,-4956000.0,864485000.0,,214939000.0,0.0,,,999317000.0,,,91523000.0,91523000.0,,,,,,,20858000.0,,46258000.0,6591000.0,,19220000.0,,3621000.0,-2311000.0,-3755000.0,4161000.0,-78000.0,5562000.0,7338000.0,-1119000.0,,25856000.0,412000.0,-2322000.0,-3220000.0,,41640000.0,,1342000.0,,-9000.0,,564911000.0,,57742000.0,389000.0,22652000.0,109000.0,,31404000.0,9600000.0,0.048,106790000.0,18733000.0,19108000.0,15160000.0,17030000.0,18207000.0,18552000.0,,13958000.0,1533830000.0,2353507000.0,56213000.0,422957000.0,,5447000.0,,,,,,857961000.0,4688000.0,,,,,,,,0.0,857961000.0,7613000.0,,211486000.0,-538172000.0,256826000.0,79973000.0,70665000.0,70665000.0,4688000.0,,,,,3.0,642513000.0,149265000.0,20176000.0,92832000.0,15032000.0,77800000.0,20052000.0,77735000.0,,,,,,,,,,,,,,,,,,,6069000.0,40809000.0,36959000.0,22183000.0,135120000.0,,-112000.0,,-112000.0,,4163000.0,10938000.0,107907000.0,,-4349000.0,1302000.0,49533000.0,,,,,,,,0.0,11508000.0,6929000.0,476491000.0,476491000.0,0.0,,1400000.0,,,490000.0,37702000.0,48311000.0,0.01,10000000.0,0.0,0.0,0.0,,13629000.0,,,250000000.0,552000000.0,,,245000000.0,,66000.0,,,32800000.0,527000.0,,,277926000.0,116174000.0,4428000.0,,,,,245000000.0,,,228125000.0,333330000.0,18626000.0,61347000.0,61347000.0,25196000.0,469558000.0,3024985000.0,,,,8897000.0,31997000.0,549747000.0,20465000.0,184000.0,53.84,717000.0,58.88,283000.0,49.18,,8702000.0,819677000.0,,,,-6929000.0,,,,,,,,,,2561000.0,0.0,119143000.0,,4916000.0,0.0,0.0,530000.0,37000.0,667000.0,255000.0,,943000.0,4616000.0,2526000.0,266000.0,47690000.0,47424000.0,10244000.0,20930000.0,,,,,1636000.0,13629000.0,0.0
2021-03-31,2021-05-10,10-Q,"AMN HEALTHCARE SERVICES, INC.",AMN,CIK0001142750,USD,,271903000.0,49578000.0,562163000.0,,,,5807000.0,52525000.0,112977000.0,170250000.0,16000.0,472754000.0,,9287000.0,,,,7050000.0,7050000.0,237000.0,,,22000.0,0.0,2643122000.0,830357000.0,,,,0.0,,230029000.0,,,,,,,,,,,,,78325000.0,,150658000.0,66668000.0,102068000.0,,0.01,200000000.0,49746000.0,47185000.0,497000.0,,70354000.0,14999000.0,,6857000.0,,597077000.0,471000.0,,,,,,,,,,,,,,105498000.0,,,,,1928000.0,,68920000.0,,,,,,,,,,,,,,,,,,,,,,,,,,,,,,23254000.0,23725000.0,,,1.48,1.47,,,,,,,-24000.0,282981000.0,,,,,0.0,230436000.0,,,,,,,,,50206000.0,-353000.0,,865148000.0,,214939000.0,,,663000.0,288868000.0,,95458000.0,,95458000.0,,,,,,,25080000.0,,5566000.0,0.0,,,,,,,,,103278000.0,191271000.0,3794000.0,,64985000.0,-6591000.0,-4226000.0,331000.0,,9039000.0,,6190000.0,,-22000.0,,549710000.0,,8944000.0,102000.0,320000.0,30000.0,,,9602000.0,,,,,,,,,,,1749062000.0,2643122000.0,0.0,598994000.0,,5479000.0,,,,,,,,,,,,,,,55000000.0,841435000.0,9675000.0,,24767000.0,2794000.0,39131000.0,70378000.0,,,0.0,1.0,,,3.0,,184466000.0,104402000.0,,,15200000.0,74214000.0,4894000.0,74746000.0,,,,,,,,,,,,,,,,,,,5866000.0,31683000.0,39187000.0,11366000.0,141255000.0,,-24000.0,,-24000.0,,3962000.0,13911000.0,110499000.0,,761000.0,,49398000.0,,,,,,,,,0.0,5258000.0,0.0,0.0,,,0.0,,0.0,0.0,11607000.0,10299000.0,0.01,10000000.0,0.0,0.0,0.0,,19819000.0,,,0.0,,,70000000.0,,,0.0,,,25200000.0,,,,289837000.0,119587000.0,244000.0,,,15000000.0,,,,,21875000.0,,20317000.0,,62319000.0,10303000.0,539936000.0,885945000.0,,,,8143000.0,33833000.0,161212000.0,9287000.0,,,,,,,,,894060000.0,,,,-5258000.0,,,,,,,,,,2561000.0,,119143000.0,,,,,,,,,,,,,316000.0,47916000.0,47600000.0,10855000.0,21789000.0,158000.0,,,,,,
2021-06-30,2021-08-06,10-Q,"AMN HEALTHCARE SERVICES, INC.",AMN,CIK0001142750,USD,,260894000.0,55608000.0,468299000.0,,,,6011000.0,45113000.0,100080000.0,179799000.0,19000.0,478302000.0,,6019000.0,,,,5513000.0,5513000.0,,,,4000.0,,2632443000.0,790103000.0,,,,,,239660000.0,,,,,,,,,,,,,139494000.0,,210282000.0,,107360000.0,,0.01,200000000.0,49824000.0,47263000.0,498000.0,,66773000.0,15065000.0,,,,576902000.0,616000.0,,,,,,,,,,,,,,112342000.0,,,,,,,63748000.0,,,,,,,,,,,,,,,,,,,,,,,,,,,,,,24740000.0,,,,1.4,1.39,,,,,,,,288195000.0,,,,,,246242000.0,,,,,,,,,52024000.0,,,892874000.0,,214939000.0,,,,280543000.0,,89063000.0,,89063000.0,,,,,,,22293000.0,,,1800000.0,,,,,,,,,,,,,,,,,,,,,,,,546434000.0,,10111000.0,,,,,,9602000.0,,,,,,,,,,,1666061000.0,2632443000.0,,582563000.0,,5365000.0,,,,,,,,,,,,,,,,841731000.0,10746000.0,,,,,,66770000.0,66770000.0,0.0,,,,,,181369000.0,99174000.0,,,15783000.0,71161000.0,,72641000.0,,,,,,,,,,,,,,,,,,,5946000.0,34040000.0,38103000.0,12386000.0,145463000.0,,3000.0,,3000.0,,6585000.0,2626000.0,106858000.0,,,,49239000.0,,,,,,,,,,,,,,,,,,,,,0.01,10000000.0,0.0,0.0,0.0,,17861000.0,,,,,,,,,,,,,,,,301286000.0,121487000.0,,,,,,,,,,,19854000.0,,63441000.0,12507000.0,606706000.0,857445000.0,,,,6498000.0,30343000.0,156629000.0,6019000.0,,,,,,,,,966382000.0,,,,-470000.0,,,,,,,,,,2561000.0,,119143000.0,,,,,,,,,,,,,360000.0,48019000.0,47659000.0,10774000.0,21911000.0,,,,,,,
2021-09-30,2021-11-05,10-Q,"AMN HEALTHCARE SERVICES, INC.",AMN,CIK0001142750,USD,,284094000.0,48468000.0,570101000.0,,,,6627000.0,60414000.0,114299000.0,190578000.0,30000.0,480364000.0,,2589000.0,,,,6148000.0,6148000.0,,,,21000.0,,2708997000.0,899531000.0,,,,,,254090000.0,,,,,,,,,,,,,137041000.0,,201104000.0,,114037000.0,,0.01,200000000.0,49836000.0,47275000.0,498000.0,,74034000.0,17904000.0,,,,571935000.0,686000.0,,,,,,,,,,,,,,117020000.0,,,,,,,61187000.0,,,,,,,,,,,,,,,,,,,,,,,,,,,,,,26104000.0,,,,1.55,1.54,,,,,,,,321938000.0,,,,,,262253000.0,,,,,,,,,54634000.0,,,893283000.0,,214939000.0,,,,305865000.0,,100606000.0,100606000.0,,,,,,,,26583000.0,,,1119000.0,,,,,,,,,,,,,,,,,,,,,,,,530422000.0,,5223000.0,,,,,,9616000.0,,,,,,,,,,,1666519000.0,2708997000.0,,641186000.0,,5403000.0,,,,,,,,,,,,,,,,842027000.0,11627000.0,,,,,,74023000.0,74023000.0,0.0,,,,,,200036000.0,105829000.0,,,14396000.0,15004000.0,,36487000.0,,,,,,,,,,,,,,,,,,,9036000.0,31396000.0,43872000.0,12159000.0,157909000.0,,11000.0,,11000.0,,4807000.0,2854000.0,107115000.0,,,,49228000.0,,,,,,,,,,,,,,,,,,,,,0.01,10000000.0,0.0,0.0,0.0,,19367000.0,,,,,,,,,,,,,,,,318340000.0,127762000.0,,,,,,,,,,,18118000.0,,63603000.0,17658000.0,680729000.0,877800000.0,,,,6773000.0,31768000.0,173932000.0,2589000.0,,,,,,,,,1042478000.0,,,,-527000.0,,,,,,,,,,2561000.0,,119143000.0,,,,,,,,,,,,,343000.0,48080000.0,47737000.0,10297000.0,20716000.0,,,,,,,
2021-12-31,2022-02-24,10-K,"AMN HEALTHCARE SERVICES, INC.",AMN,CIK0001142750,USD,,425257000.0,77325000.0,789131000.0,105155000.0,21162000.0,,6041000.0,61220000.0,98817000.0,189954000.0,-295000.0,486709000.0,,25217000.0,,25217000.0,18661000.0,,6838000.0,1411000.0,,63015000.0,33000.0,0.0,3131906000.0,1349068000.0,,,,0.0,0.0,265137000.0,,,,,,,,,,,,,180928000.0,,246714000.0,162724000.0,115095000.0,,0.01,200000000.0,49849000.0,47263000.0,498000.0,,327053000.0,15950000.0,,10660000.0,,2674634000.0,,,,98795000.0,,132820000.0,34025000.0,,,850000000.0,,7678000.0,,,119617000.0,-12992000.0,,,,-16287000.0,169265000.0,47814000.0,,,,,-3295000.0,,121451000.0,,,,8815000.0,2731000.0,,24636000.0,30513000.0,6954000.0,19899000.0,,,8528000.0,,47814000.0,126535000.0,,6637000.0,,28824000.0,,,101152000.0,103697000.0,,,6.87,6.81,,,,,,,-335000.0,354381000.0,6556000.0,,,,1906000.0,278249000.0,181521000.0,79001000.0,48050000.0,57772000.0,70783000.0,77333000.0,792709000.0,514460000.0,43134000.0,-2707000.0,-158000.0,892341000.0,,214939000.0,,,,1309601000.0,,,443921000.0,,,,,,,,116533000.0,,106379000.0,,,93223000.0,,0.0,-1460000.0,1460000.0,23990000.0,-680000.0,256118000.0,419533000.0,4320000.0,,129235000.0,-6591000.0,21999000.0,-3262000.0,,122685000.0,,58788000.0,,-349000.0,,514460000.0,,34077000.0,349000.0,38085000.0,52000.0,,32036000.0,8797000.0,0.026,25671000.0,0.0,11867000.0,112000.0,1876000.0,5348000.0,6468000.0,,924000.0,1969879000.0,3131906000.0,275000.0,969390000.0,,4633000.0,,,,,,842322000.0,0.0,,,,,,,,,842322000.0,10400000.0,,-34895000.0,-107402000.0,305356000.0,327388000.0,327388000.0,327388000.0,0.0,,,,,3.0,831603000.0,477998000.0,23495000.0,24747000.0,11383000.0,13364000.0,39865000.0,27771000.0,,,,,,,,,,,,,,,,,,,7496000.0,66830000.0,,37568000.0,156670000.0,,-335000.0,,-335000.0,,9309000.0,162419000.0,96989000.0,,4067000.0,155000.0,33682000.0,,,,,,,,2688000.0,0.0,7232000.0,41264000.0,41264000.0,500000.0,,90000.0,,,0.0,53573000.0,60719000.0,0.01,10000000.0,0.0,0.0,0.0,,72460000.0,,,0.0,0.0,,,70000000.0,,0.0,,,57660000.0,78000.0,,,317068000.0,127114000.0,1206000.0,,,,,70000000.0,,,21875000.0,0.0,29262000.0,,64482000.0,27958000.0,796946000.0,3984235000.0,,,,7127000.0,34544000.0,730451000.0,25217000.0,158000.0,65.69,755000.0,78.13,280000.0,56.05,,6056000.0,1162027000.0,,,,-7232000.0,,,,,,,,108.97,,2586000.0,25000.0,121831000.0,2688000.0,4067000.0,301000.0,,564000.0,34000.0,504000.0,0.0,,1052000.0,3936000.0,2485000.0,360000.0,48045000.0,47685000.0,12384000.0,24130000.0,,22430000.0,27958000.0,5528000.0,141102000.0,12446000.0,1429000.0
