end,filed,form,Name,Ticker,CIK,Currency,AccountsPayableAndAccruedLiabilitiesNoncurrent,AccountsPayableCurrent,AccountsReceivableNetCurrent,AccountsReceivableNetNoncurrent,AccruedLiabilitiesCurrent,AccruedRentCurrentAndNoncurrent,AccumulatedDepreciationDepletionAndAmortizationPropertyPlantAndEquipment,AccumulatedOtherComprehensiveIncomeLossForeignCurrencyTranslationAdjustmentNetOfTax,AccumulatedOtherComprehensiveIncomeLossNetOfTax,AcquiredFiniteLivedIntangibleAssetAmount,AcquisitionCosts,AdditionalPaidInCapitalCommonStock,AdjustmentForAmortization,AdjustmentsToAdditionalPaidInCapitalOther,AdjustmentsToAdditionalPaidInCapitalSharebasedCompensationRequisiteServicePeriodRecognitionValue,AdjustmentsToAdditionalPaidInCapitalTaxEffectFromShareBasedCompensation,AdjustmentsToReconcileNetIncomeLossToCashProvidedByUsedInOperatingActivities,AdvertisingExpense,AllowanceForDoubtfulAccountsPremiumsAndOtherReceivables,AllowanceForDoubtfulAccountsReceivable,AllowanceForDoubtfulAccountsReceivableCurrent,AllowanceForLoanAndLeaseLossRecoveryOfBadDebts,AmortizationOfAcquiredIntangibleAssets,AntidilutiveSecuritiesExcludedFromComputationOfEarningsPerShareAmount,Assets,AssetsCurrent,AssetsFairValueDisclosure,AssetsOfDisposalGroupIncludingDiscontinuedOperation,AssetsOfDisposalGroupIncludingDiscontinuedOperationCurrent,AvailableForSaleSecurities,AvailableForSaleSecuritiesAmortizedCost,AvailableForSaleSecuritiesCurrent,BankOverdrafts,BasicEarningsPerShareProForma,BusinessAcquisitionContingentConsiderationAtFairValue,BusinessAcquisitionContingentConsiderationAtFairValueCurrent,BusinessAcquisitionContingentConsiderationAtFairValueNoncurrent,BusinessAcquisitionCostOfAcquiredEntityPurchasePrice,BusinessAcquisitionProFormaEarningsPerShareBasic,BusinessAcquisitionProFormaEarningsPerShareDiluted,BusinessAcquisitionPurchasePriceAllocationAmortizableIntangibleAssets,BusinessAcquisitionPurchasePriceAllocationGoodwillAmount,BusinessAcquisitionPurchasePriceAllocationIntangibleAssetsNotAmortizable,BusinessAcquisitionPurchasePriceAllocationIntangibleAssetsOtherThanGoodwill,BusinessAcquisitionPurchasePriceAllocationOtherNoncurrentAssets,BusinessAcquisitionsProFormaNetIncomeLoss,BusinessAcquisitionsProFormaRevenue,BusinessCombinationConsiderationTransferred1,BusinessCombinationContingentConsiderationArrangementsChangeInAmountOfContingentConsiderationAsset1,BusinessCombinationContingentConsiderationArrangementsChangeInAmountOfContingentConsiderationLiability,BusinessCombinationContingentConsiderationArrangementsChangeInAmountOfContingentConsiderationLiability1,BusinessCombinationContingentConsiderationLiability,BusinessCombinationContingentConsiderationLiabilityCurrent,BusinessCombinationContingentConsiderationLiabilityNoncurrent,BusinessCombinationRecognizedIdentifiableAssetsAcquiredAndLiabilitiesAssumedAssets,BusinessCombinationRecognizedIdentifiableAssetsAcquiredAndLiabilitiesAssumedCashAndEquivalents,BusinessCombinationRecognizedIdentifiableAssetsAcquiredAndLiabilitiesAssumedCurrentAssets,BusinessCombinationRecognizedIdentifiableAssetsAcquiredAndLiabilitiesAssumedCurrentAssetsPrepaidExpenseAndOtherAssets,BusinessCombinationRecognizedIdentifiableAssetsAcquiredAndLiabilitiesAssumedCurrentAssetsReceivables,BusinessCombinationRecognizedIdentifiableAssetsAcquiredAndLiabilitiesAssumedCurrentLiabilitiesAccountsPayable,BusinessCombinationRecognizedIdentifiableAssetsAcquiredAndLiabilitiesAssumedCurrentLiabilitiesOther,BusinessCombinationRecognizedIdentifiableAssetsAcquiredAndLiabilitiesAssumedDeferredTaxAssets,BusinessCombinationRecognizedIdentifiableAssetsAcquiredAndLiabilitiesAssumedIndefiniteLivedIntangibleAssets,BusinessCombinationRecognizedIdentifiableAssetsAcquiredAndLiabilitiesAssumedIntangibleAssetsOtherThanGoodwill,BusinessCombinationRecognizedIdentifiableAssetsAcquiredAndLiabilitiesAssumedInventory,BusinessCombinationRecognizedIdentifiableAssetsAcquiredAndLiabilitiesAssumedLiabilities,BusinessCombinationRecognizedIdentifiableAssetsAcquiredAndLiabilitiesAssumedNet,BusinessCombinationRecognizedIdentifiableAssetsAcquiredAndLiabilitiesAssumedPropertyPlantAndEquipment,BusinessExitCosts1,Cash,CashAndCashEquivalentsAtCarryingValue,CashAndCashEquivalentsPeriodIncreaseDecrease,CashFDICInsuredAmount,CashProvidedByUsedInInvestingActivitiesDiscontinuedOperations,CashProvidedByUsedInOperatingActivitiesDiscontinuedOperations,CashUninsuredAmount,CommonStockDividendsPerShareDeclared,CommonStockParOrStatedValuePerShare,CommonStockSharesAuthorized,CommonStockSharesIssued,CommonStockSharesOutstanding,CommonStockValue,ComprehensiveIncomeNetOfTax,ContractualObligation,ContractWithCustomerAssetNetCurrent,ContractWithCustomerAssetNetNoncurrent,ContractWithCustomerLiability,CostOfGoodsSold,CostOfRevenue,CurrentIncomeTaxExpenseBenefit,CustomerAdvancesCurrent,DeferredFederalStateAndLocalTaxExpenseBenefit,DeferredIncomeTaxExpenseBenefit,DeferredIncomeTaxesAndTaxCredits,DeferredOtherTaxExpenseBenefit,DeferredTaxAssetsGoodwillAndIntangibleAssets,DeferredTaxAssetsGross,DeferredTaxAssetsGrossCurrent,DeferredTaxAssetsGrossNoncurrent,DeferredTaxAssetsInProcessResearchAndDevelopment,DeferredTaxAssetsLiabilitiesNet,DeferredTaxAssetsLiabilitiesNetCurrent,DeferredTaxAssetsNet,DeferredTaxAssetsNetCurrent,DeferredTaxAssetsNetNoncurrent,DeferredTaxAssetsOperatingLossCarryforwards,DeferredTaxAssetsOther,DeferredTaxAssetsTaxCreditCarryforwardsResearch,DeferredTaxAssetsTaxDeferredExpenseCompensationAndBenefitsOther,DeferredTaxAssetsTaxDeferredExpenseReservesAndAccrualsAccruedLiabilities,DeferredTaxExpenseFromStockOptionsExercised,DeferredTaxLiabilitiesGrossNoncurrent,DeferredTaxLiabilitiesOther,DeferredTaxLiabilitiesPropertyPlantAndEquipment,Depreciation,DepreciationAndAmortizationDiscontinuedOperations,DepreciationDepletionAndAmortization,DerivativeFairValueOfDerivativeLiability,DerivativeFairValueOfDerivativeNet,DilutiveSecurities,DiscontinuedOperationGainLossFromDisposalOfDiscontinuedOperationBeforeIncomeTax,DiscontinuedOperationIncomeLossFromDiscontinuedOperationBeforeIncomeTax,DiscontinuedOperationIncomeLossFromDiscontinuedOperationNetOfTaxPerBasicAndDilutedShare,DiscontinuedOperationProvisionForLossGainOnDisposalBeforeIncomeTax,DisposalGroupIncludingDiscontinuedOperationAccountsNotesAndLoansReceivableNet,DisposalGroupIncludingDiscontinuedOperationAccountsPayable,DisposalGroupIncludingDiscontinuedOperationAccruedLiabilities,DisposalGroupIncludingDiscontinuedOperationCashAndCashEquivalents,DisposalGroupIncludingDiscontinuedOperationCostsOfGoodsSold,DisposalGroupIncludingDiscontinuedOperationGeneralAndAdministrativeExpense,DisposalGroupIncludingDiscontinuedOperationGoodwill1,DisposalGroupIncludingDiscontinuedOperationGrossProfitLoss,DisposalGroupIncludingDiscontinuedOperationInventory1,DisposalGroupIncludingDiscontinuedOperationOperatingIncomeLoss,DisposalGroupIncludingDiscontinuedOperationOtherLiabilities,DisposalGroupIncludingDiscontinuedOperationOtherNoncurrentLiabilities,DisposalGroupIncludingDiscontinuedOperationPropertyPlantAndEquipment,DisposalGroupIncludingDiscontinuedOperationRevenue,Dividends,DividendsCash,DividendsCommonStockCash,DividendsPayable,DividendsPayableCurrent,DueToRelatedPartiesCurrent,EarningsPerShareBasic,EarningsPerShareBasicAndDiluted,EarningsPerShareDiluted,EffectiveIncomeTaxRateContinuingOperations,EffectiveIncomeTaxRateReconciliationAtFederalStatutoryIncomeTaxRate,EffectiveIncomeTaxRateReconciliationOtherAdjustments,EffectiveIncomeTaxRateReconciliationShareBasedCompensationExcessTaxBenefitAmount,EffectiveIncomeTaxRateReconciliationTaxCreditsResearch,EffectiveIncomeTaxRateReconciliationTaxExemptIncome,EffectOfExchangeRateOnCashAndCashEquivalents,EmployeeServiceShareBasedCompensationNonvestedAwardsTotalCompensationCostNotYetRecognizedShareBasedAwardsOtherThanOptions,EmployeeServiceShareBasedCompensationTaxBenefitRealizedFromExerciseOfStockOptions,FiniteLivedIntangibleAssetsAccumulatedAmortization,FiniteLivedIntangibleAssetsAmortizationExpenseAfterYearFive,FiniteLivedIntangibleAssetsAmortizationExpenseNextTwelveMonths,FiniteLivedIntangibleAssetsAmortizationExpenseRemainderOfFiscalYear,FiniteLivedIntangibleAssetsAmortizationExpenseRollingAfterYearFive,FiniteLivedIntangibleAssetsAmortizationExpenseYearFive,FiniteLivedIntangibleAssetsAmortizationExpenseYearFour,FiniteLivedIntangibleAssetsAmortizationExpenseYearThree,FiniteLivedIntangibleAssetsAmortizationExpenseYearTwo,FiniteLivedIntangibleAssetsGross,FiniteLivedIntangibleAssetsNet,FiniteLivedLicenseAgreementsGross,FiniteLivedNoncompeteAgreementsGross,FurnitureAndFixturesGross,GainLossOnDispositionOfAssets,GainLossOnDispositionOfAssets1,GainLossOnSaleOfEquityInvestments,GainLossOnSaleOfInvestments,GainLossOnSaleOfPropertyPlantEquipment,GainLossOnSaleOfSecuritiesNet,GainsLossesOnExtinguishmentOfDebt,GeneralAndAdministrativeExpense,Goodwill,GoodwillAcquiredDuringPeriod,GrossProfit,ImpairmentOfIntangibleAssetsFinitelived,ImpairmentOfInvestments,IncomeLossFromContinuingOperations,IncomeLossFromContinuingOperationsBeforeIncomeTaxesExtraordinaryItemsNoncontrollingInterest,IncomeLossFromContinuingOperationsPerBasicAndDilutedShare,IncomeLossFromDiscontinuedOperationsNetOfTax,IncomeLossFromDiscontinuedOperationsNetOfTaxAttributableToReportingEntity,IncomeTaxExpenseBenefit,IncomeTaxesPaid,IncomeTaxesPaidNet,IncomeTaxReceivable,IncomeTaxReconciliationChangeInEnactedTaxRate,IncomeTaxReconciliationIncomeTaxExpenseBenefitAtFederalStatutoryIncomeTaxRate,IncomeTaxReconciliationOtherAdjustments,IncomeTaxReconciliationOtherReconcilingItems,IncomeTaxReconciliationTaxCreditsResearch,IncomeTaxReconciliationTaxExemptIncome,IncreaseDecreaseInAccountsAndOtherReceivables,IncreaseDecreaseInAccountsPayable,IncreaseDecreaseInAccountsReceivable,IncreaseDecreaseInAccruedLiabilities,IncreaseDecreaseInContractWithCustomerAsset,IncreaseDecreaseInContractWithCustomerLiability,IncreaseDecreaseInCustomerAdvances,IncreaseDecreaseInIncomeTaxesReceivable,IncreaseDecreaseInInventories,IncreaseDecreaseInOtherCurrentAssets,IncreaseDecreaseInOtherNoncurrentLiabilities,IncreaseDecreaseInOtherOperatingAssets,IncreaseDecreaseInPrepaidDeferredExpenseAndOtherAssets,IncreaseDecreaseInPrepaidExpense,IncreaseInRestrictedCash,IncrementalCommonSharesAttributableToCallOptionsAndWarrants,IncrementalCommonSharesAttributableToConversionOfDebtSecurities,IndefiniteLivedIntangibleAssetsAcquiredDuringPeriod,InterestAndOtherIncome,InterestExpense,InterestIncomeExpenseNet,InterestIncomeOperating,InterestPaid,InterestPaidNet,InventoryFinishedGoodsNetOfReserves,InventoryNet,InventoryRawMaterialsNetOfReserves,InventoryWorkInProcessNetOfReserves,InvestmentIncomeInterest,LeaseholdImprovementsGross,LesseeOperatingLeaseLiabilityPaymentsDue,LesseeOperatingLeaseLiabilityPaymentsDueAfterYearFive,LesseeOperatingLeaseLiabilityPaymentsDueNextTwelveMonths,LesseeOperatingLeaseLiabilityPaymentsDueYearFive,LesseeOperatingLeaseLiabilityPaymentsDueYearFour,LesseeOperatingLeaseLiabilityPaymentsDueYearThree,LesseeOperatingLeaseLiabilityPaymentsDueYearTwo,LesseeOperatingLeaseLiabilityUndiscountedExcessAmount,Liabilities,LiabilitiesAndStockholdersEquity,LiabilitiesCurrent,LiabilitiesOfDisposalGroupIncludingDiscontinuedOperationCurrent,LineOfCredit,LinesOfCreditCurrent,LoansPayableCurrent,LoansPayableToBank,LongTermDebt,MachineryAndEquipmentGross,NetCashProvidedByUsedInDiscontinuedOperations,NetCashProvidedByUsedInFinancingActivities,NetCashProvidedByUsedInInvestingActivities,NetCashProvidedByUsedInOperatingActivities,NetIncomeLoss,NewAccountingPronouncementOrChangeInAccountingPrincipleEffectOfAdoptionQuantification,NonoperatingIncomeExpense,NotesAndLoansPayableCurrent,OccupancyNet,OperatingExpenses,OperatingIncomeLoss,OperatingLeaseExpense,OperatingLeaseLiability,OperatingLeaseLiabilityCurrent,OperatingLeaseLiabilityNoncurrent,OperatingLeaseRightOfUseAsset,OperatingLeasesFutureMinimumPaymentsDue,OperatingLeasesFutureMinimumPaymentsDueCurrent,OperatingLeasesFutureMinimumPaymentsDueInFiveYears,OperatingLeasesFutureMinimumPaymentsDueInFourYears,OperatingLeasesFutureMinimumPaymentsDueInThreeYears,OperatingLeasesFutureMinimumPaymentsDueInTwoYears,OperatingLeasesFutureMinimumPaymentsDueThereafter,OperatingLeasesFutureMinimumPaymentsNextRollingTwelveMonths,OperatingLeasesRentExpenseMinimumRentals,OperatingLeaseWeightedAverageDiscountRatePercent,OtherAssetsNoncurrent,OtherCommitmentDueInNextTwelveMonths,OtherComprehensiveIncomeAvailableforsaleSecuritiesAdjustmentNetOfTaxPortionAttributableToParent,OtherComprehensiveIncomeLossBeforeReclassificationsNetOfTax,OtherComprehensiveIncomeLossForeignCurrencyTransactionAndTranslationAdjustmentBeforeTax,OtherComprehensiveIncomeUnrealizedHoldingGainLossOnSecuritiesArisingDuringPeriodNetOfTax,OtherIncome,OtherIntangibleAssetsNet,OtherLiabilitiesNoncurrent,OtherLoansPayable,OtherNonoperatingIncome,OtherNonoperatingIncomeExpense,PaymentForContingentConsiderationLiabilityFinancingActivities,PaymentsForDerivativeInstrumentFinancingActivities,PaymentsForProceedsFromInvestments,PaymentsForProceedsFromPreviousAcquisition,PaymentsForRent,PaymentsOfDividends,PaymentsOfDividendsCommonStock,PaymentsToAcquireAvailableForSaleSecurities,PaymentsToAcquireBusinessesGross,PaymentsToAcquireBusinessesNetOfCashAcquired,PaymentsToAcquireIntangibleAssets,PaymentsToAcquireMarketableSecurities,PaymentsToAcquirePropertyPlantAndEquipment,PensionAndOtherPostretirementBenefitExpense,PrepaidExpenseAndOtherAssetsCurrent,ProceedsFromDivestitureOfBusinesses,ProceedsFromLinesOfCredit,ProceedsFromLoans,ProceedsFromNotesPayable,ProceedsFromOtherDebt,ProceedsFromRepaymentsOfBankOverdrafts,ProceedsFromSaleAndMaturityOfAvailableForSaleSecurities,ProceedsFromSaleAndMaturityOfMarketableSecurities,ProceedsFromSaleOfAvailableForSaleSecurities,ProceedsFromSaleOfPropertyPlantAndEquipment,ProceedsFromStockOptionsExercised,ProfitLoss,PropertyPlantAndEquipmentGross,PropertyPlantAndEquipmentNet,ProvisionForLoanAndLeaseLosses,RepaymentsOfLinesOfCredit,RepaymentsOfNotesPayable,ResearchAndDevelopmentExpense,RestrictedCashAndCashEquivalents,RetainedEarningsAccumulatedDeficit,Revenues,SalesRevenueGoodsNet,SellingExpense,SeveranceCosts1,ShareBasedCompensation,ShareBasedCompensationArrangementByShareBasedPaymentAwardFairValueAssumptionsDiscountForPostvestingRestrictions,ShareBasedCompensationArrangementByShareBasedPaymentAwardFairValueAssumptionsExpectedDividendRate,ShareBasedCompensationArrangementByShareBasedPaymentAwardFairValueAssumptionsExpectedVolatilityRate,ShareBasedCompensationArrangementByShareBasedPaymentAwardFairValueAssumptionsRiskFreeInterestRate,ShareBasedCompensationArrangementByShareBasedPaymentAwardNumberOfSharesAvailableForGrant,ShareBasedCompensationArrangementByShareBasedPaymentAwardOptionsExercisableNumber,ShareBasedCompensationArrangementByShareBasedPaymentAwardOptionsExercisableWeightedAverageExercisePrice,ShareBasedCompensationArrangementByShareBasedPaymentAwardOptionsForfeituresAndExpirationsInPeriod,ShareBasedCompensationArrangementByShareBasedPaymentAwardOptionsForfeituresAndExpirationsInPeriodWeightedAverageExercisePrice,ShareBasedCompensationArrangementByShareBasedPaymentAwardOptionsForfeituresInPeriod,ShareBasedCompensationArrangementByShareBasedPaymentAwardOptionsGrantsInPeriodGross,ShareBasedCompensationArrangementByShareBasedPaymentAwardOptionsGrantsInPeriodWeightedAverageGrantDateFairValue,ShareBasedCompensationArrangementByShareBasedPaymentAwardOptionsOutstandingNumber,ShareBasedCompensationArrangementByShareBasedPaymentAwardOptionsOutstandingWeightedAverageExercisePrice,ShareBasedCompensationArrangementsByShareBasedPaymentAwardOptionsExercisesInPeriodWeightedAverageExercisePrice,ShareBasedCompensationArrangementsByShareBasedPaymentAwardOptionsForfeituresInPeriodWeightedAverageExercisePrice,ShareBasedCompensationArrangementsByShareBasedPaymentAwardOptionsGrantsInPeriodWeightedAverageExercisePrice,StockGrantedDuringPeriodValueSharebasedCompensationGross,StockholdersEquity,StockholdersEquityBeforeTreasuryStock,StockholdersEquityIncludingPortionAttributableToNoncontrollingInterest,StockIssuedDuringPeriodSharesOther,StockIssuedDuringPeriodValueIssuedForCash,StockIssuedDuringPeriodValueNewIssues,StockIssuedDuringPeriodValueOther,StockIssuedDuringPeriodValueStockOptionsExercised,StockIssuedDuringPeriodValueStockOptionsExercisedNetOfTaxBenefitExpense,TaxBenefitFromStockOptionsExercised1,TreasuryStockShares,TreasuryStockValue,UnrealizedGainLossOnInvestments,UnrealizedGainLossOnMarketableSecuritiesCostMethodInvestmentsAndOtherInvestments,UnrecognizedTaxBenefits,WeightedAverageNumberDilutedSharesOutstandingAdjustment,WeightedAverageNumberOfDilutedSharesOutstanding,WeightedAverageNumberOfShareOutstandingBasicAndDiluted,WeightedAverageNumberOfSharesOutstandingBasic,DerivativeGainLossOnDerivativeNet,DiscontinuedOperationProvisionForLossGainOnDisposalNetOfTax,DiscontinuedOperationTaxEffectOfDiscontinuedOperation,ExtinguishmentOfDebtAmount,GainsLossesOnSalesOfAssets
2010-06-30,2010-09-27,10-K,"SCIENTIFIC INDUSTRIES, INC.",SCND,CIK0000087802,USD,,,,,,,,,,,,,,,,,,,,,,,,,,,,,,,,,,,,,,,,,,,,,,,,,,,,,,,,,,,,,,,,,,,,,,,632700.0,,,,,,,,,,,,,,,,,,,,,,,,,,,,,,,,,,,,,,,,,,,,,,,,,,,,,,,,,,,,,,,,,,,,,,,,,,,,,,,,,,,,,,,,,,,,,,,,,,,,,,,,,,,,,,,,,,,,,,,,,,,,,,,,,,,,,,,,,,,,,,,,,,,,,,,,,,,,,,,,,,,,,,,,,,,,,,,,,,,,,,,,,,,,,,,,,,,,,,,,,,,,,,,,,,,,,,,,,,,,,,,,,,,,,,,,,,,,,,,,,,,,,,,,,,,,,,,,,,,,,,,,,,45000.0,2.24,,,,,4451300.0,,,,,,,,,,,,,,,,,,,,,,,
2010-09-30,2010-11-12,10-Q,"SCIENTIFIC INDUSTRIES, INC.",SCND,CIK0000087802,USD,,,,,,,,,,,,,,,,,356800.0,,,,,,,,,,,,,,,,,,,,,,,,,,,,,,,,,,,,,,,,,,,,,,,,,,,,,,839900.0,207200.0,,,,,,,,,,,,,,,,746800.0,,6600.0,,,-5600.0,,,,,,,,,,,,,,,,,,,,,,,,47400.0,,,,,,,,,,,,,,,,,,,,,,,,,,,,0.0,,0.0,,,,,,,,,,,,,,,,,,,,,,,,,,,,,,,286800.0,,,508700.0,,,,3200.0,,,,1000.0,94000.0,,,,,,,,,,-157200.0,729800.0,-72500.0,,,128500.0,,-294700.0,,,,-22000.0,,,,,,,,,,,,,,,,9200.0,,,,,,,,,,,,,,,,,,,,,,-151800.0,359000.0,2200.0,,,,,514700.0,-6000.0,,,,,,,,,,,,,,,,,,,,,,,,,,,,,,,,,,,3400.0,,139900.0,3300.0,,5200.0,,,,,,,,,,,,,,,,,,,,87500.0,,,,1255500.0,140400.0,,3100.0,,,,,,,,,,,,,,,,,,,,,,,,,,,,,,,,,,,,,,,,,,
2010-12-31,2011-02-11,10-Q,"SCIENTIFIC INDUSTRIES, INC.",SCND,CIK0000087802,USD,,,,,,,,,,,,,,,,,,,,,,,,,,,,,,,,,,,,,,,,,,,,,,,,,,,,,,,,,,,,,,,,,,,,,,,1183200.0,,,,,,,,,,,,,,,,,1162200.0,,87300.0,,,-4300.0,,,,,,,,,,,,,,,,,,,,,,,,,,,,,,,,,,,,,,,,,,,,,,,,,,,,0.16,,0.16,,,,,,,,,,,,,,,,,,,,,,,,,,,,,,,310300.0,,,869300.0,,,,272600.0,,,,83000.0,,,,,,,,,,,,,,,,,,,,,,,,,,,,,,,,,,,,,,6400.0,,,,,,,,,,,,,,,,,,,,,,,,189600.0,,,,,603100.0,266200.0,,,,,,,,,,,,,,,,,,,,,,,,,,,,,,,,,,,,,,,,,,,,,,,,,,,,,,,,,,,,89900.0,,,,2031500.0,202900.0,,,,,,,,,,,,,,,,,,,,,,,,,,,,,,,,,,,,,,,,,,,,
2011-03-31,2011-05-13,10-Q,"SCIENTIFIC INDUSTRIES, INC.",SCND,CIK0000087802,USD,,,,,,,,,,,,,,,,,,,,,,,,,,,,,,,,,,,,,,,,,,,,,,,,,,,,,,,,,,,,,,,,,,,,,,,1135900.0,,,,,,,,,,,,62500.0,,,,,863500.0,,19300.0,,,-5000.0,,,,,,,,,,,,,,,,,,,,,,,,,,,,,,,,,,,,,,,,,,,,,,,,,,,,0.05,,0.05,,,,,,,,,,,,,,,,,,,,,,,,,,,,,,,282800.0,,,596800.0,,,,74500.0,,,,14300.0,,,,,,,,,,,,,,,,,,,,,,,,,,,,,,,,,,,,,,9800.0,,,,,,,,,,,,,,,,,,,,,,,,60200.0,,,,,532100.0,64700.0,,,,,,,,,,,,,,,,,,,,,2300.0,,,,,,,,,,,,,,,,,,,,,,,,,,,,,,,,,,,,,,,90300.0,,,,1460300.0,159000.0,,,,,,,,,,,,,,,,,,,,,,,,,,,,,,,,,,,,,,,,,,,,
2011-06-30,2011-09-16,10-K,"SCIENTIFIC INDUSTRIES, INC.",SCND,CIK0000087802,USD,,128100.0,620000.0,,284300.0,67500.0,748700.0,,-21500.0,,,1558500.0,,,21300.0,,424900.0,26000.0,,,11600.0,,111400.0,,5013200.0,4136400.0,1601200.0,,,,,693400.0,,0.06,0.0,,,,,0.06,,,,,,83400.0,6019800.0,,,,,,,,,,,,,,,,,,,,,,,,907800.0,275100.0,,,,,,0.05,7000000.0,1216379.0,,60800.0,235900.0,126300.0,,,,3461000.0,,104500.0,0.0,,-24900.0,,,130500.0,233900.0,,156200.0,,193500.0,77700.0,,77700.0,115800.0,,55200.0,,,,,-40400.0,-40400.0,,77000.0,,188400.0,,,,,,,,,,,,,,,,,,,,,,,,,0.0,,,0.19,,0.19,0.259,,,,,,,3200.0,,665700.0,,,,,,,,,778000.0,112300.0,,,172500.0,,,,,-4600.0,,,1175100.0,447900.0,,2408800.0,,0.0,,307200.0,,,,79600.0,298500.0,,,,,,,,,,-99600.0,-874500.0,-61700.0,,,,,367200.0,,,,110500.0,,,,,,,,,,,,180300.0,1639800.0,1051300.0,408200.0,21900.0,64100.0,,,,,,,,,412400.0,5013200.0,412400.0,,0.0,,,0.0,0.0,542800.0,,-107700.0,-269700.0,652500.0,227600.0,,,0.0,233700.0,2138000.0,270800.0,,,,,,,,,,,,,,56000.0,,25700.0,138000.0,8300.0,,,8300.0,36400.0,,,,14500.0,,,,,,,,107700.0,14000.0,,182600.0,9500.0,,63600.0,39300.0,197700.0,,,,,,,,,,,,,923800.0,175100.0,,,,324400.0,,3055400.0,,5869800.0,638500.0,,21300.0,,0.0299,0.73,0.0209,,52833.0,2.4,,,,12000.0,1.66,57000.0,2.45,,,3.21,19900.0,4600800.0,4653200.0,,,,,,,,,19802.0,52400.0,,,0.0,16905.0,1213482.0,,1196577.0,,,,,
2011-09-30,2011-10-27,10-Q,"SCIENTIFIC INDUSTRIES, INC.",SCND,CIK0000087802,USD,,106800.0,852600.0,,266100.0,,,,-22400.0,,,1559100.0,28300.0,,,,125000.0,,,,,,,,5032800.0,4150300.0,,,,,,695400.0,,0.02,,,,,,0.02,,,,,,27100.0,1578500.0,,,,,,,,,,,,,,,,,,,,,,,,783100.0,-124700.0,,,,,,0.05,7000000.0,1216379.0,,60800.0,58500.0,,,,,937000.0,,21200.0,,,3400.0,,,,,,,,,,,77700.0,112400.0,,,,,,,,,,,,47100.0,,,,,,,,,,,,,,,,,,,,,,,,,59800.0,,,0.05,,0.05,,,,,,,,,,,,,,,,,,,,85300.0,,,,,,,,,,,290900.0,447900.0,,604000.0,,,,84000.0,,,,24600.0,1500.0,,,,,,,,,,-21300.0,232600.0,-18200.0,,,0.0,,-47200.0,,,,-48800.0,,,,,,,,,,,,,1592600.0,,,3600.0,,,,,,,,,,,5032800.0,432700.0,,,,,,,,,,-59100.0,-65600.0,59400.0,,,,,526800.0,77200.0,,,,,,,,,,,,,,,,25700.0,,,,,-900.0,6800.0,,,,3200.0,,,,,,,,,2900.0,,0.0,1300.0,,54900.0,,148900.0,,,,,,,,,,,,,,211200.0,,,,46900.0,,3055000.0,,1541000.0,189000.0,,600.0,,,,,,,,,,,,,,,,,,,4600100.0,4652500.0,,,,,,,,,19802.0,52400.0,,,,14924.0,1211501.0,,1196577.0,,,,,
2011-12-31,2012-02-14,10-Q,"SCIENTIFIC INDUSTRIES, INC.",SCND,CIK0000087802,USD,,241000.0,660100.0,,261100.0,,,,-20100.0,,,1962100.0,33000.0,,,,,,,,,,,,6191700.0,4335600.0,,,,,,700900.0,,-0.03,128000.0,,,,,-0.03,,,,,,-40700.0,1235100.0,,,,,,,,,,,,,,,,,,,,,,,,763500.0,,,,,,,0.05,7000000.0,1355514.0,,67800.0,-53000.0,,,,,707200.0,,-21800.0,326900.0,,-1400.0,,,,,,,,,,,78000.0,112900.0,,,,,,,,,,,,,,,,,,,,,,,,,,,,,,,,,,,,,,,,-0.04,,-0.04,,,,,,,,,,,,,,,,,,,,928600.0,,,,,,,,,,,335100.0,589900.0,,490400.0,,,,-78500.0,,,,-23200.0,,,,,,,,,,,,,,,,,,,,,,,,,,,,,1200.0,,,,,,1955400.0,,,3500.0,,,,,,,,,,1234800.0,6191700.0,963600.0,,,,,60000.0,143200.0,,,,,,-55300.0,,,74600.0,,573900.0,-83500.0,,,,,,,,,,,,,,,,25700.0,,,,,2300.0,5000.0,,,,2700.0,,,,,,,,,,,,,,,,177700.0,,,,,,,,,,,,,,199000.0,,,,78700.0,,2999500.0,,1197600.0,160100.0,,,,,,,,,,,,,,,,,,,,,4956900.0,5009300.0,,,,,,,,,19802.0,52400.0,,,,,1265613.0,,1265613.0,,,,,
2012-03-31,2012-05-15,10-Q,"SCIENTIFIC INDUSTRIES, INC.",SCND,CIK0000087802,USD,,151600.0,569000.0,,309200.0,,,,-12600.0,,,1966900.0,26300.0,,,,,,,,,,,,6021200.0,4199000.0,,,,,,713900.0,,,92900.0,,,,,,,,,,,,,,,,,,,,,,,,,,,,,,,,,,,,552200.0,,,,,,,0.05,7000000.0,1355514.0,,67800.0,-700.0,,,,,920500.0,,-2900.0,307100.0,,-300.0,,,,,,,,,,,74800.0,113900.0,,,,,,,,,,,,,,,,,,,,,,,,,,,,,,,,,,,,,,,,-0.01,,-0.01,,,,,,,,,,,,,,,,,,,,905600.0,,,,,,,,,,,318900.0,589900.0,,599000.0,,,,-11400.0,,,,-3200.0,,,,,,,,,,,,,,,,,,,,,,,,,,,,,1700.0,,,,,,2132400.0,,,2900.0,,,,,,,,,,1060200.0,6021200.0,843100.0,,,,,,124200.0,,,,,,-8200.0,,,75200.0,,614700.0,-15700.0,,,,,,,,,,,,,,,,25700.0,,,,,7500.0,4300.0,,,,3100.0,,,,,,,,,,,,,,,,156700.0,,,,,,,,,,,,,,187100.0,,,,125000.0,,2991300.0,,1519500.0,170800.0,,,,,,,,,,,,,,,,,,,,,4961000.0,5013400.0,,,,,,,,,19802.0,52400.0,,,,,1335712.0,,1335712.0,,,,,
2012-06-30,2012-09-27,10-K,"SCIENTIFIC INDUSTRIES, INC.",SCND,CIK0000087802,USD,,114800.0,623500.0,,237500.0,59800.0,812600.0,,-12600.0,,78500.0,1968700.0,115900.0,,7000.0,600.0,265700.0,26700.0,,11600.0,11600.0,,115900.0,,5772200.0,3962800.0,1487600.0,,,,,718300.0,,-0.04,107400.0,19000.0,88400.0,,,-0.04,,,,,,-48200.0,6352700.0,,,20600.0,,,,,,,,,,,,,,,,,,,,,769300.0,-138500.0,217100.0,,,,,0.05,7000000.0,1355514.0,1355514.0,67800.0,75000.0,129000.0,,,,3845200.0,,15500.0,98500.0,,-19700.0,,,149700.0,249600.0,70200.0,179400.0,,206200.0,70200.0,206200.0,70200.0,136000.0,,55100.0,,,44800.0,600.0,-43400.0,-43400.0,-43400.0,70000.0,,185900.0,,,,,,,,,,,,,,,,,,,,,,,-59800.0,-59800.0,,,,0.05,,0.05,-0.068,0.35,-0.035,,-0.183,-0.2,,11900.0,,781600.0,,56900.0,,348000.0,93800.0,109400.0,105200.0,108800.0,1658900.0,877300.0,,,183200.0,,,-1000.0,-1000.0,,,,1230600.0,589900.0,,2357400.0,,0.0,,61900.0,,,,-4200.0,3200.0,,,,21700.0,-2200.0,,11300.0,-12400.0,,-13300.0,3500.0,-46800.0,,,98500.0,,-26100.0,,,,-29900.0,,,,,-260000.0,12800.0,4600.0,,,4600.0,,245000.0,1613700.0,1146800.0,221900.0,12800.0,66900.0,,,,,,,,,739000.0,5772200.0,545600.0,,0.0,,,,105000.0,602500.0,,-120000.0,-350300.0,331800.0,66100.0,,,75800.0,233600.0,2320700.0,36700.0,,,,,,591300.0,,,,140100.0,234800.0,,216400.0,56000.0,,25700.0,141000.0,8900.0,,,8900.0,25200.0,,,,17000.0,,,,,,,,59800.0,10900.0,,,4900.0,,75300.0,34800.0,167800.0,,60000.0,,,,,,,800.0,,9600.0,,993100.0,180500.0,,60000.0,49200.0,375900.0,,3061700.0,,6202600.0,714200.0,,7000.0,,0.0154,0.69,0.01,,52833.0,2.62,8000.0,2.4,-8000.0,15000.0,1.04,60000.0,2.73,2.4,,3.54,15700.0,5033200.0,5085600.0,,,400000.0,,,9600.0,,600.0,19802.0,52400.0,,,0.0,10471.0,1293589.0,,1283118.0,,,,,
2012-09-30,2012-11-14,10-Q,"SCIENTIFIC INDUSTRIES, INC.",SCND,CIK0000087802,USD,,178700.0,639100.0,,233000.0,,,,-3000.0,,,1972100.0,28800.0,,,,82000.0,,,,,,,,5866100.0,4087000.0,1478600.0,,,,,730000.0,,,107400.0,19000.0,88400.0,1018000.0,,,500000.0,142000.0,64000.0,18000.0,294000.0,,,,,,,,,,,,,,,,,,,,,,,,,,748600.0,-20700.0,,,,,,0.05,7000000.0,1355514.0,1355514.0,67800.0,-52600.0,,,,,887300.0,,-30600.0,200900.0,,5100.0,,,,,,,,,,,70600.0,130600.0,,,,,,,,,,,,44300.0,,,,,,,,,,,,,,,,,,,,,,,,,,40100.0,,-0.05,,-0.05,,,,,,,,,,810400.0,,85500.0,,347900.0,93800.0,109400.0,105200.0,108800.0,1661000.0,850600.0,,,,,,,,,,,279600.0,589900.0,,464400.0,,,,-87700.0,,,,-25500.0,,,,,,,,,,,63900.0,15600.0,-4400.0,,,102400.0,,134600.0,,,,-17400.0,,,,,,,1400.0,,,1400.0,,208300.0,1748300.0,1291600.0,248400.0,2900.0,,,,,,,,,,922200.0,5866100.0,748100.0,,,,,,85700.0,,,,-21800.0,19800.0,-62200.0,,,76400.0,,556100.0,-91700.0,,,,,,,,,,,,,,,,25600.0,,,,,9600.0,4000.0,,,,2500.0,,,,,,,,,2300.0,,,-2100.0,,17400.0,,150400.0,,,,,,,,,,,,,,182400.0,,,18700.0,120100.0,,2959400.0,,1351700.0,156400.0,,3400.0,,,,,,,,,,,,,,,,,,,4943900.0,4996300.0,,,,,,,,,19802.0,52400.0,,,,,1335712.0,,1335712.0,,,,,
2012-12-31,2013-02-14,10-Q,"SCIENTIFIC INDUSTRIES, INC.",SCND,CIK0000087802,USD,,142300.0,942800.0,,221800.0,,,,300.0,64000.0,,1975300.0,28600.0,,,,,,,,,,,40000.0,6060000.0,4324500.0,1390500.0,,,,,720100.0,,,107400.0,19000.0,88400.0,1018000.0,,,500000.0,142000.0,,,,,,,,,,,,,,,,,,,,,,,,,,,,,670400.0,,,,,,,0.05,7000000.0,1357465.0,1357465.0,67900.0,141700.0,,,,,1046600.0,,51800.0,356400.0,,4500.0,,,,,,,,,,,70300.0,125400.0,,,,,,,,,,,,,,,,,,,,,,,,,,,,,,,,,,,,,,,,0.1,,0.1,,,,,,,,,,838900.0,,,,,,,,,1661000.0,822100.0,294000.0,18000.0,,,,,,,,,309600.0,589900.0,,830300.0,,,,194700.0,,,,56300.0,,,,,,,,,,,,,,,,,,,,,,,,,,,,,1300.0,,,,,167500.0,1834700.0,1297300.0,369900.0,3100.0,,,,,,,,,,971100.0,6060000.0,816600.0,,,,,,66100.0,,,,,,138400.0,,,77100.0,,635800.0,194500.0,,,,,,,,,,,,,,,,24100.0,,,,,3300.0,200.0,,,,-1600.0,,,,,,,,,,,,,,,,86200.0,,,,,,,,,,,,,,174000.0,,,,135100.0,,3097800.0,,1876900.0,191100.0,,,,,,,,,,,,,,,,,,,,,5088900.0,5141300.0,,,,,,,,,19802.0,52400.0,,,,3765.0,1340940.0,,1337175.0,,,,,
2013-03-31,2013-05-14,10-Q,"SCIENTIFIC INDUSTRIES, INC.",SCND,CIK0000087802,USD,,139600.0,731700.0,,381200.0,,,,4200.0,64000.0,,1976200.0,27900.0,,,,,,,,,,,,6473500.0,4789000.0,1675900.0,,,,,729500.0,,0.09,81500.0,19000.0,62500.0,1018000.0,,0.09,500000.0,142000.0,,,,136200.0,1956100.0,,,,,,,,,,,,,,,,,,,,,,,,946400.0,,,,,,,0.05,7000000.0,1357465.0,1357465.0,67900.0,154000.0,,,,,810700.0,,53600.0,503200.0,,6700.0,,,,,,,,,,,72600.0,114700.0,,,,,,,,,,,,,,,,,,,,,,,,,,,,,,,,,,,,,,,,0.11,,0.11,,,,,,,,,,866800.0,,29000.0,,348000.0,93800.0,109400.0,105200.0,108800.0,1661000.0,794200.0,294000.0,18000.0,,,,,,,,,320800.0,589900.0,,815400.0,,,,210400.0,,,,60300.0,,,,,,,,,,,,,,,,,,,,,,,,,,,,,1100.0,,,,,153500.0,2245200.0,1329700.0,762000.0,5700.0,,,,,,,,,,1229700.0,6473500.0,1120700.0,,,,,,46500.0,,,,,,150100.0,,,77700.0,,610200.0,205200.0,,,,,,,,,,,,,,,,24100.0,,,,,3900.0,5200.0,,,,600.0,,,,,,,,,,,,,,,,63600.0,,,,,,,,,,,,,,161600.0,,,,100800.0,,3247900.0,,1626100.0,188600.0,,,,,,,,,,,,,,,,,,,,,5243800.0,5296200.0,,,,,,,,,19802.0,52400.0,,,,4701.0,1342364.0,,1337663.0,,,,,
2013-06-30,2013-09-27,10-K,"SCIENTIFIC INDUSTRIES, INC.",SCND,CIK0000087802,USD,,156800.0,815900.0,,407700.0,,870700.0,,-13600.0,,,1977100.0,117100.0,,8500.0,,168000.0,,,11600.0,11600.0,,,,6153000.0,4502800.0,1835700.0,,,908400.0,922000.0,908400.0,,0.21,,,,,,0.21,,,,,,307600.0,8384500.0,,,,,,,,,,,,,,,,,,,,,,,,927300.0,158000.0,,,,,,0.05,7000000.0,1357465.0,1357465.0,67900.0,395400.0,,,,,4175800.0,,106800.0,15900.0,,17600.0,,,146100.0,249100.0,86600.0,162500.0,,192800.0,,192800.0,86600.0,106200.0,,53400.0,,,49600.0,,-56300.0,,-56300.0,61700.0,,178800.0,,,,,,,,,,,,,,,,,,,,,,,-40100.0,-40100.0,,,,0.3,,0.3,0.239,0.35,-0.052,,-0.059,0.0,,,,892900.0,,110800.0,,268600.0,81100.0,95600.0,110800.0,106600.0,1666400.0,773500.0,294000.0,18000.0,,,,,-7600.0,,,,1277700.0,589900.0,,2958700.0,,,,520800.0,,,,124400.0,0.0,,,,182300.0,-27200.0,,30700.0,,,42000.0,192400.0,170000.0,,,-82600.0,,91900.0,-1600.0,,-1600.0,-108800.0,,,,,,6800.0,4800.0,,,4800.0,,114800.0,1705600.0,1336800.0,254000.0,6800.0,,,,,,,,,,756000.0,6153000.0,677700.0,,,0.0,,,26700.0,,,-152700.0,-253700.0,564400.0,396400.0,,,78300.0,,2451300.0,507400.0,,,,,,721000.0,299800.0,36000.0,85400.0,82000.0,217800.0,,,,,24100.0,,-1000.0,,,-1000.0,13400.0,,,,11400.0,,,,,,,,,920500.0,0.0,,13300.0,,37500.0,,59000.0,,0.0,,,,,,,,,0.0,,1027200.0,156500.0,,0.0,75800.0,450500.0,,3418000.0,,7134500.0,723100.0,,8500.0,,,,,,51000.0,2.81,,,,0.0,,55000.0,3.11,1.25,,,,5397000.0,5449400.0,,,,,,,,,19802.0,52400.0,,,,5164.0,1342212.0,,1337048.0,,,,,
2013-09-30,2013-11-14,10-Q,"SCIENTIFIC INDUSTRIES, INC.",SCND,CIK0000087802,USD,,161800.0,815800.0,,289600.0,,,,-15400.0,,,1977900.0,28100.0,,,,-161200.0,,,,,,,,6049100.0,4437300.0,911500.0,,,,926900.0,911500.0,,-0.02,,,,,,-0.02,,,,,,-32700.0,1692100.0,,,,,,,,,,,,,,,,,,,,,,,,732700.0,-194600.0,,,,,,0.05,7000000.0,1357465.0,1357465.0,67900.0,300.0,,,,,841900.0,,-3100.0,43300.0,,4000.0,,,,,,,,,,,88000.0,101600.0,,,,,,,,,,,,44200.0,,,,,,,,,,,,,,,,,,,,,,,,,,107400.0,,0.0,,0.0,,,,,,,,,0.0,921000.0,,82700.0,,270500.0,81100.0,95600.0,110800.0,106600.0,1668300.0,747300.0,294000.0,18000.0,,,,,0.0,,,,303000.0,589900.0,,594200.0,,,,3000.0,,,,900.0,100000.0,,,,,,,,,,5000.0,-100.0,-118100.0,,,27500.0,,77800.0,,,0.0,46900.0,46900.0,,,,,,800.0,,,800.0,,125300.0,1783400.0,1326200.0,331900.0,3100.0,,,,,,,,,,758400.0,6049100.0,700100.0,,,,,,6700.0,,,-19400.0,-16100.0,-159100.0,2100.0,,,79000.0,,597200.0,-3000.0,,,,,,,,,,,,,,,,24100.0,,,,,-1800.0,6000.0,,,,3700.0,,,,,,,,,5700.0,,,1900.0,,8500.0,,105900.0,,0.0,,,,,,,,,0.0,,,148900.0,,,19400.0,97200.0,,3312700.0,,1436100.0,197000.0,,800.0,,,,,,,,,,,,,,,,,,,5290700.0,5343100.0,,,,,,,,,19802.0,52400.0,,,,7408.0,1345071.0,,1337663.0,,,,,
2013-12-31,2014-02-13,10-Q,"SCIENTIFIC INDUSTRIES, INC.",SCND,CIK0000087802,USD,,151100.0,926800.0,,313600.0,,,,-16200.0,,,1993700.0,28100.0,,,,,,,,,,,5000.0,6303200.0,4723900.0,1752800.0,,,,660000.0,643800.0,,,,,,,,,,,,,,,,,,,,,,,,,,,,,,,,,,,,,,,1109000.0,,,,,,,0.05,7000000.0,1362465.0,1362465.0,68100.0,134300.0,,,,,929700.0,,44800.0,210700.0,,3200.0,,,,,,,,,,,88800.0,97200.0,,,,,,,,,,,,,,,,,,,,,,,,,,,,,,,,,,,,,,,,0.1,,0.1,,,,,,,,,,949000.0,270600.0,,54600.0,,81100.0,95600.0,110800.0,106600.0,1668300.0,719300.0,294000.0,18000.0,,,,,,,,,342900.0,589900.0,,818100.0,,,,183100.0,,,,48000.0,,,,,,,,,,,,,,,,,,,,,,,,,,,,,1000.0,,,,,116600.0,1871200.0,1358300.0,396300.0,5400.0,,,,,,,,,,862200.0,6303200.0,810600.0,,,50000.0,,,0.0,,,,,,135100.0,,,66200.0,,641600.0,176500.0,,,,,,,,,,,,,,,,24100.0,,,,,-800.0,6600.0,,,,2200.0,,,,,,,,,,,,,,,,84300.0,,,,,,,,,,,,,,148800.0,,,,90800.0,,3447800.0,,1747800.0,207900.0,,,,,,,,,,,,,,,,,,,,,5441000.0,5493400.0,,,,,,,,,19802.0,52400.0,,,,6327.0,1348990.0,,1342663.0,,,,,
2014-03-31,2014-05-15,10-Q,"SCIENTIFIC INDUSTRIES, INC.",SCND,CIK0000087802,USD,,234700.0,1135300.0,,427600.0,,,,-6100.0,,,2419700.0,47500.0,,,,,,,,,,,,7413100.0,4416500.0,817000.0,,,,480100.0,474000.0,,-0.06,,,,,,-0.06,,,,,,-82300.0,1969300.0,,,,,,,,1587500.0,,144000.0,,,,,,,1210000.0,,,,118100.0,,,343000.0,,,,,,,0.05,7000000.0,1488914.0,1488914.0,74400.0,-49600.0,,,,,1088900.0,,-1400.0,271900.0,,-18700.0,,,,,,,,,,,89000.0,111800.0,,,,,,,,,,,,,,,,,,,,,,,,,,,,,,,,,,,,,,,,-0.04,,-0.04,,,,,,,,,,996200.0,,87500.0,,437400.0,322100.0,336600.0,351800.0,347600.0,2879200.0,1883000.0,,,,,,,,,,,461800.0,705300.0,,697400.0,,,,-79800.0,,,,-20100.0,,,,,,,,,,,,,,,,,,,,,,,,,,,,,900.0,,,,,237000.0,2249300.0,1507700.0,504600.0,1000.0,,,,,,,,,,1589400.0,7413100.0,1180700.0,,,80000.0,,,,,,,,,-59700.0,,,46500.0,,773600.0,-76200.0,,,,,,,,,,,,,,,,24100.0,,,,,10100.0,-3600.0,,,,-3700.0,,,,,,,,,,,,,,,,125900.0,,,,,,,,,,,,,,272400.0,,,,113800.0,,3388100.0,,1786300.0,198000.0,,,,,,,,,,,,,,,,,,,,,5823700.0,5876100.0,,,,,,,,,19802.0,52400.0,,,,,1390433.0,,1390433.0,,,,,
2014-06-30,2014-09-26,10-K,"SCIENTIFIC INDUSTRIES, INC.",SCND,CIK0000087802,USD,,373700.0,756700.0,,442800.0,,943100.0,,1100.0,,,2420700.0,190900.0,,16000.0,,110300.0,,,,11600.0,,,,7111800.0,4184100.0,909100.0,,,415400.0,414300.0,415400.0,,-0.05,,,,,,-0.05,,,,,,-69300.0,7623200.0,,,,,,,,1587500.0,,144000.0,,,,,,,1210000.0,,,,118100.0,,,493700.0,-433600.0,,,,,,0.05,7000000.0,1488914.0,1488914.0,74400.0,-60600.0,,,,,4178900.0,,400.0,89500.0,,-32100.0,,,153300.0,276500.0,86000.0,190500.0,18600.0,232200.0,,232200.0,86000.0,146200.0,,29500.0,,,75100.0,,-44300.0,,-44300.0,71900.0,,262800.0,,,,,,,,,,,,,,,,,,,,,,,-107400.0,-107400.0,,,,-0.05,,-0.05,-0.296,-0.35,0.069,,-0.015,,,,,1083300.0,,348300.0,,190000.0,244800.0,323300.0,337100.0,352400.0,2879200.0,1795900.0,,,,,,,-19500.0,,,,1513400.0,705300.0,,2614300.0,,,,-107000.0,,,,-31700.0,152100.0,,,,-37500.0,7400.0,,1600.0,,,216900.0,-59200.0,22200.0,,,73600.0,,459600.0,4100.0,,,64100.0,,0.0,,,,,3100.0,,,3100.0,,325900.0,2309200.0,1617100.0,366200.0,0.0,,,,,,,,,,1432700.0,7111800.0,1041700.0,,,0.0,,,0.0,,,-209600.0,-259000.0,35000.0,-75300.0,,,26700.0,,2733000.0,-118700.0,,,,,,1991900.0,251700.0,174000.0,205000.0,264000.0,255600.0,841600.0,,,,28200.0,,14700.0,,,14700.0,11700.0,,,,14800.0,,,,,,,,,25000.0,700000.0,,2900.0,,49900.0,,123100.0,,150000.0,,0.0,,,,,,,6700.0,,1195200.0,252100.0,,150000.0,78300.0,426700.0,0.0,3235300.0,,6793200.0,792900.0,,16000.0,,,,,,48300.0,2.82,,,,11000.0,3.53,61000.0,3.11,1.35,0.0,3.53,,5679100.0,5731500.0,,,427400.0,,427400.0,6700.0,,,19802.0,52400.0,,,,0.0,1385054.0,,1385054.0,,,,,
2014-09-30,2014-11-13,10-Q,"SCIENTIFIC INDUSTRIES, INC.",SCND,CIK0000087802,USD,,342100.0,795300.0,,358900.0,,,,400.0,,,2445000.0,88100.0,,,,-98400.0,,,,,,,,6943700.0,4075800.0,726100.0,,,,337600.0,338000.0,,,,,,,,,,,,,,,,,,,,,,,1587500.0,,144000.0,,,,,,,1210000.0,,,,118100.0,,,388100.0,-105600.0,,,,,,0.05,7000000.0,1498914.0,1498914.0,74900.0,-162000.0,,,,,1161900.0,,-57200.0,92800.0,,-4400.0,,,,,,,,,,,86700.0,150300.0,,,,,,,,,,,,110100.0,,,,,,,,,,,,,,,,,,,,,,,,,,,,-0.11,,-0.11,,,,,,,,,-4900.0,1171400.0,,260200.0,,191100.0,244800.0,323300.0,337100.0,352400.0,2880300.0,1708900.0,,,,0.0,,,-1300.0,,,,326500.0,705300.0,,500200.0,,,,-222900.0,,,,-61600.0,3500.0,,,,,,,,,,-31500.0,38500.0,-83900.0,,,3300.0,,-26300.0,,,25400.0,,61600.0,,,,,,1200.0,,,1200.0,,357300.0,2282900.0,1580500.0,345100.0,800.0,,,,,,,,,,1401800.0,6943700.0,1120700.0,,,200000.0,,,,,,99900.0,54200.0,-259700.0,-161300.0,,,6900.0,,728900.0,-228700.0,,,,,,,,,,,,,,,,53600.0,,,,,-700.0,5800.0,,,,6200.0,,,,,,,,,0.0,,,1100.0,,19700.0,,184800.0,,200000.0,,,,,,,,,18800.0,,,249800.0,,,20000.0,107100.0,,3074000.0,,1662100.0,295300.0,,1000.0,,,,,,,,,,,,,,,,,,,5541900.0,5594300.0,,,,,,,,,19802.0,52400.0,,,,0.0,1469112.0,,1469112.0,,,,,
2014-12-31,2015-02-13,10-Q,"SCIENTIFIC INDUSTRIES, INC.",SCND,CIK0000087802,USD,,422400.0,731000.0,,293900.0,,,,-3400.0,,,2446000.0,88200.0,,,,,,,,,,,,6780500.0,3977600.0,582200.0,,,,341600.0,338200.0,,0.06,,,,,,0.06,,,,,,85800.0,1955500.0,,,,,,,,1587500.0,,144000.0,,,,,,,1210000.0,,,,118100.0,,,244000.0,,,,,,,0.05,7000000.0,1498914.0,1498914.0,74900.0,-141800.0,,,,,1081700.0,,-33800.0,12000.0,,-10600.0,,,,,,,,,,,87800.0,159800.0,,,,,,,,,,,,,,,,,,,,,,,,,,,,,,,,,,,,,,,,-0.09,-0.09,-0.09,,,,,,,,,,1259500.0,,174400.0,,191100.0,244800.0,323300.0,337100.0,352400.0,2882600.0,1623100.0,,,,,,,,,,,446400.0,705300.0,,609400.0,,,,-182400.0,,,,-44400.0,,,,,,,,,,,,,,,,,,,,,,,,,,,,,1400.0,,,,,311600.0,2416100.0,1568600.0,535900.0,7400.0,,,,,,,,,,1379400.0,6780500.0,1098300.0,,,250000.0,,,,,,,,,-138000.0,,,0.0,,791900.0,-182500.0,,,,,,,,,,,,,,,,53600.0,,,,,-3800.0,100.0,,,,-5900.0,,,,,,,,,,,,,,,,160500.0,,,,,,,,,,,,,,261100.0,,,,116100.0,,2936000.0,,1691100.0,229400.0,,,,,,,,,,,,,,,,,,,,,5401100.0,5453500.0,,,,,,,,,19802.0,52400.0,,,,0.0,1479112.0,,1479112.0,,,,,
2015-03-31,2015-05-14,10-Q,"SCIENTIFIC INDUSTRIES, INC.",SCND,CIK0000087802,USD,,325100.0,829600.0,,429300.0,,,,-500.0,,,2454200.0,86900.0,,,,,,,,,,,,7011600.0,4303100.0,640300.0,,,,286500.0,286000.0,,,,,,,,,,,,,,,,,,,,,,,1587500.0,,144000.0,,,,,,,1210000.0,,,,118000.0,,,354300.0,,,,,,,0.05,7000000.0,1498914.0,1498914.0,74900.0,21900.0,,,,,961900.0,,34800.0,324900.0,,-22200.0,,,,,,,,,,,100700.0,169100.0,,,,,,,,,,,,,,,,,,,,,,,,,,,,,,,,,,,,,,,,0.01,,0.01,,,,,,,,,,1346500.0,,87500.0,,192100.0,244800.0,323300.0,337100.0,352400.0,2883700.0,1537200.0,,,,,,,,,,,433900.0,705300.0,,767300.0,,,,31600.0,,,,12600.0,,,,,,,,,,,,,,,,,,,,,,,,,,,,,1600.0,,,,,329400.0,2621300.0,1476700.0,815200.0,1100.0,,,,,,,,,,1580400.0,7011600.0,1315400.0,,,100000.0,,,,,,,,,19000.0,,-5100.0,,,730600.0,36700.0,,,,,,,,,,,,,,,,52400.0,,,,,2900.0,-5100.0,,,,-4600.0,-4600.0,,,,,,,,,,,,,,,111200.0,,,,,,,,,,,,,,244500.0,,,,94500.0,,2955000.0,,1729200.0,202200.0,,,,,,,,,,,,,,,,,,,,,5431200.0,5483600.0,,,,,,,,,19802.0,52400.0,,,,0.0,1479112.0,,1479112.0,,,,,
2015-06-30,2015-09-28,10-K,"SCIENTIFIC INDUSTRIES, INC.",SCND,CIK0000087802,USD,0.0,227600.0,1081700.0,,519900.0,,915300.0,,-3300.0,,,2486700.0,,,10900.0,4900.0,138700.0,,,,11600.0,,,,7141400.0,4542000.0,1063800.0,,,281800.0,285100.0,281800.0,,,,,,,,,,,,,,,,,,,0.0,,,,1587500.0,,144000.0,,,,,,,1210000.0,,,,118100.0,,,482000.0,-11700.0,,,,,,0.05,7000000.0,1508914.0,1508914.0,75400.0,4300.0,,,,,4726800.0,,18700.0,76400.0,,-34700.0,,,183000.0,314700.0,114200.0,200500.0,24800.0,268700.0,,268700.0,114200.0,154500.0,,46100.0,,,60800.0,,-46000.0,,-46000.0,84200.0,,434800.0,,,,,,,,,,,,,,,,,,,,,,,0.0,,,,,0.01,,0.01,-2.191,-0.35,-0.307,,-1.534,,,,,1433900.0,,353300.0,,110600.0,80400.0,246600.0,324000.0,337000.0,2885800.0,1451900.0,,,,,,,-4200.0,,,,1700900.0,705300.0,,3121600.0,0.0,,,-7300.0,,,,-16000.0,1800.0,,,,-2600.0,-2200.0,,11200.0,,,-146100.0,325000.0,77100.0,,,-13100.0,,-95500.0,24300.0,,,-54500.0,,300000.0,,,,,4200.0,,,4200.0,,350000.0,2213700.0,1420800.0,442900.0,4300.0,,,,,,,,,,1391000.0,7141400.0,1130700.0,,,0.0,,,0.0,,,91600.0,-250700.0,147400.0,8700.0,,,200000.0,,3138400.0,-16800.0,,,,,,1553800.0,255600.0,179300.0,174000.0,205000.0,264000.0,475900.0,,,,52500.0,,-4400.0,,,-4400.0,9500.0,,,,9400.0,,,,,,,,,3800.0,0.0,,6600.0,,67300.0,,68600.0,,250000.0,,200000.0,,,,,,0.0,51200.0,,1150500.0,235200.0,,250000.0,26700.0,392200.0,300000.0,3244000.0,,7848400.0,1045300.0,,10900.0,,,,,,27200.0,,,,,4000.0,2.8,38500.0,3.33,2.56,3.07,2.8,,5750400.0,5802800.0,,,,,,51200.0,,,19802.0,52400.0,,,,1756.0,1479882.0,,1478126.0,,,,,
2015-09-30,2015-11-12,10-Q,"SCIENTIFIC INDUSTRIES, INC.",SCND,CIK0000087802,USD,,201100.0,737400.0,,316800.0,,,,-7100.0,,,2487300.0,86300.0,,,,15700.0,,,,,,,,6964700.0,4451700.0,1107200.0,,,,284100.0,277000.0,,,,,,,,,,,,,,,,,,,,,,,1587500.0,,144000.0,,,,,,,1210000.0,,,,118100.0,,,530200.0,48200.0,,,,,,0.05,7000000.0,1508914.0,1508914.0,75400.0,-63900.0,,,,,849400.0,,0.0,93500.0,,-17800.0,,,,,,,,,,,118000.0,169400.0,,,,,,,,,,,,105200.0,,,,,,,,,,,,,,,,,,,,,,,,,,,,-0.04,-0.04,-0.04,,,,,,,,,0.0,1511900.0,,248100.0,,126900.0,80400.0,246600.0,324000.0,337000.0,2874900.0,1363000.0,,,,-2700.0,,,0.0,,,,408200.0,705300.0,,595100.0,,,,-77900.0,,,,-17800.0,18500.0,,,,,,,,,,-26500.0,-344300.0,-203100.0,,,17100.0,,130100.0,,,0.0,,76700.0,,,,,,8100.0,,,4400.0,,332900.0,2343800.0,1358600.0,652300.0,400.0,,,,,,,,,,1277600.0,6964700.0,1140300.0,,,200000.0,,,,,,99100.0,-6500.0,-44400.0,-60100.0,,-12400.0,200000.0,,660600.0,-65500.0,,,,,,,,,,,,,,,,52500.0,,,,,-3800.0,-12400.0,,,,-4700.0,-4700.0,,,,,,,,,,,0.0,,6500.0,,145300.0,,200000.0,,,,,,,,,0.0,,,222800.0,,,0.0,85400.0,300000.0,3183900.0,,1444500.0,167000.0,,600.0,,,,,,,,,,,,,,,,,,,5687100.0,5739500.0,,,,,,,,,19802.0,52400.0,,,,,1489112.0,,1489112.0,,,,,
2015-12-31,2016-02-12,10-Q,"SCIENTIFIC INDUSTRIES, INC.",SCND,CIK0000087802,USD,,372100.0,870100.0,,779500.0,,,,-8200.0,,,2487900.0,87500.0,,,,,,,,,,,,7978900.0,5543000.0,1245100.0,,,,286400.0,278200.0,,,,,,,,,,,,,,,,,,,,,,,1587500.0,,144000.0,,,,,,,1210000.0,,,,118100.0,,,666900.0,,,,,,0.0,0.05,7000000.0,1508914.0,1508914.0,75400.0,93300.0,,,,,1190500.0,,40900.0,110100.0,,-12200.0,,,,,,,,,,,109700.0,190400.0,,,,,,,,,,,,,,,,,,,,,,,,,,,,,,,,,,,,,,,,,0.06,,,,,,,,,,,1599400.0,,160600.0,,132600.0,80400.0,246600.0,324000.0,337000.0,2880600.0,1281200.0,,,,,,,,,,,395700.0,705300.0,,837700.0,,,,123100.0,,,,28700.0,,,,,,,,,,,,,,,,,,,,,,,,,,0.0,,,14000.0,,,,,313100.0,3262500.0,1439000.0,1510400.0,5000.0,,,,,,,,,,2197900.0,7978900.0,2060600.0,,,470000.0,,,,,,,,,94400.0,,-7600.0,200000.0,,707000.0,130700.0,,,,,,,,,,,,,,,,52500.0,,,,,-1100.0,-7600.0,,,,1400.0,1400.0,,,,,,,,,,,,,,,55600.0,,,,,,,,,,,,,,206500.0,,,,84100.0,300000.0,3278300.0,,2028200.0,227200.0,,,,,,,,,,,,,,,,,,,,,5781000.0,5833400.0,,,,,,,,,19802.0,52400.0,,,,0.0,1489112.0,,1489112.0,,,,,
2016-03-31,2016-05-12,10-Q,"SCIENTIFIC INDUSTRIES, INC.",SCND,CIK0000087802,USD,,422300.0,717100.0,,714900.0,,,,-5200.0,,,2497900.0,89400.0,,,,,,,,,,,,8598300.0,6214500.0,1663300.0,,,,287500.0,282300.0,,,,,,,,,,,,,,,,,,,,,,,1587500.0,,144000.0,,,,,,,1210000.0,,,,118100.0,,,1081000.0,,,,,,0.0,0.05,7000000.0,1508914.0,1508914.0,75400.0,-33900.0,,,,,993100.0,,2200.0,267800.0,,-13600.0,,,,,,,,,,,104400.0,208300.0,,,,,,,,,,,,,,,,,,,,,,,,,,,,,,,,,,,,,,,,-0.02,,-0.02,,,,,,,,,,1686800.0,,71200.0,,136200.0,80400.0,246600.0,324000.0,337000.0,2882200.0,1195400.0,,,,,,,,,,,426700.0,705300.0,,681200.0,,,,-48300.0,,,,-11400.0,,,,,,,,,,,,,,,,,,,,,,,,,,0.0,,,13700.0,,,,,403700.0,3674900.0,1465500.0,1805700.0,300.0,,,,,,,,,,2841200.0,8598300.0,2703900.0,,,970000.0,,,,,,,,,-36900.0,,-13200.0,200000.0,,716300.0,-35100.0,,,,,,,,,,,,,,,,52500.0,,,,,3000.0,,,,,,200.0,,,,,,,,,,,,,,,54800.0,,,,,,,,,,,,,,222300.0,,,,93400.0,300000.0,3241400.0,,1674300.0,196200.0,,,,,,,,,,,,,,,,,,,,,5757100.0,5809500.0,,,,,,,,,19802.0,52400.0,,,,0.0,1489112.0,,1489112.0,,,,,
2016-06-30,2016-10-11,10-K,"SCIENTIFIC INDUSTRIES, INC.",SCND,CIK0000087802,USD,60000.0,342400.0,1231900.0,,849700.0,,976500.0,,900.0,,,2498500.0,352600.0,,11800.0,,714800.0,,,,11600.0,,,,7549300.0,5366900.0,1535100.0,,,290100.0,289200.0,290100.0,,,,,,,,,,,,,,,,,,,110000.0,,,,,,,,,,,,,,,,,,,,1245000.0,763000.0,,,,,,0.05,7000000.0,1508914.0,1508914.0,75400.0,169800.0,,,,,5680300.0,,202500.0,0.0,,-149200.0,,,287000.0,468700.0,140600.0,328100.0,0.0,416500.0,,416500.0,140600.0,275900.0,,48900.0,,,132800.0,,-52200.0,,-52200.0,76300.0,,428900.0,,,,,,,,,,,,,,,,,,,,,,,0.0,,,0.0,,0.11,,0.11,0.243,0.35,-0.035,,-0.072,,,,,1498100.0,,297300.0,,12600.0,43500.0,45100.0,210600.0,288500.0,2395700.0,897600.0,,,,300.0,,,0.0,,,,1695200.0,705300.0,,3917300.0,212700.0,,,218900.0,,,,53300.0,34500.0,,,,76600.0,-7600.0,,15700.0,,,114800.0,150200.0,389700.0,,,-76400.0,,198400.0,0.0,,,-21400.0,,-300000.0,,,,,33900.0,,,33900.0,,457000.0,2412100.0,1529800.0,425300.0,6000.0,,,,,,,,,,1617300.0,7549300.0,1335000.0,,,0.0,,,12500.0,,,-311800.0,194400.0,880400.0,165600.0,,,6400.0,,3672300.0,245000.0,,,,,,1928900.0,260200.0,179300.0,174000.0,205000.0,268800.0,841600.0,,,,52500.0,,4200.0,,,4200.0,-26100.0,,,,1800.0,,,,,,,,,2700.0,,,13900.0,,92000.0,,47200.0,,970000.0,,20000.0,,,,,,3000.0,0.0,,1227600.0,251100.0,,970000.0,201000.0,349000.0,0.0,3409600.0,,9597600.0,1415400.0,,11800.0,,,,,,32200.0,,,,,5000.0,1.89,43500.0,3.33,,,3.05,,5932000.0,5984400.0,,,,,,,,,19802.0,52400.0,,,,275.0,1489387.0,,1489112.0,,,,,
2016-09-30,2016-11-14,10-Q,"SCIENTIFIC INDUSTRIES, INC.",SCND,CIK0000087802,USD,60000.0,320400.0,1151700.0,,526000.0,,,,2000.0,,,2499200.0,77900.0,,,,-102900.0,,,,,,,,7441400.0,5347700.0,1258100.0,,,,290100.0,292100.0,,,,,,,,,,,,,,,,,,,,,,,,,,,,,,,,,,,,,,,966000.0,-279000.0,,,,,,0.05,7000000.0,1508914.0,1508914.0,75400.0,-47700.0,,,,,889500.0,,-36300.0,403800.0,,15500.0,,,,,,,,,,,125500.0,274600.0,,,,,,,,,,,,95700.0,346300.0,228900.0,,,,,,,,,,,,,,,,,,,,,,,,,,-0.03,-0.03,-0.03,,,,,,,,,,1576000.0,,219400.0,,21000.0,43500.0,45100.0,210600.0,288500.0,2404100.0,828100.0,,,,0.0,,,,,,,412400.0,705300.0,,669600.0,,,,-69600.0,,,,-20800.0,186000.0,,,,,,,,,,-22000.0,-80200.0,-323700.0,,,403800.0,,189000.0,,,,,164100.0,,,,,,200.0,,,200.0,,324300.0,2601100.0,1502800.0,774000.0,200.0,,,,,,,,,,1556400.0,7441400.0,1418500.0,,,,,,10800.0,,,-118900.0,-8400.0,-151700.0,-48800.0,,5400.0,6500.0,,744600.0,-75000.0,,,,,,,,,,,,,,,,52500.0,,,,,1100.0,,,,,,5400.0,,,,,,,,,,,8400.0,0.0,0.0,,211300.0,,0.0,,,,,,,,,,,,233200.0,,,1500.0,115400.0,,3360800.0,,1559100.0,216800.0,,700.0,,,,,,,,,,,,,,,,,,,5885000.0,5937400.0,,,,,,,,,19802.0,52400.0,,,,,1489112.0,,1489112.0,,,,,
2016-12-31,2017-02-10,10-Q,"SCIENTIFIC INDUSTRIES, INC.",SCND,CIK0000087802,USD,0.0,300200.0,1668000.0,,510300.0,,,,-6000.0,,,2499500.0,76200.0,,,,,,,,,,,,7244800.0,5231000.0,1188000.0,,,,296900.0,290900.0,,,,,,,,,,,,,,,,,,,,,,,,,,,,,,,,,,,,,,,897100.0,,,,,,0.03,0.05,7000000.0,1508914.0,1508914.0,75400.0,37300.0,,,,,1888900.0,,20900.0,17000.0,,-1400.0,,,,,,,,,,,127500.0,277500.0,,,,,,,,,,,,,346300.0,228900.0,,,,,,,,,,,,,,,,,,,,,,,,44700.0,,0.03,0.03,0.03,,,,,,,,,,1652200.0,,143300.0,,27300.0,43500.0,45100.0,210600.0,288500.0,2410500.0,758300.0,,,,,,,,,,,409200.0,705300.0,,794900.0,,,,64800.0,,,,19500.0,,,,,,,,,,,,,,,,,,,,,,,,,,0.0,,,900.0,,,,,366500.0,2125000.0,1365900.0,392600.0,8800.0,,,,,,,,,,1366800.0,7244800.0,1290500.0,,,250000.0,,,9200.0,,,,,,45300.0,,8300.0,6500.0,,738400.0,56500.0,,,,,,,,,,,,,,,,52500.0,,,,,-8000.0,,,,,,400.0,,,,,,,,,,,,,,,122500.0,,,,,,,,,,,,,,220200.0,,,,105000.0,,3361500.0,,2683800.0,224200.0,,,,,,,,,,,,,,,,,,,,,5878000.0,5930400.0,,,,,,,,,19802.0,52400.0,,,,,1489112.0,,1489112.0,,,,,
2017-03-31,2017-05-12,10-Q,"SCIENTIFIC INDUSTRIES, INC.",SCND,CIK0000087802,USD,60000.0,343100.0,1327700.0,,532000.0,,,,-4700.0,,,2515000.0,69900.0,,,,,,,,,,,,7198000.0,5253000.0,1505300.0,,,,298700.0,294000.0,,,,,,,,,,,,,,,,,,,,,,,,,,,,,,,,,,,,,,,1211300.0,,,,,,0.03,0.05,7000000.0,1513914.0,1513914.0,75700.0,66900.0,,,,,1054800.0,,38900.0,107900.0,,-21600.0,,,,,,,,,,,141000.0,284200.0,,,,,,,,,,,,,346300.0,180200.0,,,,,,,,,,,,,,,,,,,,,,,,,,0.04,,0.04,,,,,,,,,,1722100.0,,73400.0,,29100.0,43500.0,45100.0,210600.0,288500.0,2412300.0,690200.0,,,,,,,,,,,435100.0,705300.0,,856100.0,,,,82900.0,,,,17300.0,,,,,,,,,,,,,,,,,,,,,,,,,38.0,38.0,,,1200.0,,,,,411500.0,2205900.0,1364900.0,429500.0,1100.0,,,,,,,,,,1237300.0,7198000.0,1005600.0,,,,,,7500.0,,,,,,65600.0,,-100.0,6600.0,,773100.0,83000.0,,,,,,,,,,,,,,,,52500.0,,,,,1300.0,,,,,,0.0,,,,,,,,,,,,,,,73100.0,,,,,,,,,,,,,,212900.0,,,,114100.0,,3427100.0,,1910900.0,223900.0,,,,,,,,,,,,,,,,,,,,,5960700.0,6013100.0,,,,,,,,,19802.0,52400.0,,,,,1492372.0,,1492334.0,,,,,
2017-06-30,2017-09-28,10-K,"SCIENTIFIC INDUSTRIES, INC.",SCND,CIK0000087802,USD,60000.0,139200.0,1179000.0,245400.0,491000.0,,1045200.0,,-3500.0,,,2515900.0,288000.0,,2200.0,,118700.0,,,,11600.0,,,,6827700.0,4541100.0,1320600.0,,,295500.0,299000.0,295500.0,,,,,,,,,,,,,,,,,,,140000.0,,,,,,,,,,,,,,,,,,,,1025100.0,-219900.0,,,,,,0.05,7000000.0,1513914.0,1513914.0,75700.0,-77000.0,,,,,5270000.0,5270000.0,13400.0,0.0,,-87600.0,,,390000.0,550700.0,129000.0,421700.0,3400.0,505100.0,,505100.0,129000.0,505100.0,,55000.0,,,102300.0,,-45600.0,,-45600.0,67900.0,,355900.0,297000.0,,,,,,,,,,,,,,,,,,,,,-44700.0,-44700.0,,,,,-0.05,-0.05,-0.05,-0.505,-0.35,-0.066,,-0.089,,,,,1773300.0,,243600.0,,9200.0,27000.0,48000.0,65400.0,185800.0,2352300.0,579000.0,,,,0.0,,,3200.0,,,,1665400.0,705300.0,,2879300.0,48000.0,,,-146800.0,,,,-74200.0,213500.0,,,0.0,-51400.0,-9700.0,,13100.0,,,-203200.0,192500.0,-358700.0,,,0.0,,-450900.0,,,,33100.0,,0.0,,,,,2900.0,,,2900.0,2900.0,420900.0,1961200.0,1373800.0,166500.0,10600.0,,,,,,,,,,999700.0,6827700.0,812600.0,,0.0,,,,5800.0,,,-224900.0,-41100.0,46100.0,-72600.0,,,6700.0,,3039700.0,-160400.0,,,,,,1404600.0,220000.0,184600.0,179300.0,174000.0,169000.0,477700.0,,,,52500.0,,,,,-4400.0,13600.0,,,,5900.0,,,,,,,,,18700.0,,,16500.0,,17000.0,,80300.0,,250000.0,,0.0,,,,,,0.0,15500.0,,1244500.0,199300.0,,250000.0,6400.0,437500.0,,3292300.0,8149300.0,8149300.0,888800.0,,2200.0,,,,,,23833.0,3.52,,,,6000.0,1.76,34500.0,3.25,3.1,3.45,2.91,,5828000.0,5880400.0,,,,,,15500.0,,,19802.0,52400.0,,,,0.0,1491167.0,1491167.0,1491167.0,,,,,
2017-09-30,2017-11-14,10-Q,"SCIENTIFIC INDUSTRIES, INC.",SCND,CIK0000087802,USD,60000.0,376900.0,972100.0,,503600.0,,,,-900.0,,,2522200.0,61100.0,,6300.0,,336200.0,,,,11600.0,,,,6726900.0,4721200.0,1251100.0,,,,309100.0,308200.0,,,,,,,,,,,,,,,,,,,,,,,,,,,,,,,,,,,,,,,942900.0,-82200.0,,,,,,0.05,7000000.0,1513914.0,1513914.0,75700.0,-230000.0,,,,,829100.0,829100.0,-63700.0,17000.0,,-10200.0,-10200.0,,,,,,,,,,,514500.0,,,,,,,,,,,,77100.0,297000.0,154300.0,,,,,,,,,,,,,,,,,,,,,,,,,,-0.16,-0.16,-0.16,,,,,,,,,,1834400.0,,182500.0,,9200.0,27000.0,48000.0,65400.0,185800.0,2353000.0,518600.0,,,,,,,,,,,428400.0,705300.0,,451700.0,,,,-306500.0,,,,-73900.0,15000.0,,,,,,,,,-276800.0,237700.0,-452300.0,12600.0,175500.0,17000.0,17000.0,,366000.0,,,,,90500.0,,0.0,,,,100.0,,,100.0,100.0,516700.0,2327200.0,1423800.0,386700.0,400.0,,,,,,,,,,1122600.0,6726900.0,937300.0,,,,,,4000.0,,,-144300.0,-41500.0,103600.0,-232600.0,,300.0,6800.0,,758500.0,-306800.0,,,,,,,,,,,,,,,,52500.0,,2600.0,,,2600.0,,,,,,400.0,,,,,,,,,,,700.0,9300.0,31500.0,,170800.0,,,,,,,,0.0,,,,-232600.0,,214800.0,,,1600.0,129100.0,,3059700.0,1280800.0,1280800.0,201000.0,,6200.0,,,,,,,,,,,,,,,,,,,5604300.0,5656700.0,,,,,,,,,19802.0,52400.0,,0.0,,,1494112.0,,1494112.0,,,,,
2017-12-31,2018-02-14,10-Q,"SCIENTIFIC INDUSTRIES, INC.",SCND,CIK0000087802,USD,60000.0,379400.0,1475300.0,,466500.0,,,,700.0,,,2536400.0,61100.0,8000.0,6200.0,,,,,,11600.0,,,,6970200.0,5029900.0,1015400.0,,,,314000.0,314700.0,,,,,,,,,,,,,,,,,,,,,,,,,,,,,,,,,,,,,,,700700.0,,,,,,0.0,0.05,7000000.0,1513914.0,1513914.0,75700.0,-79400.0,,,,,1126700.0,1126700.0,71800.0,321800.0,,25600.0,,,,,,,,,,,,488600.0,,,,,,,,,,,,77000.0,297000.0,154300.0,,,,,,,,,,,,,,,,,,,,,,,,,,-0.05,-0.05,-0.05,,,,,,,,,,1895500.0,,124700.0,,7400.0,27000.0,48000.0,65400.0,185800.0,2353800.0,458300.0,,,,,,,,,,,407900.0,705300.0,,765700.0,,,,16400.0,,,,97400.0,,,,,,,,,,,,,,,,,,,,,,,,,0.0,,,,500.0,5200.0,,,,414300.0,2392600.0,1502000.0,476300.0,5200.0,,,,,,,,,,1431100.0,6970200.0,1247500.0,,40000.0,,,,2300.0,,,,,,-81000.0,,6100.0,6800.0,,755400.0,10300.0,,,,,,,,,,,,,,,,52500.0,,1600.0,,,1600.0,,,,,,1400.0,,,,,,,,,,,,,,,146600.0,,,,,,,,,,,,-81000.0,,235600.0,,,,132900.0,,2978700.0,1892400.0,1892400.0,214600.0,,,,,,,,,,,,,,,,,,,,,5539100.0,5591500.0,,,,,,,,,19802.0,52400.0,,,,,0.0,,1494112.0,,,,,
2018-03-31,2018-05-15,10-Q,"SCIENTIFIC INDUSTRIES, INC.",SCND,CIK0000087802,USD,60000.0,394400.0,1406700.0,245400.0,398200.0,,,,-4400.0,,,2542500.0,61200.0,,6100.0,,,,,,11600.0,,,1750.0,7358300.0,5188300.0,987700.0,,,,313500.0,309100.0,,,,,,,,,,,,,,,,,,,,,,,,,,,,,,,,,,,,,,,678600.0,,,,,,0.0,0.05,7000000.0,1513914.0,1513914.0,75700.0,-42800.0,,,,,1331500.0,1331500.0,9700.0,356000.0,,-55900.0,,,,,,,,,,,,544500.0,,,,,,,,,,,,,600000.0,600000.0,,,,,,,,,,,,,,,,,,,,,,,,,,-0.03,,-0.03,,,,,,,,,,1956600.0,,60200.0,,12800.0,27000.0,48000.0,65400.0,185800.0,2355800.0,399200.0,,,,,,,,,,,470200.0,705300.0,,767800.0,,,,-83900.0,,,,-46200.0,,,,,,,,,,,,,,,,,,,,,,,,,0.0,,,,500.0,0.0,,,,345200.0,2701600.0,1525400.0,831000.0,0.0,,,,,,,,,,1856100.0,7358300.0,1410500.0,,40000.0,,,,600.0,,,,,,-37700.0,,0.0,6900.0,,851700.0,-83900.0,,,,,,,,,,,,,,,,52500.0,,-5100.0,,,-5100.0,,,,,,500.0,,,,,,,,,,,,,,,92300.0,,,,,,,,,,,,-37900.0,,223100.0,,,,117700.0,,2940800.0,2099300.0,2099300.0,263800.0,,,,,,,,,,,,,,,,,,,,,5502200.0,5554600.0,,,,,,,,,19802.0,52400.0,,,,,1494112.0,,1494112.0,,,,,
2018-06-30,2018-09-28,10-K,"SCIENTIFIC INDUSTRIES, INC.",SCND,CIK0000087802,USD,60000.0,428000.0,1722300.0,245400.0,657700.0,,1106400.0,,1200.0,,,2545900.0,243900.0,,30000.0,,417400.0,,,,11600.0,,,,7325500.0,5391500.0,1367800.0,,,314700.0,313500.0,314700.0,0.0,,,,,,,,,,,,,,,,,,253700.0,408000.0,118000.0,290000.0,,,,,,,,,,,,,,,,,1053100.0,28000.0,,,,,,0.05,7000000.0,1513914.0,1513914.0,75700.0,-155800.0,,278200.0,245400.0,63800.0,,5259700.0,50400.0,63800.0,,111500.0,,,326500.0,429400.0,,,0.0,392600.0,,,,392600.0,,48200.0,,,54700.0,,,,36800.0,61200.0,,305100.0,408000.0,,,,,,,,,,,,,,,,,,,,,,0.0,,,0.0,,-0.11,-0.11,-0.11,,,,,,,,,,2017200.0,,186900.0,,400.0,9800.0,26100.0,49100.0,66400.0,2355900.0,338700.0,,,,,,,0.0,,,,1748800.0,705300.0,,3221700.0,0.0,,,1400.0,,,,161900.0,16000.0,,,224300.0,300.0,-30000.0,,32700.0,,,288800.0,543300.0,166700.0,,,63800.0,,306700.0,,,,-46800.0,,,,,,,1700.0,,,,1700.0,427200.0,2267900.0,1488000.0,352700.0,6100.0,,,,,,,,,,1623300.0,7325500.0,1273300.0,,,0.0,,,0.0,,,-149400.0,-79500.0,256900.0,-160500.0,,,5800.0,,3227200.0,-5500.0,,,,,,1388000.0,265200.0,190200.0,184600.0,210800.0,249700.0,287500.0,,,,52500.0,,4700.0,,,4700.0,6900.0,,,,2500.0,,,,,,,,,14500.0,,,3600.0,,61400.0,,33500.0,,40000.0,,,,,,,,,0.0,,1305900.0,199500.0,,40000.0,6700.0,520900.0,,3131800.0,8481400.0,,957500.0,,30000.0,,,,,,28834.0,3.46,,,,57500.0,1.64,92000.0,3.15,0.0,0.0,3.08,,5702200.0,5754600.0,,,,,,,,,19802.0,52400.0,0.0,,,,1494112.0,1494112.0,1494112.0,,,,,
2018-09-30,2018-11-13,10-Q,"SCIENTIFIC INDUSTRIES, INC.",SCND,CIK0000087802,USD,60000.0,362600.0,1190000.0,,541900.0,,,,-16900.0,,,2554600.0,61000.0,,8700.0,,318700.0,,,,,,,92000.0,7309400.0,5455100.0,1830000.0,,,,311300.0,322700.0,,,,,,,,,,,,,,,,,,,,,,,,,,,,,,,,,,,,,,,1507300.0,454200.0,,,,,,0.05,7000000.0,1513914.0,1513914.0,75700.0,123900.0,,,,75900.0,,1092900.0,29500.0,,,6000.0,6000.0,,,,,,,,,,,386600.0,,,,,,,,,,,,75900.0,408000.0,408000.0,,,,,,,,,,,,,,,,,,,,74700.0,,,,74700.0,,0.1,,0.09,,,,,,,,,,2078200.0,,125900.0,,1600.0,9800.0,26100.0,49100.0,66400.0,2357100.0,278900.0,,,,,,,5000.0,,,,416500.0,705300.0,,945700.0,,,,177500.0,,,,35500.0,500.0,500.0,,,,,,,,-254100.0,-65400.0,,-115800.0,211100.0,12100.0,,,33100.0,,,,,33500.0,,3897.0,,,,400.0,,,,400.0,562400.0,2301000.0,1312700.0,425900.0,,,,,,,,,,,1527300.0,7309400.0,1177300.0,,,,,,,,,-1600.0,-4900.0,460700.0,142000.0,22000.0,1800.0,4200.0,,770000.0,175700.0,,,,,,,,,,,,,,,,52500.0,,-18100.0,,,-18100.0,,,,,,2200.0,,,,,,,,,,,1300.0,75200.0,900.0,,67000.0,,,,,,,,72500.0,,,0.0,142000.0,,185600.0,,,1600.0,117400.0,,3221100.0,2038600.0,,236100.0,,8700.0,,,,,,,,,,,,,,,,,,,5782100.0,5834500.0,,,,,,,,,19802.0,52400.0,,-6400.0,,,1498009.0,,1494112.0,,,,,
2018-12-31,2019-02-12,10-Q,"SCIENTIFIC INDUSTRIES, INC.",SCND,CIK0000087802,USD,0.0,570700.0,1216500.0,,556100.0,,,,-19800.0,,,2564100.0,61300.0,,9500.0,,,,,,,,,0.0,7558700.0,6014900.0,1665900.0,,,,309200.0,307800.0,,,,,,,,,,,,,,,,,,,,,,,,,,,,,,,,,,,,,,,1358100.0,,,,,,0.05,0.05,7000000.0,1513914.0,1494112.0,75700.0,115500.0,,,,114300.0,,1187500.0,24400.0,,,6000.0,,,,,,,,,,,,385500.0,,,,,,,,,,,,76000.0,408000.0,408000.0,,,,,,,,,,,,,,,,,,,,,,,,,,0.08,,0.08,,,,,,,,,,2139500.0,,64700.0,,6500.0,9800.0,26100.0,49100.0,66400.0,2362100.0,222600.0,,,,,,,,,,,462100.0,705300.0,,975700.0,,,,148800.0,,,,30400.0,,,,,,,,,,,,,,,,,,,,,,,,,18839.0,,,,400.0,2500.0,2500.0,,,614600.0,2723900.0,1554000.0,555300.0,,,,,,,,,,,1651600.0,7558700.0,1361600.0,,,,,,,,,,,,118400.0,,-7200.0,2500.0,,819700.0,156000.0,,,,,,,,,,,,,,,,52500.0,,-2900.0,,,-2900.0,,,,,,-9300.0,,,,,,,,,,,,,,,101400.0,,,,,,,,,,,,118400.0,,177900.0,,,,109400.0,,3339500.0,2163200.0,,248200.0,,,,,,,,,,,,,,,,,,,,,5907100.0,5959500.0,,,,,,,,,19802.0,52400.0,,,,,1512951.0,,1494112.0,,,,,
2019-03-31,2019-05-14,10-Q,"SCIENTIFIC INDUSTRIES, INC.",SCND,CIK0000087802,USD,0.0,451400.0,2000400.0,,806500.0,,,,-12300.0,,,2575800.0,47900.0,,11700.0,,,,,,,,,1750.0,8531300.0,6839100.0,1679300.0,,,,337400.0,325100.0,,,,,,,,,,,,,,,,,,,,975000.0,311000.0,664000.0,,,,,,,,,,,,,,,,,1354200.0,,,,,,0.0,0.05,7000000.0,1513914.0,1494112.0,75700.0,101100.0,,422300.0,0.0,227800.0,,1972400.0,179700.0,,,-79800.0,,,,,,,,,,,,463400.0,,,,,,,,,,,,,975000.0,,,,,,,,,,,,,,,,,,,,,,,,,,,0.06,,0.06,,,,,,,,,,2187400.0,,16600.0,,21800.0,9800.0,26100.0,49100.0,66400.0,2377200.0,189800.0,,,,,,,,,,,492400.0,705300.0,,1081100.0,,,,193500.0,,,,99900.0,,,,,,,,,,,,,,,,,,,,,,,,,23007.0,,,,600.0,300.0,300.0,,,643100.0,2671300.0,1615800.0,412400.0,,,,,,,,,,,2511400.0,8531300.0,1847400.0,,,50000.0,,,,,,,,,93600.0,,7800.0,700.0,,895400.0,185700.0,,,,,,,,,,,,,,,,52500.0,,7500.0,,,7500.0,,,,,,8100.0,,,,,,,,,,,,,,,65800.0,,,,,,,,,,,,93600.0,,281200.0,,,,120900.0,,3433100.0,3053500.0,,282100.0,0.0,,,,,,,,,,,,,,,,,,,,6019900.0,6072300.0,,,,,,,,,19802.0,52400.0,,,,,1517119.0,,1494112.0,,,,,
2019-06-30,2019-10-04,10-K,"SCIENTIFIC INDUSTRIES, INC.",SCND,CIK0000087802,USD,0.0,569000.0,1974200.0,0.0,608300.0,,1174800.0,,0.0,,,2592700.0,190000.0,,46800.0,,513900.0,,,,15000.0,0.0,,,8276000.0,6591100.0,1933400.0,,,330900.0,339400.0,330900.0,140000.0,,,,,,,,,,,,,,,,,,521200.0,618000.0,268000.0,350000.0,,,,,,,,,,,,,,,,,1602500.0,549400.0,,,,,,0.05,7000000.0,1513914.0,1494112.0,75700.0,645600.0,,,,0.0,,5832700.0,166600.0,0.0,,-42000.0,,,303900.0,490800.0,,,,431100.0,,,,431100.0,,13300.0,0.0,,173600.0,,,,59700.0,67300.0,,257300.0,,,,,,,,,,,,,,,,,,,,,,,74700.0,74700.0,,,,0.43,0.43,0.43,,,,,,,,,,2205500.0,,70500.0,,0.0,3500.0,15000.0,31700.0,54300.0,2380500.0,175000.0,,,,,,,-13200.0,0.0,,,1924400.0,705300.0,,4367100.0,,,,770200.0,,,,124600.0,56700.0,,0.0,0.0,161700.0,-12800.0,,24300.0,,,141000.0,6500.0,-109300.0,,,-63800.0,0.0,324400.0,,,,60100.0,,,,,,,1500.0,,,,1500.0,747600.0,2592300.0,1738300.0,106400.0,3400.0,,,,,,,,,,1935300.0,8276000.0,1585300.0,,,,,,,,,-391700.0,-218400.0,1159500.0,645600.0,0.0,,0.0,,3591000.0,776100.0,,,0.0,0.0,0.0,1168900.0,284100.0,195900.0,190200.0,184600.0,222500.0,91600.0,,,,54700.0,,20800.0,,,0.0,-5900.0,,,0.0,7800.0,,,,,,,,,157900.0,,,24600.0,,187800.0,,91200.0,,50000.0,,,0.0,,,,,0.0,0.0,,1493600.0,318800.0,,50000.0,5800.0,530500.0,,3724700.0,10199800.0,,1136100.0,,46800.0,,,,,,50167.0,3.29,,,,6705.0,1.79,97205.0,3.24,0.0,3.27,4.54,,6340700.0,6393100.0,,,,0.0,,,,,19802.0,52400.0,3000.0,,,,1512178.0,1494112.0,1494112.0,,,,,
2019-09-30,2019-11-14,10-Q,"SCIENTIFIC INDUSTRIES, INC.",SCND,CIK0000087802,USD,,457200.0,1867800.0,,437700.0,,,,,,,2617300.0,19500.0,,17700.0,,-267900.0,,,,,,,1349850.0,8862600.0,6267700.0,1593300.0,,,,317900.0,333600.0,9400.0,,,,,,,,,,,,,,,,,,,618000.0,268000.0,350000.0,,,,,,,,,,,,,,,,,1259700.0,-342800.0,,,,,,0.05,7000000.0,1515914.0,1515914.0,75800.0,-56200.0,,,,62000.0,,1023800.0,0.0,,,-19500.0,-19500.0,,,,,,,,,,,450600.0,,,,,,,,,,,,41000.0,,,,,,,,,,,,,,,,,,,,,,,,,,,,-0.04,,-0.04,,,,,,,,,,2225100.0,,51000.0,,,10900.0,15000.0,31700.0,54300.0,2388000.0,162900.0,,,,,,,800.0,,,,510200.0,705300.0,,980400.0,,,,-75700.0,,,,-19500.0,,40900.0,,,,,,,,-106400.0,-111800.0,,-301200.0,0.0,62000.0,,0.0,120800.0,,,,,6800.0,,0.0,,,,0.0,,,,0.0,745700.0,2713100.0,1737500.0,229900.0,,,1093600.0,91600.0,208800.0,195900.0,190200.0,184600.0,222500.0,124500.0,2553400.0,8862600.0,1465400.0,,,,,,,,,7000.0,-25700.0,-324100.0,-56200.0,,-200.0,,,1055900.0,-75500.0,68300.0,969100.0,231100.0,738000.0,902500.0,,,,,,,,,,0.05,59200.0,,,,,0.0,,,,,,-200.0,0.0,,-23800.0,,,,,,,,7500.0,25000.0,17000.0,,93500.0,,,,,,0.0,,23800.0,,,7000.0,-56200.0,,314400.0,,,0.0,236600.0,,3668500.0,2004200.0,,309100.0,,17700.0,,,,,,,,,,,,,,,,,,,6309200.0,6361600.0,,,,,,7000.0,,,19802.0,52400.0,,-2300.0,,,1494212.0,,1494212.0,,,,,
2019-12-31,2020-02-13,10-Q,"SCIENTIFIC INDUSTRIES, INC.",SCND,CIK0000087802,USD,,474700.0,1812500.0,,338500.0,,,,,,,2634700.0,19800.0,,17700.0,,,,,,,,,0.0,8863800.0,6268000.0,1389200.0,366900.0,,,30000.0,345200.0,0.0,,,,,,,,,,,,,,,,,,,618000.0,268000.0,350000.0,,,,,,,,,,,,,,,,,1044000.0,,,,,,0.0,0.05,7000000.0,1522575.0,1502773.0,76100.0,3600.0,,,,104000.0,,1052500.0,0.0,,34100.0,-34700.0,,,,,,,,,,,,451200.0,,,,,,,,,,,200.0,,,,58330.0,0.0,-170400.0,-0.09,-170400.0,,,,,128300.0,81600.0,,-88800.0,,-170400.0,,,,39500.0,,,,,,,0.0,0.0,0.0,,,,,,,,,,2244800.0,,31200.0,,,11000.0,15000.0,31700.0,54300.0,2388000.0,143200.0,,,,,,,,,,,478400.0,705300.0,,1180300.0,,,139300.0,173400.0,0.09,-135700.0,,34100.0,,,,,,,,,,,,,,,,,,,,,,,,,58330.0,,,,0.0,9200.0,9200.0,,,735900.0,3003800.0,1927500.0,340400.0,,,1116700.0,91600.0,153900.0,195900.0,198900.0,210600.0,265800.0,118600.0,2533300.0,8863800.0,1327900.0,,,,,,,,,,,,3600.0,,12100.0,,,1019000.0,161300.0,74200.0,998100.0,142700.0,855400.0,930700.0,,,,,,,,,,0.05,56000.0,,,,,0.0,,,,,,2900.0,,,,,73400.0,,,,,,,,,,62500.0,,,,,,,,,,,,3600.0,,309400.0,,,,260000.0,,3672100.0,2232800.0,,280600.0,,,,,,,,,,,,,,,,,,,,,6330500.0,6382900.0,,6661.0,,,,0.0,,,19802.0,52400.0,,,,,1557726.0,,1499396.0,,,,,
2020-03-31,2020-05-15,10-Q,"SCIENTIFIC INDUSTRIES, INC.",SCND,CIK0000087802,USD,,451900.0,2184200.0,,710100.0,,,,,,,2649300.0,18300.0,,14600.0,,,,,,,,,60167.0,8919900.0,6350100.0,1040700.0,1227900.0,,,329500.0,301300.0,0.0,,,,,,,,,,,,,,,,,,,678000.0,360000.0,318000.0,,,,,,,,,,,,,,,180700.0,,739400.0,,,,,,0.0,0.05,7000000.0,1522575.0,1502773.0,76100.0,-314600.0,,,,116100.0,,1037000.0,0.0,,-45500.0,-16400.0,,,,,,,,,,,,513200.0,,,,,,,,,,,300.0,40900.0,,,,0.0,-99600.0,-0.06,-99600.0,,,,,237700.0,103700.0,,4100.0,,-99600.0,,,,241800.0,,,,,,,-0.21,-0.21,-0.21,,,,,,,,,,2263200.0,,14700.0,,,6600.0,18300.0,35100.0,57500.0,2400600.0,137400.0,,,,,,,,,,,509700.0,705300.0,,1099200.0,,,-231400.0,-276900.0,-0.15,-83200.0,,-45500.0,,,,,,,,,,,,,,,,,,,,,,,,,0.0,,,,0.0,300.0,300.0,,,823000.0,3044800.0,1801900.0,419900.0,,,1039800.0,91600.0,77000.0,195900.0,198900.0,210600.0,265800.0,106500.0,2889400.0,8919900.0,1702200.0,,,,,,,,,,,,-314600.0,,-41900.0,,,1334200.0,-235000.0,75500.0,933300.0,64100.0,869200.0,867400.0,,,,,,,,,,0.05,56000.0,,,,,0.0,,,,,,-42200.0,,,,,76900.0,,,,,,,,,,80400.0,,,,,,,,,,,,-314600.0,,290500.0,,,,298900.0,,3357500.0,2136200.0,,344900.0,180700.0,,,,,,,,,,,,,,,,,,,,6030500.0,6082900.0,,,,,,,,,19802.0,52400.0,,,,0.0,1502773.0,,1502773.0,,,,,
2020-06-30,2020-10-09,10-K,"SCIENTIFIC INDUSTRIES, INC.",SCND,CIK0000087802,USD,,334600.0,1064000.0,,679000.0,,999100.0,0.0,,,,8608300.0,72000.0,,65800.0,,535200.0,218700.0,11600.0,,11600.0,3400.0,,,14797400.0,12736700.0,7891500.0,,793000.0,331800.0,327900.0,331800.0,43100.0,,,,,,-0.37,-0.37,,,,,,-1650000.0,9346000.0,,,,112600.0,358000.0,111000.0,247000.0,,,,,,,,,,,,,,,,,7559700.0,5957200.0,,2200.0,66100.0,6729300.0,,0.05,15000000.0,2881065.0,2861263.0,144100.0,,,,,20000.0,,3847000.0,0.0,20000.0,,-214000.0,,-222600.0,329700.0,589200.0,,,,537100.0,,,,537100.0,0.0,19400.0,89400.0,0.0,150700.0,,,,52100.0,88700.0,,160900.0,,,,0.0,,-0.16,-472500.0,0.0,20100.0,120700.0,0.0,869900.0,388500.0,447900.0,-84000.0,343700.0,-472500.0,69000.0,31100.0,1400.0,785900.0,,0.0,,,,,-0.46,-0.46,-0.46,,,,13800.0,,,0.0,,,2277600.0,,59800.0,,,3500.0,8400.0,20200.0,36800.0,2406300.0,128700.0,,,,,0.0,,4400.0,-300.0,,0.0,2275400.0,257300.0,,3937400.0,,,-453400.0,-667400.0,-0.3,-249900.0,,-436600.0,40900.0,,334800.0,-122600.0,-239400.0,1000.0,0.0,89400.0,,,-214400.0,-906800.0,191500.0,,,89000.0,-334800.0,292400.0,,0.0,,22400.0,,,,,,,0.0,,,,0.0,778900.0,2541000.0,1726400.0,35700.0,12600.0,,,,265800.0,91600.0,195900.0,198900.0,210600.0,,3076000.0,14797400.0,2188200.0,240900.0,,,563800.0,,0.0,,,6209400.0,-84100.0,-168100.0,-703300.0,,,,,4600900.0,-663500.0,293500.0,962800.0,195800.0,640800.0,803300.0,,,,,,,,,,0.05,56000.0,,,-703300.0,0.0,,-3900.0,,0.0,563800.0,16500.0,,,,,,295700.0,,,63400.0,,0.0,25800.0,,50900.0,,112400.0,0.0,0.0,,,563800.0,,,,,1000.0,13800.0,,1277400.0,278300.0,3400.0,0.0,0.0,1139700.0,,3021400.0,7784400.0,,1185800.0,,65800.0,,,,,147414.0,49236.0,3.29,,,,25881.0,5.58,96586.0,4.35,3.35,3.08,7.47,,11721400.0,11773800.0,,,,6004400.0,,13800.0,,,19802.0,52400.0,-12400.0,,,,1515103.0,1515103.0,1515103.0,,,,,
2020-09-30,2020-11-23,10-Q,"SCIENTIFIC INDUSTRIES, INC.",SCND,CIK0000087802,USD,,531900.0,1171300.0,,538000.0,,,,,,,8669600.0,15800.0,,61300.0,,-151100.0,,11600.0,,,,,126700.0,14594100.0,11951900.0,7373200.0,,,,3987000.0,4017700.0,109400.0,,,,,,,,,,,,,,,,,,,344600.0,97600.0,247000.0,,,,,,,,,,,,,,,,,3355500.0,-4204200.0,,,245700.0,,,0.05,7000000.0,2881065.0,2861263.0,144100.0,,,,,82700.0,,962500.0,0.0,,,-61100.0,-61100.0,-35600.0,,,,,,,,,,598200.0,,,,,,,,,,,,40600.0,,,,,,-0.04,,,,,,184200.0,88100.0,,-47100.0,,-135200.0,,,,137100.0,,,,,,,-0.09,-0.09,-0.09,,,,,,,0.0,,,2293400.0,,44000.0,,,11600.0,16400.0,20200.0,36800.0,2422400.0,129000.0,,,,,,,-16800.0,,,,519200.0,705300.0,,1056700.0,,,-153600.0,-189200.0,-0.05,-109700.0,-109700.0,-61100.0,500.0,500.0,331500.0,,,,,,,107300.0,177200.0,-107300.0,-261700.0,,-6300.0,-6300.0,3300.0,-56500.0,,0.0,,,-24300.0,,,,,,,,,,0.0,734200.0,2941200.0,1883500.0,323500.0,,,997300.0,,204200.0,91600.0,195900.0,245300.0,260300.0,93000.0,3074700.0,14594100.0,2084700.0,,,,563800.0,,,,,-13400.0,-3776400.0,-414400.0,-263300.0,,11500.0,,,1257400.0,-200700.0,78800.0,904300.0,161300.0,743000.0,826600.0,,,,,,,,,,0.05,57900.0,,,-263300.0,0.0,,,,,,,11500.0,13400.0,,-33800.0,,78600.0,,,3723500.0,,,16200.0,3723500.0,70500.0,,134700.0,,,,,,66300.0,,,,,0.0,-263300.0,,325200.0,,,,244300.0,,2758100.0,2019200.0,,493900.0,,61300.0,,,,,,,,,,,,,,,,,,,11519400.0,11571800.0,,,,,,,,,19802.0,52400.0,0.0,20900.0,,,2861263.0,2861263.0,2861263.0,,,,,
2020-12-31,2021-02-23,10-Q,"SCIENTIFIC INDUSTRIES, INC.",SCND,CIK0000087802,USD,,584000.0,1554500.0,,378400.0,,,,,,,8745700.0,16200.0,,76100.0,,,,11600.0,,,,,,14069600.0,11739400.0,6896100.0,733500.0,0.0,,31800.0,5784800.0,225000.0,,,,,,,,,,,,,,,,,,,344600.0,97600.0,247000.0,,,,,,,,,,,,,,,,,1111300.0,,,,,,,0.05,7000000.0,2881065.0,2861263.0,144100.0,,,,,0.0,,1311300.0,0.0,,-47600.0,-165300.0,,-47600.0,,,,,,,,,,811100.0,,,,,,,,,,,200.0,,,,0.0,-405400.0,639500.0,-0.17,-639500.0,,37600.0,44900.0,,195500.0,181300.0,0.0,-52800.0,0.0,-234100.0,69000.0,0.0,0.0,142700.0,,,,,,,,-0.22,,,,,,,,,,,1670500.0,,42400.0,,,15500.0,16000.0,21300.0,32900.0,1798600.0,128100.0,,,,405400.0,,,,,,,536900.0,257300.0,,1406100.0,,,-138300.0,185900.0,-0.05,474200.0,-474200.0,-47600.0,,,333600.0,,,,,,,,,,,,,,,,,,,,,,,,,35300.0,,35300.0,,,,731700.0,2639200.0,1791500.0,116000.0,,,921100.0,,128000.0,91600.0,195900.0,245300.0,260300.0,81800.0,3086600.0,14069600.0,2128300.0,151500.0,,,563800.0,,,,,,,,-612500.0,,53500.0,,,1645500.0,-239400.0,78800.0,839300.0,128000.0,711300.0,765100.0,,,,,,,,,,0.05,57900.0,,,-612500.0,0.0,,18200.0,,,,,18200.0,,,,,76100.0,,,,,,,,,,316000.0,,,,,,,,,,,,-612500.0,,310700.0,,,,329700.0,,2145600.0,2717400.0,,778900.0,,,,,,,,,,,,,,,,,,,,,10983000.0,11035400.0,,0.0,,,,,,,19802.0,52400.0,0.0,,,,2861263.0,2861263.0,2861263.0,,,165300.0,,
2021-03-31,2021-05-17,10-Q,"SCIENTIFIC INDUSTRIES, INC.",SCND,CIK0000087802,USD,,477200.0,1822500.0,,456400.0,,,,,,,10040600.0,16000.0,,1292000.0,,,,11600.0,,,,,,13900300.0,11184400.0,5953200.0,124600.0,124600.0,,5271900.0,5325700.0,50600.0,,,,,,,,,,,,,,,,,,,226100.0,195800.0,30300.0,,,,,,,,,,,,,,,0.0,,627500.0,,,,,,,0.05,10000000.0,2882065.0,2862263.0,144200.0,,,,,0.0,,1145700.0,,,-378200.0,0.0,,,,,,,,,,,,1189400.0,,,,,,,,,,,0.0,43700.0,,,,0.0,16400.0,0.01,16400.0,109300.0,2900.0,45000.0,12100.0,78800.0,12600.0,0.0,29900.0,3200.0,16400.0,16500.0,0.0,0.0,107800.0,,,,,,,,-0.5,,,,,,,,,,,1687000.0,,42800.0,,,8200.0,18000.0,20400.0,32100.0,1808500.0,121500.0,,,,405400.0,,,,,,,1385600.0,257300.0,,1362900.0,,,-1452000.0,-1830200.0,-0.51,16400.0,,-378200.0,,,336300.0,,,,,,,,,,,,,,,,,,,,,,,,,,,22500.0,,,,619900.0,2885200.0,2191200.0,74100.0,,,857100.0,,64000.0,91600.0,195900.0,245300.0,260300.0,71500.0,3057900.0,13900300.0,1858500.0,64400.0,,,563800.0,,433800.0,,,,,,-1435600.0,,28600.0,,,3221700.0,-1858800.0,59900.0,785600.0,50300.0,735300.0,715600.0,,,,,,,,,,0.05,48400.0,,,,,,,,,,,6100.0,,,,,64000.0,,,,,,,,,,62600.0,,,,,,,,,,,,-1435600.0,,383700.0,,,,450000.0,,710000.0,2508600.0,,1386100.0,,,,,,,,,,,,,,,,,,,,,10842400.0,10894800.0,,,,,,3000.0,,,19802.0,52400.0,,,,0.0,2861607.0,,2861607.0,,,,,
2021-06-30,2021-10-14,10-K,"SCIENTIFIC INDUSTRIES, INC.",SCND,CIK0000087802,USD,,453500.0,1294700.0,,633500.0,,1103700.0,-9200.0,-9200.0,,,26613500.0,146900.0,,2108000.0,,371000.0,399700.0,,,15600.0,,,,29006400.0,18431100.0,13419800.0,,55300.0,3744600.0,3687300.0,3744600.0,321700.0,,,,,,,,,,,,,,,7880100.0,,,-30000.0,,-90300.0,,3931000.0,201100.0,,25400.0,159200.0,-39300.0,-59400.0,800300.0,286200.0,,187500.0,-189000.0,3742000.0,40200.0,,0.0,9675200.0,2115500.0,,440000.0,-75000.0,8922800.0,,0.05,15000000.0,6458143.0,6458143.0,324000.0,,,,,,,4799800.0,,0.0,,-945000.0,,-207400.0,374000.0,2527100.0,,,,2489900.0,,,,2489900.0,1515800.0,24900.0,164600.0,383200.0,64600.0,,,,37200.0,104600.0,,251500.0,,,,-405400.0,,-0.18,-769900.0,52000.0,0.0,20700.0,,471800.0,280400.0,0.0,-84100.0,3300.0,-364500.0,16500.0,0.0,0.0,387700.0,,,,,,,,-1.15,,,,,59500.0,,,-9200.0,,,1779500.0,,525700.0,,,530200.0,473100.0,508800.0,520000.0,4337300.0,2557800.0,,,,,405400.0,,35600.0,0.0,,-531100.0,4028500.0,4395400.0,4138100.0,4975400.0,,,-3110000.0,-4055000.0,-0.97,-562500.0,,-1152500.0,2500.0,,333300.0,0.0,-1014300.0,-7900.0,-111700.0,93900.0,,,79600.0,75500.0,-195200.0,,,-20000.0,1500.0,560000.0,,10900.0,,211400.0,,,,,,,,,,,,767100.0,2977100.0,2170400.0,39600.0,82200.0,,793100.0,,260300.0,,91600.0,195900.0,245300.0,-62100.0,2781600.0,29006400.0,2286800.0,37200.0,,,,,,,,16310200.0,-10884000.0,-3301500.0,-3672500.0,,,,,9684200.0,-4708800.0,277300.0,731000.0,270500.0,460500.0,665300.0,,,,,,,,,,0.05,54300.0,,,-3681700.0,-9200.0,,653800.0,2557800.0,10900.0,433800.0,-571600.0,,,,,,289100.0,,,9569000.0,,-7679000.0,58700.0,,198700.0,,350900.0,440000.0,,,,433800.0,,,,,0.0,3100.0,,1516300.0,412600.0,4000.0,,32700.0,1623800.0,,-651100.0,9775200.0,,4031900.0,,2108000.0,,,,,5243.0,296821.0,7.69,,,,1094171.0,7.25,1180757.0,8.73,3.05,3.11,9.07,,26224800.0,26277200.0,26277200.0,,,16074000.0,,3100.0,,,19802.0,52400.0,-10400.0,,,,3189602.0,3189602.0,,,,,,
2021-09-30,2021-11-15,10-Q,"SCIENTIFIC INDUSTRIES, INC.",SCND,CIK0000087802,USD,,620500.0,1493200.0,,542700.0,,,,27100.0,,,27288900.0,138900.0,,675400.0,,100900.0,,,,15600.0,,,,28214300.0,17466700.0,12254500.0,,56200.0,6985800.0,6932100.0,6985800.0,0.0,,,,,,,,,,,,,,,7880100.0,,,,,90300.0,,3931000.0,201100.0,,25400.0,159200.0,39300.0,59400.0,800300.0,286200.0,,187500.0,189000.0,3742000.0,40200.0,,900.0,5268700.0,-4406500.0,,,900.0,,,0.05,15000000.0,6477945.0,6477945.0,324000.0,,,,,,,1340900.0,,,,,,-322600.0,,,,,,,,,,2812500.0,,,,,,,,,,,,165100.0,,,,,,0.0,,52000.0,,9900.0,,0.0,300.0,,1200.0,3300.0,900.0,16500.0,,,1200.0,,,,,,440000.0,,-0.19,,,,,,,,24500.0,,,1918400.0,,520300.0,,,256500.0,272400.0,474100.0,508800.0,4337300.0,386800.0,,,,,,,200.0,,,,1465700.0,4395400.0,4138100.0,1513600.0,,,-1209700.0,-1532300.0,-0.19,900.0,900.0,,0.0,,66000.0,,,,,,,,167000.0,-198500.0,-90700.0,,,0.0,267300.0,-117600.0,,-10800.0,,,-151200.0,,,,,,,,,,,863600.0,3094700.0,2139200.0,91900.0,,,757600.0,,209000.0,,91600.0,195900.0,261100.0,54400.0,2486600.0,28214300.0,1994000.0,26400.0,,,,,,,,0.0,-3323100.0,-1107900.0,-1208800.0,,,,,3038000.0,-1524400.0,62600.0,703200.0,234000.0,469200.0,631300.0,,,,,,,,,,,54200.0,,,-1172500.0,34100.0,,,2418900.0,0.0,,,,,,,7880100.0,68300.0,,,3982400.0,,,0.0,,48900.0,,502100.0,,,,,,,,,,,,405400.0,,435300.0,,,,636500.0,,-1859900.0,2854500.0,,935800.0,,675400.0,0.05,,,,,,,,,,,,,,,,,,25727700.0,,25780100.0,,,,,,,,19802.0,52400.0,2200.0,,,,6458143.0,6458143.0,,,,,,
2021-12-31,2022-02-16,10-Q,"SCIENTIFIC INDUSTRIES, INC.",SCND,CIK0000087802,USD,,914800.0,1344800.0,,601600.0,,,,94400.0,,,27879900.0,135000.0,,591000.0,,,,,,15600.0,,,,28852500.0,16787400.0,11170500.0,,10500.0,6873500.0,6825200.0,6873500.0,158300.0,,,,,,,,,,,,,,,,,,,,90300.0,,3931000.0,201100.0,,25400.0,159200.0,39300.0,59400.0,800300.0,286200.0,,187500.0,189000.0,3742000.0,40200.0,,1100.0,4297000.0,,,,,,,0.05,15000000.0,6477945.0,6458143.0,324000.0,,,,,,,1495400.0,,,,,,-414700.0,,,,,,,,,,3223200.0,,,,,,,,,,,,,,,,0.0,14100.0,0.0,,9400.0,,5300.0,,3400.0,1900.0,,16000.0,0.0,14100.0,7900.0,,,19400.0,,,,,,440000.0,,-0.14,,,,,,,,,,,2053400.0,,520300.0,,,311600.0,272400.0,474100.0,508800.0,4403800.0,2350400.0,,,,,,,,,,,1366200.0,4395400.0,,1408800.0,,,-906600.0,1321300.0,-0.14,10100.0,10100.0,,,,66000.0,,,,,,,,,,,,,,,,,,,,,,,,,26700.0,,,,,,1148200.0,3615000.0,2372500.0,94300.0,,,1850500.0,,164200.0,262700.0,255000.0,247600.0,311400.0,275400.0,3363000.0,28852500.0,1963600.0,13200.0,,,,,,,,,,,-896500.0,,523500.0,,,3253600.0,-1844800.0,81800.0,1575100.0,175700.0,1399400.0,1511000.0,,,,,,,,,,0.05,62500.0,,,-829200.0,69900.0,,496800.0,2350400.0,0.0,,,,,,,,89800.0,,,,,,,,,,580600.0,,,,,,,,,,,,,,522600.0,,,,880300.0,,-2756400.0,2904200.0,,1007100.0,,,,,,,,,,,,,,,,,,,,,25489500.0,,25541900.0,,,,,,,,19802.0,52400.0,-2600.0,,,,6458143.0,6458143.0,,,,4000.0,,
