end,filed,form,Name,Ticker,CIK,Currency,AccountsPayableAndAccruedLiabilitiesCurrent,AccountsReceivableNetCurrent,AccretionExpense,AccruedBonusesCurrent,AccruedSalariesCurrent,AccruedVacationCurrent,AccumulatedDepreciationDepletionAndAmortizationPropertyPlantAndEquipment,AccumulatedOtherComprehensiveIncomeLossNetOfTax,AdditionalPaidInCapitalCommonStock,AdjustmentsToAdditionalPaidInCapitalIncomeTaxDeficiencyFromShareBasedCompensation,AdjustmentsToAdditionalPaidInCapitalSharebasedCompensationRequisiteServicePeriodRecognitionValue,AdjustmentsToAdditionalPaidInCapitalTaxEffectFromShareBasedCompensation,AllocatedShareBasedCompensationExpense,AllocatedShareBasedCompensationExpenseNetOfTax,AllowanceForDoubtfulAccountsReceivable,AllowanceForDoubtfulAccountsReceivableChargeOffs,AllowanceForDoubtfulAccountsReceivableCurrent,AllowanceForDoubtfulAccountsReceivableWriteOffs,AmortizationOfIntangibleAssets,AntidilutiveSecuritiesExcludedFromComputationOfEarningsPerShareAmount,AreaOfRealEstateProperty,AssetImpairmentCharges,Assets,AssetsCurrent,AssetsNoncurrent,AvailableForSaleSecuritiesDebtSecurities,BusinessAcquisitionContingentConsiderationAtFairValue,BusinessAcquisitionContingentConsiderationSharesIssuable,BusinessAcquisitionCostOfAcquiredEntityCashPaid,BusinessAcquisitionCostOfAcquiredEntityEquityInterestsIssuedAndIssuable,BusinessAcquisitionCostOfAcquiredEntityLiabilitiesIncurred,BusinessAcquisitionPurchasePriceAllocationAssetsAcquired,BusinessAcquisitionPurchasePriceAllocationAssetsAcquiredLiabilitiesAssumedNet,BusinessAcquisitionPurchasePriceAllocationCurrentAssetsCashAndCashEquivalents,BusinessAcquisitionPurchasePriceAllocationCurrentAssetsPrepaidExpenseAndOtherAssets,BusinessAcquisitionPurchasePriceAllocationCurrentAssetsReceivables,BusinessAcquisitionPurchasePriceAllocationCurrentLiabilitiesOtherLiabilities,BusinessAcquisitionPurchasePriceAllocationGoodwillAmount,BusinessAcquisitionPurchasePriceAllocationLiabilitiesAssumed,BusinessAcquisitionPurchasePriceAllocationOtherNoncurrentAssets,BusinessAcquisitionPurchasePriceAllocationPropertyPlantAndEquipment,BusinessCombinationAcquisitionRelatedCosts,BusinessCombinationConsiderationTransferred,BusinessCombinationConsiderationTransferred1,BusinessCombinationConsiderationTransferredLiabilitiesIncurred,BusinessCombinationContingentConsiderationArrangementsChangeInAmountOfContingentConsiderationLiability,BusinessCombinationContingentConsiderationArrangementsChangeInAmountOfContingentConsiderationLiability1,BusinessCombinationContingentConsiderationArrangementsRangeOfOutcomesValueLow,BusinessCombinationContingentConsiderationLiability,BusinessCombinationContingentConsiderationLiabilityCurrent,BusinessCombinationContingentConsiderationLiabilityNoncurrent,BusinessExitCosts1,CapitalizedComputerSoftwareAdditions,CapitalLeaseObligations,CashAcquiredFromAcquisition,CashAndCashEquivalentsAtCarryingValue,CashAndCashEquivalentsPeriodIncreaseDecrease,CashCashEquivalentsRestrictedCashAndRestrictedCashEquivalents,CashCashEquivalentsRestrictedCashAndRestrictedCashEquivalentsPeriodIncreaseDecreaseIncludingExchangeRateEffect,ClassOfWarrantOrRightExercisePriceOfWarrantsOrRights,ClassOfWarrantOrRightNumberOfSecuritiesCalledByWarrantsOrRights,CommonStockDividendsPerShareDeclared,CommonStockParOrStatedValuePerShare,CommonStockSharesAuthorized,CommonStockSharesIssued,CommonStockSharesOutstanding,CommonStockValue,ComprehensiveIncomeNetOfTax,ContractWithCustomerAssetNet,ContractWithCustomerLiability,ContractWithCustomerPerformanceObligationSatisfiedInPreviousPeriod,CostOfGoodsAndServicesSold,CostOfServices,CurrentFederalTaxExpenseBenefit,CurrentForeignTaxExpenseBenefit,CurrentIncomeTaxExpenseBenefit,CurrentStateAndLocalTaxExpenseBenefit,DebtInstrumentBasisSpreadOnVariableRate,DebtInstrumentBasisSpreadOnVariableRate1,DebtInstrumentCarryingAmount,DeferredFederalIncomeTaxExpenseBenefit,DeferredForeignIncomeTaxExpenseBenefit,DeferredIncomeTaxAssetsNet,DeferredIncomeTaxExpenseBenefit,DeferredIncomeTaxesAndTaxCredits,DeferredIncomeTaxLiabilitiesNet,DeferredStateAndLocalIncomeTaxExpenseBenefit,DeferredTaxAssetsGross,DeferredTaxAssetsLiabilitiesNet,DeferredTaxAssetsNet,DeferredTaxAssetsNetCurrent,DeferredTaxAssetsNetNoncurrent,DeferredTaxAssetsPropertyPlantAndEquipment,DeferredTaxAssetsStateTaxes,DeferredTaxAssetsTaxCreditCarryforwardsForeign,DeferredTaxAssetsTaxDeferredExpenseCompensationAndBenefits,DeferredTaxAssetsTaxDeferredExpenseReservesAndAccrualsAccruedLiabilities,DeferredTaxAssetsTaxDeferredExpenseReservesAndAccrualsAllowanceForDoubtfulAccounts,DeferredTaxAssetsTaxDeferredExpenseReservesAndAccrualsContingencies,DeferredTaxAssetsValuationAllowance,DeferredTaxExpenseFromStockOptionsExercised,DeferredTaxLiabilities,DeferredTaxLiabilitiesGoodwillAndIntangibleAssets,DeferredTaxLiabilitiesInvestments,DeferredTaxLiabilitiesNoncurrent,DeferredTaxLiabilitiesPropertyPlantAndEquipment,DefinedContributionPlanCostRecognized,DefinedContributionPlanEmployerMatchingContributionPercent,DefinedContributionPlanMaximumAnnualContributionPerEmployeePercent,DefinedContributionPlanMaximumAnnualContributionsPerEmployeePercent,Depreciation,DepreciationAndAmortization,DepreciationNonproduction,DividendsCommonStockCash,DividendsPayableAmount,DividendsPayableAmountPerShare,DividendsPayableCurrent,DividendsPayableCurrentAndNoncurrent,EarningsPerShareBasic,EarningsPerShareDiluted,EffectiveIncomeTaxRateContinuingOperations,EffectiveIncomeTaxRateReconciliationAtFederalStatutoryIncomeTaxRate,EffectiveIncomeTaxRateReconciliationChangeInDeferredTaxAssetsValuationAllowance,EffectiveIncomeTaxRateReconciliationChangeInEnactedTaxRate,EffectiveIncomeTaxRateReconciliationDeductionsEmployeeStockOwnershipPlanDividends,EffectiveIncomeTaxRateReconciliationForeignIncomeTaxRateDifferential,EffectiveIncomeTaxRateReconciliationNondeductibleExpenseMealsAndEntertainment,EffectiveIncomeTaxRateReconciliationNondeductibleExpenseShareBasedCompensationCost,EffectiveIncomeTaxRateReconciliationOtherAdjustments,EffectiveIncomeTaxRateReconciliationOtherReconcilingItemsPercent,EffectiveIncomeTaxRateReconciliationPriorYearIncomeTaxes,EffectiveIncomeTaxRateReconciliationRepatriationOfForeignEarnings,EffectiveIncomeTaxRateReconciliationShareBasedCompensationExcessTaxBenefitAmount,EffectiveIncomeTaxRateReconciliationStateAndLocalIncomeTaxes,EffectiveIncomeTaxRateReconciliationTaxCreditsForeign,EffectOfExchangeRateOnCashAndCashEquivalents,EffectOfExchangeRateOnCashCashEquivalentsRestrictedCashAndRestrictedCashEquivalentsIncludingDisposalGroupAndDiscontinuedOperations,EmployeeRelatedLiabilitiesCurrent,EmployeeServiceShareBasedCompensationAllocationOfRecognizedPeriodCostsCapitalizedAmount,EmployeeServiceShareBasedCompensationNonvestedAwardsTotalCompensationCostNotYetRecognized,EmployeeServiceShareBasedCompensationNonvestedAwardsTotalCompensationCostNotYetRecognizedPeriodForRecognition,EmployeeServiceShareBasedCompensationNonvestedAwardsTotalCompensationCostNotYetRecognizedPeriodForRecognition,EmployeeServiceShareBasedCompensationNonvestedAwardsTotalCompensationCostNotYetRecognizedShareBasedAwardsOtherThanOptions,EmployeeServiceShareBasedCompensationTaxBenefitFromCompensationExpense,ExcessTaxBenefitFromShareBasedCompensationFinancingActivities,ExcessTaxBenefitFromShareBasedCompensationOperatingActivities,FiniteLivedIntangibleAssetsAccumulatedAmortization,FiniteLivedIntangibleAssetsAmortizationExpenseAfterYearFive,FiniteLivedIntangibleAssetsAmortizationExpenseNextTwelveMonths,FiniteLivedIntangibleAssetsAmortizationExpenseRemainderOfFiscalYear,FiniteLivedIntangibleAssetsAmortizationExpenseYearFive,FiniteLivedIntangibleAssetsAmortizationExpenseYearFour,FiniteLivedIntangibleAssetsAmortizationExpenseYearThree,FiniteLivedIntangibleAssetsAmortizationExpenseYearTwo,FiniteLivedIntangibleAssetsGross,FiniteLivedIntangibleAssetsNet,FutureAmortizationExpenseRemainderOfFiscalYear,FutureAmortizationExpenseYearFour,FutureAmortizationExpenseYearOne,FutureAmortizationExpenseYearThree,FutureAmortizationExpenseYearTwo,GainLossOnSaleOfPropertyPlantEquipment,Goodwill,GoodwillAcquiredDuringPeriod,GoodwillForeignCurrencyTranslationGainLoss,GoodwillImpairedAccumulatedImpairmentLoss,GoodwillTranslationAdjustments,GrossProfit,HeldToMaturitySecuritiesDebtMaturitiesSingleMaturityDateAmortizedCostBasis,HeldToMaturitySecuritiesDebtMaturitiesSingleMaturityDateFairValue,HeldToMaturitySecuritiesSoldSecurityRealizedGainLoss,IncomeLossFromContinuingOperationsBeforeIncomeTaxesDomestic,IncomeLossFromContinuingOperationsBeforeIncomeTaxesExtraordinaryItemsNoncontrollingInterest,IncomeLossFromContinuingOperationsBeforeIncomeTaxesForeign,IncomeLossFromContinuingOperationsBeforeIncomeTaxesMinorityInterestAndIncomeLossFromEquityMethodInvestments,IncomeTaxExpenseBenefit,IncomeTaxExpenseBenefitContinuingOperationsAdjustmentOfDeferredTaxAssetLiability,IncomeTaxesPaid,IncomeTaxesReceivable,IncomeTaxReceivable,IncomeTaxReconciliationDispositionOfBusiness,IncreaseDecreaseInAccountsPayableAndAccruedLiabilities,IncreaseDecreaseInAccountsReceivable,IncreaseDecreaseInContractWithCustomerLiability,IncreaseDecreaseInEmployeeRelatedLiabilities,IncreaseDecreaseInIncomeTaxesReceivable,IncreaseDecreaseInOtherOperatingAssets,IncreaseDecreaseInOtherOperatingLiabilities,IncreaseDecreaseInPrepaidDeferredExpenseAndOtherAssets,IntangibleAssetsNetExcludingGoodwill,InterestExpense,InterestPaidNet,InvestmentIncomeInterest,LeaseCost,LesseeOperatingLeaseDiscountRate,LesseeOperatingLeaseLiabilityPaymentsDue,LesseeOperatingLeaseLiabilityPaymentsDueAfterYearFive,LesseeOperatingLeaseLiabilityPaymentsDueNextTwelveMonths,LesseeOperatingLeaseLiabilityPaymentsDueYearFive,LesseeOperatingLeaseLiabilityPaymentsDueYearFour,LesseeOperatingLeaseLiabilityPaymentsDueYearThree,LesseeOperatingLeaseLiabilityPaymentsDueYearTwo,LesseeOperatingLeaseLiabilityPaymentsRemainderOfFiscalYear,LesseeOperatingLeaseLiabilityUndiscountedExcessAmount,LessorOperatingLeasePaymentsToBeReceivedFourYears,LessorOperatingLeasePaymentsToBeReceivedNextTwelveMonths,LessorOperatingLeasePaymentsToBeReceivedRemainderOfFiscalYear,LessorOperatingLeasePaymentsToBeReceivedThreeYears,LessorOperatingLeasePaymentsToBeReceivedTwoYears,Liabilities,LiabilitiesAndStockholdersEquity,LiabilitiesCurrent,LineOfCreditFacilityAmountOutstanding,LineOfCreditFacilityMaximumBorrowingCapacity,LineOfCreditFacilityRemainingBorrowingCapacity,LongTermDebtNoncurrent,LongTermInvestments,LossOnSaleOfInvestments,NetCashProvidedByUsedInFinancingActivities,NetCashProvidedByUsedInFinancingActivitiesContinuingOperations,NetCashProvidedByUsedInInvestingActivities,NetCashProvidedByUsedInInvestingActivitiesContinuingOperations,NetCashProvidedByUsedInOperatingActivities,NetCashProvidedByUsedInOperatingActivitiesContinuingOperations,NetIncomeLoss,NoncashOrPartNoncashAcquisitionNoncashFinancialOrEquityInstrumentConsiderationSharesIssued1,NoncashOrPartNoncashAcquisitionValueOfLiabilitiesAssumed1,NoncurrentAssets,NumberOfBusinessesAcquired,NumberOfBusinessesAcquired,NumberOfOperatingSegments,NumberOfReportableSegments,OperatingIncomeLoss,OperatingLeaseCost,OperatingLeaseLeaseIncome,OperatingLeaseLiability,OperatingLeaseLiabilityCurrent,OperatingLeaseLiabilityNoncurrent,OperatingLeasePayments,OperatingLeaseRightOfUseAsset,OperatingLeasesFutureMinimumPaymentsDue,OperatingLeasesFutureMinimumPaymentsDueCurrent,OperatingLeasesFutureMinimumPaymentsDueInFiveYears,OperatingLeasesFutureMinimumPaymentsDueInFourYears,OperatingLeasesFutureMinimumPaymentsDueInThreeYears,OperatingLeasesFutureMinimumPaymentsDueInTwoYears,OperatingLeasesFutureMinimumPaymentsDueThereafter,OperatingLeasesFutureMinimumPaymentsReceivableCurrent,OperatingLeasesFutureMinimumPaymentsReceivableInFiveYears,OperatingLeasesFutureMinimumPaymentsReceivableInFourYears,OperatingLeasesFutureMinimumPaymentsReceivableInThreeYears,OperatingLeasesFutureMinimumPaymentsReceivableInTwoYears,OperatingLeasesFutureMinimumPaymentsReceivableThereafter,OperatingLeasesRentExpenseNet,OperatingLossCarryforwards,OperatingLossCarryforwardsValuationAllowance,OtherAssetsCurrent,OtherAssetsNoncurrent,OtherComprehensiveIncomeForeignCurrencyTransactionAndTranslationAdjustmentBeforeTaxPeriodIncreaseDecrease,OtherComprehensiveIncomeForeignCurrencyTransactionAndTranslationAdjustmentNetOfTaxPortionAttributableToParent,OtherLiabilitiesCurrent,OtherLiabilitiesNoncurrent,OtherNonoperatingIncome,OtherNonoperatingIncomeExpense,OtherSignificantNoncashTransactionValueOfConsiderationReceived1,PaymentForContingentConsiderationLiabilityFinancingActivities,PaymentsForRepurchaseOfCommonStock,PaymentsOfDebtIssuanceCosts,PaymentsOfDividendsCommonStock,PaymentsToAcquireBusinessesGross,PaymentsToAcquireBusinessesNetOfCashAcquired,PaymentsToAcquireBusinessThreeNetOfCashAcquired,PaymentsToAcquireBusinessTwoNetOfCashAcquired,PaymentsToAcquirePropertyPlantAndEquipment,PaymentsToAcquireShortTermInvestments,PreferredStockParOrStatedValuePerShare,PreferredStockSharesAuthorized,PreferredStockSharesIssued,PreferredStockSharesOutstanding,PreferredStockValue,PrepaidExpenseAndOtherAssetsCurrent,ProceedsFromIssuanceOfSharesUnderIncentiveAndShareBasedCompensationPlans,ProceedsFromIssuanceOfSharesUnderIncentiveAndShareBasedCompensationPlansIncludingStockOptions,ProceedsFromLongTermLinesOfCredit,ProceedsFromMaturitiesPrepaymentsAndCallsOfShorttermInvestments,ProceedsFromRepaymentsOfLongTermDebtAndCapitalSecurities,ProceedsFromSaleOfPropertyPlantAndEquipment,ProceedsFromSaleOfShortTermInvestments,ProceedsFromStockOptionsExercised,PropertyPlantAndEquipmentGross,PropertyPlantAndEquipmentNet,ProvisionForDoubtfulAccounts,PurchaseObligation,PurchaseObligationDueInFifthYear,PurchaseObligationDueInFourthYear,PurchaseObligationDueInNextTwelveMonths,PurchaseObligationDueInSecondYear,PurchaseObligationDueInThirdYear,ReimbursementRevenue,RepaymentsOfDebt,RepaymentsOfLongTermLinesOfCredit,RestrictedStockExpense,RestructuringAndRelatedCostCostIncurredToDate1,RestructuringAndRelatedCostIncurredCost,RestructuringCharges,RetainedEarningsAccumulatedDeficit,RevenueFromContractWithCustomerExcludingAssessedTax,Revenues,RightOfUseAssetObtainedInExchangeForOperatingLeaseLiability,SalesRevenueServicesNet,SellingGeneralAndAdministrativeExpense,SeveranceCosts,ShareBasedCompensation,ShareBasedCompensationArrangementByShareBasedPaymentAwardEquityInstrumentsOtherThanOptionsForfeitedInPeriod,ShareBasedCompensationArrangementByShareBasedPaymentAwardEquityInstrumentsOtherThanOptionsGrantsInPeriod,ShareBasedCompensationArrangementByShareBasedPaymentAwardEquityInstrumentsOtherThanOptionsNonvestedNumber,ShareBasedCompensationArrangementByShareBasedPaymentAwardEquityInstrumentsOtherThanOptionsVestedInPeriod,ShareBasedCompensationArrangementByShareBasedPaymentAwardFairValueAssumptionsExpectedDividendRate,ShareBasedCompensationArrangementByShareBasedPaymentAwardFairValueAssumptionsExpectedTerm,ShareBasedCompensationArrangementByShareBasedPaymentAwardFairValueAssumptionsExpectedTermMaximum,ShareBasedCompensationArrangementByShareBasedPaymentAwardFairValueAssumptionsExpectedTermMinimum,ShareBasedCompensationArrangementByShareBasedPaymentAwardFairValueAssumptionsExpectedVolatilityRate,ShareBasedCompensationArrangementByShareBasedPaymentAwardFairValueAssumptionsExpectedVolatilityRateMaximum,ShareBasedCompensationArrangementByShareBasedPaymentAwardFairValueAssumptionsExpectedVolatilityRateMinimum,ShareBasedCompensationArrangementByShareBasedPaymentAwardFairValueAssumptionsRiskFreeInterestRate,ShareBasedCompensationArrangementByShareBasedPaymentAwardFairValueAssumptionsRiskFreeInterestRateMaximum,ShareBasedCompensationArrangementByShareBasedPaymentAwardFairValueAssumptionsRiskFreeInterestRateMinimum,ShareBasedCompensationArrangementByShareBasedPaymentAwardNumberOfAdditionalSharesAuthorized,ShareBasedCompensationArrangementByShareBasedPaymentAwardNumberOfSharesAuthorized,ShareBasedCompensationArrangementByShareBasedPaymentAwardNumberOfSharesAvailableForGrant,ShareBasedCompensationArrangementByShareBasedPaymentAwardOptionsExercisableNumber,ShareBasedCompensationArrangementByShareBasedPaymentAwardOptionsExercisableWeightedAverageExercisePrice,ShareBasedCompensationArrangementByShareBasedPaymentAwardOptionsExercisableWeightedAverageRemainingContractualTerm,ShareBasedCompensationArrangementByShareBasedPaymentAwardOptionsExercisesInPeriodTotalIntrinsicValue,ShareBasedCompensationArrangementByShareBasedPaymentAwardOptionsExercisesInPeriodWeightedAverageExercisePrice,ShareBasedCompensationArrangementByShareBasedPaymentAwardOptionsExpirationsInPeriod,ShareBasedCompensationArrangementByShareBasedPaymentAwardOptionsForfeituresInPeriod,ShareBasedCompensationArrangementByShareBasedPaymentAwardOptionsForfeituresInPeriodWeightedAverageExercisePrice,ShareBasedCompensationArrangementByShareBasedPaymentAwardOptionsGrantsInPeriod,ShareBasedCompensationArrangementByShareBasedPaymentAwardOptionsGrantsInPeriodGross,ShareBasedCompensationArrangementByShareBasedPaymentAwardOptionsGrantsInPeriodWeightedAverageExercisePrice,ShareBasedCompensationArrangementByShareBasedPaymentAwardOptionsGrantsInPeriodWeightedAverageGrantDateFairValue,ShareBasedCompensationArrangementByShareBasedPaymentAwardOptionsOutstandingIntrinsicValue,ShareBasedCompensationArrangementByShareBasedPaymentAwardOptionsOutstandingNumber,ShareBasedCompensationArrangementByShareBasedPaymentAwardOptionsOutstandingWeightedAverageExercisePrice,ShareBasedCompensationArrangementByShareBasedPaymentAwardOptionsVestedAndExpectedToVestExercisableAggregateIntrinsicValue,ShareBasedCompensationArrangementByShareBasedPaymentAwardOptionsVestedAndExpectedToVestExercisableNumber,ShareBasedCompensationArrangementByShareBasedPaymentAwardOptionsVestedAndExpectedToVestExercisableWeightedAverageExercisePrice,ShareBasedCompensationArrangementByShareBasedPaymentAwardOptionsVestedInPeriodFairValue,ShareBasedCompensationArrangementByShareBasedPaymentAwardSharesIssuedInPeriod,ShareBasedCompensationArrangementsByShareBasedPaymentAwardOptionsExercisesInPeriodWeightedAverageExercisePrice,ShareBasedCompensationArrangementsByShareBasedPaymentAwardOptionsExpirationsInPeriodWeightedAverageExercisePrice,ShareBasedCompensationArrangementsByShareBasedPaymentAwardOptionsForfeituresInPeriodWeightedAverageExercisePrice,ShareBasedCompensationArrangementsByShareBasedPaymentAwardOptionsGrantsInPeriodWeightedAverageExercisePrice,SharebasedCompensationArrangementBySharebasedPaymentAwardOptionsExercisableIntrinsicValue1,SharebasedCompensationArrangementBySharebasedPaymentAwardOptionsOutstandingWeightedAverageRemainingContractualTerm1,SharebasedCompensationArrangementBySharebasedPaymentAwardOptionsVestedInPeriodFairValue1,SharePrice,ShortTermInvestments,ShortTermLeaseCost,StockholdersEquity,StockholdersEquityNoteStockSplitConversionRatio,StockholdersEquityNoteStockSplitConversionRatio,StockholdersEquityNoteStockSplitConversionRatio1,StockIssuedDuringPeriodSharesRestrictedStockAwardForfeited,StockIssuedDuringPeriodSharesRestrictedStockAwardGross,StockIssuedDuringPeriodSharesShareBasedCompensation,StockIssuedDuringPeriodSharesStockOptionsExercised,StockIssuedDuringPeriodValueAcquisitions,StockIssuedDuringPeriodValueEmployeeStockPurchasePlan,StockIssuedDuringPeriodValueRestrictedStockAwardNetOfForfeitures,StockIssuedDuringPeriodValueShareBasedCompensation,StockIssuedDuringPeriodValueStockOptionsExercised,StockIssuedDuringPeriodValueTreasuryStockReissued,StockRepurchaseProgramRemainingAuthorizedRepurchaseAmount,SubleaseIncome,TaxBenefitFromStockOptionsExercised,TaxBenefitFromStockOptionsExercised1,TaxCreditCarryforwardAmount,TaxesPayableCurrentAndNoncurrent,TreasuryStockAcquiredAverageCostPerShare,TreasuryStockReissuedAtLowerThanRepurchasePrice,TreasuryStockShares,TreasuryStockSharesAcquired,TreasuryStockValue,TreasuryStockValueAcquiredCostMethod,UndistributedEarningsOfForeignSubsidiaries,UnrealizedGainLossOnInvestments,UnrecognizedTaxBenefits,UnrecognizedTaxBenefitsDecreasesResultingFromPriorPeriodTaxPositions,UnrecognizedTaxBenefitsDecreasesResultingFromSettlementsWithTaxingAuthorities,UnrecognizedTaxBenefitsIncomeTaxPenaltiesAndInterestAccrued,UnrecognizedTaxBenefitsIncreasesResultingFromCurrentPeriodTaxPositions,UnrecognizedTaxBenefitsIncreasesResultingFromPriorPeriodTaxPositions,UnrecognizedTaxBenefitsInterestOnIncomeTaxesAccrued,UnrecognizedTaxBenefitsReductionsResultingFromLapseOfApplicableStatuteOfLimitations,ValuationAllowanceDeferredTaxAssetChangeInAmount,VariableLeaseCost,WeightedAverageNumberDilutedSharesOutstandingAdjustment,WeightedAverageNumberOfDilutedSharesOutstanding,WeightedAverageNumberOfSharesOutstandingBasic,AmortizationOfFinancingCosts,PaymentForContingentConsiderationLiabilityInvestingActivities,StockIssuedDuringPeriodValueNewIssues,TreasuryStockSharesRetired
2008-05-31,2008-07-30,10-K,"RESOURCES CONNECTION, INC.",RGP,CIK0001084765,USD,,,,,,,,,,,,,,,,,,,,,,,,,,,,,,,,,,,,,,,,,,,,,,,,,,,,,,,,80814000.0,,,,,,,,,,,,,,,,,,,,,,,,,,,,,,,,,,,,,,,,,,,,,,,,,,,,,,,,,,,,,,,,,,,,,,,,,,,,,,,,,,,,,,,,,,,,,,,,,,,,,,,,,,,,,,,,,,,,,,,,,,,,,,,,,,,,,,,,,,,,,,,,,,,,,,,,,,,,,,,,,,,,,,,,,,,,,,,,,,,,,,,,,,,,,,,,,,,,,,,,,,,,,,,,,,,,,,,,,,,,,,,,,,,,,,,,,,,,,,,,,,,,,,,,,,,,,,,,,,,,,,,,,,,,,,,,,,,,,,,,,,,,,,,,,,,,,,,,,,,,,,,,,305888000.0,,,,,,,,,,,,,,,,,,,,,,,,,,,,,,,,,,,,,,,,,,,,
2009-05-30,2009-07-29,10-K,"RESOURCES CONNECTION, INC.",RGP,CIK0001084765,USD,,,,,,,,,,,17790000.0,420000.0,,,5597000.0,,,,1383000.0,,,,,,,,,,,,,,,,,,,,,,,,,,,,,,,,,,,,,143247000.0,62433000.0,,,,,,,,,,,8923000.0,,,,,422171000.0,,,,,,,,,,,-858000.0,,,,,,,,,,,,,,,,,,,,,,,,,,,,10281000.0,8898000.0,,,,,,0.39,0.39,,,,,,,,,,,,,,,,-2006000.0,,,,,,,,,524000.0,524000.0,,,,,,,,,,,,,,,,-536000.0,,,,,,263405000.0,,,,,,,42037000.0,24273000.0,,,,,,-3660000.0,-52450000.0,,-13814000.0,9291000.0,-92000.0,-7875000.0,-1597000.0,,,,1593000.0,,,,,,,,,,,,,,,,,,,,,,,,,,3811000.0,,-5684000.0,,66312000.0,,17764000.0,,,,,,,,40444000.0,,,,,,,,,,,,,,,,,,,,,,,2432000.0,,,-8841000.0,,,,,,,,12341000.0,,,,5292000.0,,,5898000.0,70494000.0,,,,,,,8028000.0,,,,,,76000000.0,7600000.0,,,1824000.0,,,,,,,,,,,,,,,,,,685576000.0,212680000.0,,17790000.0,,,,,,,,,,,,,,,,,2357000.0,,,,,,,,,,,,,,8513000.0,20.63,,,,,,,,,,,,,,,,337917000.0,,,,,,,,,8029000.0,250000.0,,7600000.0,1260000.0,,,,,,,,,,,,12341000.0,,,,,,,,,,,,,,45726.0,45018.0,,,,
2009-08-29,2009-10-08,10-Q,"RESOURCES CONNECTION, INC.",RGP,CIK0001084765,USD,,,,,,,,,,,,,,,,,,,393000.0,,,,,,,,,,,,,,,,,,,,,,,,,,,,,,,,,,,,,133523000.0,-9724000.0,,,,,,,,,,,,,,,,73124000.0,,,,,,,,,,,-3195000.0,,,,,,,,,,,,,,,,,,,,,,,,,,,,2593000.0,2200000.0,,,,,,-0.16,-0.16,,,,,,,,,,,,,,,,743000.0,,,,,,,,,34000.0,34000.0,,,,,,,,,,,,,,,,,,,,,,45139000.0,,,,,,,-8912000.0,-1726000.0,,,,,,-770000.0,-6710000.0,,-17058000.0,-2590000.0,-110000.0,-824000.0,-578000.0,,,,179000.0,,,,,,,,,,,,,,,,,,,,,,,,,,3346000.0,,-3222000.0,,-10591000.0,,-7186000.0,,,,,,,,-9091000.0,,,,,,,,,,,,,,,,,,,,,,,,,,,,,,,,,,,,,,,,,466000.0,23250000.0,,,,,,,3000000.0,,,,,,20494000.0,312000.0,,,,,,,,,,,,,,,2200000.0,,,,,,118263000.0,51637000.0,4800000.0,5895000.0,,,,,,,,,,,,,,,,,,,,,,,,,,,,,,,,,,,,,,,,,,,,,,,,,,,,,,,,,,,,,,,,,,,,,,,,,,,,,,,,,,,,,,,45302000.0,45302000.0,,,,
2009-11-28,2010-01-07,10-Q,"RESOURCES CONNECTION, INC.",RGP,CIK0001084765,USD,,,,,,,,,,,,,,,,,,,438000.0,,,,,,,,,,,,,,,,,,,,,,,600000.0,,,,,,0.0,57800000.0,,,,,,,117491000.0,,,,,,,,,,,,,,,,,75172000.0,,,,,,,,,,,,,,,,,,,,,,,,,,,,,,,,,,,,,,,,2171000.0,,,,,,-0.04,-0.04,,,,,,,,,,,,,,,,,,,,,,,,,,,,,,,,,,,,,,,,,,,,,,,,46354000.0,,,,,,,-331000.0,1581000.0,,,,,,,,,,,,,,,,,167000.0,,,,,,,,,,,,,,,,,,,,,,,,,,,,,,,,-1912000.0,,,,,,,,-498000.0,,,,,,,,,,,,,,,,,,,,,,,,,,,,,,,,,,,,,,,,,,,,,,,,,,,,,,,,,,,,,,,,,,,,,,,,,,,,,121526000.0,44243000.0,,,,,,,,,,,,,,,,,,,,,,,,,,,,,,,,,,,,,,,,,,,,,,,,,,,,,,,,,,,,,,,,,,,,,,,,,,,,,,,,,,,,,,,,,45540000.0,45540000.0,,,,
2010-02-27,2010-04-02,10-Q,"RESOURCES CONNECTION, INC.",RGP,CIK0001084765,USD,,,,,,,,,,,,,,,,,,,1360000.0,,,,,,,,,,,,,,,,,,,,,,,,,,,-788000.0,,,,,,,,,,124765000.0,,,,,,,,,,,,,,,,,76949000.0,,,,,,,,,,,,,,,,,,,,,,,,,,,,,,,,,,,,,,,,2152000.0,,,,,,-0.11,-0.11,,,,,,,,,,,,,,,,,,,,,,,,,,,,,,,,,,,,,,,,,,,,,,,,48355000.0,,,,,,,132000.0,5097000.0,,,,,,,,,,,,,,,,,178000.0,,,,,,,,,,,,,,,,,,,,,,,,,,,,,,,,-4965000.0,,,,,,,,-46000.0,,,,,,,,,,,,,,,,,,,,,,,,,,,,,,,,,,,,,,,,,,,,,,,,,,,,,,,,,,,,,,,,,,,,,,,,,,,,,125304000.0,44101000.0,,,,,,,,,,,,,,,,,,,,,,,,,,,,,,,,,,,,,,,,,,,,,,,,,,,,,,,,,,,,,,,,,,,,,,,,,,,,,,,,,,,,,,,,,46394000.0,46394000.0,,,,
2010-05-29,2010-07-27,10-K,"RESOURCES CONNECTION, INC.",RGP,CIK0001084765,USD,14606000.0,73936000.0,,,,,,-4584000.0,306413000.0,1127000.0,15437000.0,-1127000.0,15493000.0,11261000.0,5193000.0,,5193000.0,,3496000.0,6299000.0,,,473200000.0,231221000.0,,,59792000.0,,,,,,,,,,,,,,,,,,,-1492000.0,,,,,,,,,,130659000.0,-12588000.0,,,,,,0.01,70000000.0,54267000.0,46265000.0,543000.0,-16026000.0,,,,,303768000.0,10661000.0,-1161000.0,11749000.0,2249000.0,,,,-2223000.0,1485000.0,,-1131000.0,-1263000.0,,-393000.0,,,,7107000.0,25846000.0,,,,,,,,,,,,,0.0,,4100000.0,,,,,12040000.0,8544000.0,,,,,,-0.26,-0.26,-9.388,0.35,-5.108,,-1.484,-1.587,-0.502,,0.011,,,,,-1.068,,-302000.0,,37949000.0,,,,,,,657000.0,657000.0,,,,,,,,,,,,,,,,-168000.0,172632000.0,,,,,195230000.0,,,,18627000.0,,-19758000.0,-1131000.0,10618000.0,,9724000.0,4575000.0,,,-772000.0,593000.0,,-11400000.0,-4879000.0,-59000.0,843000.0,848000.0,12425000.0,,,656000.0,,,,,,,,,,,,,,,,,119959000.0,473200000.0,57749000.0,,,,,,,1416000.0,,-21394000.0,,7692000.0,,-11749000.0,16137000.0,59292000.0,,,,,,-1787000.0,,,,,,,,,,,,,,,,,,,,,16500000.0,,7523000.0,4698000.0,1722000.0,-4277000.0,,5194000.0,62210000.0,,,,,9042000.0,,,,28262000.0,,,3380000.0,43748000.0,0.01,5000000.0,0.0,0.0,0.0,,5280000.0,,,,,,53996000.0,4521000.0,,29354000.0,,,,,,,,9100000.0,,,,,,,232034000.0,,,,498998000.0,182985000.0,,15493000.0,,,,,0.0,,6.9,5.1,,0.45,0.425,,0.032,0.022,,,1951000.0,,,,,10.8,,699000.0,24.01,1091000.0,,18.1,7.87,,8486000.0,20.51,,,,,1091000.0,,,,,,,,,10246000.0,,353241000.0,,,,,14000.0,,419000.0,,5280000.0,56000.0,56000.0,4521000.0,16137000.0,,,,,,,,-16137000.0,8002000.0,,181165000.0,9042000.0,,,1059000.0,,,,,,,,,,,45894000.0,45894000.0,,,,
2010-08-28,2010-10-07,10-Q,"RESOURCES CONNECTION, INC.",RGP,CIK0001084765,USD,15583000.0,73235000.0,1287000.0,,,,,-2358000.0,311556000.0,,,,,,,,5015000.0,,1290000.0,7700000.0,,,471771000.0,231199000.0,,,61079000.0,,,,,,,,,,,,,,,,,,,-1287000.0,,,,,,,,,,139282000.0,8623000.0,,,,,0.04,0.01,70000000.0,54522000.0,46041000.0,545000.0,,,,,,74423000.0,,,,,,,,,,,-209000.0,,,,,,,7107000.0,26100000.0,,,,,,,,,,,,,0.0,,,,,,,3135000.0,1845000.0,,,,,,0.03,0.03,0.707,,,,,,,,,,,,,,,329000.0,,32949000.0,,,,,,,39000.0,39000.0,,,,,,,,,,,,,,,,-41000.0,173351000.0,,,,719000.0,49285000.0,,,,,,,4116000.0,2886000.0,,,1746000.0,,,-1064000.0,-1306000.0,,-4647000.0,-2753000.0,48000.0,485000.0,-201000.0,11253000.0,,,128000.0,,,,,,,,,,,,,,,,,117857000.0,471771000.0,54451000.0,,,,,,,-3369000.0,,4552000.0,,7111000.0,,1230000.0,,,,,,,,3988000.0,,,,,,,,,,,,,,,,,,,,,,,,4581000.0,1791000.0,,,5919000.0,63406000.0,,,,,6079000.0,,,,,,,446000.0,5498000.0,0.01,5000000.0,0.0,0.0,0.0,,2143000.0,2700000.0,,,,,10496000.0,528000.0,,28077000.0,,,,,,,,2600000.0,,,,,,,231415000.0,,,,123708000.0,40875000.0,,2680000.0,,,,,,,,,,,,,,,,,,,,,174000.0,,,,,,,,,,,,,,,,,,,,,,,,,5248000.0,,353914000.0,,,,,,,,,,,,,,,,854000.0,,,,,,8481000.0,479000.0,187244000.0,6100000.0,,,,,,,,,,,,,148000.0,46411000.0,46263000.0,,,,
2010-11-27,2011-01-06,10-Q,"RESOURCES CONNECTION, INC.",RGP,CIK0001084765,USD,17432000.0,80262000.0,,,,,,-304000.0,315031000.0,,,,,,,,4967000.0,,1310000.0,6500000.0,,,472161000.0,242698000.0,,,,,,,,,,,,,,,,,,,,,,23700000.0,,,,,,,,,,131432000.0,,,,,,0.04,0.01,70000000.0,54614000.0,46054000.0,546000.0,,,,,,83787000.0,,,,,,,,,,,,,,,,,,7107000.0,16376000.0,,,,,,,9700000.0,,,,,,,,,,,,,,1870000.0,,,,,,0.38,0.38,0.466,,,,,,,,,,,,,,,,,34760000.0,,,,,,,,,,,,,,,,,,,,,,,,,174281000.0,,,,,54747000.0,,,,,,,32649000.0,15178000.0,,,4089000.0,,,,,,,,,,,10110000.0,,,114000.0,,,,,,,,,,,,,,,,,98354000.0,472161000.0,58738000.0,,,,,,,,,,,,,17471000.0,,,,,,,,32535000.0,,,,,,,,,,,,,,,,,,,,,,,,4566000.0,1489000.0,,,6546000.0,39616000.0,,,,,,,,,,,,,,0.01,5000000.0,0.0,0.0,0.0,,,,,,,,,,,27207000.0,,,,,,,,3400000.0,,,,,,,247047000.0,,,,138534000.0,42732000.0,,2600000.0,,,,,,,,,,,,,,,,,,,,,,,,,,,,,,,,,,,,,,,,,,,,,,15242000.0,,373807000.0,,,,,,,,,,,,,,,,837000.0,,,,,,8560000.0,,188513000.0,,,,,,,,,,,,,,235000.0,46283000.0,46048000.0,,,,
2011-02-26,2011-04-07,10-Q,"RESOURCES CONNECTION, INC.",RGP,CIK0001084765,USD,18447000.0,85195000.0,,,,,,1899000.0,322268000.0,,,,,,,,4958000.0,,1224000.0,4800000.0,,,485920000.0,255655000.0,,,,,,,,,,,,,,,,,,,,,,239000.0,,,,,,,,,,145645000.0,,,,,,0.04,0.01,70000000.0,54979000.0,46350000.0,550000.0,,,,,,86672000.0,,,,,,,,,,,,,,,,,,7107000.0,16979000.0,,,,,,,,,,,,,,,,,,,,,1761000.0,,,,,,0.02,0.02,0.75,,,,,,,,,,,,,,,,,40161000.0,,,,,,,,,,,,,,,,,,,,,,,,,175730000.0,,,,,50935000.0,,,,,,,3036000.0,2283000.0,,,7542000.0,,,,,,,,,,,9017000.0,,,124000.0,,,,,,,,,,,,,,,,,105597000.0,485920000.0,65986000.0,,,,,,,,,,,,,753000.0,,,,,,,,2912000.0,,,,,,,,,,,,,,,,,,,,,,,,4917000.0,1681000.0,,,7378000.0,39611000.0,,,,,,,,,,,,,,0.01,5000000.0,0.0,0.0,0.0,,,,,,,,,,,26858000.0,,,,,,,,3100000.0,,,,,,,245467000.0,,,,137607000.0,45277000.0,,2600000.0,,,,,,,,,,,,,,,,,,,,,,,,,,,,,,,,,,,,,,,,,,,,,,5249000.0,,380323000.0,,,,,,,,,,,,,,,,1100000.0,,,,,,8629000.0,,189861000.0,,,,,,,,,,,,,,712000.0,46938000.0,46226000.0,,,,
2011-05-28,2011-07-26,10-K,"RESOURCES CONNECTION, INC.",RGP,CIK0001084765,USD,19167000.0,87162000.0,,14932000.0,12246000.0,14162000.0,39327000.0,3442000.0,324492000.0,390000.0,9669000.0,-390000.0,9778000.0,6482000.0,4860000.0,-447000.0,4860000.0,,5030000.0,6385000.0,,,476397000.0,249874000.0,210784000.0,5200000.0,,,,,,,,,,,,,,,,,,,,25852000.0,,,,,,,,,,139624000.0,8965000.0,,,,,0.16,0.01,70000000.0,55021000.0,45389000.0,550000.0,32881000.0,,,,,335071000.0,13265000.0,-114000.0,16447000.0,3296000.0,,,,8454000.0,481000.0,,10623000.0,10663000.0,,1688000.0,51947000.0,22362000.0,39447000.0,7962000.0,14400000.0,,,,3076000.0,3355000.0,1749000.0,,12500000.0,,17085000.0,15856000.0,,,,4400000.0,,,,,12253000.0,7223000.0,7354000.0,,,,1816000.0,0.54,0.53,0.521,0.35,0.071,,0.014,0.025,0.014,,-0.015,,,,,0.062,,2771000.0,,41340000.0,,,,,,,491000.0,491000.0,17563000.0,,,,,,,,25483000.0,7920000.0,,,,,,-50000.0,176475000.0,538000.0,,,3305000.0,210475000.0,,,,62511000.0,,-10586000.0,51925000.0,27070000.0,,15023000.0,4059000.0,4100000.0,,1726000.0,9919000.0,,1832000.0,-465000.0,-436000.0,1045000.0,777000.0,7920000.0,,,473000.0,,,,,,,,,,,,,,,,,103671000.0,476397000.0,67199000.0,,,,,,,-20746000.0,,876000.0,,26064000.0,,24855000.0,269000.0,,,,,,,51452000.0,,,,,,,,,,,,,,,,,,,,,16200000.0,,12500000.0,5818000.0,1339000.0,8026000.0,8026000.0,6692000.0,36472000.0,,,,,24397000.0,,5538000.0,,269000.0,,,3852000.0,26990000.0,0.01,5000000.0,0.0,0.0,0.0,5818000.0,4152000.0,,,,,,31987000.0,4546000.0,65716000.0,26389000.0,,,,,,,,12600000.0,,,123000.0,,,,248983000.0,,,,545546000.0,172622000.0,,9778000.0,,,,,,,7.0,5.1,,0.45,0.427,,0.029,0.013,,,1408000.0,,,,2100000.0,12.37,,684000.0,22.3,1164000.0,,18.64,7.43,1622000.0,8609000.0,20.45,,,,,1164000.0,12.37,,22.3,18.64,,5.93,,,5249000.0,,372726000.0,,,,,64000.0,,357000.0,,4152000.0,88000.0,88000.0,4546000.0,,,,1000000.0,,,,,,9632000.0,,204741000.0,24397000.0,,,1050000.0,,,,22000.0,68000.0,,99000.0,,,365000.0,46489000.0,46124000.0,,,,
2011-08-27,2011-10-06,10-Q,"RESOURCES CONNECTION, INC.",RGP,CIK0001084765,USD,15633000.0,85628000.0,,,,,,4378000.0,328507000.0,,,,,,,,4740000.0,,1208000.0,8359000.0,,,456890000.0,231113000.0,209366000.0,,,,,,,,,,,,,,,,,,,,,0.0,,,,,,,,,,124568000.0,-15056000.0,,,,,0.05,0.01,70000000.0,55248000.0,44156000.0,552000.0,3532000.0,,,,,85835000.0,,,,,,,,,,,-580000.0,-580000.0,,,,,,7962000.0,15014000.0,,,,,,,,,,,,,,,,,,,,2757000.0,1549000.0,,2200000.0,0.05,,2207000.0,0.06,0.06,0.62,,,,,,,,,,,,,,,483000.0,,36196000.0,,14800000.0,,33.0,,605000.0,6000.0,6000.0,18825000.0,,,,,,,,25581000.0,6756000.0,3500000.0,0.0,1800000.0,931000.0,1700000.0,-12000.0,176763000.0,,,,288000.0,52172000.0,,,,,,,6894000.0,4298000.0,,,635000.0,,,-3995000.0,-1793000.0,,-5220000.0,-3202000.0,2000.0,406000.0,1322000.0,,,,88000.0,,,,,,,,,,,,,,,,,95448000.0,456890000.0,58855000.0,,,,,,,-16101000.0,,-1011000.0,,1573000.0,,2596000.0,,,,,,,,6806000.0,,,,,,,,,,,,,,,,,,,,,,,,,1396000.0,,936000.0,7026000.0,36593000.0,,,,,16626000.0,,1816000.0,,,,,1011000.0,5250000.0,0.01,5000000.0,0.0,0.0,,7071000.0,2306000.0,2300000.0,,,,,5250000.0,29000.0,,25848000.0,,,,,,,,3400000.0,,,,,,,249372000.0,,,,138007000.0,42609000.0,,1932000.0,,,,,0.011,5.2,,,0.446,,,0.019,,,,,,6014000.0,21.47,4.5,1000.0,11.89,,209000.0,21.51,35000.0,,12.54,4.75,303000.0,8433000.0,20.4,,,,,,,,,,303000.0,5.69,,,5249000.0,,361442000.0,,,,,,,2000.0,,,,,,,135500000.0,,605000.0,,,,,,11092000.0,1460000.0,221367000.0,16626000.0,,,,,,,,,,,,,51000.0,45224000.0,45173000.0,,,,
2011-11-26,2012-01-05,10-Q,"RESOURCES CONNECTION, INC.",RGP,CIK0001084765,USD,18105000.0,87924000.0,,,,,,111000.0,329988000.0,,,,,,,,4525000.0,,1186000.0,8156000.0,,,434845000.0,227668000.0,204906000.0,,,,,,,,,,,,,,,,,,,,,33440000.0,,,,,,,,,,109666000.0,,,,,,0.05,0.01,70000000.0,55252000.0,43158000.0,553000.0,21054000.0,,,,,90034000.0,,,,,,,,,,,,,,,,,,7752000.0,1017000.0,,,,,,,13500000.0,,,,,,,,,,,,,,1471000.0,,2200000.0,,,2158000.0,0.58,0.58,0.42,,,,,,,,,,,,,,,,,35951000.0,,13100000.0,,,,545000.0,,,19647000.0,,,,,,,,24978000.0,5331000.0,3000000.0,0.0,1700000.0,931000.0,1700000.0,,174775000.0,,,,,54921000.0,,,,,,,43289000.0,17968000.0,,,4777000.0,,,,,,,,,,,,,,65000.0,,,,,,,,,,,,,,,,,63932000.0,434845000.0,60882000.0,,,,,,,,,,,,,25321000.0,,,,,,,,43224000.0,,,,,,,,,,,,,,,,,,,,,,,,,1254000.0,,-4267000.0,6826000.0,3050000.0,,,,,,,,,,,,,,0.01,5000000.0,0.0,0.0,,6552000.0,,,,,,,,,,24800000.0,,,,,,,,3300000.0,,,,,,,272535000.0,,,,144955000.0,42980000.0,,1900000.0,,,,,0.015,5.2,,,,0.454,0.433,,0.01,0.009,,,,5771000.0,21.4,,,9.63,,,21.92,,,10.38,3.27,160000.0,8173000.0,20.23,,,,,,,,,,160000.0,5.49,,,10997000.0,,370913000.0,,,,,,,,,,,,,,124600000.0,,545000.0,,,,,,12094000.0,1000000.0,232274000.0,10900000.0,,,,,,,,,,,,,37000.0,43797000.0,43760000.0,,,,
2012-02-25,2012-04-05,10-Q,"RESOURCES CONNECTION, INC.",RGP,CIK0001084765,USD,18366000.0,90606000.0,,,,,,833000.0,333779000.0,,,,,,,,4473000.0,,487000.0,7968000.0,,,435502000.0,228868000.0,204024000.0,,,,,,,,,,,,,,,,,,,,,,,,,,,,,,,96414000.0,,,,,,0.05,0.01,70000000.0,55462000.0,42493000.0,555000.0,5053000.0,,,,,89667000.0,,,,,,,,,,,,,,,,,,7752000.0,1367000.0,,,,,,,,,,,,,,,,,,,,,1412000.0,,2200000.0,,,2125000.0,0.1,0.1,0.49,,,,,,,,,,,,,,,,,39876000.0,,11900000.0,,,,677000.0,,,20191000.0,,,,,,,,25053000.0,4862000.0,,0.0,1700000.0,900000.0,1700000.0,,175060000.0,,,,,53627000.0,,,,,,,8423000.0,4092000.0,,,2912000.0,,,,,,,,,,,,,,51000.0,,,,,,,,,,,,,,,,,68737000.0,435502000.0,66029000.0,,,,,,,,,,,,,4331000.0,,,,,,,,8372000.0,,,,,,,,,,,,,,,,,,,,,,,,,1243000.0,,722000.0,7787000.0,2708000.0,,,,,,,,,,,,,,0.01,5000000.0,0.0,0.0,,6196000.0,,,,,,,,,,24102000.0,,,,,,,,3000000.0,,,,,,,273853000.0,,,,143294000.0,43356000.0,,2000000.0,,,,,0.019,5.2,,,0.47,,,0.009,,,,,,6165000.0,21.02,,,9.73,,,21.46,,,10.54,3.92,1672000.0,8087000.0,20.2,,,,,,,,,,1304000.0,5.24,,,24988000.0,,366765000.0,,,,,,,,,,,,,,113800000.0,,677000.0,,,,,,12969000.0,913000.0,242255000.0,10900000.0,,,,,,,,,,,,,59000.0,43002000.0,42943000.0,,,,
2012-05-26,2012-07-24,10-K,"RESOURCES CONNECTION, INC.",RGP,CIK0001084765,USD,16301000.0,84192000.0,,13486000.0,11464000.0,13962000.0,38980000.0,-1890000.0,335791000.0,782000.0,7520000.0,,7742000.0,5343000.0,3992000.0,-854000.0,3992000.0,-854000.0,3364000.0,8138000.0,,,430719000.0,228235000.0,200459000.0,23000000.0,,14500.0,28750000.0,16137000.0,57820000.0,17109000.0,14517000.0,302000.0,281000.0,6232000.0,755000.0,64500000.0,2592000.0,124000.0,120000.0,,102707000.0,,,33440000.0,-33440000.0,,,,,,,,,105124000.0,-34500000.0,,,120.0,0.01,0.2,0.01,70000000.0,55476000.0,41973000.0,555000.0,35810000.0,,,,,352524000.0,13877000.0,1702000.0,18987000.0,3408000.0,0.0225,,,11056000.0,-435000.0,,13215000.0,13191000.0,,2594000.0,39300000.0,9176000.0,26652000.0,8343000.0,833000.0,2395000.0,,,3668000.0,2928000.0,2013000.0,,12648000.0,,17476000.0,17161000.0,,,,4400000.0,,,,,9095000.0,5731000.0,8587000.0,,,,2097000.0,0.94,0.94,0.439,0.35,0.019,,0.008,0.01,0.008,,-0.004,-0.005,,,,0.053,,-1233000.0,,38912000.0,,14100000.0,33.0,,,,238000.0,238000.0,20364000.0,,,,,,,,24596000.0,4232000.0,,,1672000.0,863000.0,1615000.0,-478000.0,173576000.0,,,,-2899000.0,219239000.0,,,0.0,76115000.0,,-2771000.0,73344000.0,32202000.0,,17505000.0,1241000.0,1200000.0,,-2140000.0,-525000.0,,-1566000.0,-1844000.0,-173000.0,431000.0,867000.0,,,,252000.0,,,,,,,,,,,,,,,,,64851000.0,430719000.0,61651000.0,1700000.0,3000000.0,1300000.0,,,,-49109000.0,-49109000.0,-20528000.0,-20528000.0,36370000.0,36370000.0,41142000.0,,,,,,,,73092000.0,,,,,,,,44915000.0,12065000.0,4778000.0,6900000.0,7470000.0,9291000.0,4411000.0,500000.0,,,86000.0,282000.0,,15100000.0,49200000.0,12648000.0,,1192000.0,-5332000.0,-5332000.0,6438000.0,3200000.0,,,,,45385000.0,,8306000.0,,,,,2786000.0,54242000.0,0.01,5000000.0,0.0,0.0,,6344000.0,4151000.0,,,,,,36500000.0,193000.0,61631000.0,22651000.0,,,,,,,,12700000.0,,,212000.0,,,,280650000.0,,,,571763000.0,170992000.0,,7742000.0,,,58923.0,,,,7.2,5.2,,0.47,0.433,,0.019,0.009,,7500000.0,1293000.0,6091000.0,21.19,,55000.0,9.73,,1145000.0,19.48,1153000.0,,12.38,4.63,924000.0,8597000.0,19.53,,,,6500000.0,1153000.0,9.73,,19.48,12.38,709318000.0,,6500000.0,,22991000.0,,365868000.0,,2.0,,,108000.0,,20000.0,,4151000.0,,80000.0,193000.0,,,,300000.0,300000.0,,,,,13503.0,,249238000.0,45385000.0,,,744000.0,94000.0,36000.0,201000.0,,36000.0,,212000.0,,,58000.0,43599000.0,43541000.0,,,,
2012-08-25,2012-10-04,10-Q,"RESOURCES CONNECTION, INC.",RGP,CIK0001084765,USD,15515000.0,86208000.0,,,,,,-1117000.0,339685000.0,,,,,,,,3828000.0,,426000.0,8360000.0,,,425797000.0,222227000.0,199585000.0,,,,,,,,,,,,,,,,,,,,,,,,,,,,,,,112872000.0,7748000.0,,,,,0.06,0.01,70000000.0,55734000.0,41466000.0,557000.0,5605000.0,,,,,83544000.0,,,,,,,,,,,,-626000.0,,,,,,8343000.0,1479000.0,,,,,,,,,,,,,,,,,,,,1617000.0,1191000.0,,,,,2492000.0,0.12,0.12,0.5,,,,,,,,,,,,,,,376000.0,,33613000.0,,12500000.0,,,660000.0,631000.0,7000.0,7000.0,20814000.0,,1670000.0,,,,863000.0,1616000.0,24618000.0,3804000.0,,,,,,-17000.0,173702000.0,,,,126000.0,53389000.0,,,,,,,9760000.0,4928000.0,,,,,,-1297000.0,1521000.0,,-5479000.0,-2818000.0,-34000.0,1207000.0,-298000.0,,,,48000.0,,,,,,,,,,,,,,,,,61846000.0,425797000.0,56596000.0,,,,,,,-8738000.0,,12404000.0,,3706000.0,,4832000.0,,,,,,1.0,,9712000.0,,,,,,,,,,,,,,,,,,,,,,,,,2506000.0,,773000.0,7468000.0,5250000.0,,,,,8926000.0,,2097000.0,,,,,590000.0,5006000.0,0.01,5000000.0,,,,4807000.0,2053000.0,,,,,,18000000.0,225000.0,,22079000.0,,,,,,,,2500000.0,,,62000.0,,,,282990000.0,,,,136933000.0,42060000.0,,1813000.0,,0.0,58675.0,,0.021,,,,0.468,,,0.007,,,,,,5988000.0,21.22,,134000.0,,,141000.0,,,37000.0,,4.2,554000.0,8463000.0,19.54,,,,,,7.37,,19.65,12.16,415000.0,,,,9997000.0,,363951000.0,,,,,,,30000.0,,,,,,,,,,,,,,,14268000.0,,258164000.0,,,,,,,,,,,,,,54000.0,41774000.0,41720000.0,,,,
2012-11-24,2013-01-03,10-Q,"RESOURCES CONNECTION, INC.",RGP,CIK0001084765,USD,16927000.0,93538000.0,,,,,,-826000.0,342028000.0,,,,,,,,3670000.0,,434000.0,7901000.0,,,425100000.0,221598000.0,199461000.0,,,,,,,,,,,,,,,,,,,,,,,,,,,,,,,93935000.0,,,,,,0.06,0.01,70000000.0,55816000.0,41005000.0,558000.0,6155000.0,,,,,85987000.0,,,,,,,,,,,,,,,,,,8343000.0,1539000.0,,,,,,,,,,,,,,,,,,,,,1172000.0,,,,,2460000.0,0.14,0.14,0.48,,,,,,,,,,,,,,,,,35008000.0,,10900000.0,,,594000.0,540000.0,,,21379000.0,,1681000.0,,,,879000.0,1643000.0,24803000.0,3424000.0,,,,,,,174281000.0,,,,,55210000.0,,,,,,,11312000.0,5448000.0,,,1580000.0,,,,,,,,,,,,,,50000.0,,,,,,,,,,,,,,,,,62074000.0,425100000.0,57868000.0,,,,,,,,,,,,,5864000.0,,,,,,,,11262000.0,,,,,,,,,,,,,,,,,,,,,,,,,2502000.0,,291000.0,5933000.0,4206000.0,,,,,,,,,,,,,,0.01,5000000.0,,,,4209000.0,,,,,,,,,,21756000.0,,,,,,,,2800000.0,,,65000.0,,,,286394000.0,,,,141197000.0,42342000.0,,1800000.0,,,58540.0,,,,,,,,,,,,,,969000.0,5812000.0,21.34,,300000.0,,,347000.0,,,92000.0,,4.64,325000.0,8230000.0,19.61,,,,,,8.33,,19.34,12.77,233000.0,,,,19993000.0,,363026000.0,,,,,,,112000.0,,,,,,,,,,,,,,,14811000.0,,265128000.0,,,,,,,,,,,,,,67000.0,41359000.0,41292000.0,,,,
2013-02-23,2013-04-03,10-Q,"RESOURCES CONNECTION, INC.",RGP,CIK0001084765,USD,16415000.0,90164000.0,,,,,,-1890000.0,346178000.0,,,,,,,,3674000.0,,422000.0,8078000.0,,,427632000.0,223997000.0,199431000.0,,,,,,,,,,,,,,,,,,,,,,,,,,,,,,,85883000.0,,,,,,0.06,0.01,70000000.0,56078000.0,40792000.0,561000.0,3429000.0,,,,,86825000.0,,,,,,,,,,,,,,,,,,8343000.0,1659000.0,,,,,,,,,,,,,,,,,,,,,1125000.0,,,,,2448000.0,0.11,0.11,0.44,,,,,,,,,,,,,,,,,39233000.0,,9500000.0,,,921000.0,594000.0,,,21916000.0,,1696000.0,,,,887000.0,1656000.0,24954000.0,3038000.0,,,,,,,174741000.0,,,,,51195000.0,,,,,,,8094000.0,3601000.0,,,2620000.0,,,,,,,,,,,,,,37000.0,,,,,,,,,,,,,,,,,65520000.0,427632000.0,61458000.0,,,,,,,,,,,,,4493000.0,,,,,,,,8057000.0,,,,,,,,,,,,,,,,,,,,,,,,,2545000.0,,-1064000.0,5810000.0,4062000.0,,,,,,,,,,,,,,0.01,5000000.0,,,,3994000.0,,,,,,,,,,21652000.0,,,,,,,,2300000.0,,,91000.0,,,,287624000.0,,,,138020000.0,41591000.0,,1800000.0,,34622.0,78301.0,,,,,,,,,,,,,,786000.0,6008000.0,21.1,,258000.0,,,,,,,,4.12,485000.0,8038000.0,19.62,,,,,,,,,,236000.0,,,,32993000.0,,362112000.0,,,,,,,,,,,,,,,,,,,,,,15286000.0,,270361000.0,,,,,,,,,,,,,,39000.0,40978000.0,40939000.0,,,,
2013-05-25,2013-07-22,10-K,"RESOURCES CONNECTION, INC.",RGP,CIK0001084765,USD,15722000.0,84194000.0,,12451000.0,13018000.0,13811000.0,41194000.0,-3958000.0,347790000.0,762000.0,7188000.0,,7188000.0,4914000.0,3428000.0,-557000.0,3428000.0,-557000.0,1694000.0,8084000.0,56200.0,,417640000.0,217177000.0,198021000.0,,,,,,,,,,,,,,,,,,,,,,,,,,,,,,,94016000.0,-11108000.0,,,,,0.24,0.01,70000000.0,56082000.0,39705000.0,561000.0,18436000.0,,,,,342040000.0,14872000.0,1484000.0,19325000.0,2969000.0,0.0225,,,167000.0,-148000.0,,48000.0,982000.0,,29000.0,40526000.0,8140000.0,25747000.0,8149000.0,,2060000.0,226000.0,291000.0,3386000.0,3572000.0,1672000.0,,14779000.0,540000.0,18327000.0,17607000.0,,,,4200000.0,0.06,0.5,,,6274000.0,4580000.0,9790000.0,,,,2391000.0,0.5,0.5,0.486,0.35,0.041,,0.012,0.016,0.015,0.012,-0.001,0.011,,0.188,,0.048,0.194,-2823000.0,,39280000.0,,8200000.0,,,843000.0,,18000.0,18000.0,19886000.0,,1652000.0,,12000.0,12000.0,12000.0,889000.0,22545000.0,2659000.0,,,,,,-116000.0,174275000.0,,,0.0,699000.0,214294000.0,,,0.0,43828000.0,,-3951000.0,39877000.0,19373000.0,,19785000.0,1228000.0,1200000.0,,-973000.0,-37000.0,,429000.0,600000.0,64000.0,536000.0,-548000.0,,,,175000.0,,,,,,,,,,,,,,,,,65313000.0,417640000.0,61333000.0,1700000.0,3000000.0,1300000.0,,,,-38092000.0,-38092000.0,-5152000.0,-5152000.0,34959000.0,34959000.0,20504000.0,,,,,,1.0,,39702000.0,,,,,,,,51159000.0,10719000.0,4654000.0,6974000.0,9029000.0,9770000.0,10013000.0,428000.0,38000.0,88000.0,99000.0,219000.0,,14900000.0,55500000.0,14779000.0,,2442000.0,,-2068000.0,6331000.0,3980000.0,,,,,34192000.0,,9497000.0,,,,,3147000.0,63005000.0,0.01,5000000.0,0.0,0.0,,4594000.0,3912000.0,,,,,,61000000.0,1667000.0,62281000.0,21087000.0,,1786000.0,14000.0,126000.0,867000.0,565000.0,214000.0,10100000.0,,,296000.0,,,,290549000.0,,,,556334000.0,168318000.0,,7188000.0,,,73708.0,19349.0,,,,,,0.469,0.451,,0.008,0.007,,7500000.0,1653000.0,6397000.0,20.71,,697000.0,,,600000.0,,168000.0,,,4.31,72000.0,7970000.0,19.6,68000.0,7822000.0,19.71,5800000.0,168000.0,8.54,,20.19,12.53,15000.0,,5800000.0,,24996000.0,,352327000.0,2.0,,,,34622.0,,195000.0,,3912000.0,,,1667000.0,,,,,540000.0,,,,,16377000.0,,282615000.0,34192000.0,12300000.0,,722000.0,,,203000.0,,10000.0,,32000.0,,,43000.0,41151000.0,41108000.0,,,,
2013-08-24,2013-10-03,10-Q,"RESOURCES CONNECTION, INC.",RGP,CIK0001084765,USD,15151000.0,81354000.0,,,,,,-3102000.0,354348000.0,,,,,,,,3351000.0,,417000.0,8736000.0,,,417647000.0,215645000.0,198840000.0,,,,,,,,,,,,,,,,,,,,,,,,,,,,,,,96404000.0,2388000.0,,,,,0.07,0.01,70000000.0,56532000.0,39843000.0,565000.0,4509000.0,,,,,81994000.0,,,,,,,,,,,,-368000.0,,,,,,8030000.0,816000.0,,,,,,,,,,,,,,,,,,,,1378000.0,961000.0,,,,,2788000.0,0.09,0.09,0.46,,,,,,,,,,,,,,,45000.0,,35498000.0,0.0,11000000.0,,,814000.0,590000.0,1000.0,1000.0,22815000.0,,1676000.0,,12000.0,12000.0,12000.0,904000.0,25096000.0,2281000.0,,,,,,-20000.0,175001000.0,,,,726000.0,49710000.0,,,,,,,6759000.0,3106000.0,,,,,,-1096000.0,-3225000.0,,-3892000.0,-1488000.0,-90000.0,-541000.0,283000.0,,,,39000.0,,,,,,,,,,,,,,,,,61199000.0,417647000.0,57233000.0,,,,,,,-1572000.0,-1572000.0,-1412000.0,-1412000.0,5327000.0,5327000.0,3653000.0,,,,,,1.0,,6720000.0,,,,,,,,,,,,,,,,,,,,,,,,,2346000.0,,856000.0,6584000.0,3966000.0,,,,,4162000.0,,2391000.0,,,,,1425000.0,24987000.0,0.01,5000000.0,0.0,0.0,,4874000.0,1734000.0,,,,,,25000000.0,3246000.0,,21558000.0,,,,,,,,2000000.0,,,85000.0,,,,291414000.0,,,,131704000.0,41612000.0,,1654000.0,,5141.0,78741.0,,0.021,,,,,0.441,0.421,,0.017,0.011,,,610000.0,6098000.0,21.1,,289000.0,,47000.0,40000.0,,1168000.0,,,3.73,2361000.0,8782000.0,18.74,1865000.0,8389000.0,19.06,,,12.05,16.95,13.12,11.08,95000.0,,,,24983000.0,,356448000.0,,,,,,,269000.0,,,,,,,,,,,,,,,16689000.0,,286777000.0,,,,,350000.0,,,,,,,,,18000.0,39844000.0,39826000.0,,,,
2013-11-23,2014-01-02,10-Q,"RESOURCES CONNECTION, INC.",RGP,CIK0001084765,USD,16593000.0,93120000.0,,,,,,-2717000.0,355776000.0,,,,,,,,3183000.0,,421000.0,7986000.0,,,420047000.0,216142000.0,200777000.0,,,,,,,,,,,,,,,,,,,,,,,,0.0,,,,,,,77477000.0,,,,,,0.07,0.01,70000000.0,56536000.0,39040000.0,565000.0,7480000.0,,,,,88564000.0,,,,,,,,,,,,,,,,,,8030000.0,821000.0,,,,,,,,,,,,,,,,,,,,,909000.0,,,,,,0.18,0.18,0.45,,,,,,,,,,,,,,,,,37797000.0,,9500000.0,,,724000.0,504000.0,,,23293000.0,,1682000.0,,12000.0,12000.0,12000.0,909000.0,25163000.0,1870000.0,,,,,,,175234000.0,,,,,57405000.0,,,,,,,12997000.0,5902000.0,,,,,,,,,,,,,,,,,43000.0,,,,,,,,,,,,,,,,,67509000.0,420047000.0,62390000.0,,,,,,,,,,,,,7095000.0,,,,,,,,12954000.0,,,,,,,,,,,,,,,,,,,,,,,,,2307000.0,,385000.0,8000000.0,5119000.0,,,,,,,,,,,,,,0.01,5000000.0,0.0,0.0,,4540000.0,,,,,,,,,,23673000.0,,,,,,,,2200000.0,,,88000.0,,,,295776000.0,,,,145969000.0,43121000.0,,1600000.0,,0.0,78615.0,,0.021,,,,0.428,,,0.015,,,,,,6029000.0,21.05,,12000.0,,,,,,,,5.49,4424000.0,8640000.0,18.74,3756000.0,8330000.0,19.0,,,,,,,394000.0,,,,32975000.0,,352538000.0,,,,,,,,,,,,,,,,,,,,,,17496000.0,,296862000.0,,,,,300000.0,,,,,,,,,74000.0,39555000.0,39481000.0,,,,
2014-02-22,2014-04-03,10-Q,"RESOURCES CONNECTION, INC.",RGP,CIK0001084765,USD,16296000.0,88969000.0,,,,,,-2552000.0,359178000.0,,,,,,,,3138000.0,,424000.0,7658000.0,,,414597000.0,211054000.0,200333000.0,,,,,,,,,,,,,,,,,,,,,,,,0.0,,,,,,,74339000.0,,,,,,0.07,0.01,70000000.0,56728000.0,38749000.0,567000.0,2444000.0,,,,,84960000.0,,,,,,,,,,,,,,,,,,8022000.0,846000.0,,,,,,,,,,,,,,,,,,,,,877000.0,,,,,2713000.0,0.06,0.06,0.53,,,,,,,,,,,,,,,,,38379000.0,,8200000.0,,,1025000.0,505000.0,,,23816000.0,,1688000.0,,12000.0,12000.0,12000.0,917000.0,25276000.0,1460000.0,,,,,,,175615000.0,,,,,47765000.0,,,,,,,4901000.0,2622000.0,,,2307000.0,,,,,,,,,,,,,,41000.0,,,,,,,,,,,,,,,,,66308000.0,414597000.0,61352000.0,,,,,,,,,,,,,2279000.0,,,,,,,,4860000.0,,,,,,,,,,,,,,,,,,,,,,,,,2364000.0,,165000.0,6677000.0,4956000.0,,,,,,,,,,,,,,0.01,5000000.0,0.0,0.0,,4433000.0,,,,,,,,,,23258000.0,,,,,,,,2100000.0,,,116000.0,,,,294648000.0,,,,132725000.0,41604000.0,,1600000.0,,29491.0,84447.0,,0.02,,,,0.421,,,0.018,,,,,,5957000.0,21.06,,35000.0,,,,,,,,5.72,3095000.0,8340000.0,18.77,2703000.0,8092000.0,18.98,,,,,,,243000.0,,,,32984000.0,,348289000.0,,,,,,,,,,,,,,,,,,,,,,17979000.0,,303552000.0,,,,,,,,,,,,,,131000.0,39158000.0,39027000.0,,,,
2014-05-31,2014-07-28,10-K,"RESOURCES CONNECTION, INC.",RGP,CIK0001084765,USD,14031000.0,90334000.0,,14196000.0,17241000.0,14130000.0,39725000.0,-2573000.0,360445000.0,1125000.0,6519000.0,,6519000.0,4424000.0,3139000.0,,3139000.0,-609000.0,1688000.0,7828000.0,56200.0,,420078000.0,217462000.0,199616000.0,,,,,,,,,,,,,,,,,,,,,,,,,,,,,,,80291000.0,-13725000.0,,,,,0.28,0.01,70000000.0,56738000.0,38158000.0,567000.0,21271000.0,,,,,351359000.0,13722000.0,740000.0,17473000.0,3011000.0,,0.0225,,1057000.0,-439000.0,,784000.0,1828000.0,,166000.0,42578000.0,6305000.0,25859000.0,7975000.0,672000.0,1222000.0,212000.0,354000.0,3567000.0,3858000.0,1654000.0,,16719000.0,512000.0,,19554000.0,,,,4500000.0,0.06,,0.5,,5316000.0,3628000.0,10911000.0,,,,,0.51,0.51,0.479,0.35,0.036,,0.008,0.025,0.014,0.008,-0.018,0.011,,,,0.053,,-118000.0,,45567000.0,,7000000.0,,,908000.0,,35000.0,35000.0,21828000.0,,914000.0,,,12000.0,12000.0,12000.0,22859000.0,1031000.0,,,,,,-65000.0,175427000.0,,,0.0,1152000.0,215822000.0,33986000.0,33986000.0,0.0,43843000.0,,-5700000.0,38143000.0,18257000.0,,16187000.0,,1200000.0,,-1496000.0,5747000.0,,6097000.0,-845000.0,-110000.0,-1445000.0,225000.0,,,,168000.0,,,,,,,,,,,,,,,,,74317000.0,420078000.0,67175000.0,1500000.0,3000000.0,1500000.0,,,,,-32910000.0,,-12715000.0,,32018000.0,19886000.0,,,199616000.0,,,1.0,,37975000.0,,,,,,,,44038000.0,10656000.0,3912000.0,5107000.0,7502000.0,9701000.0,7160000.0,372000.0,0.0,38000.0,88000.0,150000.0,,13300000.0,63600000.0,16719000.0,,2328000.0,,1385000.0,7577000.0,7142000.0,,,1934000.0,,29587000.0,,10625000.0,,,,,3725000.0,81990000.0,0.01,5000000.0,0.0,0.0,,4876000.0,3451000.0,,,,,,73000000.0,3816000.0,62883000.0,23158000.0,300000.0,1672000.0,42000.0,130000.0,777000.0,477000.0,246000.0,8900000.0,,,406000.0,,,,298830000.0,,,,567181000.0,172531000.0,,6519000.0,,,84379.0,23441.0,,,,,,0.441,0.384,,0.018,0.011,,7500000.0,1530000.0,5986000.0,20.7,,347000.0,,1053000.0,213000.0,,1305000.0,,,3.82,1611000.0,7696000.0,18.93,1433000.0,7496000.0,19.12,,1305000.0,12.18,17.8,13.12,11.41,440000.0,,5500000.0,,33986000.0,,345761000.0,,,2.0,,34632.0,,313000.0,,3451000.0,,,3816000.0,,,,,,,75000.0,,,18580000.0,,311508000.0,29587000.0,12700000.0,,32000.0,,,7000.0,,,,690000.0,,,91000.0,39307000.0,39216000.0,,,,
2014-08-30,2014-10-09,10-Q,"RESOURCES CONNECTION, INC.",RGP,CIK0001084765,USD,13993000.0,91715000.0,,,,,,-3799000.0,365401000.0,,,,,,,,3551000.0,,424000.0,8025000.0,,,405148000.0,204417000.0,197878000.0,,,,,,,,,,,,,,,,,,,,,,,,,,,,,,,75131000.0,-5160000.0,,,,,0.08,0.01,70000000.0,57043000.0,38080000.0,570000.0,4169000.0,,,,,87222000.0,,,,,,,,,,,,-184000.0,,,,,,7971000.0,568000.0,,,,,,,,,,,,,,,,,,,,1278000.0,854000.0,,,,,,0.14,0.14,0.5,,,,,,,,,,,,,,,-277000.0,,28871000.0,0.0,11100000.0,,,860000.0,586000.0,14000.0,14000.0,22046000.0,,903000.0,,,12000.0,12000.0,12000.0,22642000.0,596000.0,,,,,,-1000.0,174656000.0,,,,-771000.0,56225000.0,,,,,,,10706000.0,5311000.0,,,,,,-484000.0,1890000.0,,-16573000.0,-1781000.0,12000.0,216000.0,-271000.0,,,,38000.0,,,,,,,,,,,,,,,,,58989000.0,405148000.0,52319000.0,,,,,,,,-4859000.0,,8645000.0,,-8669000.0,5395000.0,,,,,,1.0,,10668000.0,,,,,,,,,,,,,,,,,,,,,,,,,2285000.0,,-1226000.0,9455000.0,6670000.0,,,,,5684000.0,,2686000.0,,,,,357000.0,14998000.0,0.01,5000000.0,0.0,0.0,,4616000.0,1900000.0,,,,,,24000000.0,1597000.0,,22626000.0,,,,,,,,2200000.0,,,123000.0,,,,301179000.0,,,,143447000.0,44279000.0,,1546000.0,,6314.0,85907.0,,0.021,,,,,0.421,0.377,,0.022,0.017,,,,5846.0,20.87,,347000.0,,24.0,32.0,,1387.0,,,3.87,12216000.0,8899.0,18.0,10679000.0,8420.0,18.34,,,12.44,20.03,12.53,12.22,2902000.0,,,,24984000.0,,346159000.0,,,,,,,128.0,,,,,,,,,,,,,,,18963000.0,,317192000.0,,,,,,,,,,,,,,155000.0,38335000.0,38180000.0,,,,
2014-11-29,2015-01-08,10-Q,"RESOURCES CONNECTION, INC.",RGP,CIK0001084765,USD,14319000.0,97403000.0,,,,,,-6580000.0,367849000.0,,,,,,,,3761000.0,,402000.0,6101000.0,,,412495000.0,213894000.0,195841000.0,,,,,,,,,,,,,,,,,,,,,,,,,,,,,,,73260000.0,,,,,,0.08,0.01,70000000.0,57128000.0,37642000.0,571000.0,5235000.0,,,,,92061000.0,,,,,,,,,,,,,,,,,,7908000.0,540000.0,,,,,,,,,,,,,,,,,,,,,849000.0,,,,,,0.21,0.21,0.45,,,,,,,,,,,,,,,,,41672000.0,,9500000.0,,,737000.0,474000.0,,,22113000.0,,892000.0,,,12000.0,12000.0,12000.0,22296000.0,183000.0,,,,,,,173400000.0,,,,,59435000.0,,,,,,,14647000.0,6631000.0,,,985000.0,,,,,,,,,,,,,,39000.0,,,,,,,,,,,,,,,,,69270000.0,412495000.0,62798000.0,,,,,,,,,,,,,8016000.0,,,,,,,,14608000.0,,,,,,,,,,,,,,,,,,,,,,,,,2220000.0,,-2781000.0,6807000.0,6472000.0,,,,,,,,,,,,,,0.01,5000000.0,0.0,0.0,,4341000.0,,,,,,,,,,22258000.0,,,,,,,,3000000.0,,,118000.0,,,,306184000.0,,,,151496000.0,43576000.0,,1600000.0,,6314.0,85563.0,,,,,,,,,,,,,,,5654.0,20.91,,170000.0,,,,,,,,,11176000.0,8582.0,18.04,10050000.0,8217.0,18.31,,,,,,,2612000.0,,,,29997000.0,,343225000.0,,,,,,,,,,,,,,,,,,,,,,19486000.0,,324799000.0,,,,,,,,,,,,,,368000.0,38278000.0,37910000.0,,,,
2015-02-28,2015-04-09,10-Q,"RESOURCES CONNECTION, INC.",RGP,CIK0001084765,USD,12295000.0,98216000.0,,,,,,-10157000.0,372159000.0,,,,,,,,3454000.0,,62000.0,4828000.0,,,402015000.0,206090000.0,193331000.0,,,,,,,,,,,,,,,,,,,,,,,,,,,,,,,67335000.0,,,,,,0.08,0.01,70000000.0,57419000.0,37568000.0,574000.0,2412000.0,,,,,91991000.0,,,,,,,,,,,,,,,,,,7913000.0,475000.0,,,,,,,,,,,,,,,,,,,,,839000.0,,,,,3005000.0,0.16,0.16,0.43,,,,,,,,,,,,,,,,,36230000.0,,8600000.0,,,1300000.0,703000.0,,,21575000.0,,918000.0,,,,,90000.0,21695000.0,120000.0,,,,,,,171280000.0,,,,,54841000.0,,,,,,,10499000.0,4510000.0,,,3105000.0,,,,,,,,,,,,,,37000.0,,,,,,,,,,,,,,,,,62118000.0,402015000.0,55245000.0,,,,,,,,,,,,,5989000.0,,,,,,,,10462000.0,,,,,,,,,,,,,,,,,,,,,,,,,2119000.0,,-3577000.0,6720000.0,6873000.0,,,,,,,,,,,,,,0.01,5000000.0,0.0,0.0,,4530000.0,,,,,,,,,,21931000.0,,,,,,,,2400000.0,,,149000.0,,,,308142000.0,,,,146832000.0,43478000.0,,1500000.0,,43526.0,98092.0,,0.019,,,,0.362,,,0.017,,,,,3289000.0,4946.0,20.61,,481000.0,,,,,109000.0,,,4.71,21045000.0,7875.0,17.64,19433000.0,7570.0,17.85,,,,,,16.08,5862000.0,,,,24991000.0,,339897000.0,,,,,,,,,,,,,,,,,,,,,,19851000.0,,330821000.0,,,,,,,,,,,,,,564000.0,38288000.0,37724000.0,,,,
2015-05-30,2015-07-27,10-K,"RESOURCES CONNECTION, INC.",RGP,CIK0001084765,USD,13310000.0,96574000.0,,16611000.0,17716000.0,14310000.0,38838000.0,-10917000.0,374285000.0,1216000.0,5989000.0,,5989000.0,3823000.0,3291000.0,,3291000.0,,918000.0,5746000.0,56200.0,,416981000.0,221706000.0,,,,,,,,,,,,,,,,,,,,,,,,,,,,,,,,87250000.0,6959000.0,,,,,0.32,0.01,70000000.0,57488000.0,37273000.0,575000.0,19164000.0,,,,,362227000.0,18046000.0,1101000.0,23175000.0,4028000.0,,,,-502000.0,345000.0,,-277000.0,692000.0,,-120000.0,41279000.0,5473000.0,26223000.0,8571000.0,335000.0,1369000.0,311000.0,370000.0,4075000.0,3561000.0,1665000.0,,15056000.0,940000.0,,20750000.0,,3434000.0,,4800000.0,0.06,,0.5,,4307000.0,3389000.0,12044000.0,,,,,0.73,0.72,0.454,0.35,0.028,,,0.011,0.013,0.005,,-0.003,,,,0.05,,-2562000.0,,48637000.0,,7400000.0,,,,,86000.0,86000.0,21491000.0,,90000.0,,,,,,21581000.0,90000.0,,,,,,-15000.0,170878000.0,,-4549000.0,0.0,-4549000.0,228362000.0,24988000.0,24988000.0,0.0,51997000.0,,-1591000.0,50406000.0,22898000.0,,24326000.0,257000.0,257000.0,,304000.0,10052000.0,,4090000.0,2187000.0,-254000.0,158000.0,-547000.0,,,,148000.0,,,,,,,,,,,,,,,,,76529000.0,416981000.0,68946000.0,,,,,,,,-28864000.0,,6634000.0,,31751000.0,27508000.0,,,192969000.0,,,1.0,,50258000.0,,,,,,,,40047000.0,10549000.0,2662000.0,4743000.0,5972000.0,8459000.0,7662000.0,505000.0,189000.0,187000.0,193000.0,372000.0,840000.0,13100000.0,57100000.0,15056000.0,,1971000.0,,-8344000.0,6999000.0,4149000.0,,,144000.0,,26277000.0,,11748000.0,,,,,2364000.0,40002000.0,0.01,5000000.0,0.0,0.0,,4066000.0,3772000.0,,,,,,49000000.0,5303000.0,60839000.0,22001000.0,212000.0,1147000.0,15000.0,85000.0,492000.0,342000.0,213000.0,10600000.0,,,515000.0,,,,313268000.0,,,,590589000.0,173797000.0,,5989000.0,,,97938.0,35390.0,,,,,,0.421,0.362,,0.022,0.017,2400000.0,,3449000.0,5428000.0,19.84,,1200000.0,,876000.0,261000.0,,,1496000.0,,3.93,12414000.0,7647000.0,17.64,11652000.0,7413000.0,17.8,,1496000.0,13.0,23.92,12.54,12.5,4733000.0,,3800000.0,,24988000.0,,340452000.0,,,,,49840.0,,408000.0,,3772000.0,,,5303000.0,,,,,,,,15.65,,20215000.0,,336759000.0,26277000.0,13000000.0,,42000.0,,,1000.0,,42000.0,,32000.0,,,423000.0,38248000.0,37825000.0,,,,
2015-08-29,2015-10-08,10-Q,"RESOURCES CONNECTION, INC.",RGP,CIK0001084765,USD,12795000.0,94510000.0,,,,,,-10946000.0,379764000.0,,,,,,,,3162000.0,,30000.0,3979000.0,,,404726000.0,209293000.0,,,,,,,,,,,,,,,,,,,,,,,,,,,,,,,,76235000.0,-11015000.0,,,,,0.1,0.01,70000000.0,57753000.0,37143000.0,578000.0,7104000.0,,,,,90877000.0,,,,,,,,,,,,-268000.0,,,,,,8573000.0,193000.0,,,,,,,,,,,,,,,,,,,,888000.0,858000.0,,,,,,0.19,0.19,0.44,,,,,,,,,,,,,,,-196000.0,,31585000.0,0.0,5900000.0,,,1000000.0,787000.0,29000.0,29000.0,,,90000.0,,,,,,,60000.0,,,,,,2000.0,171317000.0,,439000.0,,439000.0,57463000.0,,,,,,,12650000.0,5517000.0,,2528000.0,,,,-591000.0,-1682000.0,,-17010000.0,-3311000.0,-105000.0,-1135000.0,997000.0,,,,32000.0,,,,,,,,,,,,,,,,,61620000.0,404726000.0,54398000.0,,,,,,,,-5694000.0,,-572000.0,,-4553000.0,7133000.0,,,193376000.0,,,1.0,,12618000.0,,,,,,,,,,,,,,,,,,,,,,,,,1864000.0,,-29000.0,10018000.0,7222000.0,,,300000.0,,6217000.0,,2982000.0,,,,,575000.0,9997000.0,0.01,5000000.0,0.0,0.0,,4990000.0,2186000.0,,,,,,10000000.0,1290000.0,,21999000.0,205000.0,,,,,,,2900000.0,,,124000.0,,,,316686000.0,,,,148340000.0,43957000.0,,2155000.0,,0.0,92498.0,,,,,,,,,,,,,,3589000.0,5545000.0,19.48,,421000.0,,101000.0,39000.0,,,,,,11981000.0,7402000.0,17.66,11441000.0,7234000.0,17.78,,,12.26,23.13,13.09,,5508000.0,,,,24985000.0,,343106000.0,,,,,0.0,,105000.0,,,,,,,,,,,,,,,20610000.0,,342976000.0,,,,,,,,,,,,,,552000.0,37847000.0,37295000.0,,,,
2015-11-28,2016-01-07,10-Q,"RESOURCES CONNECTION, INC.",RGP,CIK0001084765,USD,13818000.0,98033000.0,,,,,,-12589000.0,384648000.0,,,,,,,,3395000.0,,30000.0,4805000.0,,,416977000.0,222599000.0,,,,,,,,,,,,,,,,,,,,,,,,,,,,,,,,80121000.0,,,,,,0.1,0.01,70000000.0,58036000.0,37132000.0,580000.0,7033000.0,,,,,92011000.0,,,,,,,,,,,,,,,,,,8565000.0,450000.0,,,,,,,,,,,,,,,,,,,,,881000.0,,,,,3713000.0,0.23,0.23,0.42,,,,,,,,,,,,,,,,,43156000.0,,9800000.0,,,1000000.0,447000.0,,,,,30000.0,,,,,,,30000.0,,,,,,,170257000.0,,,,,58876000.0,,,,,,,14828000.0,6152000.0,,,1301000.0,,,,,,,,,,,,,,34000.0,,,,,,,,,,,,,,,,,70977000.0,416977000.0,63707000.0,,,,,,,,,,,,,8676000.0,,,192064000.0,,,,,14794000.0,,,,,,,,,,,,,,,,,,,,,,,,,1864000.0,,-1643000.0,6733000.0,7270000.0,,,,,,,,,,,,,,0.01,5000000.0,0.0,0.0,,4601000.0,,,,,,,,,,21777000.0,,,,,,,,2600000.0,,,162000.0,,,,321649000.0,,,,150887000.0,43171000.0,,1400000.0,,6079.0,98424.0,,,,,,,,,,,,,,2558000.0,5352000.0,19.53,,1300000.0,,,,,,,,,21473000.0,8140000.0,17.51,20420000.0,7812000.0,17.63,,,,,,,9508000.0,,,,29978000.0,,346000000.0,,,,,,,,,,,,,,,,,,,,,,20904000.0,,348288000.0,,,,,290000.0,,,,,,,,,677000.0,37868000.0,37191000.0,,,,
2016-02-27,2016-04-07,10-Q,"RESOURCES CONNECTION, INC.",RGP,CIK0001084765,USD,12502000.0,100493000.0,,,,,,-11747000.0,387225000.0,,,,,,,,3208000.0,,30000.0,5286000.0,,,406798000.0,212215000.0,,,,,,,,,,,,,,,,,,,,,,,,,,,,,,,,71491000.0,,,,,,0.1,0.01,70000000.0,58207000.0,36758000.0,582000.0,6799000.0,,,,,91851000.0,,,,,,,,,,,,,,,,,,8572000.0,430000.0,,,,,,,,,,,,,,,,,,,,,867000.0,,,,,3675000.0,0.16,0.16,0.44,,,,,,,,,,,,,,,,,36454000.0,,8700000.0,,,1500000.0,488000.0,,,,,,,,,,,,,,,,,,,170868000.0,,,,,54928000.0,,,,,,,10765000.0,4808000.0,,,1932000.0,,,,,,,,,,,,,,52000.0,,,,,,,,,,,,,,,,,63574000.0,406798000.0,55407000.0,,,,,,,,,,,,,5957000.0,,,192272000.0,,,,,10713000.0,,,,,,,,,,,,,,,,,,,,,,,,,1881000.0,,842000.0,6451000.0,8167000.0,,,,,,,,,,,,,,0.01,5000000.0,0.0,0.0,,4756000.0,,,,,,,,,,21404000.0,,,,,,,,2400000.0,,,154000.0,,,,322899000.0,,,,146779000.0,43318000.0,,1500000.0,,44275.0,106086.0,,,,,,,,,,,,,,3111000.0,4752000.0,18.48,,15000.0,,,,,,,,,5908000.0,7471000.0,16.71,5781000.0,7216000.0,16.78,,,,,,,2637000.0,,,,24971000.0,,343224000.0,,,,,44275.0,,,,,,,,,,,,,,,,,21449000.0,,355735000.0,,,,,,,,,,,,,,542000.0,37615000.0,37073000.0,,,,
2016-05-28,2016-08-11,10-K,"RESOURCES CONNECTION, INC.",RGP,CIK0001084765,USD,13606000.0,97807000.0,,17092000.0,18166000.0,14897000.0,40942000.0,-10794000.0,388763000.0,1565000.0,6280000.0,,6280000.0,4159000.0,2994000.0,,2994000.0,,90000.0,4745000.0,56200.0,,417255000.0,218588000.0,,,,,,,,,,,,,,,,,,,,,,,,,,,,,,0.0,,91089000.0,3839000.0,91089000.0,,,,0.4,0.01,70000000.0,58237000.0,36229000.0,582000.0,30566000.0,,,,,366355000.0,18320000.0,1398000.0,23886000.0,4168000.0,,,,-178000.0,-135000.0,,-340000.0,1058000.0,,-27000.0,42075000.0,4237000.0,26361000.0,8446000.0,4237000.0,1550000.0,368000.0,557000.0,4337000.0,3163000.0,1685000.0,,15714000.0,1100000.0,,22124000.0,,4983000.0,,5000000.0,0.06,,0.5,,3557000.0,3467000.0,14726000.0,,,3600000.0,3623000.0,0.82,0.81,0.436,0.35,0.013,,,0.004,0.015,0.006,,0.001,,,,0.049,0.005,185000.0,,50155000.0,,7700000.0,,,,,185000.0,185000.0,,,,,,,,,,0.0,,,,,,,171183000.0,,305000.0,0.0,,232166000.0,24957000.0,24957000.0,0.0,53417000.0,,572000.0,53989000.0,23546000.0,,23135000.0,,,,176000.0,2702000.0,,1574000.0,949000.0,-15000.0,-1657000.0,651000.0,,,,186000.0,,,,,,,,,,,,,,,,,74606000.0,417255000.0,70884000.0,,,,,,,,-32258000.0,,-2350000.0,,38262000.0,30443000.0,,,192457000.0,,,1.0,,53803000.0,,,,,,,,39984000.0,10006000.0,3757000.0,4193000.0,6567000.0,7899000.0,7562000.0,356000.0,191000.0,189000.0,187000.0,193000.0,650000.0,13100000.0,61400000.0,15714000.0,,1973000.0,,123000.0,7123000.0,3722000.0,,,405000.0,,28128000.0,,14085000.0,,,,,2381000.0,44969000.0,0.01,5000000.0,0.0,0.0,,4735000.0,4462000.0,,,,,,45000000.0,5493000.0,62216000.0,21274000.0,1118000.0,1227000.0,34000.0,102000.0,540000.0,365000.0,186000.0,10600000.0,,,600000.0,,,,327954000.0,,,,598521000.0,174806000.0,,6280000.0,,,105925.0,41796.0,,,,,,0.405,0.35,,0.02,0.017,2400000.0,,3206000.0,5068000.0,17.95,,1800000.0,,846000.0,183000.0,,,1147000.0,,4.54,10109000.0,7347000.0,16.08,9960000.0,7152000.0,16.76,,1147000.0,12.68,26.42,13.54,15.69,6294000.0,,4000000.0,15.51,24957000.0,,342649000.0,,,,,127720.0,,418000.0,,4462000.0,,,5308000.0,,,,,,,400000.0,15.32,,22008000.0,,363856000.0,28128000.0,16200000.0,,42000.0,,,1000.0,,,,,,,571000.0,37608000.0,37037000.0,,,,
2016-08-27,2016-10-06,10-Q,"RESOURCES CONNECTION, INC.",RGP,CIK0001084765,USD,13510000.0,96236000.0,,,,,,-10151000.0,393480000.0,252000.0,1295000.0,,,,,,2756000.0,,,4581000.0,,,402835000.0,203867000.0,,,,,,,,,,,,,,,,,,,,,,,,,,,,,,,,92937000.0,1848000.0,,,,,0.11,0.01,70000000.0,58534000.0,36151000.0,585000.0,6281000.0,,,,,88862000.0,,,,,,,,,,,,-37000.0,,,,,,,4298000.0,,,,,,,,,,,,,,,,,,,,794000.0,794000.0,3977000.0,,,,3977000.0,0.16,0.15,0.45,,,,,,,,,,,,,,,600000.0,,31937000.0,0.0,6700000.0,,,1200000.0,457000.0,5000.0,5000.0,,,,,,,,,,0.0,,,,,,-1000.0,171259000.0,,76000.0,,,54527000.0,,,,,,,10189000.0,4551000.0,,3441000.0,,,,-124000.0,-1511000.0,,-18244000.0,-1219000.0,-120000.0,719000.0,-53000.0,,,,70000.0,,,,,,,,,,,,,,,,,58816000.0,402835000.0,54891000.0,,,,,,,,-5595000.0,,13898000.0,,-7055000.0,5638000.0,,,192790000.0,,,1.0,,10119000.0,,,,,,,,,,,,,,,,,,,,,,,,,1880000.0,,643000.0,9444000.0,3925000.0,,,1000.0,,5654000.0,,3623000.0,,,,,1075000.0,,0.01,5000000.0,0.0,0.0,,4710000.0,2184000.0,,,,,,14973000.0,1498000.0,,21531000.0,,,,,,,,2400000.0,,,155000.0,,,,329615000.0,,,,143389000.0,43614000.0,,1295000.0,,,105639.0,,,,,,,,,,,,,,3310000.0,5148000.0,17.71,,369000.0,,64000.0,40000.0,,,,,,8272000.0,7120000.0,16.73,8180000.0,6970000.0,16.77,,,12.09,22.25,17.32,,5770000.0,,,,9984000.0,,344019000.0,,,,,0.0,,123000.0,,2184000.0,,,1493000.0,,,,,,,,,,22383000.0,,369510000.0,5654000.0,,,,,,,,,,,,,548000.0,36817000.0,36269000.0,,,,
2016-11-26,2017-01-05,10-Q,"RESOURCES CONNECTION, INC.",RGP,CIK0001084765,USD,14944000.0,97025000.0,,,,,,-13838000.0,395710000.0,,,,,,,,2870000.0,,,5263000.0,,,366819000.0,168070000.0,,,,,,,,,,,,,,,,,,,,,,,,,,,,,,,,58567000.0,,,,,,0.11,0.01,70000000.0,58603000.0,29637000.0,586000.0,2005000.0,,,,,91048000.0,,,,,,,,,,,,,,,,,,,4609000.0,,,,,,,,,,,,,,,,,,,,,808000.0,,,,,3259000.0,0.16,0.16,0.41,,,,,,,,,,,,,,,,,44574000.0,,9400000.0,,,1200000.0,500000.0,,,,,,,,,,,,0.0,,,,,,,170035000.0,,,,,56510000.0,,,,,,,9622000.0,3930000.0,,,2657000.0,,,,,,,,,,,,64000.0,,40000.0,,,,,,,,,,,,,,,,,128128000.0,366819000.0,65813000.0,,,,58000000.0,,,,,,,,,5692000.0,,,192180000.0,,,,,9646000.0,,,,,,,,,,,,,,,,,,,,,,,,,1960000.0,,-3687000.0,6295000.0,4315000.0,,,,,,,,,,,,,,0.01,5000000.0,0.0,0.0,,4825000.0,,,,,,,,,,22145000.0,,,,,,,,2400000.0,,,200000.0,,,,332048000.0,,,,147558000.0,46056000.0,,1900000.0,,,117018.0,,,,,,,,,,,,,,2201000.0,5385000.0,17.52,,200000.0,,,,,,,,,14593000.0,8135000.0,16.39,14030000.0,7782000.0,16.47,,,,,,,8800000.0,,,,4996000.0,,238691000.0,,,,,16733.0,,,,,,,,,,,,,,,,,28966000.0,6600000.0,475815000.0,,,,,,,,,,,,,,532000.0,36248000.0,35716000.0,,,,
2017-02-25,2017-04-06,10-Q,"RESOURCES CONNECTION, INC.",RGP,CIK0001084765,USD,14188000.0,96864000.0,,,,,,-13329000.0,397282000.0,,,,,,,,2627000.0,,,4189000.0,,,345355000.0,149035000.0,,,,,,,,,,,,,,,,,,,,,,,,,,,,,,,,44607000.0,,,,,,0.11,0.01,70000000.0,58976000.0,29646000.0,590000.0,3393000.0,,,,,91597000.0,,,,,,,,,,,,,,,,,,,904000.0,,,,,,,,,,,,,,,,,,,,,909000.0,,,,,3295000.0,0.1,0.09,0.49,,,,,,,,,,,,,,,,,36827000.0,,8300000.0,,,2900000.0,700000.0,,,,,,,,,,,,0.0,,,,,,,170068000.0,,,,,52247000.0,,,,,,,5627000.0,2743000.0,,,2620000.0,,,,,,,,,,,,351000.0,,16000.0,,,,,,,,,,,,,,,,,111875000.0,345355000.0,58545000.0,,,,48000000.0,,,,,,,,,2884000.0,,,193544000.0,,,,,5962000.0,,,,,,,,,,,,,,,,,,,,,,,,,1872000.0,,509000.0,7530000.0,5330000.0,,,,,,,,,,,,,,0.01,5000000.0,0.0,0.0,,4944000.0,,,,,,,,,,23476000.0,,,,,,,,2500000.0,,,212000.0,,,,330841000.0,,,,143844000.0,45376000.0,,1500000.0,,,189612.0,,,,,,,,,,,,,,2636000.0,4655000.0,15.66,,500000.0,,,,,,,,,17797000.0,7311000.0,15.12,17183000.0,7040000.0,15.14,,,,,,,10300000.0,,,,,,233480000.0,,,,,110987.0,,,,,,,,,,,,,,,,,29330000.0,,481904000.0,,,,,,,,,,,,,,820000.0,30584000.0,29764000.0,,,,
2017-05-27,2017-07-24,10-K,"RESOURCES CONNECTION, INC.",RGP,CIK0001084765,USD,14102000.0,98222000.0,,15600000.0,18741000.0,14900000.0,37711000.0,-11396000.0,398828000.0,4344000.0,6068000.0,,6068000.0,3962000.0,2517000.0,,2517000.0,,,4582000.0,56200.0,,364128000.0,166845000.0,,,,,,,,,,,,,,,,,,,,,,,,,,,,,,0.0,,62329000.0,-28760000.0,62329000.0,-28760000.0,,,0.44,0.01,70000000.0,58992000.0,29662000.0,590000.0,18049000.0,,,,362086000.0,362086000.0,10901000.0,1472000.0,14924000.0,2551000.0,,,,259000.0,-123000.0,,198000.0,4530000.0,,62000.0,39070000.0,,23099000.0,,973000.0,1222000.0,232000.0,397000.0,4235000.0,3755000.0,1595000.0,,15971000.0,1100000.0,307000.0,23406000.0,,1280000.0,,5100000.0,0.06,,0.5,,3452000.0,3452000.0,13743000.0,,,3200000.0,3253000.0,0.57,0.56,0.448,0.35,0.012,,,0.001,0.022,0.007,,0.002,,,,0.05,0.001,-558000.0,-558000.0,49241000.0,,7000000.0,,,,,8000.0,8000.0,,,,,,,,,,0.0,,,,,,-19000.0,171088000.0,,-95000.0,0.0,,221325000.0,,,0.0,32390000.0,,1383000.0,33773000.0,15122000.0,,16756000.0,1899000.0,1400000.0,,681000.0,1494000.0,,-434000.0,6232000.0,-253000.0,1939000.0,-374000.0,,629000.0,628000.0,144000.0,,,,,,,,,,,,,,,,,125986000.0,364128000.0,71771000.0,,,,48000000.0,,,-76876000.0,-76876000.0,20409000.0,20409000.0,28265000.0,28265000.0,18651000.0,,,194442000.0,,,1.0,,34402000.0,,332000.0,,,,,,45009000.0,10537000.0,5097000.0,6085000.0,6837000.0,9460000.0,6993000.0,245000.0,219000.0,213000.0,207000.0,201000.0,536000.0,12900000.0,63500000.0,15971000.0,,1868000.0,,-602000.0,8428000.0,4935000.0,,,1026000.0,,118886000.0,190000.0,14157000.0,,,,,4781000.0,,0.01,5000000.0,0.0,0.0,,4395000.0,4493000.0,,58000000.0,24957000.0,,233000.0,24957000.0,3864000.0,61065000.0,23354000.0,458000.0,1129000.0,9000.0,105000.0,440000.0,340000.0,235000.0,10100000.0,,10000000.0,800000.0,,,,332024000.0,583411000.0,,,583411000.0,183471000.0,,6068000.0,,,189015.0,43261.0,0.03,,,,,0.384,0.346,,0.016,0.013,2400000.0,,2767000.0,4608000.0,15.59,,1100000.0,,825000.0,265000.0,,,1212000.0,,3.61,1696000.0,7164000.0,15.08,1696000.0,6962000.0,15.09,,1212000.0,12.59,29.77,14.18,14.52,1173000.0,,3600000.0,12.65,0.0,,238142000.0,,,,,117588.0,,305000.0,,4493000.0,,,3856000.0,,,,,,400000.0,,,,29330000.0,,481904000.0,118886000.0,18400000.0,,42000.0,,,1000.0,,,,,,,620000.0,33471000.0,32851000.0,,,,
2017-08-26,2017-10-05,10-Q,"RESOURCES CONNECTION, INC.",RGP,CIK0001084765,USD,14501000.0,98984000.0,,,,,,-8681000.0,403227000.0,,1612000.0,,,,,,2762000.0,,,5182000.0,,,352075000.0,154111000.0,,,,,,,,,,,,,,,,,,,,,,,,,,,,,,,,49607000.0,-12722000.0,49607000.0,-12722000.0,,,0.12,0.01,70000000.0,59230000.0,29900000.0,592000.0,4827000.0,,,,87488000.0,87488000.0,,,,,,,,,,,,-205000.0,,,,,,,920000.0,,,,,,,,,,,,,991000.0,,,,,,,940000.0,940000.0,3578000.0,,,,3578000.0,0.07,0.07,0.58,,,,,,,,,,,,,,,1254000.0,1254000.0,31029000.0,0.0,5900000.0,,,2300000.0,400000.0,,29000.0,,,,,,,,,,,,,,,,3000.0,172342000.0,,1254000.0,,,53698000.0,,,,,,,5034000.0,2922000.0,,1575000.0,,,,36000.0,30000.0,,-18761000.0,-1582000.0,-45000.0,341000.0,1101000.0,,337000.0,332000.0,28000.0,,,,,,,,,,,,,,,,,108283000.0,352075000.0,54573000.0,,,,48000000.0,,,-465000.0,-465000.0,-382000.0,-382000.0,-13129000.0,-13129000.0,2112000.0,,,195198000.0,,,1.0,,5343000.0,,,,,,,,,,,,,,,,,,,,,,,,,1846000.0,,2715000.0,9043000.0,4719000.0,,,,,,,3254000.0,,,,,383000.0,,0.01,5000000.0,0.0,0.0,,5520000.0,2259000.0,,,,,1000.0,,530000.0,,22856000.0,303000.0,,,,,,,2600000.0,,,341000.0,,,,330558000.0,141186000.0,,,141186000.0,47415000.0,,1612000.0,,,188770.0,,,,,,,,,,,,,,2881000.0,5000000.0,15.21,,73000.0,,55000.0,58000.0,,,,,,1047000.0,7007000.0,15.06,1047000.0,6860000.0,15.07,,,12.16,21.15,14.58,,1020000.0,,,,,,243792000.0,,,,,0.0,,44000.0,,2259000.0,,,530000.0,,,,,,,,,,,0.0,481904000.0,,,,,,,,,,,,,,250000.0,30059000.0,29809000.0,,,,
2017-11-25,2018-01-04,10-Q,"RESOURCES CONNECTION, INC.",RGP,CIK0001084765,USD,20293000.0,109025000.0,,,,,,-9291000.0,408412000.0,,,,,,,,2047000.0,,322000.0,5268000.0,,,382318000.0,170456000.0,,,,,,,,,,,,,,,,,,,,,,,,,,,,,,,,56284000.0,,56284000.0,,,,0.12,0.01,70000000.0,59630000.0,30300000.0,596000.0,7528000.0,,,,97319000.0,97319000.0,,,,,,,,,,,,,,,,,,,1571000.0,,,,,,,,,,,,,995000.0,,,,,,,,947000.0,,,,,3663000.0,0.27,0.27,0.21,,,,,,,,,,,,,,,,,43840000.0,,8500000.0,,,3300000.0,200000.0,,,322000.0,,,1000000.0,200000.0,500000.0,1300000.0,1300000.0,5281000.0,4959000.0,,,,,,,181208000.0,,,,,59419000.0,,,,,,,10287000.0,2149000.0,,,,,,,,,,,,,,4959000.0,397000.0,,32000.0,,,,,,,,,,,,,,,,,129472000.0,382318000.0,72339000.0,,,,48000000.0,,,,,,,,,8138000.0,,,208493000.0,,,,,10652000.0,,,,,,,,,,,,,,,,,,,,,,,,,1798000.0,,-610000.0,8206000.0,8138000.0,,,,,,,,,,,,,,0.01,5000000.0,0.0,0.0,,5147000.0,,,,,,,,,,22326000.0,,,,,,,,2900000.0,,,300000.0,,,,335033000.0,156738000.0,,,156738000.0,47498000.0,,1500000.0,,,260625.0,,,,,,,,,,,,,,1831000.0,5301000.0,15.17,,400000.0,,,,,,,,,11789000.0,7763000.0,15.13,11585000.0,7341000.0,15.11,,,,,,,9446000.0,,,,,,252846000.0,,,,,79810.0,,,,,,,,,,,,,,,,,29330000.0,,481904000.0,,,,,2400000.0,,,,,,,,,406000.0,30579000.0,30173000.0,,,,
2018-02-24,2018-04-05,10-Q,"RESOURCES CONNECTION, INC.",RGP,CIK0001084765,USD,24631000.0,125795000.0,,,,,,-7028000.0,426501000.0,,,,,,,,2082000.0,,1004000.0,4166000.0,,,420134000.0,180170000.0,,,,,,,,,,,,,,,,,,,,,,,,,,,,,,,,43217000.0,,43217000.0,,,,0.12,0.01,70000000.0,61125000.0,31487000.0,611000.0,6858000.0,,,,109904000.0,109904000.0,,,,,,,,,,,,,,,,,,,1609000.0,,,,,,,,,,,,,1760000.0,,,,,,,,1089000.0,,,,,3780000.0,0.15,0.14,0.01,,,,,,,,,,,,,,,,,43081000.0,,7400000.0,,,,200000.0,,,1345000.0,,,2300000.0,1800000.0,2500000.0,3900000.0,3900000.0,21103000.0,19758000.0,,,,,,,193581000.0,,,,,62510000.0,,,,,,,4641000.0,46000.0,300000.0,,4263000.0,,,,,,,,,,,19758000.0,542000.0,,34000.0,,,,,,,,,,,,,,,,,151222000.0,420134000.0,78313000.0,,,,63000000.0,,,,,,,,,4595000.0,,,236425000.0,,,,,5149000.0,,,,,,,,,,,,,,,,,,,,,,,,,1930000.0,,2263000.0,10601000.0,8149000.0,,,,,,,,,,,,,,0.01,5000000.0,0.0,0.0,,6895000.0,,,,,,,,,,23086000.0,,,,,,,,2900000.0,,,,,,,335550000.0,172414000.0,,,172414000.0,55268000.0,,1400000.0,,,,,,,,,,,,,,,,,1857000.0,4986000.0,15.26,,900000.0,,,,,,,,,9823000.0,7391000.0,15.19,9736000.0,7121000.0,15.18,,,,,,,8015000.0,,,,,,268912000.0,,,,,37778.0,,,,,,,,,,,,,,,,,29638000.0,,486722000.0,,,,,2200000.0,,,,,,,,,626000.0,32066000.0,31440000.0,,,,
2018-05-26,2018-07-23,10-K,"RESOURCES CONNECTION, INC.",RGP,CIK0001084765,USD,23280000.0,130452000.0,,18506000.0,22613000.0,17299000.0,40979000.0,-10385000.0,429578000.0,,5978000.0,,6033000.0,5697000.0,1640000.0,,1640000.0,,2298000.0,4619000.0,56200.0,,432674000.0,194881000.0,,,,,,,,,,,,,,,,,,,,,,,,,,,,,,0.0,,56470000.0,-5859000.0,56470000.0,-5859000.0,,,0.48,0.01,70000000.0,61252000.0,31614000.0,613000.0,19837000.0,,,,408074000.0,408074000.0,10785000.0,-392000.0,13222000.0,2829000.0,,,,-3011000.0,-515000.0,,-3159000.0,-5035000.0,,367000.0,36015000.0,2850000.0,20717000.0,,2850000.0,1017000.0,138000.0,5596000.0,3210000.0,2311000.0,854000.0,,15298000.0,1100000.0,,17867000.0,,,,5600000.0,0.06,,0.5,,6389000.0,4091000.0,14811000.0,,,3800000.0,3791000.0,0.61,0.6,0.348,,-0.043,-0.028,,-0.008,0.032,0.045,,0.002,,,,0.079,0.165,963000.0,963000.0,58418000.0,,6500000.0,,,,,,,2262000.0,,3823000.0,,1786000.0,1786000.0,2503000.0,3823000.0,20793000.0,18531000.0,,,,,,-14000.0,191950000.0,,588000.0,0.0,,246055000.0,,,,26774000.0,,2115000.0,28889000.0,10063000.0,800000.0,10601000.0,729000.0,,,3332000.0,19373000.0,,4173000.0,-4733000.0,166000.0,-2815000.0,1567000.0,18531000.0,1735000.0,1769000.0,132000.0,,,,,,,,,,,,,,,,,163849000.0,432674000.0,94524000.0,,,,63000000.0,,,3474000.0,3474000.0,-25666000.0,-25666000.0,15370000.0,15370000.0,18826000.0,,,232894000.0,2.0,2.0,1.0,,30624000.0,,305000.0,,,,,,42450000.0,11980000.0,4067000.0,6446000.0,7745000.0,8911000.0,3301000.0,392000.0,226000.0,257000.0,307000.0,358000.0,311000.0,13700000.0,65400000.0,15298000.0,,2049000.0,,1011000.0,12826000.0,6325000.0,,,65000.0,2579000.0,5116000.0,,14269000.0,,20047000.0,,3410000.0,2213000.0,,0.01,5000000.0,0.0,0.0,,7230000.0,3949000.0,,15000000.0,,,4000.0,,6489000.0,63392000.0,22413000.0,826000.0,1345000.0,,54000.0,713000.0,410000.0,168000.0,11800000.0,,,1400000.0,,,,335741000.0,654129000.0,,,654129000.0,209042000.0,,6033000.0,627.0,117588.0,234858.0,71118.0,0.031,,,,,0.345,0.303,,0.024,0.021,2400000.0,,2252000.0,4503000.0,15.12,,1700000.0,,594000.0,180000.0,,,996000.0,,3.61,12310000.0,6869000.0,15.1,12133000.0,6661000.0,15.09,,996000.0,12.54,18.41,14.79,15.8,9242000.0,,5100000.0,16.35,0.0,,268825000.0,,,,,117588.0,,517000.0,,3950000.0,,,6489000.0,,,,,,5600000.0,3300000.0,,,29638000.0,,486722000.0,5116000.0,,,42000.0,,,,42000.0,,,42000.0,,,469000.0,31210000.0,30741000.0,,,,
2018-08-25,2018-10-04,10-Q,"RESOURCES CONNECTION, INC.",RGP,CIK0001084765,USD,22036000.0,137629000.0,,,,,,-10987000.0,435489000.0,,1327000.0,,,,,,1902000.0,,955000.0,2975000.0,,,408439000.0,172461000.0,,,,,,,,,,,,,,,,,,,,,,,97000.0,,,,,,,,,27053000.0,,27053000.0,-29417000.0,,,0.13,0.01,70000000.0,61604000.0,31498000.0,616000.0,5139000.0,,,,110407000.0,,,,,,,,,,,,,3997000.0,,,,,,,1475000.0,,,,,,,,,,,,,2646000.0,,,,,,,2024000.0,1069000.0,4095000.0,,,,4095000.0,0.18,0.18,0.38,,,,,,,,,,,,,,,,-76000.0,38093000.0,0.0,5600000.0,,,,100000.0,,,3214000.0,,,3800000.0,1800000.0,1800000.0,2500000.0,3800000.0,20781000.0,17567000.0,,,,,,-4000.0,191834000.0,,-116000.0,,,68151000.0,,,,,,,9235000.0,3494000.0,,844000.0,978000.0,,,-1182000.0,8367000.0,,-20163000.0,1445000.0,483000.0,915000.0,-413000.0,17566000.0,526000.0,607000.0,79000.0,,,,,,,,,,,,,,,,,140118000.0,408439000.0,72636000.0,,,,58000000.0,,,-11667000.0,,-1073000.0,,-16601000.0,,5741000.0,,,231987000.0,2.0,,1.0,,9761000.0,,,,,,,,,,,,,,,,,,,,,,,,,2516000.0,,-602000.0,12507000.0,6836000.0,,,203000.0,,7462000.0,,3792000.0,,,,,1073000.0,,0.01,5000000.0,0.0,0.0,,6801000.0,2178000.0,,,,,,,2409000.0,,22587000.0,487000.0,,,,,,,,,5000000.0,,,,,337387000.0,178558000.0,,,,56366000.0,,1361000.0,,,,,,,,,,,,,,,,,2503000.0,4361000.0,14.88,,800000.0,,169000.0,82000.0,,,,,,8550000.0,6432000.0,15.03,8508000.0,6276000.0,15.02,,,12.9,20.07,15.24,,7664000.0,,,,,,268321000.0,,,,,0.0,,186000.0,,2178000.0,,,2409000.0,,,,,,,,,,30106000.0,,494184000.0,7462000.0,,,,,,,,,,,,,726000.0,32468000.0,31742000.0,,,,
2018-11-24,2019-01-03,10-Q,"RESOURCES CONNECTION, INC.",RGP,CIK0001084765,USD,22256000.0,146499000.0,,,,,,-12413000.0,445098000.0,,1611000.0,,,,,,1821000.0,,952000.0,3248000.0,,,431290000.0,195438000.0,,,,,,,,,,,,,,,,,,,,,,,,,,,,,,,,40823000.0,,40823000.0,,,,0.13,0.01,70000000.0,62169000.0,31724000.0,622000.0,9138000.0,,,,115378000.0,,,,,,,,,,,,,,,,,,,,1403000.0,,,,,,,,,,,,,3233000.0,,,,,,,,1197000.0,4124000.0,,,,4124000.0,0.33,0.33,0.33,,,,,,,,,,,,,,,,,51973000.0,,10500000.0,,,,100000.0,,,4127000.0,,,3800000.0,1800000.0,1800000.0,2500000.0,3800000.0,20644000.0,16517000.0,,,,,,,191172000.0,,,,,73421000.0,,,,,,,15705000.0,5141000.0,,,1120000.0,,,,,,,,,,,16517000.0,608000.0,,34000.0,,,,,,,,,,,,,,,,,153880000.0,431290000.0,85585000.0,,,,58000000.0,,,,,,,,,10564000.0,,,231388000.0,,,,,16313000.0,,,,,,,,,,,,,,,,,,,,,,,,,3061000.0,,-1426000.0,11356000.0,7062000.0,,,,,,,,,,,,,,0.01,5000000.0,0.0,0.0,,6996000.0,,,,,,,,,,23699000.0,,,,,,,,,,,,,,,343827000.0,188799000.0,,,,54959000.0,,1700000.0,,,,,,,,,,,,,,,,,1359000.0,4405000.0,14.97,,2300000.0,,,,,,,,,8934000.0,7011000.0,15.78,8875000.0,6614000.0,15.64,,,,,,,7988000.0,,,,,,277410000.0,,,,,,,,,,,,8004000.0,,,,,,,,,,30445000.0,,499724000.0,5540000.0,,,,0.0,,,,,,,,,725000.0,32446000.0,31721000.0,,,,
2019-02-23,2019-04-04,10-Q,"RESOURCES CONNECTION, INC.",RGP,CIK0001084765,USD,22404000.0,138545000.0,,,,,,-11836000.0,458003000.0,,1866000.0,,,,,,2133000.0,,948000.0,3716000.0,,,435131000.0,198033000.0,,,,,,,,,,,,,,,,,,,,,,,,,,,,,,,,47967000.0,,47967000.0,,,,0.13,0.01,70000000.0,63002000.0,32020000.0,630000.0,6373000.0,,,,111587000.0,,,,,,,,,,,,,,,,,,,,1413000.0,,,,,,,,,,,,,4301000.0,,,,,,,,1163000.0,4147000.0,,,,4147000.0,0.18,0.18,0.4,,,,,,,,,,,,,,,,,46580000.0,,9300000.0,,,,200000.0,,,5072000.0,,,3800000.0,1800000.0,1800000.0,2500000.0,3800000.0,20642000.0,15570000.0,,,,,,,191149000.0,,,,,67911000.0,,,,,,,9618000.0,3822000.0,0.0,,3462000.0,,,,,,,,,,,15570000.0,595000.0,,60000.0,,,,,,,,,,,,,,,,,151831000.0,435131000.0,81324000.0,,,,58000000.0,,,,,,,,,5796000.0,,,232467000.0,,,,,10213000.0,,,,,,,,,,,,,,,,,,,,,,,,,3218000.0,,577000.0,12340000.0,8206000.0,,,,,,,,,,,,,,0.01,5000000.0,0.0,0.0,,8059000.0,,,,,,,,,,25748000.0,,,,,,,,,,,,,,,344966000.0,179498000.0,,,,55587000.0,,1900000.0,,,,,,,,,,,,,,,,,1506000.0,3644000.0,15.1,,1900000.0,,,,,,,,,12956000.0,6170000.0,15.95,12794000.0,5858000.0,15.83,,,,,,,10205000.0,,,,,,283300000.0,,,,,21537.0,,,,2321000.0,,,8726000.0,,,,,,,,,,30982000.0,,508463000.0,9249000.0,,,,,,,,,,,,,480000.0,32370000.0,31890000.0,,,,
2019-05-25,2019-07-19,10-K,"RESOURCES CONNECTION, INC.",RGP,CIK0001084765,USD,21634000.0,133304000.0,,20645000.0,19667000.0,18316000.0,40971000.0,-12588000.0,460226000.0,,6358000.0,,6570000.0,6539000.0,2520000.0,,2520000.0,660000.0,3799000.0,3316000.0,57000.0,,428370000.0,191657000.0,,,,,,,,,,,,,,,,,,,,,,,-590000.0,,,,,,,0.0,,43045000.0,,43045000.0,-13425000.0,,,0.52,0.01,70000000.0,63054000.0,31588000.0,631000.0,29267000.0,,,,446560000.0,,5068000.0,2690000.0,10036000.0,2278000.0,,,,5890000.0,-46000.0,1497000.0,6463000.0,6452000.0,5146000.0,619000.0,27609000.0,,14419000.0,,1497000.0,,208000.0,498000.0,3347000.0,2418000.0,1108000.0,,13190000.0,1800000.0,3649000.0,17991000.0,,5146000.0,77000.0,6400000.0,0.06,,0.5,4679000.0,8478000.0,4679000.0,16471000.0,,,4100000.0,4105000.0,1.0,0.98,0.344,,-0.028,0.001,,0.013,0.014,0.028,,0.002,,,,0.049,-0.093,,-568000.0,58628000.0,,8300000.0,,,,,,,5992000.0,,3770000.0,,1778000.0,1778000.0,1778000.0,2484000.0,20581000.0,14589000.0,,,,,,-126000.0,190815000.0,,-1135000.0,0.0,,282439000.0,,,,41828000.0,,6141000.0,47969000.0,16499000.0,,14229000.0,2224000.0,1000000.0,,-1469000.0,5690000.0,,547000.0,4324000.0,1147000.0,1549000.0,-109000.0,14589000.0,2190000.0,2440000.0,,,,,,,,,,,,,,,,,,145974000.0,428370000.0,91416000.0,,,,43000000.0,0.0,,-43601000.0,,-12877000.0,,43621000.0,,31470000.0,,,232036000.0,,,1.0,,50159000.0,,240000.0,,,,,,54705000.0,12828000.0,6352000.0,7934000.0,9811000.0,11737000.0,6043000.0,414000.0,232000.0,226000.0,306000.0,368000.0,78000.0,15500000.0,63500000.0,13190000.0,,3180000.0,,-2203000.0,11154000.0,6412000.0,,,2312000.0,1860000.0,29891000.0,,16158000.0,,,,,6896000.0,5981000.0,0.01,5000000.0,0.0,0.0,,7103000.0,4499000.0,,,,,,,19809000.0,67603000.0,26632000.0,1540000.0,,,,,,,,,20000000.0,1700000.0,,,,350230000.0,728999000.0,728999000.0,,,223802000.0,,6570000.0,452.0,21537.0,158926.0,97017.0,0.032,,,,,0.347,0.316,,0.032,0.031,2400000.0,,1595000.0,3547000.0,15.09,,5200000.0,,446000.0,240000.0,,,1290000.0,,4.74,5482000.0,6029000.0,15.95,5472000.0,5789000.0,15.86,,1290000.0,13.72,18.85,15.91,18.96,5051000.0,,5400000.0,15.56,5981000.0,,282396000.0,,,,,21537.0,,1444000.0,,4499000.0,,,19809000.0,,,,,,500000.0,,,,31466000.0,,516103000.0,29891000.0,17600000.0,0.0,42000.0,,,,,,,,,,611000.0,32207000.0,31596000.0,,,,
2019-08-24,2019-10-03,10-Q,"RESOURCES CONNECTION, INC.",RGP,CIK0001084765,USD,22763000.0,129569000.0,,,,,,-13274000.0,466481000.0,,1408000.0,,,,,,2719000.0,,1094000.0,3345000.0,,,496611000.0,183379000.0,,,,,,,,,,,,,,,,,,,,,,,-131000.0,,,,,,,,2100000.0,45723000.0,,45723000.0,2678000.0,,,0.14,0.01,70000000.0,63436000.0,31970000.0,634000.0,4253000.0,,,,104722000.0,,,,,,,,73000000.0,,,,,-246000.0,,,,,,,1493000.0,,,,,,,,,,,,,5050000.0,,,,,,,2463000.0,1369000.0,4476000.0,,,,4476000.0,0.16,0.15,0.348,,,,,,,,,,,,,,,,-206000.0,38809000.0,0.0,7000000.0,,,,400000.0,,,7070000.0,,,5600000.0,3300000.0,3400000.0,3500000.0,4500000.0,32840000.0,25770000.0,,,,,,-7000.0,216420000.0,25781000.0,-176000.0,,,67503000.0,,,,,,,7580000.0,2641000.0,,1432000.0,699000.0,,,-1727000.0,-6288000.0,,-20082000.0,-1364000.0,-940000.0,1397000.0,236000.0,25770000.0,482000.0,477000.0,,3641000.0,0.0412,52286000.0,5912000.0,,6305000.0,7766000.0,10331000.0,12135000.0,9837000.0,,,,,,,208180000.0,496611000.0,89025000.0,,,,73000000.0,,,30744000.0,,-24822000.0,,-3038000.0,,4939000.0,,10400000.0,309382000.0,,,1.0,,8062000.0,3080000.0,35000.0,,11393000.0,35655000.0,3329000.0,40198000.0,,,,,,,,,,,,,,,,,,3477000.0,,-686000.0,16060000.0,5450000.0,,,,,,,4106000.0,,30293000.0,,,510000.0,,0.01,5000000.0,0.0,0.0,,7388000.0,2599000.0,,35000000.0,5981000.0,,,,2251000.0,,25874000.0,471000.0,,,,,,,,,5000000.0,,,,,350693000.0,172225000.0,,1460000.0,,56978000.0,,1515000.0,,,,,,,,,,,,,,,,,1736000.0,3351000.0,15.17,,600000.0,,25000.0,103000.0,,,,,,7454000.0,5729000.0,16.0,7425000.0,5544000.0,15.93,,,13.13,18.22,17.27,,6300000.0,,,,,78000.0,288431000.0,,,,,,,172000.0,,2599000.0,,,2251000.0,,,121000.0,,,,,,,31466000.0,,516103000.0,,,,,,,,,,,,,604000.0,479000.0,32267000.0,31788000.0,,,,
2019-11-23,2020-01-02,10-Q,"RESOURCES CONNECTION, INC.",RGP,CIK0001084765,USD,20057000.0,137371000.0,,,,,,-13226000.0,470427000.0,,1591000.0,,,,,,2701000.0,,1510000.0,4809000.0,,,496352000.0,189442000.0,,,,,,,,,,,,,,,,,,,,,,,-131000.0,,,3100000.0,3300000.0,,,,,43033000.0,,43033000.0,,,,0.14,0.01,70000000.0,63604000.0,32138000.0,636000.0,12385000.0,,,,110130000.0,,,,,,,,54000000.0,,,1613000.0,,,4925000.0,,,,,,,,,,,,,,,,,,,,,,,,,1424000.0,,1424000.0,4499000.0,,,,4499000.0,0.39,0.38,0.302,,,,,,,,,,,,,,,,,51835000.0,,10300000.0,,,,300000.0,,,8550000.0,,,5699000.0,3100000.0,3136000.0,3289000.0,4506000.0,31571000.0,23021000.0,,,,,,,213332000.0,,,,,74377000.0,,,,,,,17674000.0,5337000.0,,,1313000.0,,,,,,,,,,,23021000.0,551000.0,,,3567000.0,0.0412,51338000.0,6432000.0,,6913000.0,8378000.0,10711000.0,12412000.0,6492000.0,4710000.0,,,,,,196087000.0,496352000.0,97923000.0,,,,54000000.0,,,,,,,,,12337000.0,,,301485000.0,,,,,17688000.0,3036000.0,70000.0,46628000.0,11203000.0,35425000.0,3230000.0,39970000.0,,,,,,,,,,,,,,,,,,3812000.0,,48000.0,14828000.0,3814000.0,537000.0,537000.0,,,,,,,,,,,,0.01,5000000.0,0.0,0.0,,7725000.0,,,,,,,,,,25162000.0,,,,,,,,,,,,,,,358531000.0,184507000.0,,2924000.0,,53755000.0,,1643000.0,,,,,,,,,,,,,,,,,,4067000.0,15.46,,200000.0,,,,,,,,,3841000.0,6661000.0,16.25,3838000.0,6311000.0,16.16,,,,,,,3747000.0,,,,,120000.0,300265000.0,,,,,,,,1141000.0,,,,1216000.0,,,185000.0,,,,,,,31466000.0,,516103000.0,,,,,,,,,,,,,596000.0,385000.0,32369000.0,31984000.0,,,,
2020-02-22,2020-04-02,10-Q,"RESOURCES CONNECTION, INC.",RGP,CIK0001084765,USD,18606000.0,130908000.0,,,,,,-13748000.0,476032000.0,,1428000.0,,,,,,2560000.0,,1549000.0,4274000.0,,,485974000.0,181989000.0,,,,,,,,,,,,,,,,,,,,,,,-858000.0,,,,,,,,,35944000.0,,35944000.0,,,,0.14,0.01,70000000.0,63910000.0,32144000.0,639000.0,6420000.0,,,,106632000.0,,,,,,,,49000000.0,,,1686000.0,,,5997000.0,,,,,,,,,,,,,,,,,,,,,,,,,1120000.0,,1120000.0,4501000.0,,,,4501000.0,0.22,0.21,-1.346,,,,,,,,,,,,700000.0,,,,,47024000.0,,11700000.0,,,,700000.0,,,10045000.0,,,5741000.0,3097000.0,3133000.0,3331000.0,4589000.0,31668000.0,21623000.0,,,,,,,213451000.0,,,,,61420000.0,,,,,,,2959000.0,-3983000.0,,,7123000.0,,,,,,,,,,,21623000.0,493000.0,,,3615000.0,0.0412,49138000.0,6570000.0,,7057000.0,8561000.0,10955000.0,12696000.0,3299000.0,4361000.0,,,,,,183172000.0,485974000.0,90766000.0,,,,49000000.0,,,,,,,,,6942000.0,,,298123000.0,,,,,3452000.0,3159000.0,53000.0,44777000.0,11459000.0,33317000.0,3224000.0,38176000.0,,,,,,,,,,,,,,,,,,4176000.0,,-522000.0,13677000.0,4092000.0,,,,,,,,,,,,,,0.01,5000000.0,0.0,0.0,,8014000.0,,,,,,,,,,24873000.0,,,,,,,,,,,,,,,360967000.0,168052000.0,,717000.0,,55299000.0,,1491000.0,,,,,,,,,,,,,,,,,,3452000.0,15.13,,400000.0,,,,,,,,,1982000.0,6011000.0,16.12,1982000.0,5744000.0,16.04,,,,,,,1982000.0,,,,,124000.0,302802000.0,,,,,,,,,2531000.0,,,1659000.0,,,230000.0,,,,,,,31766000.0,318430.0,521088000.0,5000000.0,,,,,,,,,,,,562000.0,339000.0,32498000.0,32159000.0,,,,
2020-05-30,2020-07-27,10-K,"RESOURCES CONNECTION, INC.",RGP,CIK0001084765,USD,15799000.0,124986000.0,,17897000.0,14795000.0,19715000.0,38861000.0,-13862000.0,477438000.0,,5833000.0,,6057000.0,5865000.0,3067000.0,,3067000.0,1275000.0,5745000.0,4731000.0,,649000.0,529181000.0,230999000.0,,,,,,,,,,,,,,,,,,,,38604000.0,6290000.0,,794000.0,,7900000.0,4970000.0,,700000.0,,,,95624000.0,,95624000.0,52579000.0,,,0.56,0.01,70000000.0,63910000.0,32144000.0,639000.0,27011000.0,30600000.0,2900000.0,1800000.0,427870000.0,,3038000.0,1686000.0,6026000.0,1302000.0,,,,874000.0,-202000.0,1597000.0,917000.0,911000.0,6215000.0,245000.0,25051000.0,,13982000.0,,,,70000.0,567000.0,3716000.0,2652000.0,1158000.0,,11069000.0,900000.0,4618000.0,17790000.0,263000.0,,547000.0,6500000.0,0.06,,0.5,5019000.0,10764000.0,5019000.0,17976000.0,,,4500000.0,4512000.0,0.88,0.88,0.197,0.21,0.041,,,0.009,0.02,0.032,,,,,,0.036,,,-1076000.0,52407000.0,,,,,,,,,11721000.0,,4602000.0,,3101000.0,3101000.0,3138000.0,3336000.0,31798000.0,20077000.0,,,,,,-484000.0,214067000.0,23487000.0,-235000.0,0.0,,275483000.0,,,,36148000.0,,-920000.0,35228000.0,6943000.0,,8258000.0,4167000.0,3500000.0,,-7902000.0,-10010000.0,,-6810000.0,2472000.0,1332000.0,7265000.0,-980000.0,20077000.0,2061000.0,2191000.0,,14851000.0,0.0409,45762000.0,3168000.0,12610000.0,3412000.0,7046000.0,8584000.0,10942000.0,,3867000.0,,,,,,225520000.0,529181000.0,94901000.0,,,,88000000.0,0.0,,30904000.0,,-26772000.0,,49523000.0,,28285000.0,1141000.0,,57932000.0,,2.0,1.0,,36652000.0,12308000.0,210000.0,41895000.0,11223000.0,30672000.0,13311000.0,34287000.0,,,,,,,,204000.0,78000.0,232000.0,225000.0,219000.0,,,53193000.0,11069000.0,,4510000.0,,-1274000.0,10502000.0,5732000.0,637000.0,,137000.0,1771000.0,5000000.0,,17581000.0,32314000.0,30258000.0,30258000.0,254000.0,2346000.0,,0.01,5000000.0,0.0,0.0,,6222000.0,5131000.0,,74000000.0,5981000.0,,105000.0,,5125000.0,62505000.0,23644000.0,1840000.0,,,,,,,,,29000000.0,,,,4982000.0,360534000.0,703353000.0,703353000.0,3452000.0,,228067000.0,,6057000.0,12500.0,28372.0,89907.0,84891.0,,,,,,0.329,0.309,,0.018,0.015,,,1453000.0,3392000.0,15.1,,1200000.0,,608000.0,608000.0,,,1318000.0,,3.88,,5755000.0,16.07,,5566000.0,16.0,,1318000.0,13.63,17.9,17.41,17.37,,,3500000.0,,,345000.0,303661000.0,,,,,,,376000.0,1141000.0,5131000.0,0.0,,5125000.0,,,610000.0,,,600000.0,,,,31766000.0,,521088000.0,5000000.0,21100000.0,0.0,848000.0,42000.0,,0.0,848000.0,,,,,2808000.0,238000.0,32227000.0,31989000.0,,,,
2020-08-29,2020-10-08,10-Q,"RESOURCES CONNECTION, INC.",RGP,CIK0001084765,USD,15278000.0,108242000.0,,,,,,-9546000.0,481571000.0,,1212000.0,,,,,,2564000.0,,1530000.0,5324000.0,57000.0,,529162000.0,231514000.0,,,,,,,,,,,,,,,,,,,,,,,530000.0,,8500000.0,,,,,,,114551000.0,,114551000.0,18927000.0,,,0.14,0.01,70000000.0,64199000.0,32433000.0,642000.0,6600000.0,,,,89449000.0,,,,,,,,,,,1641000.0,,-117000.0,6142000.0,,,,,,,,,,,,,,,,,,,,,,,,,1007000.0,2537000.0,1007000.0,4509000.0,,,,4509000.0,0.07,0.07,0.461,,,,,,,,,,,,200000.0,,,,2118000.0,46305000.0,,,,,,,,,13533000.0,,3360000.0,3113000.0,2326000.0,3119000.0,3119000.0,3151000.0,32194000.0,18661000.0,,,,,,-28000.0,216091000.0,,2024000.0,,,57897000.0,,,,,4241000.0,,4241000.0,1957000.0,,873000.0,2727000.0,,,-521000.0,-16781000.0,,-6102000.0,-1143000.0,554000.0,1028000.0,-202000.0,18661000.0,495000.0,460000.0,,3281000.0,0.0406,43987000.0,3186000.0,11382000.0,,3442000.0,7181000.0,8978000.0,9818000.0,3525000.0,78000.0,219000.0,161000.0,232000.0,226000.0,219234000.0,529162000.0,88058000.0,,,,88000000.0,,,-1530000.0,,-247000.0,,18586000.0,,2284000.0,,,,,,1.0,1.0,4206000.0,2873000.0,55000.0,40462000.0,11458000.0,29004000.0,3274000.0,33114000.0,,,,,,,,,,,,,,,,,,5064000.0,,4316000.0,15017000.0,8030000.0,530000.0,,,,,,4512000.0,,,,,267000.0,,0.01,5000000.0,0.0,0.0,,5994000.0,2460000.0,,,,,20000.0,,522000.0,,23077000.0,-50000.0,,,,,,,,,,,,,1016000.0,358294000.0,147346000.0,,1020000.0,,51154000.0,,1397000.0,,,,0.0,,,,,,,,,,,,,,3179000.0,15.11,,,,141000.0,131000.0,,,,,,,5439000.0,16.08,,5280000.0,16.03,,,11.36,16.04,17.36,,,,,,,63000.0,309928000.0,,,,0.0,0.0,,44000.0,,2460000.0,,,504000.0,,,222000.0,,,,,,,31766000.0,0.0,521033000.0,,,,800000.0,,,0.0,,,,,,567000.0,49000.0,32232000.0,32183000.0,,,,
2020-11-28,2021-01-07,10-Q,"RESOURCES CONNECTION, INC.",RGP,CIK0001084765,USD,20340000.0,111686000.0,,,,,,-8606000.0,483087000.0,,1612000.0,,1708000.0,,,,2361000.0,,1393000.0,5083000.0,57000.0,,511966000.0,218558000.0,,,,,,,,,,,,,,,,,,,,,,,-189000.0,,3000000.0,,,,,,,97195000.0,,97195000.0,,,,0.14,0.01,70000000.0,64199000.0,32433000.0,642000.0,-52000.0,,,,95044000.0,,,,,,,,,,,1908000.0,,,6123000.0,,,,,,,,,,,,,,,,,,,,,,,,,984000.0,,984000.0,4541000.0,,,,4541000.0,-0.03,-0.03,1.785,,,,,,,,,,,,100000.0,,,,,46680000.0,,,,,,,,,14949000.0,474000.0,4456000.0,2313000.0,2327000.0,3121000.0,4124000.0,4247000.0,36011000.0,21062000.0,,,,,,,216246000.0,,,0.0,,58178000.0,,,,,1264000.0,,1264000.0,2256000.0,,,2593000.0,,,,,,,,,,,21062000.0,460000.0,,,3233000.0,0.0398,40521000.0,3376000.0,11291000.0,,3474000.0,7156000.0,8923000.0,6301000.0,3109000.0,78000.0,219000.0,107000.0,232000.0,226000.0,205019000.0,511966000.0,91636000.0,,,,68000000.0,,,,,,,,,-992000.0,,,,,,,,1249000.0,2745000.0,55000.0,37412000.0,10970000.0,26442000.0,3683000.0,30009000.0,,,,,,,,,,,,,,,,,,1913000.0,,940000.0,13646000.0,12818000.0,475000.0,,,,,,,,,,,,,0.01,5000000.0,0.0,0.0,,7084000.0,,,,,,,,,,22270000.0,,,,,,,,,,,,,,6775000.0,352716000.0,153222000.0,,535000.0,,54552000.0,,1708000.0,,,,,,,,,,,,,,,,,,3863000.0,15.48,,,,,,,,,,,,5283000.0,16.07,,5173000.0,16.04,,,,,,,,,,,,29000.0,306947000.0,,,,,,,,,,,,,,,222000.0,,,,,,,31766000.0,0.0,520892000.0,,,,800000.0,,,,,,,,,681000.0,,32356000.0,32356000.0,,,,
2021-02-27,2021-04-08,10-Q,"RESOURCES CONNECTION, INC.",RGP,CIK0001084765,USD,17450000.0,108429000.0,,,,,,-8216000.0,487339000.0,,1490000.0,,,,,,2406000.0,,1202000.0,4657000.0,57000.0,,501602000.0,212045000.0,,,,,,,,,,,,,,,,,,,,,,,2710000.0,,5700000.0,,,,,,,84008000.0,,84008000.0,,,,0.14,0.01,70000000.0,64540000.0,32799000.0,646000.0,1080000.0,35000000.0,4900000.0,200000.0,99584000.0,,,,,,,,,,,1726000.0,,,5915000.0,,,,,,,,,,,,,,,,,,,,,,,,,963000.0,,963000.0,4591000.0,,,,4591000.0,0.02,0.02,0.605,,,,,,,,,,,,-400000.0,,,,,57878000.0,,,,,,,,,16191000.0,477000.0,4690000.0,1184000.0,2329000.0,3123000.0,4285000.0,4480000.0,36759000.0,20568000.0,,,,,,,216497000.0,,,0.0,,57047000.0,,,,,,,1747000.0,1057000.0,,,11467000.0,,,,,,,,,,,20568000.0,361000.0,,,3155000.0,0.0394,37374000.0,3377000.0,11343000.0,,3459000.0,7177000.0,8986000.0,3032000.0,2742000.0,78000.0,199000.0,47000.0,232000.0,226000.0,194011000.0,501602000.0,103391000.0,,,,53000000.0,,,,,,,,,690000.0,,,,,,,,2044000.0,2583000.0,55000.0,34632000.0,10636000.0,23996000.0,3209000.0,27702000.0,,,,,,,,,,,,,,,,,,1812000.0,,390000.0,17427000.0,7709000.0,64000.0,,,,,,,,,,,,,0.01,5000000.0,0.0,0.0,,8141000.0,,,,,,,,,,21252000.0,,,,,,,,,,,,,,652000.0,348676000.0,156631000.0,,363000.0,,52838000.0,,1834000.0,,,,,,,,,,,,,,,,,,3812000.0,15.47,,,,,,,,,,,,5171000.0,16.05,,5091000.0,16.03,,,,,,,,,,,,43000.0,307591000.0,,,,,,,,,2603000.0,,,54000.0,,,227000.0,,,,,,,31741000.0,0.0,520854000.0,,,,900000.0,,,,,,,,200000.0,756000.0,139000.0,32659000.0,32520000.0,,,,
2021-05-29,2021-07-23,10-K,"RESOURCES CONNECTION, INC.",RGP,CIK0001084765,USD,15987000.0,116455000.0,,19968000.0,13231000.0,22314000.0,35007000.0,-7393000.0,489864000.0,,5720000.0,,,,2032000.0,,2032000.0,984000.0,5228000.0,4556000.0,,935000.0,520644000.0,235265000.0,,,,,,,,,,,,,,,,,,,,,,,4512000.0,,7000000.0,7129000.0,,,,,,74391000.0,,74391000.0,-21233000.0,,,0.56,0.01,70000000.0,64626000.0,32885000.0,646000.0,31698000.0,36200000.0,4600000.0,1600000.0,388112000.0,,-19790000.0,1769000.0,-14765000.0,3256000.0,,,,13509000.0,52000.0,1691000.0,12220000.0,12203000.0,18382000.0,-1341000.0,31873000.0,,18610000.0,,,410000.0,210000.0,557000.0,4567000.0,4495000.0,268000.0,,13263000.0,400000.0,16691000.0,18256000.0,259000.0,,,6200000.0,0.06,,0.5,3897000.0,9125000.0,3897000.0,18250000.0,,,4600000.0,4610000.0,0.78,0.78,-0.112,0.21,0.078,,,0.031,0.008,0.06,,-0.001,-0.038,,,0.09,,,2128000.0,55513000.0,,,,,,,,,17340000.0,,4399000.0,,2330000.0,3123000.0,3986000.0,4190000.0,37580000.0,20240000.0,,,,,,-587000.0,216758000.0,,2691000.0,0.0,,241404000.0,,,,23598000.0,,-914000.0,22684000.0,-2545000.0,,18034000.0,37184000.0,36100000.0,,-704000.0,-11443000.0,1700000.0,2378000.0,32590000.0,-513000.0,622000.0,868000.0,20240000.0,1600000.0,1562000.0,,12478000.0,0.0392,33215000.0,1496000.0,11167000.0,1577000.0,3117000.0,6980000.0,8878000.0,,2269000.0,77000.0,199000.0,,219000.0,219000.0,191098000.0,520644000.0,100906000.0,,,,43000000.0,,,-59461000.0,,-3843000.0,,39943000.0,,25229000.0,,,45199000.0,,0.0,,3.0,22953000.0,10604000.0,162000.0,30946000.0,10206000.0,20740000.0,13206000.0,24655000.0,,,,,,,,,,,,,,,59064000.0,13263000.0,,1492000.0,,6469000.0,12071000.0,8070000.0,1331000.0,,121000.0,3020000.0,,,18230000.0,,,,,3846000.0,,0.01,5000000.0,0.0,0.0,,7235000.0,5063000.0,,,,,3000.0,,1726000.0,55550000.0,20543000.0,-55000.0,,,,,,,,45000000.0,45000000.0,,,,8260000.0,367229000.0,629516000.0,629516000.0,2235000.0,,209326000.0,,6613000.0,,,,,,,,,,,,,,,,,,3235000.0,15.0,,200000.0,,795000.0,269000.0,,,0.0,,,2472000.0,4556000.0,15.78,2472000.0,4499000.0,15.76,,,12.05,17.88,17.54,,2469000.0,,3200000.0,,,202000.0,329546000.0,,,,,,,135000.0,,5063000.0,,,1628000.0,,,913000.0,,,600000.0,,,,31741000.0,,520800000.0,,23700000.0,,900000.0,,,,,,24000.0,,,2585000.0,108000.0,32552000.0,32444000.0,,,,
2021-08-28,2021-10-07,10-Q,"RESOURCES CONNECTION, INC.",RGP,CIK0001084765,USD,18136000.0,129069000.0,,,,,,-9228000.0,494742000.0,,1365000.0,,,,,,2031000.0,,1103000.0,3004000.0,57000.0,316000.0,514635000.0,233252000.0,,,,,,,,,,,,,,,,,,,,,,,221000.0,,7000000.0,7028000.0,,,,,,61899000.0,,61899000.0,-12492000.0,,,0.14,0.01,70000000.0,64926000.0,33187000.0,649000.0,11088000.0,41300000.0,4500000.0,1100000.0,111708000.0,,,,,,,,,,,1552000.0,,-52000.0,18228000.0,,,,,,,,,,,,,,,,,,,,,,,,,919000.0,2022000.0,919000.0,4640000.0,,,,4640000.0,0.39,0.39,0.286,,,,,,,,,,,,-300000.0,,,,-563000.0,49349000.0,,,,,,,,,18290000.0,,4183000.0,3281000.0,422000.0,2323000.0,3117000.0,3979000.0,37993000.0,19703000.0,,,,,,3000.0,215929000.0,,-829000.0,,,71432000.0,,,,,18109000.0,,,5186000.0,,4707000.0,35559000.0,,,2420000.0,13767000.0,,-5970000.0,-537000.0,-33000.0,-667000.0,-469000.0,19703000.0,215000.0,224000.0,,2632000.0,0.0386,30259000.0,1041000.0,8987000.0,,1667000.0,3201000.0,7063000.0,8300000.0,1570000.0,77000.0,151000.0,,219000.0,219000.0,173790000.0,514635000.0,95380000.0,,,,33000000.0,,100000.0,-11387000.0,,-1006000.0,,464000.0,,12923000.0,,,,,,,3.0,18018000.0,2257000.0,48000.0,28689000.0,9830000.0,18859000.0,2912000.0,22742000.0,,,,,,,,,,,,,,,,,,1456000.0,,-1835000.0,11037000.0,8323000.0,306000.0,,,305000.0,,,4603000.0,,,,,1021000.0,,0.01,5000000.0,0.0,0.0,,6725000.0,2351000.0,,,,,15000.0,,1170000.0,,20001000.0,264000.0,,,,,,,,,10000000.0,,13397000.0,,156000.0,375426000.0,183140000.0,,468000.0,,51392000.0,,1629000.0,,,,,,,,,,,,,,,,,,3018000.0,15.02,,,,139000.0,33000.0,,,,,,,4304000.0,15.82,,4268000.0,15.8,,,13.92,15.21,17.65,,,,,,,76000.0,340845000.0,,,,,,,80000.0,,2351000.0,,,1115000.0,,,245000.0,,,,,,,31739000.0,0.0,520744000.0,,,,900000.0,,,,,,,,,544000.0,419000.0,33313000.0,32894000.0,,,,
2021-11-27,2022-01-06,10-Q,"RESOURCES CONNECTION, INC.",RGP,CIK0001084765,USD,15877000.0,143361000.0,,,,,,-11749000.0,342807000.0,,1489000.0,,2019000.0,,,,2101000.0,,1184000.0,1853000.0,57000.0,,538212000.0,260017000.0,,,,,,,,,,,,,,,,,,,,,,,-54000.0,,0.0,,,,,,,70633000.0,,70633000.0,,,,0.14,0.01,70000000.0,33683000.0,33683000.0,337000.0,11784000.0,38100000.0,3700000.0,500000.0,121497000.0,,,,,,,,,,,1403000.0,,,18013000.0,,,,,,,,,,,,,,,,,,,,,,,,,893000.0,,893000.0,4717000.0,,,,4717000.0,0.43,0.42,0.28,,,,,,,,,,,,-500000.0,,,,,63681000.0,,,,,,,,,19282000.0,,5151000.0,2652000.0,448000.0,2311000.0,3497000.0,4997000.0,38544000.0,19262000.0,,,,,,,214907000.0,,,,,78741000.0,,,,,19872000.0,,,5567000.0,,,39282000.0,,,,,,,,,,,19262000.0,222000.0,,,2505000.0,0.0374,39514000.0,3864000.0,10884000.0,,3219000.0,6752000.0,8555000.0,6240000.0,12892000.0,77000.0,103000.0,,219000.0,219000.0,184612000.0,538212000.0,99086000.0,,,,44000000.0,,100000.0,,,,,,,14305000.0,,,,,,,,19783000.0,2200000.0,48000.0,26622000.0,9246000.0,17376000.0,2869000.0,21283000.0,,,,,,,,,,,,,,,,,,2097000.0,,-2521000.0,10282000.0,6137000.0,311000.0,,,,,,,,,,,,,0.01,5000000.0,0.0,0.0,,6741000.0,,,,,,,,,,19243000.0,,,,,,,,,,,,13980000.0,,583000.0,22205000.0,200238000.0,,1001000.0,,56881000.0,,,,,,,,,,,,,,,,,,,,3236000.0,15.46,,,,,,,,,,,,3942000.0,15.88,,3862000.0,15.84,,,,,,,,,,,,39000.0,353600000.0,,,,,,,,,,,,5274000.0,,,273000.0,,,,,,,0.0,0.0,,,,,900000.0,,,,,,,,,539000.0,729000.0,33950000.0,33221000.0,,7000000.0,-1095000.0,
